{
"type": "FeatureCollection",
"name": "clickable_nodes_method3",
"crs": { "type": "name", "properties": { "name": "urn:ogc:def:crs:OGC:1.3:CRS84" } },
"features": [
{ "type": "Feature", "properties": { "node_id": "-10026593.401_3497670.719", "primary_name": "New Orleans", "primary_type": "manual_waypoint", "all_names": "New Orleans", "all_types": "manual_waypoint", "source_layers": "manual_hub_waypoints", "represented_count": 1, "graph_degree": 1, "snapped_x_3857": -10026593.401000001, "snapped_y_3857": 3497670.719, "max_snap_distance_m": 422.40478560775568, "mean_snap_distance_m": 422.40478560775568, "snap_warning": false }, "geometry": { "type": "Point", "coordinates": [ -90.070420997702328, 29.954251999744844 ] } },
{ "type": "Feature", "properties": { "node_id": "-10040862.222_4668328.340", "primary_name": "St. Louis", "primary_type": "fixed_hub", "all_names": "St. Louis", "all_types": "fixed_hub", "source_layers": "fixed_hubs", "represented_count": 1, "graph_degree": 2, "snapped_x_3857": -10040862.222, "snapped_y_3857": 4668328.34, "max_snap_distance_m": 104.22528103716584, "mean_snap_distance_m": 104.22528103716584, "snap_warning": false }, "geometry": { "type": "Point", "coordinates": [ -90.19859999760898, 38.626619997806259 ] } },
{ "type": "Feature", "properties": { "node_id": "-10053259.874_4671763.557", "primary_name": "Washington University in St Louis", "primary_type": "college", "all_names": "Washington University in St Louis", "all_types": "college", "source_layers": "colleges", "represented_count": 1, "graph_degree": 1, "snapped_x_3857": -10053259.874, "snapped_y_3857": 4671763.557, "max_snap_distance_m": 404.59582023626041, "mean_snap_distance_m": 404.59582023626041, "snap_warning": false }, "geometry": { "type": "Point", "coordinates": [ -90.30997000039693, 38.650723999738823 ] } },
{ "type": "Feature", "properties": { "node_id": "-10082988.523_5089872.064", "primary_name": "Davenport", "primary_type": "manual_waypoint", "all_names": "Davenport", "all_types": "manual_waypoint", "source_layers": "manual_hub_waypoints", "represented_count": 1, "graph_degree": 2, "snapped_x_3857": -10082988.523, "snapped_y_3857": 5089872.064, "max_snap_distance_m": 64.559522040662713, "mean_snap_distance_m": 64.559522040662713, "snap_warning": false }, "geometry": { "type": "Point", "coordinates": [ -90.577026998126186, 41.5235329997723 ] } },
{ "type": "Feature", "properties": { "node_id": "-10150833.857_3556515.776", "primary_name": "Louisiana State University and Agricultural & Mechanical College", "primary_type": "college", "all_names": "Louisiana State University and Agricultural & Mechanical College", "all_types": "college", "source_layers": "colleges", "represented_count": 1, "graph_degree": 1, "snapped_x_3857": -10150833.857000001, "snapped_y_3857": 3556515.776, "max_snap_distance_m": 974.36846411785439, "mean_snap_distance_m": 974.36846411785439, "snap_warning": false }, "geometry": { "type": "Point", "coordinates": [ -91.18649200301013, 30.411198002087737 ] } },
{ "type": "Feature", "properties": { "node_id": "-10150931.706_3561439.676", "primary_name": "Baton Rouge", "primary_type": "manual_waypoint", "all_names": "Baton Rouge", "all_types": "manual_waypoint", "source_layers": "manual_hub_waypoints", "represented_count": 1, "graph_degree": 1, "snapped_x_3857": -10150931.706, "snapped_y_3857": 3561439.676, "max_snap_distance_m": 280.93391648919282, "mean_snap_distance_m": 280.93391648919282, "snap_warning": false }, "geometry": { "type": "Point", "coordinates": [ -91.187370995532476, 30.449337002163706 ] } },
{ "type": "Feature", "properties": { "node_id": "-10157486.755_5437209.092", "primary_name": "La Crosse", "primary_type": "manual_waypoint", "all_names": "La Crosse", "all_types": "manual_waypoint", "source_layers": "manual_hub_waypoints", "represented_count": 1, "graph_degree": 1, "snapped_x_3857": -10157486.755000001, "snapped_y_3857": 5437209.092, "max_snap_distance_m": 914.9109264087906, "mean_snap_distance_m": 914.9109264087906, "snap_warning": false }, "geometry": { "type": "Point", "coordinates": [ -91.246256002581006, 43.817279001042557 ] } },
{ "type": "Feature", "properties": { "node_id": "-10243094.783_3532262.201", "primary_name": "Lafayette", "primary_type": "manual_waypoint", "all_names": "Lafayette", "all_types": "manual_waypoint", "source_layers": "manual_hub_waypoints", "represented_count": 1, "graph_degree": 2, "snapped_x_3857": -10243094.783, "snapped_y_3857": 3532262.201, "max_snap_distance_m": 518.11437758225986, "mean_snap_distance_m": 518.11437758225986, "snap_warning": false }, "geometry": { "type": "Point", "coordinates": [ -92.015286002538318, 30.223120000697534 ] } },
{ "type": "Feature", "properties": { "node_id": "-10295082.877_5466533.871", "primary_name": "Rochester", "primary_type": "manual_waypoint", "all_names": "Rochester", "all_types": "manual_waypoint", "source_layers": "manual_hub_waypoints", "represented_count": 1, "graph_degree": 2, "snapped_x_3857": -10295082.877, "snapped_y_3857": 5466533.871, "max_snap_distance_m": 815.33770290505947, "mean_snap_distance_m": 815.33770290505947, "snap_warning": false }, "geometry": { "type": "Point", "coordinates": [ -92.482302996862742, 44.007054000202032 ] } },
{ "type": "Feature", "properties": { "node_id": "-10374982.330_5605539.859", "primary_name": "MSP", "primary_type": "airport", "all_names": "MSP", "all_types": "airport", "source_layers": "flight_corridor_airports", "represented_count": 1, "graph_degree": 2, "snapped_x_3857": -10374982.33, "snapped_y_3857": 5605539.859, "max_snap_distance_m": 3228.6032573167472, "mean_snap_distance_m": 3228.6032573167472, "snap_warning": false }, "geometry": { "type": "Point", "coordinates": [ -93.200051995089638, 44.89839399985258 ] } },
{ "type": "Feature", "properties": { "node_id": "-10379008.200_5615878.458", "primary_name": "University of Minnesota-Twin Cities", "primary_type": "college", "all_names": "University of Minnesota-Twin Cities", "all_types": "college", "source_layers": "colleges", "represented_count": 1, "graph_degree": 1, "snapped_x_3857": -10379008.2, "snapped_y_3857": 5615878.458, "max_snap_distance_m": 1372.5479231514703, "mean_snap_distance_m": 1372.5479231514703, "snap_warning": false }, "geometry": { "type": "Point", "coordinates": [ -93.236217000618424, 44.964144000000168 ] } },
{ "type": "Feature", "properties": { "node_id": "-10382529.235_5616968.199", "primary_name": "Minneapolis", "primary_type": "manual_waypoint", "all_names": "Minneapolis", "all_types": "manual_waypoint", "source_layers": "manual_hub_waypoints", "represented_count": 1, "graph_degree": 1, "snapped_x_3857": -10382529.235, "snapped_y_3857": 5616968.199, "max_snap_distance_m": 1105.4335197574751, "mean_snap_distance_m": 1105.4335197574751, "snap_warning": false }, "geometry": { "type": "Point", "coordinates": [ -93.267846996182627, 44.971069999839685 ] } },
{ "type": "Feature", "properties": { "node_id": "-10420310.514_5098689.675", "primary_name": "Des Moines", "primary_type": "manual_waypoint", "all_names": "Des Moines", "all_types": "manual_waypoint", "source_layers": "manual_hub_waypoints", "represented_count": 1, "graph_degree": 2, "snapped_x_3857": -10420310.514, "snapped_y_3857": 5098689.675, "max_snap_distance_m": 628.95320549117423, "mean_snap_distance_m": 628.95320549117423, "snap_warning": false }, "geometry": { "type": "Point", "coordinates": [ -93.607241999975457, 41.582809003041291 ] } },
{ "type": "Feature", "properties": { "node_id": "-10421538.813_5116593.141", "primary_name": "Des Moines Area Community College", "primary_type": "college", "all_names": "Des Moines Area Community College", "all_types": "college", "source_layers": "colleges", "represented_count": 1, "graph_degree": 2, "snapped_x_3857": -10421538.813, "snapped_y_3857": 5116593.141, "max_snap_distance_m": 986.75578829669666, "mean_snap_distance_m": 986.75578829669666, "snap_warning": false }, "geometry": { "type": "Point", "coordinates": [ -93.618275997627151, 41.702997002939988 ] } },
{ "type": "Feature", "properties": { "node_id": "-10424449.484_5164389.841", "primary_name": "Iowa State University", "primary_type": "college", "all_names": "Iowa State University", "all_types": "college", "source_layers": "colleges", "represented_count": 1, "graph_degree": 1, "snapped_x_3857": -10424449.484, "snapped_y_3857": 5164389.841, "max_snap_distance_m": 688.12066212457921, "mean_snap_distance_m": 688.12066212457921, "snap_warning": false }, "geometry": { "type": "Point", "coordinates": [ -93.644423000090583, 42.022762998890414 ] } },
{ "type": "Feature", "properties": { "node_id": "-10478463.593_3513594.884", "primary_name": "Beaumont", "primary_type": "manual_waypoint", "all_names": "Beaumont", "all_types": "manual_waypoint", "source_layers": "manual_hub_waypoints", "represented_count": 1, "graph_degree": 2, "snapped_x_3857": -10478463.593, "snapped_y_3857": 3513594.884, "max_snap_distance_m": 431.73573834158566, "mean_snap_distance_m": 431.73573834158566, "snap_warning": false }, "geometry": { "type": "Point", "coordinates": [ -94.129639996818568, 30.078115999624483 ] } },
{ "type": "Feature", "properties": { "node_id": "-10481617.052_4309239.146", "primary_name": "Fayetteville", "primary_type": "metro", "all_names": "Fayetteville", "all_types": "metro", "source_layers": "fastest_growing_metros", "represented_count": 1, "graph_degree": 1, "snapped_x_3857": -10481617.052, "snapped_y_3857": 4309239.146, "max_snap_distance_m": 63.233326472370628, "mean_snap_distance_m": 63.233326472370628, "snap_warning": false }, "geometry": { "type": "Point", "coordinates": [ -94.157968000994003, 36.062604997486488 ] } },
{ "type": "Feature", "properties": { "node_id": "-10481999.434_5709690.863", "primary_name": "St. Cloud", "primary_type": "manual_waypoint", "all_names": "St. Cloud", "all_types": "manual_waypoint", "source_layers": "manual_hub_waypoints", "represented_count": 1, "graph_degree": 2, "snapped_x_3857": -10481999.434, "snapped_y_3857": 5709690.863, "max_snap_distance_m": 220.33782026609694, "mean_snap_distance_m": 220.33782026609694, "snap_warning": false }, "geometry": { "type": "Point", "coordinates": [ -94.161402996943721, 45.557319000898246 ] } },
{ "type": "Feature", "properties": { "node_id": "-10483854.685_4310308.363", "primary_name": "University of Arkansas", "primary_type": "college", "all_names": "University of Arkansas", "all_types": "college", "source_layers": "colleges", "represented_count": 1, "graph_degree": 1, "snapped_x_3857": -10483854.685000001, "snapped_y_3857": 4310308.363, "max_snap_distance_m": 130.87069861802706, "mean_snap_distance_m": 130.87069861802706, "snap_warning": false }, "geometry": { "type": "Point", "coordinates": [ -94.17806900023551, 36.070369000417486 ] } },
{ "type": "Feature", "properties": { "node_id": "-10528434.579_4735974.439", "primary_name": "Kansas City", "primary_type": "fixed_hub", "all_names": "Kansas City", "all_types": "fixed_hub", "source_layers": "fixed_hubs", "represented_count": 1, "graph_degree": 1, "snapped_x_3857": -10528434.579, "snapped_y_3857": 4735974.439, "max_snap_distance_m": 13.570874122335015, "mean_snap_distance_m": 13.570874122335015, "snap_warning": false }, "geometry": { "type": "Point", "coordinates": [ -94.578537001681781, 39.099780996175866 ] } },
{ "type": "Feature", "properties": { "node_id": "-10544578.577_4711285.158", "primary_name": "Johnson County Community College", "primary_type": "college", "all_names": "Johnson County Community College", "all_types": "college", "source_layers": "colleges", "represented_count": 1, "graph_degree": 1, "snapped_x_3857": -10544578.577, "snapped_y_3857": 4711285.158, "max_snap_distance_m": 670.25181277528782, "mean_snap_distance_m": 670.25181277528782, "snap_warning": false }, "geometry": { "type": "Point", "coordinates": [ -94.723561003183733, 38.927452997170484 ] } },
{ "type": "Feature", "properties": { "node_id": "-10616556.980_3473171.563", "primary_name": "Houston", "primary_type": "fixed_hub", "all_names": "Houston", "all_types": "fixed_hub", "source_layers": "fixed_hubs", "represented_count": 1, "graph_degree": 2, "snapped_x_3857": -10616556.98, "snapped_y_3857": 3473171.563, "max_snap_distance_m": 385.05717593778763, "mean_snap_distance_m": 385.05717593778763, "snap_warning": false }, "geometry": { "type": "Point", "coordinates": [ -95.370153998597885, 29.763387000932447 ] } },
{ "type": "Feature", "properties": { "node_id": "-10617857.303_3470431.195", "primary_name": "Houston Community College", "primary_type": "college", "all_names": "Houston Community College", "all_types": "college", "source_layers": "colleges", "represented_count": 1, "graph_degree": 1, "snapped_x_3857": -10617857.303, "snapped_y_3857": 3470431.195, "max_snap_distance_m": 502.87889526956002, "mean_snap_distance_m": 502.87889526956002, "snap_warning": false }, "geometry": { "type": "Point", "coordinates": [ -95.381834998849797, 29.742015001268328 ] } },
{ "type": "Feature", "properties": { "node_id": "-10629003.056_3529833.964", "primary_name": "Lone Star College System", "primary_type": "college", "all_names": "Lone Star College System", "all_types": "college", "source_layers": "colleges", "represented_count": 1, "graph_degree": 2, "snapped_x_3857": -10629003.056, "snapped_y_3857": 3529833.964, "max_snap_distance_m": 2281.5717148644294, "mean_snap_distance_m": 2281.5717148644294, "snap_warning": false }, "geometry": { "type": "Point", "coordinates": [ -95.481959001579, 30.204270004110274 ] } },
{ "type": "Feature", "properties": { "node_id": "-10679384.922_5050259.212", "primary_name": "Omaha", "primary_type": "fixed_hub", "all_names": "Omaha", "all_types": "fixed_hub", "source_layers": "fixed_hubs", "represented_count": 1, "graph_degree": 2, "snapped_x_3857": -10679384.922, "snapped_y_3857": 5050259.212, "max_snap_distance_m": 11.216679508951742, "mean_snap_distance_m": 11.216679508951742, "snap_warning": false }, "geometry": { "type": "Point", "coordinates": [ -95.934547004281626, 41.256567001614044 ] } },
{ "type": "Feature", "properties": { "node_id": "-10681769.274_5057377.852", "primary_name": "Metropolitan Community College Area", "primary_type": "college", "all_names": "Metropolitan Community College Area", "all_types": "college", "source_layers": "colleges", "represented_count": 1, "graph_degree": 1, "snapped_x_3857": -10681769.274, "snapped_y_3857": 5057377.852, "max_snap_distance_m": 888.22115135865704, "mean_snap_distance_m": 888.22115135865704, "snap_warning": false }, "geometry": { "type": "Point", "coordinates": [ -95.95596600272485, 41.304623001495543 ] } },
{ "type": "Feature", "properties": { "node_id": "-10723945.891_3584504.995", "primary_name": "College Station", "primary_type": "manual_waypoint", "all_names": "College Station", "all_types": "manual_waypoint", "source_layers": "manual_hub_waypoints", "represented_count": 1, "graph_degree": 3, "snapped_x_3857": -10723945.891000001, "snapped_y_3857": 3584504.995, "max_snap_distance_m": 51.365684708701622, "mean_snap_distance_m": 51.365684708701622, "snap_warning": false }, "geometry": { "type": "Point", "coordinates": [ -96.334844999560389, 30.62779500148406 ] } },
{ "type": "Feature", "properties": { "node_id": "-10724586.646_3583833.340", "primary_name": "Texas A & M University-College Station", "primary_type": "college", "all_names": "Texas A & M University-College Station", "all_types": "college", "source_layers": "colleges", "represented_count": 1, "graph_degree": 2, "snapped_x_3857": -10724586.646, "snapped_y_3857": 3583833.34, "max_snap_distance_m": 680.05915958227536, "mean_snap_distance_m": 680.05915958227536, "snap_warning": false }, "geometry": { "type": "Point", "coordinates": [ -96.340600999659145, 30.62260299731491 ] } },
{ "type": "Feature", "properties": { "node_id": "-10732088.133_3524766.178", "primary_name": "Blinn College District", "primary_type": "college", "all_names": "Blinn College District", "all_types": "college", "source_layers": "colleges", "represented_count": 1, "graph_degree": 1, "snapped_x_3857": -10732088.133, "snapped_y_3857": 3524766.178, "max_snap_distance_m": 577.40909338678978, "mean_snap_distance_m": 577.40909338678978, "snap_warning": false }, "geometry": { "type": "Point", "coordinates": [ -96.407988003916387, 30.164918001603954 ] } },
{ "type": "Feature", "properties": { "node_id": "-10757717.108_3916762.719", "primary_name": "Collin County Community College District", "primary_type": "college", "all_names": "Collin County Community College District", "all_types": "college", "source_layers": "colleges", "represented_count": 1, "graph_degree": 1, "snapped_x_3857": -10757717.108, "snapped_y_3857": 3916762.719, "max_snap_distance_m": 143.12360088959889, "mean_snap_distance_m": 143.12360088959889, "snap_warning": false }, "geometry": { "type": "Point", "coordinates": [ -96.63821700350455, 33.161520001598497 ] } },
{ "type": "Feature", "properties": { "node_id": "-10764883.968_4984885.874", "primary_name": "Lincoln", "primary_type": "manual_waypoint", "all_names": "Lincoln", "all_types": "manual_waypoint", "source_layers": "manual_hub_waypoints", "represented_count": 1, "graph_degree": 2, "snapped_x_3857": -10764883.968, "snapped_y_3857": 4984885.874, "max_snap_distance_m": 0.62865370355402139, "mean_snap_distance_m": 0.62865370355402139, "snap_warning": false }, "geometry": { "type": "Point", "coordinates": [ -96.702598002276019, 40.813596002264937 ] } },
{ "type": "Feature", "properties": { "node_id": "-10769564.841_3892405.825", "primary_name": "The University of Texas at Dallas", "primary_type": "college", "all_names": "The University of Texas at Dallas", "all_types": "college", "source_layers": "colleges", "represented_count": 1, "graph_degree": 2, "snapped_x_3857": -10769564.841, "snapped_y_3857": 3892405.825, "max_snap_distance_m": 1031.0179736808257, "mean_snap_distance_m": 1031.0179736808257, "snap_warning": false }, "geometry": { "type": "Point", "coordinates": [ -96.744646999865239, 32.978162996635909 ] } },
{ "type": "Feature", "properties": { "node_id": "-10774440.969_5514187.181", "primary_name": "South Dakota State University", "primary_type": "college", "all_names": "South Dakota State University", "all_types": "college", "source_layers": "colleges", "represented_count": 1, "graph_degree": 2, "snapped_x_3857": -10774440.969000001, "snapped_y_3857": 5514187.181, "max_snap_distance_m": 873.28277646253571, "mean_snap_distance_m": 873.28277646253571, "snap_warning": false }, "geometry": { "type": "Point", "coordinates": [ -96.788450002962477, 44.314150997683456 ] } },
{ "type": "Feature", "properties": { "node_id": "-10774541.602_3864168.248", "primary_name": "Dallas College", "primary_type": "college", "all_names": "Dallas College", "all_types": "college", "source_layers": "colleges", "represented_count": 1, "graph_degree": 1, "snapped_x_3857": -10774541.602, "snapped_y_3857": 3864168.248, "max_snap_distance_m": 545.02441218764011, "mean_snap_distance_m": 545.02441218764011, "snap_warning": false }, "geometry": { "type": "Point", "coordinates": [ -96.789354004582322, 32.765114997644339 ] } },
{ "type": "Feature", "properties": { "node_id": "-10774596.816_5922011.118", "primary_name": "Fargo", "primary_type": "manual_waypoint", "all_names": "Fargo", "all_types": "manual_waypoint", "source_layers": "manual_hub_waypoints", "represented_count": 1, "graph_degree": 2, "snapped_x_3857": -10774596.816, "snapped_y_3857": 5922011.118, "max_snap_distance_m": 42.221202779148101, "mean_snap_distance_m": 42.221202779148101, "snap_warning": false }, "geometry": { "type": "Point", "coordinates": [ -96.789850000383311, 46.87694300020221 ] } },
{ "type": "Feature", "properties": { "node_id": "-10775252.599_3865270.512", "primary_name": "Dallas", "primary_type": "fixed_hub", "all_names": "Dallas", "all_types": "fixed_hub", "source_layers": "fixed_hubs", "represented_count": 1, "graph_degree": 2, "snapped_x_3857": -10775252.599, "snapped_y_3857": 3865270.512, "max_snap_distance_m": 453.67200214695157, "mean_snap_distance_m": 453.67200214695157, "snap_warning": false }, "geometry": { "type": "Point", "coordinates": [ -96.795740999302964, 32.773440999976202 ] } },
{ "type": "Feature", "properties": { "node_id": "-10775731.162_5924203.038", "primary_name": "North Dakota State University-Main Campus", "primary_type": "college", "all_names": "North Dakota State University-Main Campus", "all_types": "college", "source_layers": "colleges", "represented_count": 1, "graph_degree": 2, "snapped_x_3857": -10775731.162, "snapped_y_3857": 5924203.038, "max_snap_distance_m": 452.85238999200595, "mean_snap_distance_m": 452.85238999200595, "snap_warning": false }, "geometry": { "type": "Point", "coordinates": [ -96.800040003876106, 46.89040099809035 ] } },
{ "type": "Feature", "properties": { "node_id": "-10786956.730_3885518.971", "primary_name": "DFW", "primary_type": "airport", "all_names": "DFW", "all_types": "airport", "source_layers": "flight_corridor_airports", "represented_count": 1, "graph_degree": 2, "snapped_x_3857": -10786956.73, "snapped_y_3857": 3885518.971, "max_snap_distance_m": 15911.425909086349, "mean_snap_distance_m": 15911.425909086349, "snap_warning": false }, "geometry": { "type": "Point", "coordinates": [ -96.90088099694934, 32.926250001645464 ] } },
{ "type": "Feature", "properties": { "node_id": "-10801629.419_6094413.310", "primary_name": "Grand Forks", "primary_type": "manual_waypoint", "all_names": "Grand Forks", "all_types": "manual_waypoint", "source_layers": "manual_hub_waypoints", "represented_count": 1, "graph_degree": 2, "snapped_x_3857": -10801629.419, "snapped_y_3857": 6094413.31, "max_snap_distance_m": 33.017363446699193, "mean_snap_distance_m": 33.017363446699193, "snap_warning": false }, "geometry": { "type": "Point", "coordinates": [ -97.032688004827662, 47.925160997293034 ] } },
{ "type": "Feature", "properties": { "node_id": "-10805986.463_4316578.845", "primary_name": "Oklahoma State University-Main Campus", "primary_type": "college", "all_names": "Oklahoma State University-Main Campus", "all_types": "college", "source_layers": "colleges", "represented_count": 1, "graph_degree": 1, "snapped_x_3857": -10805986.463, "snapped_y_3857": 4316578.845, "max_snap_distance_m": 1018.8658473925751, "mean_snap_distance_m": 1018.8658473925751, "snap_warning": false }, "geometry": { "type": "Point", "coordinates": [ -97.071827997015461, 36.115885996841158 ] } },
{ "type": "Feature", "properties": { "node_id": "-10810747.598_3859160.244", "primary_name": "The University of Texas at Arlington", "primary_type": "college", "all_names": "The University of Texas at Arlington", "all_types": "college", "source_layers": "colleges", "represented_count": 1, "graph_degree": 1, "snapped_x_3857": -10810747.598, "snapped_y_3857": 3859160.244, "max_snap_distance_m": 370.92413016223003, "mean_snap_distance_m": 370.92413016223003, "snap_warning": false }, "geometry": { "type": "Point", "coordinates": [ -97.114598000418027, 32.727277001511013 ] } },
{ "type": "Feature", "properties": { "node_id": "-10813376.408_6428185.643", "primary_name": "Winnipeg", "primary_type": "fixed_hub", "all_names": "Winnipeg", "all_types": "fixed_hub", "source_layers": "fixed_hubs", "represented_count": 1, "graph_degree": 2, "snapped_x_3857": -10813376.408, "snapped_y_3857": 6428185.643, "max_snap_distance_m": 60.544749305808097, "mean_snap_distance_m": 60.544749305808097, "snap_warning": false }, "geometry": { "type": "Point", "coordinates": [ -97.138213002438505, 49.895429002528466 ] } },
{ "type": "Feature", "properties": { "node_id": "-10813441.307_6426881.572", "primary_name": "Winnipeg", "primary_type": "city", "all_names": "Winnipeg", "all_types": "city", "source_layers": "canadian_cities", "represented_count": 1, "graph_degree": 2, "snapped_x_3857": -10813441.307, "snapped_y_3857": 6426881.572, "max_snap_distance_m": 1038.4783455291124, "mean_snap_distance_m": 1038.4783455291124, "snap_warning": false }, "geometry": { "type": "Point", "coordinates": [ -97.138796000074748, 49.887882002399813 ] } },
{ "type": "Feature", "properties": { "node_id": "-10814358.468_3704290.170", "primary_name": "Waco", "primary_type": "manual_waypoint", "all_names": "Waco", "all_types": "manual_waypoint", "source_layers": "manual_hub_waypoints", "represented_count": 1, "graph_degree": 2, "snapped_x_3857": -10814358.468, "snapped_y_3857": 3704290.17, "max_snap_distance_m": 37.446132201819637, "mean_snap_distance_m": 37.446132201819637, "snap_warning": false }, "geometry": { "type": "Point", "coordinates": [ -97.147034997517721, 31.549273996602839 ] } },
{ "type": "Feature", "properties": { "node_id": "-10834814.093_3862896.391", "primary_name": "Fort Worth", "primary_type": "manual_waypoint", "all_names": "Fort Worth", "all_types": "manual_waypoint", "source_layers": "manual_hub_waypoints", "represented_count": 1, "graph_degree": 2, "snapped_x_3857": -10834814.093, "snapped_y_3857": 3862896.391, "max_snap_distance_m": 1.3642953485439575, "mean_snap_distance_m": 1.3642953485439575, "snap_warning": false }, "geometry": { "type": "Point", "coordinates": [ -97.330791003354904, 32.755506999008958 ] } },
{ "type": "Feature", "properties": { "node_id": "-10835192.134_3863146.304", "primary_name": "Tarrant County College District", "primary_type": "college", "all_names": "Tarrant County College District", "all_types": "college", "source_layers": "colleges", "represented_count": 1, "graph_degree": 1, "snapped_x_3857": -10835192.134, "snapped_y_3857": 3863146.304, "max_snap_distance_m": 329.75688357388219, "mean_snap_distance_m": 329.75688357388219, "snap_warning": false }, "geometry": { "type": "Point", "coordinates": [ -97.334187003438132, 32.757395000454693 ] } },
{ "type": "Feature", "properties": { "node_id": "-10855067.227_4227616.330", "primary_name": "Oklahoma City", "primary_type": "fixed_hub", "all_names": "Oklahoma City", "all_types": "fixed_hub", "source_layers": "fixed_hubs", "represented_count": 1, "graph_degree": 2, "snapped_x_3857": -10855067.227, "snapped_y_3857": 4227616.33, "max_snap_distance_m": 408.82918520845794, "mean_snap_distance_m": 408.82918520845794, "snap_warning": false }, "geometry": { "type": "Point", "coordinates": [ -97.512728001590105, 35.467653002845296 ] } },
{ "type": "Feature", "properties": { "node_id": "-10877518.587_3545030.796", "primary_name": "Austin Community College District", "primary_type": "college", "all_names": "Austin Community College District", "all_types": "college", "source_layers": "colleges", "represented_count": 1, "graph_degree": 1, "snapped_x_3857": -10877518.587, "snapped_y_3857": 3545030.796, "max_snap_distance_m": 224.35925957174777, "mean_snap_distance_m": 224.35925957174777, "snap_warning": false }, "geometry": { "type": "Point", "coordinates": [ -97.714411999962792, 30.322180996532566 ] } },
{ "type": "Feature", "properties": { "node_id": "-10880157.527_3539677.325", "primary_name": "The University of Texas at Austin", "primary_type": "college", "all_names": "The University of Texas at Austin", "all_types": "college", "source_layers": "colleges", "represented_count": 1, "graph_degree": 1, "snapped_x_3857": -10880157.527000001, "snapped_y_3857": 3539677.325, "max_snap_distance_m": 279.61880095267975, "mean_snap_distance_m": 279.61880095267975, "snap_warning": false }, "geometry": { "type": "Point", "coordinates": [ -97.738118001321553, 30.280660002558243 ] } },
{ "type": "Feature", "properties": { "node_id": "-10880720.469_3537932.047", "primary_name": "Austin", "primary_type": "manual_waypoint", "all_names": "Austin", "all_types": "manual_waypoint", "source_layers": "manual_hub_waypoints", "represented_count": 1, "graph_degree": 2, "snapped_x_3857": -10880720.469000001, "snapped_y_3857": 3537932.047, "max_snap_distance_m": 13.267251912850986, "mean_snap_distance_m": 13.267251912850986, "snap_warning": false }, "geometry": { "type": "Point", "coordinates": [ -97.743174995348269, 30.267119998431564 ] } },
{ "type": "Feature", "properties": { "node_id": "-10929159.921_3036748.345", "primary_name": "The University of Texas Rio Grande Valley", "primary_type": "college", "all_names": "The University of Texas Rio Grande Valley", "all_types": "college", "source_layers": "colleges", "represented_count": 1, "graph_degree": 1, "snapped_x_3857": -10929159.921, "snapped_y_3857": 3036748.345, "max_snap_distance_m": 648.48590108299879, "mean_snap_distance_m": 648.48590108299879, "snap_warning": false }, "geometry": { "type": "Point", "coordinates": [ -98.178313996208018, 26.303732002037624 ] } },
{ "type": "Feature", "properties": { "node_id": "-10937368.064_3026176.434", "primary_name": "South Texas College", "primary_type": "college", "all_names": "South Texas College", "all_types": "college", "source_layers": "colleges", "represented_count": 1, "graph_degree": 1, "snapped_x_3857": -10937368.064, "snapped_y_3857": 3026176.434, "max_snap_distance_m": 213.86562965764725, "mean_snap_distance_m": 213.86562965764725, "snap_warning": false }, "geometry": { "type": "Point", "coordinates": [ -98.252048999319399, 26.218564998111475 ] } },
{ "type": "Feature", "properties": { "node_id": "-10964285.673_3429732.418", "primary_name": "San Antonio", "primary_type": "fixed_hub", "all_names": "San Antonio", "all_types": "fixed_hub", "source_layers": "fixed_hubs", "represented_count": 1, "graph_degree": 2, "snapped_x_3857": -10964285.673, "snapped_y_3857": 3429732.418, "max_snap_distance_m": 28.500216083966141, "mean_snap_distance_m": 28.500216083966141, "snap_warning": false }, "geometry": { "type": "Point", "coordinates": [ -98.493853995085928, 29.424071996647005 ] } },
{ "type": "Feature", "properties": { "node_id": "-11102306.257_3822340.021", "primary_name": "Abilene", "primary_type": "manual_waypoint", "all_names": "Abilene", "all_types": "manual_waypoint", "source_layers": "manual_hub_waypoints", "represented_count": 1, "graph_degree": 2, "snapped_x_3857": -11102306.257, "snapped_y_3857": 3822340.021, "max_snap_distance_m": 69.900716617176556, "mean_snap_distance_m": 69.900716617176556, "snap_warning": false }, "geometry": { "type": "Point", "coordinates": [ -99.733713996388943, 32.448588996128223 ] } },
{ "type": "Feature", "properties": { "node_id": "-11127699.458_6418991.342", "primary_name": "Brandon", "primary_type": "manual_waypoint", "all_names": "Brandon", "all_types": "manual_waypoint", "source_layers": "manual_hub_waypoints", "represented_count": 1, "graph_degree": 2, "snapped_x_3857": -11127699.458000001, "snapped_y_3857": 6418991.342, "max_snap_distance_m": 1551.0361815271688, "mean_snap_distance_m": 1551.0361815271688, "snap_warning": false }, "geometry": { "type": "Point", "coordinates": [ -99.961825002099147, 49.84219400196735 ] } },
{ "type": "Feature", "properties": { "node_id": "-11338475.900_3972252.396", "primary_name": "Lubbock", "primary_type": "manual_waypoint", "all_names": "Lubbock", "all_types": "manual_waypoint", "source_layers": "manual_hub_waypoints", "represented_count": 1, "graph_degree": 2, "snapped_x_3857": -11338475.9, "snapped_y_3857": 3972252.396, "max_snap_distance_m": 13.633821980816368, "mean_snap_distance_m": 13.633821980816368, "snap_warning": false }, "geometry": { "type": "Point", "coordinates": [ -101.855261995908464, 33.577812000423279 ] } },
{ "type": "Feature", "properties": { "node_id": "-11340181.872_3973139.768", "primary_name": "Texas Tech University", "primary_type": "college", "all_names": "Texas Tech University", "all_types": "college", "source_layers": "colleges", "represented_count": 1, "graph_degree": 1, "snapped_x_3857": -11340181.872, "snapped_y_3857": 3973139.768, "max_snap_distance_m": 486.01792233919878, "mean_snap_distance_m": 486.01792233919878, "snap_warning": false }, "geometry": { "type": "Point", "coordinates": [ -101.870587003127255, 33.58445299966354 ] } },
{ "type": "Feature", "properties": { "node_id": "-11488766.007_4083289.990", "primary_name": "Clovis", "primary_type": "manual_waypoint", "all_names": "Clovis", "all_types": "manual_waypoint", "source_layers": "manual_hub_waypoints", "represented_count": 1, "graph_degree": 1, "snapped_x_3857": -11488766.007, "snapped_y_3857": 4083289.99, "max_snap_distance_m": 15.949463256704011, "mean_snap_distance_m": 15.949463256704011, "snap_warning": false }, "geometry": { "type": "Point", "coordinates": [ -103.205340997609042, 34.404820999835863 ] } },
{ "type": "Feature", "properties": { "node_id": "-11633010.575_4462848.438", "primary_name": "Trinidad", "primary_type": "manual_waypoint", "all_names": "Trinidad", "all_types": "manual_waypoint", "source_layers": "manual_hub_waypoints", "represented_count": 1, "graph_degree": 1, "snapped_x_3857": -11633010.575, "snapped_y_3857": 4462848.438, "max_snap_distance_m": 112.18386429302822, "mean_snap_distance_m": 112.18386429302822, "snap_warning": false }, "geometry": { "type": "Point", "coordinates": [ -104.50111199846522, 37.17013800023512 ] } },
{ "type": "Feature", "properties": { "node_id": "-11644724.391_6524069.814", "primary_name": "Regina", "primary_type": "city", "all_names": "Regina", "all_types": "city", "source_layers": "canadian_cities", "represented_count": 1, "graph_degree": 2, "snapped_x_3857": -11644724.391000001, "snapped_y_3857": 6524069.814, "max_snap_distance_m": 1328.2473234923145, "mean_snap_distance_m": 1328.2473234923145, "snap_warning": false }, "geometry": { "type": "Point", "coordinates": [ -104.606338997946864, 50.447106002377907 ] } },
{ "type": "Feature", "properties": { "node_id": "-11645012.931_4615346.646", "primary_name": "Pueblo", "primary_type": "manual_waypoint", "all_names": "Pueblo", "all_types": "manual_waypoint", "source_layers": "manual_hub_waypoints", "represented_count": 1, "graph_degree": 2, "snapped_x_3857": -11645012.931, "snapped_y_3857": 4615346.646, "max_snap_distance_m": 82.136230164798448, "mean_snap_distance_m": 82.136230164798448, "snap_warning": false }, "geometry": { "type": "Point", "coordinates": [ -104.608930996867656, 38.253835996578438 ] } },
{ "type": "Feature", "properties": { "node_id": "-11646024.158_6524075.058", "primary_name": "Regina", "primary_type": "manual_waypoint", "all_names": "Regina", "all_types": "manual_waypoint", "source_layers": "manual_hub_waypoints", "represented_count": 1, "graph_degree": 2, "snapped_x_3857": -11646024.158, "snapped_y_3857": 6524075.058, "max_snap_distance_m": 352.47971278870085, "mean_snap_distance_m": 352.47971278870085, "snap_warning": false }, "geometry": { "type": "Point", "coordinates": [ -104.618015003565802, 50.447136000064887 ] } },
{ "type": "Feature", "properties": { "node_id": "-11665178.457_5027434.939", "primary_name": "Laramie County Community College", "primary_type": "college", "all_names": "Laramie County Community College", "all_types": "college", "source_layers": "colleges", "represented_count": 1, "graph_degree": 1, "snapped_x_3857": -11665178.457, "snapped_y_3857": 5027434.939, "max_snap_distance_m": 1292.6419535228426, "mean_snap_distance_m": 1292.6419535228426, "snap_warning": false }, "geometry": { "type": "Point", "coordinates": [ -104.790080999048755, 41.102248002484089 ] } },
{ "type": "Feature", "properties": { "node_id": "-11665180.016_4856704.400", "primary_name": "DEN", "primary_type": "airport", "all_names": "DEN", "all_types": "airport", "source_layers": "flight_corridor_airports", "represented_count": 1, "graph_degree": 2, "snapped_x_3857": -11665180.016000001, "snapped_y_3857": 4856704.4, "max_snap_distance_m": 17425.193370732337, "mean_snap_distance_m": 17425.193370732337, "snap_warning": false }, "geometry": { "type": "Point", "coordinates": [ -104.790095003784032, 39.936399996808603 ] } },
{ "type": "Feature", "properties": { "node_id": "-11668379.115_5033058.698", "primary_name": "Cheyenne", "primary_type": "manual_waypoint", "all_names": "Cheyenne", "all_types": "manual_waypoint", "source_layers": "manual_hub_waypoints", "represented_count": 1, "graph_degree": 2, "snapped_x_3857": -11668379.115, "snapped_y_3857": 5033058.698, "max_snap_distance_m": 158.71167694088555, "mean_snap_distance_m": 158.71167694088555, "snap_warning": false }, "geometry": { "type": "Point", "coordinates": [ -104.818832999055147, 41.140305000030914 ] } },
{ "type": "Feature", "properties": { "node_id": "-11668689.029_4698102.092", "primary_name": "Colorado Springs", "primary_type": "manual_waypoint", "all_names": "Colorado Springs", "all_types": "manual_waypoint", "source_layers": "manual_hub_waypoints", "represented_count": 1, "graph_degree": 2, "snapped_x_3857": -11668689.029, "snapped_y_3857": 4698102.092, "max_snap_distance_m": 196.55912954940362, "mean_snap_distance_m": 196.55912954940362, "snap_warning": false }, "geometry": { "type": "Point", "coordinates": [ -104.821617003884768, 38.835264998416925 ] } },
{ "type": "Feature", "properties": { "node_id": "-11687473.525_4828241.543", "primary_name": "Denver", "primary_type": "fixed_hub", "all_names": "Denver", "all_types": "fixed_hub", "source_layers": "fixed_hubs", "represented_count": 1, "graph_degree": 2, "snapped_x_3857": -11687473.525, "snapped_y_3857": 4828241.543, "max_snap_distance_m": 126.1299058698242, "mean_snap_distance_m": 126.1299058698242, "snap_warning": false }, "geometry": { "type": "Point", "coordinates": [ -104.990361002497593, 39.740069999172071 ] } },
{ "type": "Feature", "properties": { "node_id": "-11691331.190_4851370.679", "primary_name": "Front Range Community College", "primary_type": "college", "all_names": "Front Range Community College", "all_types": "college", "source_layers": "colleges", "represented_count": 1, "graph_degree": 2, "snapped_x_3857": -11691331.19, "snapped_y_3857": 4851370.679, "max_snap_distance_m": 1476.3419762210135, "mean_snap_distance_m": 1476.3419762210135, "snap_warning": false }, "geometry": { "type": "Point", "coordinates": [ -105.025014996802724, 39.899652001547416 ] } },
{ "type": "Feature", "properties": { "node_id": "-11697130.602_4949754.980", "primary_name": "Colorado State University-Fort Collins", "primary_type": "college", "all_names": "Colorado State University-Fort Collins", "all_types": "college", "source_layers": "colleges", "represented_count": 1, "graph_degree": 2, "snapped_x_3857": -11697130.602, "snapped_y_3857": 4949754.98, "max_snap_distance_m": 409.24826356282432, "mean_snap_distance_m": 409.24826356282432, "snap_warning": false }, "geometry": { "type": "Point", "coordinates": [ -105.077112001187785, 40.574318002739901 ] } },
{ "type": "Feature", "properties": { "node_id": "-11719369.342_4867462.415", "primary_name": "University of Colorado Boulder", "primary_type": "college", "all_names": "University of Colorado Boulder", "all_types": "college", "source_layers": "colleges", "represented_count": 1, "graph_degree": 2, "snapped_x_3857": -11719369.342, "snapped_y_3857": 4867462.415, "max_snap_distance_m": 717.68920778092991, "mean_snap_distance_m": 717.68920778092991, "snap_warning": false }, "geometry": { "type": "Point", "coordinates": [ -105.276886001603387, 40.010460002470893 ] } },
{ "type": "Feature", "properties": { "node_id": "-11792988.038_4257510.761", "primary_name": "Santa Fe", "primary_type": "manual_waypoint", "all_names": "Santa Fe", "all_types": "manual_waypoint", "source_layers": "manual_hub_waypoints", "represented_count": 1, "graph_degree": 1, "snapped_x_3857": -11792988.038000001, "snapped_y_3857": 4257510.761, "max_snap_distance_m": 135.40852887138405, "mean_snap_distance_m": 135.40852887138405, "snap_warning": false }, "geometry": { "type": "Point", "coordinates": [ -105.938213999740867, 35.68607100198539 ] } },
{ "type": "Feature", "properties": { "node_id": "-11834646.240_5289372.343", "primary_name": "Casper", "primary_type": "manual_waypoint", "all_names": "Casper", "all_types": "manual_waypoint", "source_layers": "manual_hub_waypoints", "represented_count": 1, "graph_degree": 2, "snapped_x_3857": -11834646.24, "snapped_y_3857": 5289372.343, "max_snap_distance_m": 202.9803991332586, "mean_snap_distance_m": 202.9803991332586, "snap_warning": false }, "geometry": { "type": "Point", "coordinates": [ -106.312435995396257, 42.851345001698647 ] } },
{ "type": "Feature", "properties": { "node_id": "-11841711.132_3733637.434", "primary_name": "El Paso Community College", "primary_type": "college", "all_names": "El Paso Community College", "all_types": "college", "source_layers": "colleges", "represented_count": 1, "graph_degree": 1, "snapped_x_3857": -11841711.132, "snapped_y_3857": 3733637.434, "max_snap_distance_m": 257.54243408283298, "mean_snap_distance_m": 257.54243408283298, "snap_warning": false }, "geometry": { "type": "Point", "coordinates": [ -106.375901000038795, 31.773666998445737 ] } },
{ "type": "Feature", "properties": { "node_id": "-11853813.230_3731911.331", "primary_name": "El Paso", "primary_type": "manual_waypoint", "all_names": "El Paso", "all_types": "manual_waypoint", "source_layers": "manual_hub_waypoints", "represented_count": 1, "graph_degree": 2, "snapped_x_3857": -11853813.23, "snapped_y_3857": 3731911.331, "max_snap_distance_m": 190.25533846480505, "mean_snap_distance_m": 190.25533846480505, "snap_warning": false }, "geometry": { "type": "Point", "coordinates": [ -106.484615996071923, 31.760483999219556 ] } },
{ "type": "Feature", "properties": { "node_id": "-11863797.077_6527438.236", "primary_name": "Saskatoon", "primary_type": "city", "all_names": "Saskatoon", "all_types": "city", "source_layers": "canadian_cities", "represented_count": 1, "graph_degree": 2, "snapped_x_3857": -11863797.077, "snapped_y_3857": 6527438.236, "max_snap_distance_m": 297073.43999814859, "mean_snap_distance_m": 297073.43999814859, "snap_warning": true }, "geometry": { "type": "Point", "coordinates": [ -106.574302419616018, 50.466370748549856 ] } },
{ "type": "Feature", "properties": { "node_id": "-11868951.568_4174888.327", "primary_name": "University of New Mexico-Main Campus", "primary_type": "college", "all_names": "University of New Mexico-Main Campus", "all_types": "college", "source_layers": "colleges", "represented_count": 1, "graph_degree": 2, "snapped_x_3857": -11868951.568, "snapped_y_3857": 4174888.327, "max_snap_distance_m": 399.16203637587489, "mean_snap_distance_m": 399.16203637587489, "snap_warning": false }, "geometry": { "type": "Point", "coordinates": [ -106.620606000087591, 35.080957002669734 ] } },
{ "type": "Feature", "properties": { "node_id": "-11872303.064_4175362.268", "primary_name": "Albuquerque", "primary_type": "fixed_hub", "all_names": "Albuquerque", "all_types": "fixed_hub", "source_layers": "fixed_hubs", "represented_count": 1, "graph_degree": 2, "snapped_x_3857": -11872303.064, "snapped_y_3857": 4175362.268, "max_snap_distance_m": 35.286715858952824, "mean_snap_distance_m": 35.286715858952824, "snap_warning": false }, "geometry": { "type": "Point", "coordinates": [ -106.650713000902243, 35.084441001421446 ] } },
{ "type": "Feature", "properties": { "node_id": "-11883737.134_3806026.206", "primary_name": "Las Cruces", "primary_type": "manual_waypoint", "all_names": "Las Cruces", "all_types": "manual_waypoint", "source_layers": "manual_hub_waypoints", "represented_count": 1, "graph_degree": 2, "snapped_x_3857": -11883737.134, "snapped_y_3857": 3806026.206, "max_snap_distance_m": 1315.4489875942777, "mean_snap_distance_m": 1315.4489875942777, "snap_warning": false }, "geometry": { "type": "Point", "coordinates": [ -106.753426999309156, 32.324835001478661 ] } },
{ "type": "Feature", "properties": { "node_id": "-12078299.114_5745645.143", "primary_name": "Billings", "primary_type": "manual_waypoint", "all_names": "Billings", "all_types": "manual_waypoint", "source_layers": "manual_hub_waypoints", "represented_count": 1, "graph_degree": 2, "snapped_x_3857": -12078299.114, "snapped_y_3857": 5745645.143, "max_snap_distance_m": 72.491995457008514, "mean_snap_distance_m": 72.491995457008514, "snap_warning": false }, "geometry": { "type": "Point", "coordinates": [ -108.501207002734745, 45.783014997290238 ] } },
{ "type": "Feature", "properties": { "node_id": "-12320355.443_6453164.769", "primary_name": "Medicine Hat", "primary_type": "manual_waypoint", "all_names": "Medicine Hat", "all_types": "manual_waypoint", "source_layers": "manual_hub_waypoints", "represented_count": 1, "graph_degree": 1, "snapped_x_3857": -12320355.443, "snapped_y_3857": 6453164.769, "max_snap_distance_m": 160.04004789980303, "mean_snap_distance_m": 160.04004789980303, "snap_warning": false }, "geometry": { "type": "Point", "coordinates": [ -110.675636002320374, 50.039762001902815 ] } },
{ "type": "Feature", "properties": { "node_id": "-12343517.689_3792445.403", "primary_name": "Pima Community College", "primary_type": "college", "all_names": "Pima Community College", "all_types": "college", "source_layers": "colleges", "represented_count": 1, "graph_degree": 1, "snapped_x_3857": -12343517.689, "snapped_y_3857": 3792445.403, "max_snap_distance_m": 333.8092494937531, "mean_snap_distance_m": 333.8092494937531, "snap_warning": false }, "geometry": { "type": "Point", "coordinates": [ -110.88370599828373, 32.221683997079673 ] } },
{ "type": "Feature", "properties": { "node_id": "-12351164.559_3794327.475", "primary_name": "University of Arizona", "primary_type": "college", "all_names": "University of Arizona", "all_types": "college", "source_layers": "colleges", "represented_count": 1, "graph_degree": 2, "snapped_x_3857": -12351164.559, "snapped_y_3857": 3794327.475, "max_snap_distance_m": 470.42901273744565, "mean_snap_distance_m": 470.42901273744565, "snap_warning": false }, "geometry": { "type": "Point", "coordinates": [ -110.952399000250495, 32.23598599858196 ] } },
{ "type": "Feature", "properties": { "node_id": "-12353675.815_3792413.034", "primary_name": "Tucson", "primary_type": "manual_waypoint", "all_names": "Tucson", "all_types": "manual_waypoint", "source_layers": "manual_hub_waypoints", "represented_count": 1, "graph_degree": 2, "snapped_x_3857": -12353675.815, "snapped_y_3857": 3792413.034, "max_snap_distance_m": 155.57545284992759, "mean_snap_distance_m": 155.57545284992759, "snap_warning": false }, "geometry": { "type": "Point", "coordinates": [ -110.974957996721841, 32.221438003016956 ] } },
{ "type": "Feature", "properties": { "node_id": "-12361342.389_5729107.628", "primary_name": "Bozeman", "primary_type": "manual_waypoint", "all_names": "Bozeman", "all_types": "manual_waypoint", "source_layers": "manual_hub_waypoints", "represented_count": 1, "graph_degree": 2, "snapped_x_3857": -12361342.389, "snapped_y_3857": 5729107.628, "max_snap_distance_m": 370.03040349126661, "mean_snap_distance_m": 370.03040349126661, "snap_warning": false }, "geometry": { "type": "Point", "coordinates": [ -111.043828002732184, 45.679316996937338 ] } },
{ "type": "Feature", "properties": { "node_id": "-12361914.682_5729110.178", "primary_name": "Montana State University", "primary_type": "college", "all_names": "Montana State University", "all_types": "college", "source_layers": "colleges", "represented_count": 1, "graph_degree": 1, "snapped_x_3857": -12361914.682, "snapped_y_3857": 5729110.178, "max_snap_distance_m": 2008.5207934373475, "mean_snap_distance_m": 2008.5207934373475, "snap_warning": false }, "geometry": { "type": "Point", "coordinates": [ -111.048968998221142, 45.679333001478874 ] } },
{ "type": "Feature", "properties": { "node_id": "-12389947.156_6025126.076", "primary_name": "Great Falls", "primary_type": "manual_waypoint", "all_names": "Great Falls", "all_types": "manual_waypoint", "source_layers": "manual_hub_waypoints", "represented_count": 1, "graph_degree": 1, "snapped_x_3857": -12389947.156, "snapped_y_3857": 6025126.076, "max_snap_distance_m": 180.61614421416371, "mean_snap_distance_m": 180.61614421416371, "snap_warning": false }, "geometry": { "type": "Point", "coordinates": [ -111.300788996679955, 47.506395999447122 ] } },
{ "type": "Feature", "properties": { "node_id": "-12428974.434_4190850.503", "primary_name": "Flagstaff", "primary_type": "manual_waypoint", "all_names": "Flagstaff", "all_types": "manual_waypoint", "source_layers": "manual_hub_waypoints", "represented_count": 1, "graph_degree": 2, "snapped_x_3857": -12428974.434, "snapped_y_3857": 4190850.503, "max_snap_distance_m": 14.406459481569174, "mean_snap_distance_m": 14.406459481569174, "snap_warning": false }, "geometry": { "type": "Point", "coordinates": [ -111.651376999929781, 35.198215001893736 ] } },
{ "type": "Feature", "properties": { "node_id": "-12429778.717_4902427.207", "primary_name": "Brigham Young University", "primary_type": "college", "all_names": "Brigham Young University", "all_types": "college", "source_layers": "colleges", "represented_count": 1, "graph_degree": 2, "snapped_x_3857": -12429778.717, "snapped_y_3857": 4902427.207, "max_snap_distance_m": 1038.2088234978723, "mean_snap_distance_m": 1038.2088234978723, "snap_warning": false }, "geometry": { "type": "Point", "coordinates": [ -111.658601997046347, 40.250608999768652 ] } },
{ "type": "Feature", "properties": { "node_id": "-12436829.471_4906578.501", "primary_name": "Utah Valley University", "primary_type": "college", "all_names": "Utah Valley University", "all_types": "college", "source_layers": "colleges", "represented_count": 1, "graph_degree": 2, "snapped_x_3857": -12436829.471000001, "snapped_y_3857": 4906578.501, "max_snap_distance_m": 677.46521501630593, "mean_snap_distance_m": 677.46521501630593, "snap_warning": false }, "geometry": { "type": "Point", "coordinates": [ -111.721939997874031, 40.279065001349807 ] } },
{ "type": "Feature", "properties": { "node_id": "-12455653.041_4977101.144", "primary_name": "Salt Lake City", "primary_type": "fixed_hub", "all_names": "Salt Lake City", "all_types": "fixed_hub", "source_layers": "fixed_hubs", "represented_count": 1, "graph_degree": 2, "snapped_x_3857": -12455653.041, "snapped_y_3857": 4977101.144, "max_snap_distance_m": 22.67650149540107, "mean_snap_distance_m": 22.67650149540107, "snap_warning": false }, "geometry": { "type": "Point", "coordinates": [ -111.891035004200944, 40.760647999072944 ] } },
{ "type": "Feature", "properties": { "node_id": "-12460542.081_3951445.900", "primary_name": "Arizona State University Campus Immersion", "primary_type": "college", "all_names": "Arizona State University Campus Immersion", "all_types": "college", "source_layers": "colleges", "represented_count": 1, "graph_degree": 1, "snapped_x_3857": -12460542.081, "snapped_y_3857": 3951445.9, "max_snap_distance_m": 567.86378227251407, "mean_snap_distance_m": 567.86378227251407, "snap_warning": false }, "geometry": { "type": "Point", "coordinates": [ -111.934953997767678, 33.421952002218866 ] } },
{ "type": "Feature", "properties": { "node_id": "-12460974.669_4963443.461", "primary_name": "Salt Lake Community College", "primary_type": "college", "all_names": "Salt Lake Community College", "all_types": "college", "source_layers": "colleges", "represented_count": 1, "graph_degree": 2, "snapped_x_3857": -12460974.669, "snapped_y_3857": 4963443.461, "max_snap_distance_m": 725.63566410885085, "mean_snap_distance_m": 725.63566410885085, "snap_warning": false }, "geometry": { "type": "Point", "coordinates": [ -111.938840001888934, 40.667653001983915 ] } },
{ "type": "Feature", "properties": { "node_id": "-12462078.847_5041535.744", "primary_name": "Weber State University", "primary_type": "college", "all_names": "Weber State University", "all_types": "college", "source_layers": "colleges", "represented_count": 1, "graph_degree": 1, "snapped_x_3857": -12462078.847, "snapped_y_3857": 5041535.744, "max_snap_distance_m": 863.32623732089132, "mean_snap_distance_m": 863.32623732089132, "snap_warning": false }, "geometry": { "type": "Point", "coordinates": [ -111.948759001626811, 41.197629000077448 ] } },
{ "type": "Feature", "properties": { "node_id": "-12465613.129_4977631.270", "primary_name": "SLC", "primary_type": "airport", "all_names": "SLC", "all_types": "airport", "source_layers": "flight_corridor_airports", "represented_count": 1, "graph_degree": 2, "snapped_x_3857": -12465613.129000001, "snapped_y_3857": 4977631.27, "max_snap_distance_m": 3773.1664612958089, "mean_snap_distance_m": 3773.1664612958089, "snap_warning": false }, "geometry": { "type": "Point", "coordinates": [ -111.980507997016716, 40.764255001584658 ] } },
{ "type": "Feature", "properties": { "node_id": "-12469219.770_3954943.781", "primary_name": "PHX", "primary_type": "airport", "all_names": "PHX", "all_types": "airport", "source_layers": "flight_corridor_airports", "represented_count": 1, "graph_degree": 2, "snapped_x_3857": -12469219.77, "snapped_y_3857": 3954943.781, "max_snap_distance_m": 1869.8611786991426, "mean_snap_distance_m": 1869.8611786991426, "snap_warning": false }, "geometry": { "type": "Point", "coordinates": [ -112.012907004363029, 33.448174000859403 ] } },
{ "type": "Feature", "properties": { "node_id": "-12471781.120_5875775.712", "primary_name": "Helena", "primary_type": "manual_waypoint", "all_names": "Helena", "all_types": "manual_waypoint", "source_layers": "manual_hub_waypoints", "represented_count": 1, "graph_degree": 2, "snapped_x_3857": -12471781.12, "snapped_y_3857": 5875775.712, "max_snap_distance_m": 721.42351783623724, "mean_snap_distance_m": 721.42351783623724, "snap_warning": false }, "geometry": { "type": "Point", "coordinates": [ -112.035916002892819, 46.592278999902149 ] } },
{ "type": "Feature", "properties": { "node_id": "-12475999.906_3954954.454", "primary_name": "Phoenix", "primary_type": "fixed_hub", "all_names": "Phoenix", "all_types": "fixed_hub", "source_layers": "fixed_hubs", "represented_count": 1, "graph_degree": 2, "snapped_x_3857": -12475999.906, "snapped_y_3857": 3954954.454, "max_snap_distance_m": 28.427535048320788, "mean_snap_distance_m": 28.427535048320788, "snap_warning": false }, "geometry": { "type": "Point", "coordinates": [ -112.073814002335112, 33.448253999285733 ] } },
{ "type": "Feature", "properties": { "node_id": "-12561858.403_6392822.474", "primary_name": "Lethbridge", "primary_type": "manual_waypoint", "all_names": "Lethbridge", "all_types": "manual_waypoint", "source_layers": "manual_hub_waypoints", "represented_count": 1, "graph_degree": 1, "snapped_x_3857": -12561858.403000001, "snapped_y_3857": 6392822.474, "max_snap_distance_m": 974.23267857380301, "mean_snap_distance_m": 974.23267857380301, "snap_warning": false }, "geometry": { "type": "Point", "coordinates": [ -112.845094003601432, 49.690354998895437 ] } },
{ "type": "Feature", "properties": { "node_id": "-12642043.836_4452532.417", "primary_name": "St. George", "primary_type": "metro", "all_names": "St. George", "all_types": "metro", "source_layers": "fastest_growing_metros", "represented_count": 1, "graph_degree": 1, "snapped_x_3857": -12642043.836, "snapped_y_3857": 4452532.417, "max_snap_distance_m": 334.33260055912518, "mean_snap_distance_m": 334.33260055912518, "snap_warning": false }, "geometry": { "type": "Point", "coordinates": [ -113.565412003877825, 37.096257996195419 ] } },
{ "type": "Feature", "properties": { "node_id": "-12697426.061_6629679.510", "primary_name": "Calgary", "primary_type": "fixed_hub", "all_names": "Calgary", "all_types": "fixed_hub; city", "source_layers": "fixed_hubs; canadian_cities", "represented_count": 2, "graph_degree": 2, "snapped_x_3857": -12697426.061000001, "snapped_y_3857": 6629679.51, "max_snap_distance_m": 1106.8903658804647, "mean_snap_distance_m": 866.45461308356266, "snap_warning": false }, "geometry": { "type": "Point", "coordinates": [ -114.062918995738301, 51.047382997197957 ] } },
{ "type": "Feature", "properties": { "node_id": "-12715756.485_6636831.625", "primary_name": "Edmonton", "primary_type": "city", "all_names": "Edmonton; Red Deer", "all_types": "city", "source_layers": "canadian_cities", "represented_count": 2, "graph_degree": 2, "snapped_x_3857": -12715756.485, "snapped_y_3857": 6636831.625, "max_snap_distance_m": 453129.04849600786, "mean_snap_distance_m": 335028.52788986237, "snap_warning": true }, "geometry": { "type": "Point", "coordinates": [ -114.227583996174204, 51.08775699941144 ] } },
{ "type": "Feature", "properties": { "node_id": "-12821837.949_4312458.546", "primary_name": "LAS", "primary_type": "airport", "all_names": "LAS", "all_types": "airport", "source_layers": "flight_corridor_airports", "represented_count": 1, "graph_degree": 2, "snapped_x_3857": -12821837.949, "snapped_y_3857": 4312458.546, "max_snap_distance_m": 2999.1291663170196, "mean_snap_distance_m": 2999.1291663170196, "snap_warning": false }, "geometry": { "type": "Point", "coordinates": [ -115.180530000903957, 36.085980000356322 ] } },
{ "type": "Feature", "properties": { "node_id": "-12827876.586_4322540.943", "primary_name": "College of Southern Nevada", "primary_type": "college", "all_names": "College of Southern Nevada", "all_types": "college", "source_layers": "colleges", "represented_count": 1, "graph_degree": 1, "snapped_x_3857": -12827876.586, "snapped_y_3857": 4322540.943, "max_snap_distance_m": 234.22579776980058, "mean_snap_distance_m": 234.22579776980058, "snap_warning": false }, "geometry": { "type": "Point", "coordinates": [ -115.234776000027466, 36.159140000415171 ] } },
{ "type": "Feature", "properties": { "node_id": "-12865984.434_6654937.167", "primary_name": "Banff", "primary_type": "manual_waypoint", "all_names": "Banff", "all_types": "manual_waypoint", "source_layers": "manual_hub_waypoints", "represented_count": 1, "graph_degree": 2, "snapped_x_3857": -12865984.434, "snapped_y_3857": 6654937.167, "max_snap_distance_m": 2143.8085362697138, "mean_snap_distance_m": 2143.8085362697138, "snap_warning": false }, "geometry": { "type": "Point", "coordinates": [ -115.577104623060492, 51.189806203054069 ] } },
{ "type": "Feature", "properties": { "node_id": "-12935581.199_5406059.341", "primary_name": "Boise", "primary_type": "metro", "all_names": "Boise", "all_types": "metro", "source_layers": "fastest_growing_metros", "represented_count": 1, "graph_degree": 2, "snapped_x_3857": -12935581.199, "snapped_y_3857": 5406059.341, "max_snap_distance_m": 4.7779606923224351, "mean_snap_distance_m": 4.7779606923224351, "snap_warning": false }, "geometry": { "type": "Point", "coordinates": [ -116.202303000308234, 43.615030998517518 ] } },
{ "type": "Feature", "properties": { "node_id": "-12936460.066_5404794.460", "primary_name": "Boise State University", "primary_type": "college", "all_names": "Boise State University", "all_types": "college", "source_layers": "colleges", "represented_count": 1, "graph_degree": 1, "snapped_x_3857": -12936460.066, "snapped_y_3857": 5404794.46, "max_snap_distance_m": 859.97522384680565, "mean_snap_distance_m": 859.97522384680565, "snap_warning": false }, "geometry": { "type": "Point", "coordinates": [ -116.210197996896326, 43.606804002581079 ] } },
{ "type": "Feature", "properties": { "node_id": "-12970182.414_5405853.461", "primary_name": "College of Western Idaho", "primary_type": "college", "all_names": "College of Western Idaho", "all_types": "college", "source_layers": "colleges", "represented_count": 1, "graph_degree": 1, "snapped_x_3857": -12970182.414000001, "snapped_y_3857": 5405853.461, "max_snap_distance_m": 650.66701530960324, "mean_snap_distance_m": 650.66701530960324, "snap_warning": false }, "geometry": { "type": "Point", "coordinates": [ -116.513131003144309, 43.613691997509669 ] } },
{ "type": "Feature", "properties": { "node_id": "-12973717.030_4005073.072", "primary_name": "Palm Springs", "primary_type": "manual_waypoint", "all_names": "Palm Springs", "all_types": "manual_waypoint", "source_layers": "manual_hub_waypoints", "represented_count": 1, "graph_degree": 2, "snapped_x_3857": -12973717.03, "snapped_y_3857": 4005073.072, "max_snap_distance_m": 966.20374766885163, "mean_snap_distance_m": 966.20374766885163, "snap_warning": false }, "geometry": { "type": "Point", "coordinates": [ -116.544882998907241, 33.8230980009264 ] } },
{ "type": "Feature", "properties": { "node_id": "-13021194.570_4004022.716", "primary_name": "Mt San Jacinto Community College District", "primary_type": "college", "all_names": "Mt San Jacinto Community College District", "all_types": "college", "source_layers": "colleges", "represented_count": 1, "graph_degree": 1, "snapped_x_3857": -13021194.57, "snapped_y_3857": 4004022.716, "max_snap_distance_m": 1140.5323161163928, "mean_snap_distance_m": 1140.5323161163928, "snap_warning": false }, "geometry": { "type": "Point", "coordinates": [ -116.971380997251202, 33.815258997330204 ] } },
{ "type": "Feature", "properties": { "node_id": "-13049828.726_3879032.471", "primary_name": "University of California-San Diego", "primary_type": "college", "all_names": "University of California-San Diego", "all_types": "college", "source_layers": "colleges", "represented_count": 1, "graph_degree": 2, "snapped_x_3857": -13049828.726, "snapped_y_3857": 3879032.471, "max_snap_distance_m": 810.11326841860034, "mean_snap_distance_m": 810.11326841860034, "snap_warning": false }, "geometry": { "type": "Point", "coordinates": [ -117.228605997077835, 32.877326997009554 ] } },
{ "type": "Feature", "properties": { "node_id": "-13061136.338_4024873.397", "primary_name": "University of California-Riverside", "primary_type": "college", "all_names": "University of California-Riverside", "all_types": "college", "source_layers": "colleges", "represented_count": 1, "graph_degree": 2, "snapped_x_3857": -13061136.338, "snapped_y_3857": 4024873.397, "max_snap_distance_m": 385.80816128049298, "mean_snap_distance_m": 385.80816128049298, "snap_warning": false }, "geometry": { "type": "Point", "coordinates": [ -117.330184003942733, 33.970737002372054 ] } },
{ "type": "Feature", "properties": { "node_id": "-13068440.343_4022547.573", "primary_name": "Riverside", "primary_type": "manual_waypoint", "all_names": "Riverside", "all_types": "manual_waypoint", "source_layers": "manual_hub_waypoints", "represented_count": 1, "graph_degree": 2, "snapped_x_3857": -13068440.343, "snapped_y_3857": 4022547.573, "max_snap_distance_m": 47.145161196461608, "mean_snap_distance_m": 47.145161196461608, "snap_warning": false }, "geometry": { "type": "Point", "coordinates": [ -117.395796997210596, 33.953407997655063 ] } },
{ "type": "Feature", "properties": { "node_id": "-13122792.196_3996624.717", "primary_name": "Santa Ana College", "primary_type": "college", "all_names": "Santa Ana College", "all_types": "college", "source_layers": "colleges", "represented_count": 1, "graph_degree": 2, "snapped_x_3857": -13122792.196, "snapped_y_3857": 3996624.717, "max_snap_distance_m": 402.35299060301634, "mean_snap_distance_m": 402.35299060301634, "snap_warning": false }, "geometry": { "type": "Point", "coordinates": [ -117.884047999911786, 33.760025998540428 ] } },
{ "type": "Feature", "properties": { "node_id": "-13139748.492_4031712.418", "primary_name": "Rio Hondo College", "primary_type": "college", "all_names": "Rio Hondo College", "all_types": "college", "source_layers": "colleges", "represented_count": 1, "graph_degree": 1, "snapped_x_3857": -13139748.492000001, "snapped_y_3857": 4031712.418, "max_snap_distance_m": 404.20174178192309, "mean_snap_distance_m": 404.20174178192309, "snap_warning": false }, "geometry": { "type": "Point", "coordinates": [ -118.036368998500336, 34.021672003043172 ] } },
{ "type": "Feature", "properties": { "node_id": "-13151883.207_4033829.069", "primary_name": "East Los Angeles College", "primary_type": "college", "all_names": "East Los Angeles College", "all_types": "college", "source_layers": "colleges", "represented_count": 1, "graph_degree": 1, "snapped_x_3857": -13151883.207, "snapped_y_3857": 4033829.069, "max_snap_distance_m": 563.44065067109364, "mean_snap_distance_m": 563.44065067109364, "snap_warning": false }, "geometry": { "type": "Point", "coordinates": [ -118.145376998029676, 34.037430002706365 ] } },
{ "type": "Feature", "properties": { "node_id": "-13159133.334_6623146.131", "primary_name": "Revelstoke", "primary_type": "manual_waypoint", "all_names": "Revelstoke", "all_types": "manual_waypoint", "source_layers": "manual_hub_waypoints", "represented_count": 1, "graph_degree": 2, "snapped_x_3857": -13159133.334000001, "snapped_y_3857": 6623146.131, "max_snap_distance_m": 2371.4858228154844, "mean_snap_distance_m": 2371.4858228154844, "snap_warning": false }, "geometry": { "type": "Point", "coordinates": [ -118.210505996988744, 51.010471003105835 ] } },
{ "type": "Feature", "properties": { "node_id": "-13162799.308_4035895.997", "primary_name": "Los Angeles", "primary_type": "fixed_hub", "all_names": "Los Angeles", "all_types": "fixed_hub", "source_layers": "fixed_hubs", "represented_count": 1, "graph_degree": 3, "snapped_x_3857": -13162799.308, "snapped_y_3857": 4035895.997, "max_snap_distance_m": 87.626852879500731, "mean_snap_distance_m": 87.626852879500731, "snap_warning": false }, "geometry": { "type": "Point", "coordinates": [ -118.243438001742589, 34.052815001101735 ] } },
{ "type": "Feature", "properties": { "node_id": "-13167152.791_4031946.522", "primary_name": "University of Southern California", "primary_type": "college", "all_names": "University of Southern California", "all_types": "college", "source_layers": "colleges", "represented_count": 1, "graph_degree": 2, "snapped_x_3857": -13167152.791, "snapped_y_3857": 4031946.522, "max_snap_distance_m": 338.8107237938944, "mean_snap_distance_m": 338.8107237938944, "snap_warning": false }, "geometry": { "type": "Point", "coordinates": [ -118.282546004923134, 34.02341499960302 ] } },
{ "type": "Feature", "properties": { "node_id": "-13169734.957_4052921.555", "primary_name": "Burbank", "primary_type": "manual_waypoint", "all_names": "Burbank", "all_types": "manual_waypoint", "source_layers": "manual_hub_waypoints", "represented_count": 1, "graph_degree": 2, "snapped_x_3857": -13169734.957, "snapped_y_3857": 4052921.555, "max_snap_distance_m": 396.51441577389392, "mean_snap_distance_m": 396.51441577389392, "snap_warning": false }, "geometry": { "type": "Point", "coordinates": [ -118.305741996762478, 34.179437002180151 ] } },
{ "type": "Feature", "properties": { "node_id": "-13183351.558_4037787.393", "primary_name": "University of California-Los Angeles", "primary_type": "college", "all_names": "University of California-Los Angeles", "all_types": "college", "source_layers": "colleges", "represented_count": 1, "graph_degree": 2, "snapped_x_3857": -13183351.558, "snapped_y_3857": 4037787.393, "max_snap_distance_m": 1703.3099419559207, "mean_snap_distance_m": 1703.3099419559207, "snap_warning": false }, "geometry": { "type": "Point", "coordinates": [ -118.42806200472306, 34.066890996366624 ] } },
{ "type": "Feature", "properties": { "node_id": "-13185862.925_4036334.688", "primary_name": "LAX", "primary_type": "airport", "all_names": "LAX", "all_types": "airport", "source_layers": "flight_corridor_airports", "represented_count": 1, "graph_degree": 2, "snapped_x_3857": -13185862.925000001, "snapped_y_3857": 4036334.688, "max_snap_distance_m": 16070.927421962002, "mean_snap_distance_m": 16070.927421962002, "snap_warning": false }, "geometry": { "type": "Point", "coordinates": [ -118.45062199832438, 34.056080000222195 ] } },
{ "type": "Feature", "properties": { "node_id": "-13243307.901_4218033.924", "primary_name": "Bakersfield College", "primary_type": "college", "all_names": "Bakersfield College", "all_types": "college", "source_layers": "colleges", "represented_count": 1, "graph_degree": 1, "snapped_x_3857": -13243307.901000001, "snapped_y_3857": 4218033.924, "max_snap_distance_m": 1769.543296785936, "mean_snap_distance_m": 1769.543296785936, "snap_warning": false }, "geometry": { "type": "Point", "coordinates": [ -118.966658997691169, 35.39751500283981 ] } },
{ "type": "Feature", "properties": { "node_id": "-13248995.659_4214708.168", "primary_name": "Bakersfield", "primary_type": "manual_waypoint", "all_names": "Bakersfield", "all_types": "manual_waypoint", "source_layers": "manual_hub_waypoints", "represented_count": 1, "graph_degree": 2, "snapped_x_3857": -13248995.659, "snapped_y_3857": 4214708.168, "max_snap_distance_m": 107.18753078430576, "mean_snap_distance_m": 107.18753078430576, "snap_warning": false }, "geometry": { "type": "Point", "coordinates": [ -119.017752997128895, 35.373158000641965 ] } },
{ "type": "Feature", "properties": { "node_id": "-13319292.137_4345049.408", "primary_name": "Kings/Tulare", "primary_type": "manual_waypoint", "all_names": "Kings/Tulare", "all_types": "manual_waypoint", "source_layers": "manual_hub_waypoints", "represented_count": 1, "graph_degree": 1, "snapped_x_3857": -13319292.137, "snapped_y_3857": 4345049.408, "max_snap_distance_m": 829.00767379445085, "mean_snap_distance_m": 829.00767379445085, "snap_warning": false }, "geometry": { "type": "Point", "coordinates": [ -119.649237003200625, 36.322219996999102 ] } },
{ "type": "Feature", "properties": { "node_id": "-13334177.890_4402683.353", "primary_name": "Fresno", "primary_type": "manual_waypoint", "all_names": "Fresno", "all_types": "manual_waypoint", "source_layers": "manual_hub_waypoints", "represented_count": 1, "graph_degree": 2, "snapped_x_3857": -13334177.89, "snapped_y_3857": 4402683.353, "max_snap_distance_m": 465.11890344558424, "mean_snap_distance_m": 465.11890344558424, "snap_warning": false }, "geometry": { "type": "Point", "coordinates": [ -119.782957997555911, 36.738239997721166 ] } },
{ "type": "Feature", "properties": { "node_id": "-13334312.030_4407263.516", "primary_name": "Fresno City College", "primary_type": "college", "all_names": "Fresno City College", "all_types": "college", "source_layers": "colleges", "represented_count": 1, "graph_degree": 1, "snapped_x_3857": -13334312.03, "snapped_y_3857": 4407263.516, "max_snap_distance_m": 1393.977131926828, "mean_snap_distance_m": 1393.977131926828, "snap_warning": false }, "geometry": { "type": "Point", "coordinates": [ -119.784162997678024, 36.771204998247455 ] } },
{ "type": "Feature", "properties": { "node_id": "-13337658.851_4797864.117", "primary_name": "Reno", "primary_type": "manual_waypoint", "all_names": "Reno", "all_types": "manual_waypoint", "source_layers": "manual_hub_waypoints", "represented_count": 1, "graph_degree": 2, "snapped_x_3857": -13337658.851, "snapped_y_3857": 4797864.117, "max_snap_distance_m": 65.855442040606832, "mean_snap_distance_m": 65.855442040606832, "snap_warning": false }, "geometry": { "type": "Point", "coordinates": [ -119.814228002253131, 39.52991499807672 ] } },
{ "type": "Feature", "properties": { "node_id": "-13341924.391_4084970.433", "primary_name": "University of California-Santa Barbara", "primary_type": "college", "all_names": "University of California-Santa Barbara", "all_types": "college", "source_layers": "colleges", "represented_count": 1, "graph_degree": 1, "snapped_x_3857": -13341924.391000001, "snapped_y_3857": 4084970.433, "max_snap_distance_m": 693.94006239822841, "mean_snap_distance_m": 693.94006239822841, "snap_warning": false }, "geometry": { "type": "Point", "coordinates": [ -119.852546000023381, 34.417275001334993 ] } },
{ "type": "Feature", "properties": { "node_id": "-13365072.611_4433711.789", "primary_name": "Madera", "primary_type": "manual_waypoint", "all_names": "Madera", "all_types": "manual_waypoint", "source_layers": "manual_hub_waypoints", "represented_count": 1, "graph_degree": 1, "snapped_x_3857": -13365072.611, "snapped_y_3857": 4433711.789, "max_snap_distance_m": 23.470457625635412, "mean_snap_distance_m": 23.470457625635412, "snap_warning": false }, "geometry": { "type": "Point", "coordinates": [ -120.060489998284979, 36.961285003524146 ] } },
{ "type": "Feature", "properties": { "node_id": "-13392102.431_6563204.468", "primary_name": "Kamloops", "primary_type": "manual_waypoint", "all_names": "Kamloops", "all_types": "manual_waypoint", "source_layers": "manual_hub_waypoints", "represented_count": 1, "graph_degree": 2, "snapped_x_3857": -13392102.431, "snapped_y_3857": 6563204.468, "max_snap_distance_m": 2764.7960510545536, "mean_snap_distance_m": 2764.7960510545536, "snap_warning": false }, "geometry": { "type": "Point", "coordinates": [ -120.303303002614982, 50.670441998575264 ] } },
{ "type": "Feature", "properties": { "node_id": "-13431132.317_6481675.518", "primary_name": "Kelowna", "primary_type": "city", "all_names": "Kelowna", "all_types": "city", "source_layers": "canadian_cities", "represented_count": 1, "graph_degree": 2, "snapped_x_3857": -13431132.317, "snapped_y_3857": 6481675.518, "max_snap_distance_m": 140087.61727200079, "mean_snap_distance_m": 140087.61727200079, "snap_warning": true }, "geometry": { "type": "Point", "coordinates": [ -120.653914433927412, 50.203972564158818 ] } },
{ "type": "Feature", "properties": { "node_id": "-13508679.207_4673211.728", "primary_name": "American River College", "primary_type": "college", "all_names": "American River College", "all_types": "college", "source_layers": "colleges", "represented_count": 1, "graph_degree": 1, "snapped_x_3857": -13508679.207, "snapped_y_3857": 4673211.728, "max_snap_distance_m": 1433.3965368878389, "mean_snap_distance_m": 1433.3965368878389, "snap_warning": false }, "geometry": { "type": "Point", "coordinates": [ -121.350529999156763, 38.660883000494692 ] } },
{ "type": "Feature", "properties": { "node_id": "-13524727.804_4661464.075", "primary_name": "Sacramento", "primary_type": "manual_waypoint", "all_names": "Sacramento", "all_types": "manual_waypoint", "source_layers": "manual_hub_waypoints", "represented_count": 1, "graph_degree": 2, "snapped_x_3857": -13524727.804, "snapped_y_3857": 4661464.075, "max_snap_distance_m": 452.47483065402633, "mean_snap_distance_m": 452.47483065402633, "snap_warning": false }, "geometry": { "type": "Point", "coordinates": [ -121.494696998894511, 38.578431001806081 ] } },
{ "type": "Feature", "properties": { "node_id": "-13531934.739_4440435.648", "primary_name": "Gilroy", "primary_type": "manual_waypoint", "all_names": "Gilroy", "all_types": "manual_waypoint", "source_layers": "manual_hub_waypoints", "represented_count": 1, "graph_degree": 2, "snapped_x_3857": -13531934.739, "snapped_y_3857": 4440435.648, "max_snap_distance_m": 1115.3516648852865, "mean_snap_distance_m": 1115.3516648852865, "snap_warning": false }, "geometry": { "type": "Point", "coordinates": [ -121.559437997516071, 37.009533001258227 ] } },
{ "type": "Feature", "properties": { "node_id": "-13538378.023_4741852.328", "primary_name": "Yuba City", "primary_type": "manual_waypoint", "all_names": "Yuba City", "all_types": "manual_waypoint", "source_layers": "manual_hub_waypoints", "represented_count": 1, "graph_degree": 2, "snapped_x_3857": -13538378.023, "snapped_y_3857": 4741852.328, "max_snap_distance_m": 68.129992173269144, "mean_snap_distance_m": 68.129992173269144, "snap_warning": false }, "geometry": { "type": "Point", "coordinates": [ -121.617319002487292, 39.140745997417383 ] } },
{ "type": "Feature", "properties": { "node_id": "-13552350.400_4656202.298", "primary_name": "University of California-Davis", "primary_type": "college", "all_names": "University of California-Davis", "all_types": "college", "source_layers": "colleges", "represented_count": 1, "graph_degree": 1, "snapped_x_3857": -13552350.4, "snapped_y_3857": 4656202.298, "max_snap_distance_m": 792.11822502297764, "mean_snap_distance_m": 792.11822502297764, "snap_warning": false }, "geometry": { "type": "Point", "coordinates": [ -121.742835000633107, 38.541470000149324 ] } },
{ "type": "Feature", "properties": { "node_id": "-13562912.393_4826682.227", "primary_name": "Chico", "primary_type": "manual_waypoint", "all_names": "Chico", "all_types": "manual_waypoint", "source_layers": "manual_hub_waypoints", "represented_count": 1, "graph_degree": 2, "snapped_x_3857": -13562912.393, "snapped_y_3857": 4826682.227, "max_snap_distance_m": 117.95890086557679, "mean_snap_distance_m": 117.95890086557679, "snap_warning": false }, "geometry": { "type": "Point", "coordinates": [ -121.83771499805971, 39.72929799643709 ] } },
{ "type": "Feature", "properties": { "node_id": "-13568674.847_4486053.872", "primary_name": "San Jose", "primary_type": "manual_waypoint", "all_names": "San Jose", "all_types": "manual_waypoint", "source_layers": "manual_hub_waypoints", "represented_count": 1, "graph_degree": 2, "snapped_x_3857": -13568674.847, "snapped_y_3857": 4486053.872, "max_snap_distance_m": 463.41291626301455, "mean_snap_distance_m": 463.41291626301455, "snap_warning": false }, "geometry": { "type": "Point", "coordinates": [ -121.889480003082085, 37.336063999731742 ] } },
{ "type": "Feature", "properties": { "node_id": "-13598784.543_4500240.127", "primary_name": "Stanford University", "primary_type": "college", "all_names": "Stanford University", "all_types": "college", "source_layers": "colleges", "represented_count": 1, "graph_degree": 2, "snapped_x_3857": -13598784.543, "snapped_y_3857": 4500240.127, "max_snap_distance_m": 1378.6299878434461, "mean_snap_distance_m": 1378.6299878434461, "snap_warning": false }, "geometry": { "type": "Point", "coordinates": [ -122.159960004252, 37.437319998419348 ] } },
{ "type": "Feature", "properties": { "node_id": "-13609693.519_4561504.987", "primary_name": "University of California-Berkeley", "primary_type": "college", "all_names": "University of California-Berkeley", "all_types": "college", "source_layers": "colleges", "represented_count": 1, "graph_degree": 2, "snapped_x_3857": -13609693.519, "snapped_y_3857": 4561504.987, "max_snap_distance_m": 320.15926239320044, "mean_snap_distance_m": 320.15926239320044, "snap_warning": false }, "geometry": { "type": "Point", "coordinates": [ -122.257957003000939, 37.873031998998137 ] } },
{ "type": "Feature", "properties": { "node_id": "-13614716.588_6049274.545", "primary_name": "University of Washington-Seattle Campus", "primary_type": "college", "all_names": "University of Washington-Seattle Campus", "all_types": "college", "source_layers": "colleges", "represented_count": 1, "graph_degree": 1, "snapped_x_3857": -13614716.588, "snapped_y_3857": 6049274.545, "max_snap_distance_m": 494.48991688293, "mean_snap_distance_m": 494.48991688293, "snap_warning": false }, "geometry": { "type": "Point", "coordinates": [ -122.303079999559799, 47.65272900030125 ] } },
{ "type": "Feature", "properties": { "node_id": "-13616646.089_6014837.035", "primary_name": "SEA", "primary_type": "airport", "all_names": "SEA", "all_types": "airport", "source_layers": "flight_corridor_airports", "represented_count": 1, "graph_degree": 2, "snapped_x_3857": -13616646.089, "snapped_y_3857": 6014837.035, "max_snap_distance_m": 1654.9327421867395, "mean_snap_distance_m": 1654.9327421867395, "snap_warning": false }, "geometry": { "type": "Point", "coordinates": [ -122.320413001950044, 47.443923001014298 ] } },
{ "type": "Feature", "properties": { "node_id": "-13617272.929_6297437.650", "primary_name": "Abbotsford", "primary_type": "city", "all_names": "Abbotsford", "all_types": "city", "source_layers": "canadian_cities", "represented_count": 1, "graph_degree": 2, "snapped_x_3857": -13617272.929, "snapped_y_3857": 6297437.65, "max_snap_distance_m": 14126.387223737178, "mean_snap_distance_m": 14126.387223737178, "snap_warning": false }, "geometry": { "type": "Point", "coordinates": [ -122.32604400147703, 49.13287500088834 ] } },
{ "type": "Feature", "properties": { "node_id": "-13617912.125_6041645.945", "primary_name": "Seattle", "primary_type": "fixed_hub", "all_names": "Seattle", "all_types": "fixed_hub", "source_layers": "fixed_hubs", "represented_count": 1, "graph_degree": 2, "snapped_x_3857": -13617912.125, "snapped_y_3857": 6041645.945, "max_snap_distance_m": 66.973059558486767, "mean_snap_distance_m": 66.973059558486767, "snap_warning": false }, "geometry": { "type": "Point", "coordinates": [ -122.331785996840495, 47.606546000309216 ] } },
{ "type": "Feature", "properties": { "node_id": "-13624441.125_4951566.888", "primary_name": "Redding", "primary_type": "manual_waypoint", "all_names": "Redding", "all_types": "manual_waypoint", "source_layers": "manual_hub_waypoints", "represented_count": 1, "graph_degree": 2, "snapped_x_3857": -13624441.125, "snapped_y_3857": 4951566.888, "max_snap_distance_m": 143.05064009055914, "mean_snap_distance_m": 143.05064009055914, "snap_warning": false }, "geometry": { "type": "Point", "coordinates": [ -122.390437001740679, 40.586679997831816 ] } },
{ "type": "Feature", "properties": { "node_id": "-13624590.961_4524499.370", "primary_name": "SFO", "primary_type": "airport", "all_names": "SFO", "all_types": "airport", "source_layers": "flight_corridor_airports", "represented_count": 1, "graph_degree": 2, "snapped_x_3857": -13624590.961, "snapped_y_3857": 4524499.37, "max_snap_distance_m": 2116.0338129464476, "mean_snap_distance_m": 2116.0338129464476, "snap_warning": false }, "geometry": { "type": "Point", "coordinates": [ -122.391783001429772, 37.610155997453774 ] } },
{ "type": "Feature", "properties": { "node_id": "-13627622.525_4547627.048", "primary_name": "San Francisco", "primary_type": "fixed_hub", "all_names": "San Francisco", "all_types": "fixed_hub", "source_layers": "fixed_hubs", "represented_count": 1, "graph_degree": 1, "snapped_x_3857": -13627622.525, "snapped_y_3857": 4547627.048, "max_snap_distance_m": 64.503811496219285, "mean_snap_distance_m": 64.503811496219285, "snap_warning": false }, "geometry": { "type": "Point", "coordinates": [ -122.419016004189658, 37.77455700029661 ] } },
{ "type": "Feature", "properties": { "node_id": "-13634524.333_6232865.685", "primary_name": "Bellingham", "primary_type": "manual_waypoint", "all_names": "Bellingham", "all_types": "manual_waypoint", "source_layers": "manual_hub_waypoints", "represented_count": 1, "graph_degree": 2, "snapped_x_3857": -13634524.333000001, "snapped_y_3857": 6232865.685, "max_snap_distance_m": 257.83013329788707, "mean_snap_distance_m": 257.83013329788707, "snap_warning": false }, "geometry": { "type": "Point", "coordinates": [ -122.481016000334222, 48.751883998419878 ] } },
{ "type": "Feature", "properties": { "node_id": "-13634900.148_6214878.019", "primary_name": "Victoria", "primary_type": "city", "all_names": "Victoria; Saanich", "all_types": "city", "source_layers": "canadian_cities", "represented_count": 2, "graph_degree": 2, "snapped_x_3857": -13634900.148, "snapped_y_3857": 6214878.019, "max_snap_distance_m": 104562.21293937863, "mean_snap_distance_m": 103995.7456207847, "snap_warning": true }, "geometry": { "type": "Point", "coordinates": [ -122.48439200391924, 48.64523400221325 ] } },
{ "type": "Feature", "properties": { "node_id": "-13656040.498_5702838.124", "primary_name": "Portland", "primary_type": "manual_waypoint", "all_names": "Portland", "all_types": "manual_waypoint", "source_layers": "manual_hub_waypoints", "represented_count": 1, "graph_degree": 2, "snapped_x_3857": -13656040.498, "snapped_y_3857": 5702838.124, "max_snap_distance_m": 292.0957719537322, "mean_snap_distance_m": 292.0957719537322, "snap_warning": false }, "geometry": { "type": "Point", "coordinates": [ -122.674298999085607, 45.514199000551997 ] } },
{ "type": "Feature", "properties": { "node_id": "-13666600.154_6280134.289", "primary_name": "White Rock", "primary_type": "city", "all_names": "White Rock", "all_types": "city", "source_layers": "canadian_cities", "represented_count": 1, "graph_degree": 2, "snapped_x_3857": -13666600.154, "snapped_y_3857": 6280134.289, "max_snap_distance_m": 3884.0310133132743, "mean_snap_distance_m": 3884.0310133132743, "snap_warning": false }, "geometry": { "type": "Point", "coordinates": [ -122.769158002884055, 49.031065999417116 ] } },
{ "type": "Feature", "properties": { "node_id": "-13669729.456_6321849.687", "primary_name": "Coquitlam", "primary_type": "city", "all_names": "Coquitlam", "all_types": "city", "source_layers": "canadian_cities", "represented_count": 1, "graph_degree": 2, "snapped_x_3857": -13669729.456, "snapped_y_3857": 6321849.687, "max_snap_distance_m": 1450.472476186166, "mean_snap_distance_m": 1450.472476186166, "snap_warning": false }, "geometry": { "type": "Point", "coordinates": [ -122.797269001036312, 49.276154998356169 ] } },
{ "type": "Feature", "properties": { "node_id": "-13675072.124_6307426.824", "primary_name": "Surrey", "primary_type": "manual_waypoint", "all_names": "Surrey", "all_types": "manual_waypoint; city", "source_layers": "manual_hub_waypoints; canadian_cities", "represented_count": 2, "graph_degree": 2, "snapped_x_3857": -13675072.124, "snapped_y_3857": 6307426.824, "max_snap_distance_m": 483.71785607628328, "mean_snap_distance_m": 450.98106309124626, "snap_warning": false }, "geometry": { "type": "Point", "coordinates": [ -122.845263004260076, 49.191554001565983 ] } },
{ "type": "Feature", "properties": { "node_id": "-13675087.040_6295073.807", "primary_name": "Delta", "primary_type": "city", "all_names": "Delta", "all_types": "city", "source_layers": "canadian_cities", "represented_count": 1, "graph_degree": 2, "snapped_x_3857": -13675087.04, "snapped_y_3857": 6295073.807, "max_snap_distance_m": 24438.818727582664, "mean_snap_distance_m": 24438.818727582664, "snap_warning": false }, "geometry": { "type": "Point", "coordinates": [ -122.84539699696785, 49.11897899943294 ] } },
{ "type": "Feature", "properties": { "node_id": "-13678074.188_5210021.259", "primary_name": "Medford", "primary_type": "manual_waypoint", "all_names": "Medford", "all_types": "manual_waypoint", "source_layers": "manual_hub_waypoints", "represented_count": 1, "graph_degree": 2, "snapped_x_3857": -13678074.188, "snapped_y_3857": 5210021.259, "max_snap_distance_m": 375.11047479451372, "mean_snap_distance_m": 375.11047479451372, "snap_warning": false }, "geometry": { "type": "Point", "coordinates": [ -122.872231004011127, 42.326550000057367 ] } },
{ "type": "Feature", "properties": { "node_id": "-13688364.450_6322559.014", "primary_name": "Burnaby", "primary_type": "city", "all_names": "Burnaby", "all_types": "city", "source_layers": "canadian_cities", "represented_count": 1, "graph_degree": 2, "snapped_x_3857": -13688364.45, "snapped_y_3857": 6322559.014, "max_snap_distance_m": 2333.4195783789955, "mean_snap_distance_m": 2333.4195783789955, "snap_warning": false }, "geometry": { "type": "Point", "coordinates": [ -122.964670000333044, 49.280311999640176 ] } },
{ "type": "Feature", "properties": { "node_id": "-13698767.702_6316001.939", "primary_name": "Richmond", "primary_type": "city", "all_names": "Richmond", "all_types": "city", "source_layers": "canadian_cities", "represented_count": 1, "graph_degree": 2, "snapped_x_3857": -13698767.702, "snapped_y_3857": 6316001.939, "max_snap_distance_m": 15299.226347168124, "mean_snap_distance_m": 15299.226347168124, "snap_warning": false }, "geometry": { "type": "Point", "coordinates": [ -123.05812400309452, 49.241870998522906 ] } },
{ "type": "Feature", "properties": { "node_id": "-13700798.058_5472831.329", "primary_name": "University of Oregon", "primary_type": "college", "all_names": "University of Oregon", "all_types": "college", "source_layers": "colleges", "represented_count": 1, "graph_degree": 1, "snapped_x_3857": -13700798.058, "snapped_y_3857": 5472831.329, "max_snap_distance_m": 405.05654989447055, "mean_snap_distance_m": 405.05654989447055, "snap_warning": false }, "geometry": { "type": "Point", "coordinates": [ -123.076363001364584, 44.047728997844359 ] } },
{ "type": "Feature", "properties": { "node_id": "-13701982.275_5473532.949", "primary_name": "Eugene", "primary_type": "manual_waypoint", "all_names": "Eugene", "all_types": "manual_waypoint", "source_layers": "manual_hub_waypoints", "represented_count": 1, "graph_degree": 2, "snapped_x_3857": -13701982.275, "snapped_y_3857": 5473532.949, "max_snap_distance_m": 33.274388680194797, "mean_snap_distance_m": 33.274388680194797, "snap_warning": false }, "geometry": { "type": "Point", "coordinates": [ -123.087001003672725, 44.052259001718845 ] } },
{ "type": "Feature", "properties": { "node_id": "-13702292.411_6318529.256", "primary_name": "Vancouver", "primary_type": "city", "all_names": "Vancouver", "all_types": "city", "source_layers": "canadian_cities", "represented_count": 1, "graph_degree": 2, "snapped_x_3857": -13702292.411, "snapped_y_3857": 6318529.256, "max_snap_distance_m": 1610.8229432325224, "mean_snap_distance_m": 1610.8229432325224, "snap_warning": false }, "geometry": { "type": "Point", "coordinates": [ -123.089787002762279, 49.256690998297771 ] } },
{ "type": "Feature", "properties": { "node_id": "-13705337.221_6322817.369", "primary_name": "Vancouver", "primary_type": "fixed_hub", "all_names": "Vancouver; Nanaimo", "all_types": "fixed_hub; city", "source_layers": "fixed_hubs; canadian_cities", "represented_count": 2, "graph_degree": 1, "snapped_x_3857": -13705337.221000001, "snapped_y_3857": 6322817.369, "max_snap_distance_m": 93377.379909830575, "mean_snap_distance_m": 46900.45925952468, "snap_warning": true }, "geometry": { "type": "Point", "coordinates": [ -123.117138996364687, 49.281825998572891 ] } },
{ "type": "Feature", "properties": { "node_id": "-7837863.748_5389568.879", "primary_name": "Halifax", "primary_type": "city", "all_names": "Halifax; University of New England", "all_types": "city; college", "source_layers": "canadian_cities; colleges", "represented_count": 2, "graph_degree": 1, "snapped_x_3857": -7837863.748, "snapped_y_3857": 5389568.879, "max_snap_distance_m": 779271.59081181232, "mean_snap_distance_m": 393620.37510119221, "snap_warning": true }, "geometry": { "type": "Point", "coordinates": [ -70.40872799674716, 43.507686000170317 ] } },
{ "type": "Feature", "properties": { "node_id": "-7894247.182_5333497.683", "primary_name": "University of New Hampshire-Main Campus", "primary_type": "college", "all_names": "University of New Hampshire-Main Campus", "all_types": "college", "source_layers": "colleges", "represented_count": 1, "graph_degree": 1, "snapped_x_3857": -7894247.182, "snapped_y_3857": 5333497.683, "max_snap_distance_m": 2083.5879103837251, "mean_snap_distance_m": 2083.5879103837251, "snap_warning": false }, "geometry": { "type": "Point", "coordinates": [ -70.915229002080608, 43.141259000157042 ] } },
{ "type": "Feature", "properties": { "node_id": "-7908827.920_5207909.596", "primary_name": "University of Massachusetts-Boston", "primary_type": "college", "all_names": "University of Massachusetts-Boston", "all_types": "college", "source_layers": "colleges", "represented_count": 1, "graph_degree": 1, "snapped_x_3857": -7908827.92, "snapped_y_3857": 5207909.596, "max_snap_distance_m": 1041.6678778028395, "mean_snap_distance_m": 1041.6678778028395, "snap_warning": false }, "geometry": { "type": "Point", "coordinates": [ -71.046210000072023, 42.31252400240799 ] } },
{ "type": "Feature", "properties": { "node_id": "-7910025.940_5215542.473", "primary_name": "BOS", "primary_type": "airport", "all_names": "BOS", "all_types": "airport", "source_layers": "flight_corridor_airports", "represented_count": 1, "graph_degree": 2, "snapped_x_3857": -7910025.94, "snapped_y_3857": 5215542.473, "max_snap_distance_m": 5774.4888657500378, "mean_snap_distance_m": 5774.4888657500378, "snap_warning": false }, "geometry": { "type": "Point", "coordinates": [ -71.056971996838854, 42.363207996948809 ] } },
{ "type": "Feature", "properties": { "node_id": "-7910283.979_5214939.559", "primary_name": "Boston", "primary_type": "fixed_hub", "all_names": "Boston", "all_types": "fixed_hub", "source_layers": "fixed_hubs", "represented_count": 1, "graph_degree": 2, "snapped_x_3857": -7910283.979, "snapped_y_3857": 5214939.559, "max_snap_distance_m": 141.50517544170134, "mean_snap_distance_m": 141.50517544170134, "snap_warning": false }, "geometry": { "type": "Point", "coordinates": [ -71.059290000614837, 42.359206000386493 ] } },
{ "type": "Feature", "properties": { "node_id": "-7913628.796_5212059.296", "primary_name": "Northeastern University", "primary_type": "college", "all_names": "Northeastern University", "all_types": "college", "source_layers": "colleges", "represented_count": 1, "graph_degree": 1, "snapped_x_3857": -7913628.796, "snapped_y_3857": 5212059.296, "max_snap_distance_m": 63.317117563081695, "mean_snap_distance_m": 63.317117563081695, "snap_warning": false }, "geometry": { "type": "Point", "coordinates": [ -71.089337002951666, 42.340083997341843 ] } },
{ "type": "Feature", "properties": { "node_id": "-7915720.934_5213789.428", "primary_name": "Boston University", "primary_type": "college", "all_names": "Boston University", "all_types": "college", "source_layers": "colleges", "represented_count": 1, "graph_degree": 3, "snapped_x_3857": -7915720.934, "snapped_y_3857": 5213789.428, "max_snap_distance_m": 71.405653783699663, "mean_snap_distance_m": 71.405653783699663, "snap_warning": false }, "geometry": { "type": "Point", "coordinates": [ -71.108130998370527, 42.351571003494996 ] } },
{ "type": "Feature", "properties": { "node_id": "-7916908.490_5217222.008", "primary_name": "Harvard University", "primary_type": "college", "all_names": "Harvard University", "all_types": "college", "source_layers": "colleges", "represented_count": 1, "graph_degree": 1, "snapped_x_3857": -7916908.49, "snapped_y_3857": 5217222.008, "max_snap_distance_m": 56.854508221488615, "mean_snap_distance_m": 56.854508221488615, "snap_warning": false }, "geometry": { "type": "Point", "coordinates": [ -71.118798995426019, 42.374354997896837 ] } },
{ "type": "Feature", "properties": { "node_id": "-7926261.331_5911470.447", "primary_name": "Quebec City", "primary_type": "fixed_hub", "all_names": "Quebec City; St. John's; Lévis; Moncton", "all_types": "fixed_hub; city", "source_layers": "fixed_hubs; canadian_cities", "represented_count": 5, "graph_degree": 1, "snapped_x_3857": -7926261.331, "snapped_y_3857": 5911470.447, "max_snap_distance_m": 2051843.5933021484, "mean_snap_distance_m": 556078.2512487272, "snap_warning": true }, "geometry": { "type": "Point", "coordinates": [ -71.20281699562841, 46.812178003337465 ] } },
{ "type": "Feature", "properties": { "node_id": "-7927819.916_5912096.689", "primary_name": "Saguenay", "primary_type": "city", "all_names": "Saguenay; Chicoutimi", "all_types": "city", "source_layers": "canadian_cities", "represented_count": 2, "graph_degree": 2, "snapped_x_3857": -7927819.916, "snapped_y_3857": 5912096.689, "max_snap_distance_m": 267671.10755048291, "mean_snap_distance_m": 266281.51945235988, "snap_warning": true }, "geometry": { "type": "Point", "coordinates": [ -71.216818002899402, 46.816028000899458 ] } },
{ "type": "Feature", "properties": { "node_id": "-7948271.310_5135142.135", "primary_name": "Brown University", "primary_type": "college", "all_names": "Brown University", "all_types": "college", "source_layers": "colleges", "represented_count": 1, "graph_degree": 1, "snapped_x_3857": -7948271.31, "snapped_y_3857": 5135142.135, "max_snap_distance_m": 404.58945020502438, "mean_snap_distance_m": 404.58945020502438, "snap_warning": false }, "geometry": { "type": "Point", "coordinates": [ -71.400536001016903, 41.827281999954813 ] } },
{ "type": "Feature", "properties": { "node_id": "-7954415.144_5311291.492", "primary_name": "Manchester", "primary_type": "manual_waypoint", "all_names": "Manchester", "all_types": "manual_waypoint", "source_layers": "manual_hub_waypoints", "represented_count": 1, "graph_degree": 2, "snapped_x_3857": -7954415.144, "snapped_y_3857": 5311291.492, "max_snap_distance_m": 103.74178934811351, "mean_snap_distance_m": 103.74178934811351, "snap_warning": false }, "geometry": { "type": "Point", "coordinates": [ -71.455727000869842, 42.995529999254224 ] } },
{ "type": "Feature", "properties": { "node_id": "-7993038.443_5200351.151", "primary_name": "Worcester", "primary_type": "manual_waypoint", "all_names": "Worcester", "all_types": "manual_waypoint", "source_layers": "manual_hub_waypoints", "represented_count": 1, "graph_degree": 2, "snapped_x_3857": -7993038.443, "snapped_y_3857": 5200351.151, "max_snap_distance_m": 62.967349169705962, "mean_snap_distance_m": 62.967349169705962, "snap_warning": false }, "geometry": { "type": "Point", "coordinates": [ -71.802685999018024, 42.262294000669343 ] } },
{ "type": "Feature", "properties": { "node_id": "-8042710.758_5132666.460", "primary_name": "University of Connecticut", "primary_type": "college", "all_names": "University of Connecticut", "all_types": "college", "source_layers": "colleges", "represented_count": 1, "graph_degree": 1, "snapped_x_3857": -8042710.758, "snapped_y_3857": 5132666.46, "max_snap_distance_m": 267.2603851271416, "mean_snap_distance_m": 267.2603851271416, "snap_warning": false }, "geometry": { "type": "Point", "coordinates": [ -72.248899996639011, 41.810708001022249 ] } },
{ "type": "Feature", "properties": { "node_id": "-8043098.595_5410240.509", "primary_name": "Lebanon", "primary_type": "manual_waypoint", "all_names": "Lebanon", "all_types": "manual_waypoint", "source_layers": "manual_hub_waypoints", "represented_count": 1, "graph_degree": 2, "snapped_x_3857": -8043098.595, "snapped_y_3857": 5410240.509, "max_snap_distance_m": 66.222512465578632, "mean_snap_distance_m": 66.222512465578632, "snap_warning": false }, "geometry": { "type": "Point", "coordinates": [ -72.252383995687481, 43.642218000575355 ] } },
{ "type": "Feature", "properties": { "node_id": "-8073679.618_5218815.635", "primary_name": "University of Massachusetts-Amherst", "primary_type": "college", "all_names": "University of Massachusetts-Amherst", "all_types": "college", "source_layers": "colleges", "represented_count": 1, "graph_degree": 1, "snapped_x_3857": -8073679.618, "snapped_y_3857": 5218815.635, "max_snap_distance_m": 166.29184716179864, "mean_snap_distance_m": 166.29184716179864, "snap_warning": false }, "geometry": { "type": "Point", "coordinates": [ -72.52709799933659, 42.384930002223285 ] } },
{ "type": "Feature", "properties": { "node_id": "-8075632.385_5834440.150", "primary_name": "Trois-Rivières", "primary_type": "manual_waypoint", "all_names": "Trois-Rivières; Sherbrooke", "all_types": "manual_waypoint; city", "source_layers": "manual_hub_waypoints; canadian_cities", "represented_count": 2, "graph_degree": 1, "snapped_x_3857": -8075632.385, "snapped_y_3857": 5834440.15, "max_snap_distance_m": 166034.22500637639, "mean_snap_distance_m": 83570.696058309986, "snap_warning": true }, "geometry": { "type": "Point", "coordinates": [ -72.544640003760833, 46.336510001756089 ] } },
{ "type": "Feature", "properties": { "node_id": "-8075864.486_5836563.697", "primary_name": "Trois-Rivières", "primary_type": "city", "all_names": "Trois-Rivières", "all_types": "city", "source_layers": "canadian_cities", "represented_count": 1, "graph_degree": 2, "snapped_x_3857": -8075864.486, "snapped_y_3857": 5836563.697, "max_snap_distance_m": 368.22827927821464, "mean_snap_distance_m": 368.22827927821464, "snap_warning": false }, "geometry": { "type": "Point", "coordinates": [ -72.546725002518414, 46.349678999456799 ] } },
{ "type": "Feature", "properties": { "node_id": "-8079326.077_5505388.795", "primary_name": "Montpelier", "primary_type": "manual_waypoint", "all_names": "Montpelier", "all_types": "manual_waypoint", "source_layers": "manual_hub_waypoints", "represented_count": 1, "graph_degree": 1, "snapped_x_3857": -8079326.077, "snapped_y_3857": 5505388.795, "max_snap_distance_m": 476.60304117284494, "mean_snap_distance_m": 476.60304117284494, "snap_warning": false }, "geometry": { "type": "Point", "coordinates": [ -72.577821003545139, 44.257571001263166 ] } },
{ "type": "Feature", "properties": { "node_id": "-8080532.001_5176237.358", "primary_name": "Springfield", "primary_type": "manual_waypoint", "all_names": "Springfield", "all_types": "manual_waypoint", "source_layers": "manual_hub_waypoints", "represented_count": 1, "graph_degree": 1, "snapped_x_3857": -8080532.001, "snapped_y_3857": 5176237.358, "max_snap_distance_m": 134.17057955138858, "mean_snap_distance_m": 134.17057955138858, "snap_warning": false }, "geometry": { "type": "Point", "coordinates": [ -72.588654003152001, 42.10177699799619 ] } },
{ "type": "Feature", "properties": { "node_id": "-8089924.917_5126369.326", "primary_name": "Capital Community College", "primary_type": "college", "all_names": "Capital Community College", "all_types": "college", "source_layers": "colleges", "represented_count": 1, "graph_degree": 2, "snapped_x_3857": -8089924.917, "snapped_y_3857": 5126369.326, "max_snap_distance_m": 38.736024339725226, "mean_snap_distance_m": 38.736024339725226, "snap_warning": false }, "geometry": { "type": "Point", "coordinates": [ -72.673032003204511, 41.768530999411688 ] } },
{ "type": "Feature", "properties": { "node_id": "-8091303.609_5126094.256", "primary_name": "Hartford", "primary_type": "manual_waypoint", "all_names": "Hartford", "all_types": "manual_waypoint", "source_layers": "manual_hub_waypoints", "represented_count": 1, "graph_degree": 1, "snapped_x_3857": -8091303.609, "snapped_y_3857": 5126094.256, "max_snap_distance_m": 137.15005586356108, "mean_snap_distance_m": 137.15005586356108, "snap_warning": false }, "geometry": { "type": "Point", "coordinates": [ -72.685417004161437, 41.766688000520396 ] } },
{ "type": "Feature", "properties": { "node_id": "-8118142.515_5058210.401", "primary_name": "Yale University", "primary_type": "college", "all_names": "Yale University", "all_types": "college", "source_layers": "colleges", "represented_count": 1, "graph_degree": 1, "snapped_x_3857": -8118142.515, "snapped_y_3857": 5058210.401, "max_snap_distance_m": 137.25742856044002, "mean_snap_distance_m": 137.25742856044002, "snap_warning": false }, "geometry": { "type": "Point", "coordinates": [ -72.926514998849896, 41.310241001700184 ] } },
{ "type": "Feature", "properties": { "node_id": "-8118379.403_5057788.041", "primary_name": "New Haven", "primary_type": "manual_waypoint", "all_names": "New Haven", "all_types": "manual_waypoint", "source_layers": "manual_hub_waypoints", "represented_count": 1, "graph_degree": 2, "snapped_x_3857": -8118379.403, "snapped_y_3857": 5057788.041, "max_snap_distance_m": 158.07423237358381, "mean_snap_distance_m": 158.07423237358381, "snap_warning": false }, "geometry": { "type": "Point", "coordinates": [ -72.928642999960147, 41.307390997435142 ] } },
{ "type": "Feature", "properties": { "node_id": "-8148662.535_5539457.438", "primary_name": "University of Vermont", "primary_type": "college", "all_names": "University of Vermont", "all_types": "college", "source_layers": "colleges", "represented_count": 1, "graph_degree": 2, "snapped_x_3857": -8148662.535, "snapped_y_3857": 5539457.438, "max_snap_distance_m": 474.03177108525387, "mean_snap_distance_m": 474.03177108525387, "snap_warning": false }, "geometry": { "type": "Point", "coordinates": [ -73.200681003226251, 44.476353999735963 ] } },
{ "type": "Feature", "properties": { "node_id": "-8149810.907_5539401.586", "primary_name": "Burlington", "primary_type": "manual_waypoint", "all_names": "Burlington", "all_types": "manual_waypoint", "source_layers": "manual_hub_waypoints", "represented_count": 1, "graph_degree": 2, "snapped_x_3857": -8149810.907, "snapped_y_3857": 5539401.586, "max_snap_distance_m": 123.69488141428657, "mean_snap_distance_m": 123.69488141428657, "snap_warning": false }, "geometry": { "type": "Point", "coordinates": [ -73.21099700442079, 44.475995996490305 ] } },
{ "type": "Feature", "properties": { "node_id": "-8182573.012_5727282.374", "primary_name": "Terrebonne", "primary_type": "city", "all_names": "Terrebonne", "all_types": "city", "source_layers": "canadian_cities", "represented_count": 1, "graph_degree": 2, "snapped_x_3857": -8182573.012, "snapped_y_3857": 5727282.374, "max_snap_distance_m": 15140.86624643237, "mean_snap_distance_m": 15140.86624643237, "snap_warning": false }, "geometry": { "type": "Point", "coordinates": [ -73.505304001035086, 45.667859997681965 ] } },
{ "type": "Feature", "properties": { "node_id": "-8186247.780_5019843.594", "primary_name": "Stamford", "primary_type": "manual_waypoint", "all_names": "Stamford", "all_types": "manual_waypoint", "source_layers": "manual_hub_waypoints", "represented_count": 1, "graph_degree": 2, "snapped_x_3857": -8186247.78, "snapped_y_3857": 5019843.594, "max_snap_distance_m": 380.17463207866541, "mean_snap_distance_m": 380.17463207866541, "snap_warning": false }, "geometry": { "type": "Point", "coordinates": [ -73.53831500363502, 41.050840997119437 ] } },
{ "type": "Feature", "properties": { "node_id": "-8189000.377_5705470.054", "primary_name": "Longueuil", "primary_type": "city", "all_names": "Longueuil", "all_types": "city", "source_layers": "canadian_cities", "represented_count": 1, "graph_degree": 2, "snapped_x_3857": -8189000.377, "snapped_y_3857": 5705470.054, "max_snap_distance_m": 5174.4853707369311, "mean_snap_distance_m": 5174.4853707369311, "snap_warning": false }, "geometry": { "type": "Point", "coordinates": [ -73.56304200319623, 45.530764000684414 ] } },
{ "type": "Feature", "properties": { "node_id": "-8189062.604_5700551.921", "primary_name": "Montreal", "primary_type": "fixed_hub", "all_names": "Montreal", "all_types": "fixed_hub", "source_layers": "fixed_hubs", "represented_count": 1, "graph_degree": 2, "snapped_x_3857": -8189062.604, "snapped_y_3857": 5700551.921, "max_snap_distance_m": 509.9444160993354, "mean_snap_distance_m": 509.9444160993354, "snap_warning": false }, "geometry": { "type": "Point", "coordinates": [ -73.563600997848084, 45.499805999509633 ] } },
{ "type": "Feature", "properties": { "node_id": "-8189492.409_5703268.808", "primary_name": "Montréal", "primary_type": "city", "all_names": "Montréal", "all_types": "city", "source_layers": "canadian_cities", "represented_count": 1, "graph_degree": 2, "snapped_x_3857": -8189492.409, "snapped_y_3857": 5703268.808, "max_snap_distance_m": 1424.9765024860997, "mean_snap_distance_m": 1424.9765024860997, "snap_warning": false }, "geometry": { "type": "Point", "coordinates": [ -73.567462001854977, 45.516909999302896 ] } },
{ "type": "Feature", "properties": { "node_id": "-8191858.393_4986550.425", "primary_name": "Long Island University", "primary_type": "college", "all_names": "Long Island University", "all_types": "college", "source_layers": "colleges", "represented_count": 1, "graph_degree": 1, "snapped_x_3857": -8191858.393, "snapped_y_3857": 4986550.425, "max_snap_distance_m": 828.53749224122623, "mean_snap_distance_m": 828.53749224122623, "snap_warning": false }, "geometry": { "type": "Point", "coordinates": [ -73.588715997746803, 40.824912001744259 ] } },
{ "type": "Feature", "properties": { "node_id": "-8209985.437_5699073.102", "primary_name": "Laval", "primary_type": "city", "all_names": "Laval", "all_types": "city", "source_layers": "canadian_cities", "represented_count": 1, "graph_degree": 2, "snapped_x_3857": -8209985.437, "snapped_y_3857": 5699073.102, "max_snap_distance_m": 14750.280204932324, "mean_snap_distance_m": 14750.280204932324, "snap_warning": false }, "geometry": { "type": "Point", "coordinates": [ -73.751554004557875, 45.49049399846416 ] } },
{ "type": "Feature", "properties": { "node_id": "-8210379.396_5259110.193", "primary_name": "Albany", "primary_type": "manual_waypoint", "all_names": "Albany", "all_types": "manual_waypoint", "source_layers": "manual_hub_waypoints", "represented_count": 1, "graph_degree": 2, "snapped_x_3857": -8210379.396, "snapped_y_3857": 5259110.193, "max_snap_distance_m": 180.90154501099141, "mean_snap_distance_m": 180.90154501099141, "snap_warning": false }, "geometry": { "type": "Point", "coordinates": [ -73.755092998468044, 42.651724998245349 ] } },
{ "type": "Feature", "properties": { "node_id": "-8213072.994_4976659.664", "primary_name": "JFK", "primary_type": "airport", "all_names": "JFK", "all_types": "airport", "source_layers": "flight_corridor_airports", "represented_count": 1, "graph_degree": 2, "snapped_x_3857": -8213072.994, "snapped_y_3857": 4976659.664, "max_snap_distance_m": 17083.577842605955, "mean_snap_distance_m": 17083.577842605955, "snap_warning": false }, "geometry": { "type": "Point", "coordinates": [ -73.779290000994777, 40.757643998776416 ] } },
{ "type": "Feature", "properties": { "node_id": "-8214584.935_5697418.138", "primary_name": "Saint-Jérôme", "primary_type": "city", "all_names": "Saint-Jérôme", "all_types": "city", "source_layers": "canadian_cities", "represented_count": 1, "graph_degree": 2, "snapped_x_3857": -8214584.935, "snapped_y_3857": 5697418.138, "max_snap_distance_m": 53496.514790825582, "mean_snap_distance_m": 53496.514790825582, "snap_warning": true }, "geometry": { "type": "Point", "coordinates": [ -73.792871998084649, 45.480071001043072 ] } },
{ "type": "Feature", "properties": { "node_id": "-8223982.638_4977485.471", "primary_name": "LGA", "primary_type": "airport", "all_names": "LGA", "all_types": "airport", "source_layers": "flight_corridor_airports", "represented_count": 1, "graph_degree": 2, "snapped_x_3857": -8223982.638, "snapped_y_3857": 4977485.471, "max_snap_distance_m": 2037.7222592799001, "mean_snap_distance_m": 2037.7222592799001, "snap_warning": false }, "geometry": { "type": "Point", "coordinates": [ -73.877293000489814, 40.763262997770575 ] } },
{ "type": "Feature", "properties": { "node_id": "-8232994.841_4984448.895", "primary_name": "Columbia University in the City of New York", "primary_type": "college", "all_names": "Columbia University in the City of New York", "all_types": "college", "source_layers": "colleges", "represented_count": 1, "graph_degree": 2, "snapped_x_3857": -8232994.841, "snapped_y_3857": 4984448.895, "max_snap_distance_m": 531.02838764719047, "mean_snap_distance_m": 531.02838764719047, "snap_warning": false }, "geometry": { "type": "Point", "coordinates": [ -73.958250997474693, 40.810624998890589 ] } },
{ "type": "Feature", "properties": { "node_id": "-8237001.118_4972363.918", "primary_name": "New York University", "primary_type": "college", "all_names": "New York University", "all_types": "college", "source_layers": "colleges", "represented_count": 1, "graph_degree": 2, "snapped_x_3857": -8237001.118, "snapped_y_3857": 4972363.918, "max_snap_distance_m": 369.97947220974987, "mean_snap_distance_m": 369.97947220974987, "snap_warning": false }, "geometry": { "type": "Point", "coordinates": [ -73.994239996089846, 40.728406998564715 ] } },
{ "type": "Feature", "properties": { "node_id": "-8238093.385_4969913.704", "primary_name": "nan", "primary_type": "city", "all_names": "", "all_types": "city", "source_layers": "most_visited_us_cities", "represented_count": 1, "graph_degree": 2, "snapped_x_3857": -8238093.385, "snapped_y_3857": 4969913.704, "max_snap_distance_m": 1779.8780474937521, "mean_snap_distance_m": 1779.8780474937521, "snap_warning": false }, "geometry": { "type": "Point", "coordinates": [ -74.004051997494258, 40.711724999304082 ] } },
{ "type": "Feature", "properties": { "node_id": "-8238318.251_4969942.782", "primary_name": "New York", "primary_type": "fixed_hub", "all_names": "New York", "all_types": "fixed_hub", "source_layers": "fixed_hubs", "represented_count": 1, "graph_degree": 2, "snapped_x_3857": -8238318.251, "snapped_y_3857": 4969942.782, "max_snap_distance_m": 129.04630866816524, "mean_snap_distance_m": 129.04630866816524, "snap_warning": false }, "geometry": { "type": "Point", "coordinates": [ -74.006072003141043, 40.711922998023944 ] } },
{ "type": "Feature", "properties": { "node_id": "-8258523.518_4967257.820", "primary_name": "EWR", "primary_type": "airport", "all_names": "EWR", "all_types": "airport", "source_layers": "flight_corridor_airports", "represented_count": 1, "graph_degree": 2, "snapped_x_3857": -8258523.518, "snapped_y_3857": 4967257.82, "max_snap_distance_m": 1577.6137697977204, "mean_snap_distance_m": 1577.6137697977204, "snap_warning": false }, "geometry": { "type": "Point", "coordinates": [ -74.187579004799204, 40.693637997993164 ] } },
{ "type": "Feature", "properties": { "node_id": "-8287487.736_4938489.435", "primary_name": "Rutgers University-New Brunswick", "primary_type": "college", "all_names": "Rutgers University-New Brunswick", "all_types": "college", "source_layers": "colleges", "represented_count": 1, "graph_degree": 1, "snapped_x_3857": -8287487.736, "snapped_y_3857": 4938489.435, "max_snap_distance_m": 261.47220741358188, "mean_snap_distance_m": 261.47220741358188, "snap_warning": false }, "geometry": { "type": "Point", "coordinates": [ -74.447769002018887, 40.497406000154598 ] } },
{ "type": "Feature", "properties": { "node_id": "-8320190.508_4898217.155", "primary_name": "Trenton", "primary_type": "manual_waypoint", "all_names": "Trenton", "all_types": "manual_waypoint", "source_layers": "manual_hub_waypoints", "represented_count": 1, "graph_degree": 2, "snapped_x_3857": -8320190.508, "snapped_y_3857": 4898217.155, "max_snap_distance_m": 224.37785269495731, "mean_snap_distance_m": 224.37785269495731, "snap_warning": false }, "geometry": { "type": "Point", "coordinates": [ -74.741543001225665, 40.221738003113138 ] } },
{ "type": "Feature", "properties": { "node_id": "-8367358.357_4859054.742", "primary_name": "Philadelphia", "primary_type": "manual_waypoint", "all_names": "Philadelphia", "all_types": "manual_waypoint", "source_layers": "manual_hub_waypoints", "represented_count": 1, "graph_degree": 2, "snapped_x_3857": -8367358.357, "snapped_y_3857": 4859054.742, "max_snap_distance_m": 6.8334856465069524, "mean_snap_distance_m": 6.8334856465069524, "snap_warning": false }, "geometry": { "type": "Point", "coordinates": [ -75.165258997983074, 39.952587001863378 ] } },
{ "type": "Feature", "properties": { "node_id": "-8370400.941_4858742.822", "primary_name": "University of Pennsylvania", "primary_type": "college", "all_names": "University of Pennsylvania", "all_types": "college", "source_layers": "colleges", "represented_count": 1, "graph_degree": 2, "snapped_x_3857": -8370400.941, "snapped_y_3857": 4858742.822, "max_snap_distance_m": 163.16304482383717, "mean_snap_distance_m": 163.16304482383717, "snap_warning": false }, "geometry": { "type": "Point", "coordinates": [ -75.19259099508723, 39.950439002724764 ] } },
{ "type": "Feature", "properties": { "node_id": "-8408912.365_4828660.654", "primary_name": "Wilmington", "primary_type": "manual_waypoint", "all_names": "Wilmington", "all_types": "manual_waypoint", "source_layers": "manual_hub_waypoints", "represented_count": 1, "graph_degree": 2, "snapped_x_3857": -8408912.365, "snapped_y_3857": 4828660.654, "max_snap_distance_m": 576.71185699460011, "mean_snap_distance_m": 576.71185699460011, "snap_warning": false }, "geometry": { "type": "Point", "coordinates": [ -75.538545003011322, 39.742964997517113 ] } },
{ "type": "Feature", "properties": { "node_id": "-8413908.829_5692879.076", "primary_name": "Gatineau", "primary_type": "city", "all_names": "Gatineau", "all_types": "city", "source_layers": "canadian_cities", "represented_count": 1, "graph_degree": 2, "snapped_x_3857": -8413908.829, "snapped_y_3857": 5692879.076, "max_snap_distance_m": 8968.7067515710023, "mean_snap_distance_m": 8968.7067515710023, "snap_warning": false }, "geometry": { "type": "Point", "coordinates": [ -75.583429002788833, 45.451473996743019 ] } },
{ "type": "Feature", "properties": { "node_id": "-8426699.216_5688014.011", "primary_name": "Ottawa", "primary_type": "manual_waypoint", "all_names": "Ottawa", "all_types": "manual_waypoint; city", "source_layers": "manual_hub_waypoints; canadian_cities", "represented_count": 2, "graph_degree": 1, "snapped_x_3857": -8426699.216, "snapped_y_3857": 5688014.011, "max_snap_distance_m": 720.00414802866328, "mean_snap_distance_m": 443.39823459094725, "snap_warning": false }, "geometry": { "type": "Point", "coordinates": [ -75.698327004107895, 45.420807000414356 ] } },
{ "type": "Feature", "properties": { "node_id": "-8427342.086_5677216.149", "primary_name": "Kanata", "primary_type": "city", "all_names": "Kanata", "all_types": "city", "source_layers": "canadian_cities", "represented_count": 1, "graph_degree": 2, "snapped_x_3857": -8427342.086, "snapped_y_3857": 5677216.149, "max_snap_distance_m": 22022.284980689623, "mean_snap_distance_m": 22022.284980689623, "snap_warning": false }, "geometry": { "type": "Point", "coordinates": [ -75.704102003574889, 45.352683001656025 ] } },
{ "type": "Feature", "properties": { "node_id": "-8432853.402_4819788.664", "primary_name": "University of Delaware", "primary_type": "college", "all_names": "University of Delaware", "all_types": "college", "source_layers": "colleges", "represented_count": 1, "graph_degree": 2, "snapped_x_3857": -8432853.402000001, "snapped_y_3857": 4819788.664, "max_snap_distance_m": 313.27662407579015, "mean_snap_distance_m": 313.27662407579015, "snap_warning": false }, "geometry": { "type": "Point", "coordinates": [ -75.753610997559036, 39.681655998144741 ] } },
{ "type": "Feature", "properties": { "node_id": "-8476091.117_5317830.121", "primary_name": "Syracuse University", "primary_type": "college", "all_names": "Syracuse University", "all_types": "college", "source_layers": "colleges", "represented_count": 1, "graph_degree": 2, "snapped_x_3857": -8476091.117000001, "snapped_y_3857": 5317830.121, "max_snap_distance_m": 936.74869291697701, "mean_snap_distance_m": 936.74869291697701, "snap_warning": false }, "geometry": { "type": "Point", "coordinates": [ -76.142021999908067, 43.038475997540722 ] } },
{ "type": "Feature", "properties": { "node_id": "-8476691.797_5319374.932", "primary_name": "Syracuse", "primary_type": "manual_waypoint", "all_names": "Syracuse", "all_types": "manual_waypoint", "source_layers": "manual_hub_waypoints", "represented_count": 1, "graph_degree": 1, "snapped_x_3857": -8476691.797, "snapped_y_3857": 5319374.932, "max_snap_distance_m": 78.931930744386889, "mean_snap_distance_m": 78.931930744386889, "snap_warning": false }, "geometry": { "type": "Point", "coordinates": [ -76.147418000156719, 43.048617996572226 ] } },
{ "type": "Feature", "properties": { "node_id": "-8507322.134_5511790.811", "primary_name": "Kingston", "primary_type": "city", "all_names": "Kingston", "all_types": "city", "source_layers": "canadian_cities", "represented_count": 1, "graph_degree": 2, "snapped_x_3857": -8507322.134, "snapped_y_3857": 5511790.811, "max_snap_distance_m": 4248.570706108042, "mean_snap_distance_m": 4248.570706108042, "snap_warning": false }, "geometry": { "type": "Point", "coordinates": [ -76.422574999005036, 44.298746002640222 ] } },
{ "type": "Feature", "properties": { "node_id": "-8513150.711_5227647.156", "primary_name": "Cornell University", "primary_type": "college", "all_names": "Cornell University", "all_types": "college", "source_layers": "colleges", "represented_count": 1, "graph_degree": 2, "snapped_x_3857": -8513150.711, "snapped_y_3857": 5227647.156, "max_snap_distance_m": 1065.0452528458445, "mean_snap_distance_m": 1065.0452528458445, "snap_warning": false }, "geometry": { "type": "Point", "coordinates": [ -76.474933997042697, 42.44350200325799 ] } },
{ "type": "Feature", "properties": { "node_id": "-8514337.600_5501423.894", "primary_name": "Kingston", "primary_type": "manual_waypoint", "all_names": "Kingston", "all_types": "manual_waypoint", "source_layers": "manual_hub_waypoints", "represented_count": 1, "graph_degree": 2, "snapped_x_3857": -8514337.6, "snapped_y_3857": 5501423.894, "max_snap_distance_m": 137.2267624159461, "mean_snap_distance_m": 137.2267624159461, "snap_warning": false }, "geometry": { "type": "Point", "coordinates": [ -76.485596002335228, 44.232056002632198 ] } },
{ "type": "Feature", "properties": { "node_id": "-8527854.903_4778731.425", "primary_name": "Towson University", "primary_type": "college", "all_names": "Towson University", "all_types": "college", "source_layers": "colleges", "represented_count": 1, "graph_degree": 2, "snapped_x_3857": -8527854.903000001, "snapped_y_3857": 4778731.425, "max_snap_distance_m": 694.09511281077357, "mean_snap_distance_m": 694.09511281077357, "snap_warning": false }, "geometry": { "type": "Point", "coordinates": [ -76.607024001184996, 39.397225003461628 ] } },
{ "type": "Feature", "properties": { "node_id": "-8528441.445_4763357.392", "primary_name": "Baltimore", "primary_type": "manual_waypoint", "all_names": "Baltimore", "all_types": "manual_waypoint", "source_layers": "manual_hub_waypoints", "represented_count": 1, "graph_degree": 2, "snapped_x_3857": -8528441.445, "snapped_y_3857": 4763357.392, "max_snap_distance_m": 10.707151718950012, "mean_snap_distance_m": 10.707151718950012, "snap_warning": false }, "geometry": { "type": "Point", "coordinates": [ -76.612292997618766, 39.290419001931951 ] } },
{ "type": "Feature", "properties": { "node_id": "-8564374.932_4720025.003", "primary_name": "University of Maryland-College Park", "primary_type": "college", "all_names": "University of Maryland-College Park", "all_types": "college", "source_layers": "colleges", "represented_count": 1, "graph_degree": 2, "snapped_x_3857": -8564374.932, "snapped_y_3857": 4720025.003, "max_snap_distance_m": 1073.24498076691, "mean_snap_distance_m": 1073.24498076691, "snap_warning": false }, "geometry": { "type": "Point", "coordinates": [ -76.935089003456866, 38.988504000206341 ] } },
{ "type": "Feature", "properties": { "node_id": "-8575711.152_4708394.482", "primary_name": "Washington DC", "primary_type": "fixed_hub", "all_names": "Washington DC", "all_types": "fixed_hub", "source_layers": "fixed_hubs", "represented_count": 1, "graph_degree": 2, "snapped_x_3857": -8575711.152000001, "snapped_y_3857": 4708394.482, "max_snap_distance_m": 7.5012179532452796, "mean_snap_distance_m": 7.5012179532452796, "snap_warning": false }, "geometry": { "type": "Point", "coordinates": [ -77.036924000358283, 38.907248997552308 ] } },
{ "type": "Feature", "properties": { "node_id": "-8577181.349_4707296.602", "primary_name": "George Washington University", "primary_type": "college", "all_names": "George Washington University", "all_types": "college", "source_layers": "colleges", "represented_count": 1, "graph_degree": 2, "snapped_x_3857": -8577181.349, "snapped_y_3857": 4707296.602, "max_snap_distance_m": 202.87112309702539, "mean_snap_distance_m": 202.87112309702539, "snap_warning": false }, "geometry": { "type": "Point", "coordinates": [ -77.050131004715951, 38.899574002553976 ] } },
{ "type": "Feature", "properties": { "node_id": "-8577209.178_4702524.524", "primary_name": "DCA", "primary_type": "airport", "all_names": "DCA", "all_types": "airport", "source_layers": "flight_corridor_airports", "represented_count": 1, "graph_degree": 2, "snapped_x_3857": -8577209.178, "snapped_y_3857": 4702524.524, "max_snap_distance_m": 2567.7624680550357, "mean_snap_distance_m": 2567.7624680550357, "snap_warning": false }, "geometry": { "type": "Point", "coordinates": [ -77.050380996876356, 38.86620400026834 ] } },
{ "type": "Feature", "properties": { "node_id": "-8579418.648_4708076.049", "primary_name": "Georgetown University", "primary_type": "college", "all_names": "Georgetown University", "all_types": "college", "source_layers": "colleges", "represented_count": 1, "graph_degree": 3, "snapped_x_3857": -8579418.648, "snapped_y_3857": 4708076.049, "max_snap_distance_m": 650.33503730339726, "mean_snap_distance_m": 650.33503730339726, "snap_warning": false }, "geometry": { "type": "Point", "coordinates": [ -77.070229003584402, 38.905023000267789 ] } },
{ "type": "Feature", "properties": { "node_id": "-8598185.444_4698325.033", "primary_name": "Northern Virginia Community College", "primary_type": "college", "all_names": "Northern Virginia Community College", "all_types": "college", "source_layers": "colleges", "represented_count": 1, "graph_degree": 2, "snapped_x_3857": -8598185.444, "snapped_y_3857": 4698325.033, "max_snap_distance_m": 547.26768714479851, "mean_snap_distance_m": 547.26768714479851, "snap_warning": false }, "geometry": { "type": "Point", "coordinates": [ -77.238814000391926, 38.836824998974912 ] } },
{ "type": "Feature", "properties": { "node_id": "-8620118.389_4514670.914", "primary_name": "Richmond", "primary_type": "manual_waypoint", "all_names": "Richmond", "all_types": "manual_waypoint", "source_layers": "manual_hub_waypoints", "represented_count": 1, "graph_degree": 2, "snapped_x_3857": -8620118.389, "snapped_y_3857": 4514670.914, "max_snap_distance_m": 74.982076125331332, "mean_snap_distance_m": 74.982076125331332, "snap_warning": false }, "geometry": { "type": "Point", "coordinates": [ -77.435840997584464, 37.54018100017246 ] } },
{ "type": "Feature", "properties": { "node_id": "-8639382.784_5335838.269", "primary_name": "Rochester", "primary_type": "manual_waypoint", "all_names": "Rochester", "all_types": "manual_waypoint", "source_layers": "manual_hub_waypoints", "represented_count": 1, "graph_degree": 1, "snapped_x_3857": -8639382.784, "snapped_y_3857": 5335838.269, "max_snap_distance_m": 223.08405961676164, "mean_snap_distance_m": 223.08405961676164, "snap_warning": false }, "geometry": { "type": "Point", "coordinates": [ -77.608896002262611, 43.156599002422084 ] } },
{ "type": "Feature", "properties": { "node_id": "-8667511.772_4982067.552", "primary_name": "Pennsylvania State University-Main Campus", "primary_type": "college", "all_names": "Pennsylvania State University-Main Campus", "all_types": "college", "source_layers": "colleges", "represented_count": 1, "graph_degree": 2, "snapped_x_3857": -8667511.772, "snapped_y_3857": 4982067.552, "max_snap_distance_m": 335.11081818209385, "mean_snap_distance_m": 335.11081818209385, "snap_warning": false }, "geometry": { "type": "Point", "coordinates": [ -77.861583000734768, 40.794432001786952 ] } },
{ "type": "Feature", "properties": { "node_id": "-8676782.348_4059129.046", "primary_name": "Wilmington", "primary_type": "metro", "all_names": "Wilmington", "all_types": "metro", "source_layers": "fastest_growing_metros", "represented_count": 1, "graph_degree": 2, "snapped_x_3857": -8676782.348, "snapped_y_3857": 4059129.046, "max_snap_distance_m": 26.47853251458589, "mean_snap_distance_m": 26.47853251458589, "snap_warning": false }, "geometry": { "type": "Point", "coordinates": [ -77.944862001868671, 34.225555996116107 ] } },
{ "type": "Feature", "properties": { "node_id": "-8678907.882_4787240.241", "primary_name": "Martinsburg", "primary_type": "manual_waypoint", "all_names": "Martinsburg", "all_types": "manual_waypoint", "source_layers": "manual_hub_waypoints", "represented_count": 1, "graph_degree": 2, "snapped_x_3857": -8678907.882, "snapped_y_3857": 4787240.241, "max_snap_distance_m": 11.496850801275091, "mean_snap_distance_m": 11.496850801275091, "snap_warning": false }, "geometry": { "type": "Point", "coordinates": [ -77.963955998659827, 39.456267002482491 ] } },
{ "type": "Feature", "properties": { "node_id": "-8738965.972_4584613.993", "primary_name": "University of Virginia-Main Campus", "primary_type": "college", "all_names": "University of Virginia-Main Campus", "all_types": "college", "source_layers": "colleges", "represented_count": 1, "graph_degree": 2, "snapped_x_3857": -8738965.972, "snapped_y_3857": 4584613.993, "max_snap_distance_m": 148.74930223835437, "mean_snap_distance_m": 148.74930223835437, "snap_warning": false }, "geometry": { "type": "Point", "coordinates": [ -78.503467000480086, 38.036717001469199 ] } },
{ "type": "Feature", "properties": { "node_id": "-8748115.210_5451613.408", "primary_name": "Clarington", "primary_type": "city", "all_names": "Clarington", "all_types": "city", "source_layers": "canadian_cities", "represented_count": 1, "graph_degree": 2, "snapped_x_3857": -8748115.21, "snapped_y_3857": 5451613.408, "max_snap_distance_m": 4539.5494853631981, "mean_snap_distance_m": 4539.5494853631981, "snap_warning": false }, "geometry": { "type": "Point", "coordinates": [ -78.585656003814577, 43.910572000566837 ] } },
{ "type": "Feature", "properties": { "node_id": "-8753957.257_4270331.546", "primary_name": "Raleigh", "primary_type": "metro", "all_names": "Raleigh", "all_types": "metro", "source_layers": "fastest_growing_metros", "represented_count": 1, "graph_degree": 1, "snapped_x_3857": -8753957.257, "snapped_y_3857": 4270331.546, "max_snap_distance_m": 8.9097637545706991, "mean_snap_distance_m": 8.9097637545706991, "snap_warning": false }, "geometry": { "type": "Point", "coordinates": [ -78.638136004921009, 35.779561002569409 ] } },
{ "type": "Feature", "properties": { "node_id": "-8758119.270_4270489.071", "primary_name": "North Carolina State University at Raleigh", "primary_type": "college", "all_names": "North Carolina State University at Raleigh", "all_types": "college", "source_layers": "colleges", "represented_count": 1, "graph_degree": 2, "snapped_x_3857": -8758119.27, "snapped_y_3857": 4270489.071, "max_snap_distance_m": 614.36316463977448, "mean_snap_distance_m": 614.36316463977448, "snap_warning": false }, "geometry": { "type": "Point", "coordinates": [ -78.67552400382705, 35.780709002503727 ] } },
{ "type": "Feature", "properties": { "node_id": "-8767758.090_4815618.258", "primary_name": "Cumberland", "primary_type": "manual_waypoint", "all_names": "Cumberland", "all_types": "manual_waypoint", "source_layers": "manual_hub_waypoints", "represented_count": 1, "graph_degree": 1, "snapped_x_3857": -8767758.09, "snapped_y_3857": 4815618.258, "max_snap_distance_m": 44.897260941220154, "mean_snap_distance_m": 44.897260941220154, "snap_warning": false }, "geometry": { "type": "Point", "coordinates": [ -78.762110997095817, 39.652818000575209 ] } },
{ "type": "Feature", "properties": { "node_id": "-8777140.431_5447460.550", "primary_name": "Oshawa", "primary_type": "city", "all_names": "Oshawa", "all_types": "city", "source_layers": "canadian_cities", "represented_count": 1, "graph_degree": 2, "snapped_x_3857": -8777140.431, "snapped_y_3857": 5447460.55, "max_snap_distance_m": 2551.2003017408133, "mean_snap_distance_m": 2551.2003017408133, "snap_warning": false }, "geometry": { "type": "Point", "coordinates": [ -78.846394000307029, 43.883690000507542 ] } },
{ "type": "Feature", "properties": { "node_id": "-8780681.615_5294623.037", "primary_name": "Buffalo", "primary_type": "manual_waypoint", "all_names": "Buffalo", "all_types": "manual_waypoint", "source_layers": "manual_hub_waypoints", "represented_count": 1, "graph_degree": 2, "snapped_x_3857": -8780681.615, "snapped_y_3857": 5294623.037, "max_snap_distance_m": 76.81628255484847, "mean_snap_distance_m": 76.81628255484847, "snap_warning": false }, "geometry": { "type": "Point", "coordinates": [ -78.878204997417825, 42.885915001803575 ] } },
{ "type": "Feature", "properties": { "node_id": "-8781632.061_3987223.538", "primary_name": "Myrtle Beach", "primary_type": "metro", "all_names": "Myrtle Beach", "all_types": "metro", "source_layers": "fastest_growing_metros", "represented_count": 1, "graph_degree": 1, "snapped_x_3857": -8781632.061000001, "snapped_y_3857": 3987223.538, "max_snap_distance_m": 91.904001506995996, "mean_snap_distance_m": 91.904001506995996, "snap_warning": false }, "geometry": { "type": "Point", "coordinates": [ -78.886742999103134, 33.689786003136504 ] } },
{ "type": "Feature", "properties": { "node_id": "-8787143.934_5444752.053", "primary_name": "Whitby", "primary_type": "city", "all_names": "Whitby", "all_types": "city", "source_layers": "canadian_cities", "represented_count": 1, "graph_degree": 2, "snapped_x_3857": -8787143.934, "snapped_y_3857": 5444752.053, "max_snap_distance_m": 2716.6927871195571, "mean_snap_distance_m": 2716.6927871195571, "snap_warning": false }, "geometry": { "type": "Point", "coordinates": [ -78.936256996703392, 43.866151001962415 ] } },
{ "type": "Feature", "properties": { "node_id": "-8787256.033_4301743.408", "primary_name": "Duke University", "primary_type": "college", "all_names": "Duke University", "all_types": "college", "source_layers": "colleges", "represented_count": 1, "graph_degree": 2, "snapped_x_3857": -8787256.033, "snapped_y_3857": 4301743.408, "max_snap_distance_m": 966.69161512414973, "mean_snap_distance_m": 966.69161512414973, "snap_warning": false }, "geometry": { "type": "Point", "coordinates": [ -78.937263999153743, 36.008154000857317 ] } },
{ "type": "Feature", "properties": { "node_id": "-8798730.512_5442110.881", "primary_name": "Ajax", "primary_type": "city", "all_names": "Ajax", "all_types": "city", "source_layers": "canadian_cities", "represented_count": 1, "graph_degree": 2, "snapped_x_3857": -8798730.512, "snapped_y_3857": 5442110.881, "max_snap_distance_m": 1494.8484697072834, "mean_snap_distance_m": 1494.8484697072834, "snap_warning": false }, "geometry": { "type": "Point", "coordinates": [ -79.040340997783815, 43.84904299842497 ] } },
{ "type": "Feature", "properties": { "node_id": "-8800256.146_4288282.501", "primary_name": "University of North Carolina at Chapel Hill", "primary_type": "college", "all_names": "University of North Carolina at Chapel Hill", "all_types": "college", "source_layers": "colleges", "represented_count": 1, "graph_degree": 2, "snapped_x_3857": -8800256.146, "snapped_y_3857": 4288282.501, "max_snap_distance_m": 399.29346204362537, "mean_snap_distance_m": 399.29346204362537, "snap_warning": false }, "geometry": { "type": "Point", "coordinates": [ -79.05404600118554, 35.910276000586421 ] } },
{ "type": "Feature", "properties": { "node_id": "-8810682.997_5433942.218", "primary_name": "Markham", "primary_type": "city", "all_names": "Markham", "all_types": "city", "source_layers": "canadian_cities", "represented_count": 1, "graph_degree": 2, "snapped_x_3857": -8810682.997, "snapped_y_3857": 5433942.218, "max_snap_distance_m": 17896.599984332501, "mean_snap_distance_m": 17896.599984332501, "snap_warning": false }, "geometry": { "type": "Point", "coordinates": [ -79.147711997370919, 43.796099999457219 ] } },
{ "type": "Feature", "properties": { "node_id": "-8821037.714_5338649.732", "primary_name": "St. Catharines", "primary_type": "city", "all_names": "St. Catharines", "all_types": "city", "source_layers": "canadian_cities", "represented_count": 1, "graph_degree": 2, "snapped_x_3857": -8821037.714, "snapped_y_3857": 5338649.732, "max_snap_distance_m": 1510.5550676355126, "mean_snap_distance_m": 1510.5550676355126, "snap_warning": false }, "geometry": { "type": "Point", "coordinates": [ -79.240730002809244, 43.175020002977654 ] } },
{ "type": "Feature", "properties": { "node_id": "-8836457.912_5411812.454", "primary_name": "Toronto", "primary_type": "fixed_hub", "all_names": "Toronto", "all_types": "fixed_hub", "source_layers": "fixed_hubs", "represented_count": 1, "graph_degree": 2, "snapped_x_3857": -8836457.912, "snapped_y_3857": 5411812.454, "max_snap_distance_m": 454.93724932150167, "mean_snap_distance_m": 454.93724932150167, "snap_warning": false }, "geometry": { "type": "Point", "coordinates": [ -79.37925199828473, 43.652436000161934 ] } },
{ "type": "Feature", "properties": { "node_id": "-8839514.968_5425932.720", "primary_name": "Toronto", "primary_type": "city", "all_names": "Toronto", "all_types": "city", "source_layers": "canadian_cities", "represented_count": 1, "graph_degree": 2, "snapped_x_3857": -8839514.968, "snapped_y_3857": 5425932.72, "max_snap_distance_m": 3738.6287013808801, "mean_snap_distance_m": 3738.6287013808801, "snap_warning": false }, "geometry": { "type": "Point", "coordinates": [ -79.406713999576823, 43.74414300034627 ] } },
{ "type": "Feature", "properties": { "node_id": "-8841983.144_5440081.733", "primary_name": "Vaughan", "primary_type": "city", "all_names": "Vaughan", "all_types": "city", "source_layers": "canadian_cities", "represented_count": 1, "graph_degree": 2, "snapped_x_3857": -8841983.144, "snapped_y_3857": 5440081.733, "max_snap_distance_m": 7926.5046836673464, "mean_snap_distance_m": 7926.5046836673464, "snap_warning": false }, "geometry": { "type": "Point", "coordinates": [ -79.428886001823784, 43.835896002608962 ] } },
{ "type": "Feature", "properties": { "node_id": "-8842914.999_5445541.402", "primary_name": "Richmond Hill", "primary_type": "city", "all_names": "Richmond Hill", "all_types": "city", "source_layers": "canadian_cities", "represented_count": 1, "graph_degree": 2, "snapped_x_3857": -8842914.999, "snapped_y_3857": 5445541.402, "max_snap_distance_m": 830.94316222973794, "mean_snap_distance_m": 830.94316222973794, "snap_warning": false }, "geometry": { "type": "Point", "coordinates": [ -79.437256997714627, 43.871263001184396 ] } },
{ "type": "Feature", "properties": { "node_id": "-8868679.227_5409278.674", "primary_name": "Mississauga", "primary_type": "city", "all_names": "Mississauga", "all_types": "city", "source_layers": "canadian_cities", "represented_count": 1, "graph_degree": 2, "snapped_x_3857": -8868679.227, "snapped_y_3857": 5409278.674, "max_snap_distance_m": 5909.0395379262081, "mean_snap_distance_m": 5909.0395379262081, "snap_warning": false }, "geometry": { "type": "Point", "coordinates": [ -79.66870099567403, 43.6359649974316 ] } },
{ "type": "Feature", "properties": { "node_id": "-8868822.941_5522923.043", "primary_name": "Barrie", "primary_type": "city", "all_names": "Barrie", "all_types": "city", "source_layers": "canadian_cities", "represented_count": 1, "graph_degree": 2, "snapped_x_3857": -8868822.941, "snapped_y_3857": 5522923.043, "max_snap_distance_m": 779.6533612988818, "mean_snap_distance_m": 779.6533612988818, "snap_warning": false }, "geometry": { "type": "Point", "coordinates": [ -79.669992000501452, 44.3702750003145 ] } },
{ "type": "Feature", "properties": { "node_id": "-8871587.449_5380952.587", "primary_name": "Oakville", "primary_type": "city", "all_names": "Oakville", "all_types": "city", "source_layers": "canadian_cities", "represented_count": 1, "graph_degree": 2, "snapped_x_3857": -8871587.449, "snapped_y_3857": 5380952.587, "max_snap_distance_m": 1304.1212134834652, "mean_snap_distance_m": 1304.1212134834652, "snap_warning": false }, "geometry": { "type": "Point", "coordinates": [ -79.694825998396141, 43.451522002534446 ] } },
{ "type": "Feature", "properties": { "node_id": "-8873847.791_5406469.731", "primary_name": "Brampton", "primary_type": "city", "all_names": "Brampton", "all_types": "city", "source_layers": "canadian_cities", "represented_count": 1, "graph_degree": 2, "snapped_x_3857": -8873847.791, "snapped_y_3857": 5406469.731, "max_snap_distance_m": 11610.910231139618, "mean_snap_distance_m": 11610.910231139618, "snap_warning": false }, "geometry": { "type": "Point", "coordinates": [ -79.715130996055507, 43.617700001388272 ] } },
{ "type": "Feature", "properties": { "node_id": "-8882355.050_4310607.636", "primary_name": "Greensboro", "primary_type": "manual_waypoint", "all_names": "Greensboro", "all_types": "manual_waypoint", "source_layers": "manual_hub_waypoints", "represented_count": 1, "graph_degree": 2, "snapped_x_3857": -8882355.05, "snapped_y_3857": 4310607.636, "max_snap_distance_m": 50.396443573928742, "mean_snap_distance_m": 50.396443573928742, "snap_warning": false }, "geometry": { "type": "Point", "coordinates": [ -79.791553003912171, 36.072542001496167 ] } },
{ "type": "Feature", "properties": { "node_id": "-8883489.395_5360694.183", "primary_name": "Burlington", "primary_type": "city", "all_names": "Burlington", "all_types": "city", "source_layers": "canadian_cities", "represented_count": 1, "graph_degree": 2, "snapped_x_3857": -8883489.395, "snapped_y_3857": 5360694.183, "max_snap_distance_m": 437.80078762077358, "mean_snap_distance_m": 437.80078762077358, "snap_warning": false }, "geometry": { "type": "Point", "coordinates": [ -79.801742998421801, 43.319265000677809 ] } },
{ "type": "Feature", "properties": { "node_id": "-8891048.657_5350921.367", "primary_name": "Hamilton", "primary_type": "manual_waypoint", "all_names": "Hamilton", "all_types": "manual_waypoint; city", "source_layers": "manual_hub_waypoints; canadian_cities", "represented_count": 2, "graph_degree": 2, "snapped_x_3857": -8891048.657, "snapped_y_3857": 5350921.367, "max_snap_distance_m": 210.82793437307757, "mean_snap_distance_m": 190.25312527151644, "snap_warning": false }, "geometry": { "type": "Point", "coordinates": [ -79.869649004334434, 43.255359999249315 ] } },
{ "type": "Feature", "properties": { "node_id": "-8894997.604_5392688.361", "primary_name": "Milton", "primary_type": "city", "all_names": "Milton", "all_types": "city", "source_layers": "canadian_cities", "represented_count": 1, "graph_degree": 2, "snapped_x_3857": -8894997.604, "snapped_y_3857": 5392688.361, "max_snap_distance_m": 3879.9111265993533, "mean_snap_distance_m": 3879.9111265993533, "snap_warning": false }, "geometry": { "type": "Point", "coordinates": [ -79.905122998797225, 43.528006999575716 ] } },
{ "type": "Feature", "properties": { "node_id": "-8900524.840_4930735.481", "primary_name": "University of Pittsburgh-Pittsburgh Campus", "primary_type": "college", "all_names": "University of Pittsburgh-Pittsburgh Campus", "all_types": "college", "source_layers": "colleges", "represented_count": 1, "graph_degree": 3, "snapped_x_3857": -8900524.84, "snapped_y_3857": 4930735.481, "max_snap_distance_m": 169.37059293999451, "mean_snap_distance_m": 169.37059293999451, "snap_warning": false }, "geometry": { "type": "Point", "coordinates": [ -79.954775004574586, 40.444417002621002 ] } },
{ "type": "Feature", "properties": { "node_id": "-8900554.116_4812224.128", "primary_name": "Morgantown", "primary_type": "manual_waypoint", "all_names": "Morgantown", "all_types": "manual_waypoint", "source_layers": "manual_hub_waypoints", "represented_count": 1, "graph_degree": 2, "snapped_x_3857": -8900554.116, "snapped_y_3857": 4812224.128, "max_snap_distance_m": 98.739153080627489, "mean_snap_distance_m": 98.739153080627489, "snap_warning": false }, "geometry": { "type": "Point", "coordinates": [ -79.955037995357159, 39.629339001107851 ] } },
{ "type": "Feature", "properties": { "node_id": "-8900725.883_4812768.031", "primary_name": "West Virginia University", "primary_type": "college", "all_names": "West Virginia University", "all_types": "college", "source_layers": "colleges", "represented_count": 1, "graph_degree": 1, "snapped_x_3857": -8900725.883, "snapped_y_3857": 4812768.031, "max_snap_distance_m": 305.08871634764228, "mean_snap_distance_m": 305.08871634764228, "snap_warning": false }, "geometry": { "type": "Point", "coordinates": [ -79.95658100457122, 39.633102003288556 ] } },
{ "type": "Feature", "properties": { "node_id": "-8905099.625_4930199.695", "primary_name": "Pittsburgh", "primary_type": "fixed_hub", "all_names": "Pittsburgh", "all_types": "fixed_hub", "source_layers": "fixed_hubs", "represented_count": 1, "graph_degree": 2, "snapped_x_3857": -8905099.625, "snapped_y_3857": 4930199.695, "max_snap_distance_m": 22.755401568102087, "mean_snap_distance_m": 22.755401568102087, "snap_warning": false }, "geometry": { "type": "Point", "coordinates": [ -79.995870997445181, 40.440754002106338 ] } },
{ "type": "Feature", "properties": { "node_id": "-8921201.990_3014243.043", "primary_name": "Broward College", "primary_type": "college", "all_names": "Broward College", "all_types": "college", "source_layers": "colleges", "represented_count": 1, "graph_degree": 1, "snapped_x_3857": -8921201.99, "snapped_y_3857": 3014243.043, "max_snap_distance_m": 391.74883665947175, "mean_snap_distance_m": 391.74883665947175, "snap_warning": false }, "geometry": { "type": "Point", "coordinates": [ -80.140521003344901, 26.122354999724383 ] } },
{ "type": "Feature", "properties": { "node_id": "-8921400.695_3006927.371", "primary_name": "FLL", "primary_type": "airport", "all_names": "FLL", "all_types": "airport", "source_layers": "flight_corridor_airports", "represented_count": 1, "graph_degree": 2, "snapped_x_3857": -8921400.695, "snapped_y_3857": 3006927.371, "max_snap_distance_m": 1630.0559165645782, "mean_snap_distance_m": 1630.0559165645782, "snap_warning": false }, "geometry": { "type": "Point", "coordinates": [ -80.142306000730215, 26.063334997224224 ] } },
{ "type": "Feature", "properties": { "node_id": "-8923296.243_3022433.615", "primary_name": "Keiser University-Ft Lauderdale", "primary_type": "college", "all_names": "Keiser University-Ft Lauderdale", "all_types": "college", "source_layers": "colleges", "represented_count": 1, "graph_degree": 2, "snapped_x_3857": -8923296.243000001, "snapped_y_3857": 3022433.615, "max_snap_distance_m": 602.90883255726965, "mean_snap_distance_m": 602.90883255726965, "snap_warning": false }, "geometry": { "type": "Point", "coordinates": [ -80.159333998132041, 26.188397997024747 ] } },
{ "type": "Feature", "properties": { "node_id": "-8926757.500_2971744.313", "primary_name": "Miami Dade College", "primary_type": "college", "all_names": "Miami Dade College", "all_types": "college", "source_layers": "colleges", "represented_count": 1, "graph_degree": 1, "snapped_x_3857": -8926757.5, "snapped_y_3857": 2971744.313, "max_snap_distance_m": 174.77681475259672, "mean_snap_distance_m": 174.77681475259672, "snap_warning": false }, "geometry": { "type": "Point", "coordinates": [ -80.190426998785682, 25.77907699887194 ] } },
{ "type": "Feature", "properties": { "node_id": "-8929120.924_5379354.749", "primary_name": "Guelph", "primary_type": "city", "all_names": "Guelph", "all_types": "city", "source_layers": "canadian_cities", "represented_count": 1, "graph_degree": 2, "snapped_x_3857": -8929120.924000001, "snapped_y_3857": 5379354.749, "max_snap_distance_m": 17247.417492324541, "mean_snap_distance_m": 17247.417492324541, "snap_warning": false }, "geometry": { "type": "Point", "coordinates": [ -80.211657997806242, 43.441100998589782 ] } },
{ "type": "Feature", "properties": { "node_id": "-8937684.844_2972365.654", "primary_name": "MIA", "primary_type": "airport", "all_names": "MIA", "all_types": "airport", "source_layers": "flight_corridor_airports", "represented_count": 1, "graph_degree": 2, "snapped_x_3857": -8937684.844000001, "snapped_y_3857": 2972365.654, "max_snap_distance_m": 1475.5916916745787, "mean_snap_distance_m": 1475.5916916745787, "snap_warning": false }, "geometry": { "type": "Point", "coordinates": [ -80.28858900008602, 25.784102999484013 ] } },
{ "type": "Feature", "properties": { "node_id": "-8940012.757_5375292.167", "primary_name": "Cambridge", "primary_type": "city", "all_names": "Cambridge", "all_types": "city", "source_layers": "canadian_cities", "represented_count": 1, "graph_degree": 2, "snapped_x_3857": -8940012.757, "snapped_y_3857": 5375292.167, "max_snap_distance_m": 2674.0460174983655, "mean_snap_distance_m": 2674.0460174983655, "snap_warning": false }, "geometry": { "type": "Point", "coordinates": [ -80.309500998366005, 43.414596996615053 ] } },
{ "type": "Feature", "properties": { "node_id": "-8945431.679_3157635.368", "primary_name": "Port St. Lucie", "primary_type": "metro", "all_names": "Port St. Lucie", "all_types": "metro", "source_layers": "fastest_growing_metros", "represented_count": 1, "graph_degree": 2, "snapped_x_3857": -8945431.679, "snapped_y_3857": 3157635.368, "max_snap_distance_m": 14.449710165413757, "mean_snap_distance_m": 14.449710165413757, "snap_warning": false }, "geometry": { "type": "Point", "coordinates": [ -80.358180002926517, 27.273113996693478 ] } },
{ "type": "Feature", "properties": { "node_id": "-8947013.751_2969538.061", "primary_name": "Florida International University", "primary_type": "college", "all_names": "Florida International University", "all_types": "college", "source_layers": "colleges", "represented_count": 1, "graph_degree": 2, "snapped_x_3857": -8947013.751, "snapped_y_3857": 2969538.061, "max_snap_distance_m": 512.5239797296515, "mean_snap_distance_m": 512.5239797296515, "snap_warning": false }, "geometry": { "type": "Point", "coordinates": [ -80.372391997508302, 25.761229001136751 ] } },
{ "type": "Feature", "properties": { "node_id": "-8950654.455_5370733.997", "primary_name": "Kitchener", "primary_type": "city", "all_names": "Kitchener; Waterloo", "all_types": "city", "source_layers": "canadian_cities", "represented_count": 2, "graph_degree": 2, "snapped_x_3857": -8950654.455, "snapped_y_3857": 5370733.997, "max_snap_distance_m": 17656.593982268398, "mean_snap_distance_m": 13398.504811546021, "snap_warning": false }, "geometry": { "type": "Point", "coordinates": [ -80.405096997989858, 43.384845998259763 ] } },
{ "type": "Feature", "properties": { "node_id": "-8955035.879_5362630.849", "primary_name": "Brantford", "primary_type": "city", "all_names": "Brantford", "all_types": "city", "source_layers": "canadian_cities", "represented_count": 1, "graph_degree": 2, "snapped_x_3857": -8955035.879000001, "snapped_y_3857": 5362630.849, "max_snap_distance_m": 33259.534981839504, "mean_snap_distance_m": 33259.534981839504, "snap_warning": true }, "geometry": { "type": "Point", "coordinates": [ -80.444455999443932, 43.331920999310391 ] } },
{ "type": "Feature", "properties": { "node_id": "-8999535.846_4194692.630", "primary_name": "Charlotte", "primary_type": "fixed_hub", "all_names": "Charlotte", "all_types": "fixed_hub", "source_layers": "fixed_hubs", "represented_count": 1, "graph_degree": 1, "snapped_x_3857": -8999535.846000001, "snapped_y_3857": 4194692.63, "max_snap_distance_m": 154.58909912957384, "mean_snap_distance_m": 154.58909912957384, "snap_warning": false }, "geometry": { "type": "Point", "coordinates": [ -80.844206004433076, 35.22641400200304 ] } },
{ "type": "Feature", "properties": { "node_id": "-9015827.898_5859731.483", "primary_name": "Sudbury", "primary_type": "manual_waypoint", "all_names": "Sudbury", "all_types": "manual_waypoint", "source_layers": "manual_hub_waypoints", "represented_count": 1, "graph_degree": 2, "snapped_x_3857": -9015827.898, "snapped_y_3857": 5859731.483, "max_snap_distance_m": 358.39277869307284, "mean_snap_distance_m": 358.39277869307284, "snap_warning": false }, "geometry": { "type": "Point", "coordinates": [ -80.990559997645775, 46.49314600011283 ] } },
{ "type": "Feature", "properties": { "node_id": "-9017671.572_5859103.633", "primary_name": "Sudbury", "primary_type": "city", "all_names": "Sudbury", "all_types": "city", "source_layers": "canadian_cities", "represented_count": 1, "graph_degree": 2, "snapped_x_3857": -9017671.572000001, "snapped_y_3857": 5859103.633, "max_snap_distance_m": 341.82071699593763, "mean_snap_distance_m": 341.82071699593763, "snap_warning": false }, "geometry": { "type": "Point", "coordinates": [ -81.007122002977113, 46.489263002404272 ] } },
{ "type": "Feature", "properties": { "node_id": "-9040003.820_3324547.059", "primary_name": "University of Central Florida", "primary_type": "college", "all_names": "University of Central Florida", "all_types": "college", "source_layers": "colleges", "represented_count": 1, "graph_degree": 2, "snapped_x_3857": -9040003.82, "snapped_y_3857": 3324547.059, "max_snap_distance_m": 945.52803941927255, "mean_snap_distance_m": 945.52803941927255, "snap_warning": false }, "geometry": { "type": "Point", "coordinates": [ -81.207736000048584, 28.59774599864118 ] } },
{ "type": "Feature", "properties": { "node_id": "-9044044.606_5309305.504", "primary_name": "London", "primary_type": "manual_waypoint", "all_names": "London", "all_types": "manual_waypoint", "source_layers": "manual_hub_waypoints", "represented_count": 1, "graph_degree": 2, "snapped_x_3857": -9044044.606000001, "snapped_y_3857": 5309305.504, "max_snap_distance_m": 394.25769150269008, "mean_snap_distance_m": 394.25769150269008, "snap_warning": false }, "geometry": { "type": "Point", "coordinates": [ -81.244034998285159, 42.982479997450966 ] } },
{ "type": "Feature", "properties": { "node_id": "-9044537.751_5309129.753", "primary_name": "London", "primary_type": "city", "all_names": "London", "all_types": "city", "source_layers": "canadian_cities", "represented_count": 1, "graph_degree": 2, "snapped_x_3857": -9044537.751, "snapped_y_3857": 5309129.753, "max_snap_distance_m": 372.47981713423411, "mean_snap_distance_m": 372.47981713423411, "snap_warning": false }, "geometry": { "type": "Point", "coordinates": [ -81.248464995193018, 42.981324997578284 ] } },
{ "type": "Feature", "properties": { "node_id": "-9059015.742_3316738.233", "primary_name": "Orlando", "primary_type": "fixed_hub", "all_names": "Orlando", "all_types": "fixed_hub", "source_layers": "fixed_hubs", "represented_count": 1, "graph_degree": 1, "snapped_x_3857": -9059015.742000001, "snapped_y_3857": 3316738.233, "max_snap_distance_m": 284.13375781703354, "mean_snap_distance_m": 284.13375781703354, "snap_warning": false }, "geometry": { "type": "Point", "coordinates": [ -81.378523001179474, 28.536137997207373 ] } },
{ "type": "Feature", "properties": { "node_id": "-9061066.692_3313436.245", "primary_name": "MCO", "primary_type": "airport", "all_names": "MCO", "all_types": "airport", "source_layers": "flight_corridor_airports", "represented_count": 1, "graph_degree": 2, "snapped_x_3857": -9061066.692, "snapped_y_3857": 3313436.245, "max_snap_distance_m": 14056.622726585714, "mean_snap_distance_m": 14056.622726585714, "snap_warning": false }, "geometry": { "type": "Point", "coordinates": [ -81.396946998499118, 28.510076003516591 ] } },
{ "type": "Feature", "properties": { "node_id": "-9120634.976_4157021.055", "primary_name": "Spartanburg", "primary_type": "metro", "all_names": "Spartanburg", "all_types": "metro", "source_layers": "fastest_growing_metros", "represented_count": 1, "graph_degree": 1, "snapped_x_3857": -9120634.976, "snapped_y_3857": 4157021.055, "max_snap_distance_m": 14.548962630019336, "mean_snap_distance_m": 14.548962630019336, "snap_warning": false }, "geometry": { "type": "Point", "coordinates": [ -81.932057998158839, 34.94950400023621 ] } },
{ "type": "Feature", "properties": { "node_id": "-9122064.652_3254299.449", "primary_name": "Lakeland", "primary_type": "metro", "all_names": "Lakeland", "all_types": "metro", "source_layers": "fastest_growing_metros", "represented_count": 1, "graph_degree": 2, "snapped_x_3857": -9122064.652000001, "snapped_y_3857": 3254299.449, "max_snap_distance_m": 645.15852793199019, "mean_snap_distance_m": 645.15852793199019, "snap_warning": false }, "geometry": { "type": "Point", "coordinates": [ -81.944900996180237, 28.042233000810388 ] } },
{ "type": "Feature", "properties": { "node_id": "-9123704.500_3369854.397", "primary_name": "The Villages", "primary_type": "metro", "all_names": "The Villages", "all_types": "metro", "source_layers": "fastest_growing_metros", "represented_count": 1, "graph_degree": 2, "snapped_x_3857": -9123704.5, "snapped_y_3857": 3369854.397, "max_snap_distance_m": 4439.3802699315265, "mean_snap_distance_m": 4439.3802699315265, "snap_warning": false }, "geometry": { "type": "Point", "coordinates": [ -81.959632001400564, 28.954486000235178 ] } },
{ "type": "Feature", "properties": { "node_id": "-9133468.221_3114713.036", "primary_name": "Punta Gorda", "primary_type": "metro", "all_names": "Punta Gorda", "all_types": "metro", "source_layers": "fastest_growing_metros", "represented_count": 1, "graph_degree": 2, "snapped_x_3857": -9133468.221000001, "snapped_y_3857": 3114713.036, "max_snap_distance_m": 216.26323907521794, "mean_snap_distance_m": 216.26323907521794, "snap_warning": false }, "geometry": { "type": "Point", "coordinates": [ -82.047340999442355, 26.929873001595016 ] } },
{ "type": "Feature", "properties": { "node_id": "-9143827.056_3399482.569", "primary_name": "Ocala", "primary_type": "metro", "all_names": "Ocala", "all_types": "metro", "source_layers": "fastest_growing_metros", "represented_count": 1, "graph_degree": 2, "snapped_x_3857": -9143827.056, "snapped_y_3857": 3399482.569, "max_snap_distance_m": 34.891365335064719, "mean_snap_distance_m": 34.891365335064719, "snap_warning": false }, "geometry": { "type": "Point", "coordinates": [ -82.140395997504072, 29.187110003022315 ] } },
{ "type": "Feature", "properties": { "node_id": "-9145583.455_5225392.051", "primary_name": "Chatham", "primary_type": "city", "all_names": "Chatham", "all_types": "city", "source_layers": "canadian_cities", "represented_count": 1, "graph_degree": 2, "snapped_x_3857": -9145583.455, "snapped_y_3857": 5225392.051, "max_snap_distance_m": 2780.3393542988556, "mean_snap_distance_m": 2780.3393542988556, "snap_warning": false }, "geometry": { "type": "Point", "coordinates": [ -82.156173998171198, 42.428551001968628 ] } },
{ "type": "Feature", "properties": { "node_id": "-9164378.527_3458891.563", "primary_name": "Gainesville", "primary_type": "manual_waypoint", "all_names": "Gainesville", "all_types": "manual_waypoint", "source_layers": "manual_hub_waypoints", "represented_count": 1, "graph_degree": 4, "snapped_x_3857": -9164378.527000001, "snapped_y_3857": 3458891.563, "max_snap_distance_m": 52.765897241727899, "mean_snap_distance_m": 52.765897241727899, "snap_warning": false }, "geometry": { "type": "Point", "coordinates": [ -82.325013002608472, 29.651967998327716 ] } },
{ "type": "Feature", "properties": { "node_id": "-9167401.741_3458904.244", "primary_name": "University of Florida", "primary_type": "college", "all_names": "University of Florida", "all_types": "college", "source_layers": "colleges", "represented_count": 1, "graph_degree": 1, "snapped_x_3857": -9167401.741, "snapped_y_3857": 3458904.244, "max_snap_distance_m": 878.89195799280208, "mean_snap_distance_m": 878.89195799280208, "snap_warning": false }, "geometry": { "type": "Point", "coordinates": [ -82.352170996042105, 29.652066996031838 ] } },
{ "type": "Feature", "properties": { "node_id": "-9172085.286_4143855.455", "primary_name": "Greenville", "primary_type": "manual_waypoint", "all_names": "Greenville", "all_types": "manual_waypoint", "source_layers": "manual_hub_waypoints", "represented_count": 1, "graph_degree": 2, "snapped_x_3857": -9172085.286, "snapped_y_3857": 4143855.455, "max_snap_distance_m": 29.948447238103487, "mean_snap_distance_m": 29.948447238103487, "snap_warning": false }, "geometry": { "type": "Point", "coordinates": [ -82.394243996615714, 34.852506998889602 ] } },
{ "type": "Feature", "properties": { "node_id": "-9219873.742_4120859.671", "primary_name": "Clemson University", "primary_type": "college", "all_names": "Clemson University", "all_types": "college", "source_layers": "colleges", "represented_count": 1, "graph_degree": 1, "snapped_x_3857": -9219873.742000001, "snapped_y_3857": 4120859.671, "max_snap_distance_m": 1370.0943770052702, "mean_snap_distance_m": 1370.0943770052702, "snap_warning": false }, "geometry": { "type": "Point", "coordinates": [ -82.82353500090845, 34.682811997903478 ] } },
{ "type": "Feature", "properties": { "node_id": "-9238077.039_4861317.037", "primary_name": "Columbus State Community College", "primary_type": "college", "all_names": "Columbus State Community College", "all_types": "college", "source_layers": "colleges", "represented_count": 1, "graph_degree": 1, "snapped_x_3857": -9238077.039000001, "snapped_y_3857": 4861317.037, "max_snap_distance_m": 122.50176261863697, "mean_snap_distance_m": 122.50176261863697, "snap_warning": false }, "geometry": { "type": "Point", "coordinates": [ -82.98705800007312, 39.968164002344068 ] } },
{ "type": "Feature", "properties": { "node_id": "-9239282.073_4860411.447", "primary_name": "Columbus", "primary_type": "manual_waypoint", "all_names": "Columbus", "all_types": "manual_waypoint", "source_layers": "manual_hub_waypoints", "represented_count": 1, "graph_degree": 2, "snapped_x_3857": -9239282.073000001, "snapped_y_3857": 4860411.447, "max_snap_distance_m": 147.0718409283096, "mean_snap_distance_m": 147.0718409283096, "snap_warning": false }, "geometry": { "type": "Point", "coordinates": [ -82.997883004673966, 39.961929001035479 ] } },
{ "type": "Feature", "properties": { "node_id": "-9241298.402_5202409.226", "primary_name": "Windsor", "primary_type": "city", "all_names": "Windsor", "all_types": "city", "source_layers": "canadian_cities", "represented_count": 1, "graph_degree": 2, "snapped_x_3857": -9241298.402000001, "snapped_y_3857": 5202409.226, "max_snap_distance_m": 2094.1366232774435, "mean_snap_distance_m": 2094.1366232774435, "snap_warning": false }, "geometry": { "type": "Point", "coordinates": [ -83.015995996259107, 42.275975002887797 ] } },
{ "type": "Feature", "properties": { "node_id": "-9243617.521_5208148.350", "primary_name": "Windsor", "primary_type": "manual_waypoint", "all_names": "Windsor", "all_types": "manual_waypoint", "source_layers": "manual_hub_waypoints", "represented_count": 1, "graph_degree": 2, "snapped_x_3857": -9243617.521, "snapped_y_3857": 5208148.35, "max_snap_distance_m": 129.97261711000445, "mean_snap_distance_m": 129.97261711000445, "snap_warning": false }, "geometry": { "type": "Point", "coordinates": [ -83.036828996693004, 42.314110000774001 ] } },
{ "type": "Feature", "properties": { "node_id": "-9244660.251_5210751.101", "primary_name": "Detroit", "primary_type": "manual_waypoint", "all_names": "Detroit", "all_types": "manual_waypoint", "source_layers": "manual_hub_waypoints", "represented_count": 1, "graph_degree": 2, "snapped_x_3857": -9244660.251, "snapped_y_3857": 5210751.101, "max_snap_distance_m": 44.084797154494986, "mean_snap_distance_m": 44.084797154494986, "snap_warning": false }, "geometry": { "type": "Point", "coordinates": [ -83.046195999655112, 42.331396998336942 ] } },
{ "type": "Feature", "properties": { "node_id": "-9245567.171_5210197.428", "primary_name": "Wayne County Community College District", "primary_type": "college", "all_names": "Wayne County Community College District", "all_types": "college", "source_layers": "colleges", "represented_count": 1, "graph_degree": 2, "snapped_x_3857": -9245567.171, "snapped_y_3857": 5210197.428, "max_snap_distance_m": 65.668340900847809, "mean_snap_distance_m": 65.668340900847809, "snap_warning": false }, "geometry": { "type": "Point", "coordinates": [ -83.054343000629842, 42.327720000957711 ] } },
{ "type": "Feature", "properties": { "node_id": "-9270532.682_3610988.685", "primary_name": "Valdosta", "primary_type": "manual_waypoint", "all_names": "Valdosta", "all_types": "manual_waypoint", "source_layers": "manual_hub_waypoints", "represented_count": 1, "graph_degree": 2, "snapped_x_3857": -9270532.682, "snapped_y_3857": 3610988.685, "max_snap_distance_m": 53.839001182011941, "mean_snap_distance_m": 53.839001182011941, "snap_warning": false }, "geometry": { "type": "Point", "coordinates": [ -83.27861200170139, 30.832295998941319 ] } },
{ "type": "Feature", "properties": { "node_id": "-9281010.518_4023205.316", "primary_name": "University of Georgia", "primary_type": "college", "all_names": "University of Georgia", "all_types": "college", "source_layers": "colleges", "represented_count": 1, "graph_degree": 2, "snapped_x_3857": -9281010.518, "snapped_y_3857": 4023205.316, "max_snap_distance_m": 310.66430190814418, "mean_snap_distance_m": 310.66430190814418, "snap_warning": false }, "geometry": { "type": "Point", "coordinates": [ -83.372736003934349, 33.958308997978705 ] } },
{ "type": "Feature", "properties": { "node_id": "-9309997.334_3874175.809", "primary_name": "Macon", "primary_type": "manual_waypoint", "all_names": "Macon", "all_types": "manual_waypoint", "source_layers": "manual_hub_waypoints", "represented_count": 1, "graph_degree": 1, "snapped_x_3857": -9309997.334000001, "snapped_y_3857": 3874175.809, "max_snap_distance_m": 81.199862591427333, "mean_snap_distance_m": 81.199862591427333, "snap_warning": false }, "geometry": { "type": "Point", "coordinates": [ -83.633129002441976, 32.840679000548967 ] } },
{ "type": "Feature", "properties": { "node_id": "-9322373.278_5202169.111", "primary_name": "University of Michigan-Ann Arbor", "primary_type": "college", "all_names": "University of Michigan-Ann Arbor", "all_types": "college", "source_layers": "colleges", "represented_count": 1, "graph_degree": 2, "snapped_x_3857": -9322373.278000001, "snapped_y_3857": 5202169.111, "max_snap_distance_m": 288.12821610821192, "mean_snap_distance_m": 288.12821610821192, "snap_warning": false }, "geometry": { "type": "Point", "coordinates": [ -83.744303998948055, 42.274378997420335 ] } },
{ "type": "Feature", "properties": { "node_id": "-9342463.886_4293656.997", "primary_name": "The University of Tennessee-Knoxville", "primary_type": "college", "all_names": "The University of Tennessee-Knoxville", "all_types": "college", "source_layers": "colleges", "represented_count": 1, "graph_degree": 1, "snapped_x_3857": -9342463.886, "snapped_y_3857": 4293656.997, "max_snap_distance_m": 391.52740039597438, "mean_snap_distance_m": 391.52740039597438, "snap_warning": false }, "geometry": { "type": "Point", "coordinates": [ -83.924781001284586, 35.949370002900579 ] } },
{ "type": "Feature", "properties": { "node_id": "-9373289.366_4830820.044", "primary_name": "Sinclair Community College", "primary_type": "college", "all_names": "Sinclair Community College", "all_types": "college", "source_layers": "colleges", "represented_count": 1, "graph_degree": 1, "snapped_x_3857": -9373289.366, "snapped_y_3857": 4830820.044, "max_snap_distance_m": 125.13307672090062, "mean_snap_distance_m": 125.13307672090062, "snap_warning": false }, "geometry": { "type": "Point", "coordinates": [ -84.201690999527784, 39.757879000184239 ] } },
{ "type": "Feature", "properties": { "node_id": "-9388687.857_3984152.421", "primary_name": "ATL", "primary_type": "airport", "all_names": "ATL", "all_types": "airport", "source_layers": "flight_corridor_airports", "represented_count": 1, "graph_degree": 2, "snapped_x_3857": -9388687.857000001, "snapped_y_3857": 3984152.421, "max_snap_distance_m": 10367.29578098168, "mean_snap_distance_m": 10367.29578098168, "snap_warning": false }, "geometry": { "type": "Point", "coordinates": [ -84.340017997704564, 33.666827998479945 ] } },
{ "type": "Feature", "properties": { "node_id": "-9389483.458_5864232.039", "primary_name": "Sault Ste. Marie", "primary_type": "manual_waypoint", "all_names": "Sault Ste. Marie", "all_types": "manual_waypoint", "source_layers": "manual_hub_waypoints", "represented_count": 1, "graph_degree": 2, "snapped_x_3857": -9389483.458000001, "snapped_y_3857": 5864232.039, "max_snap_distance_m": 191.29984969508322, "mean_snap_distance_m": 191.29984969508322, "snap_warning": false }, "geometry": { "type": "Point", "coordinates": [ -84.347165003088179, 46.520971998648946 ] } },
{ "type": "Feature", "properties": { "node_id": "-9393865.216_3994942.540", "primary_name": "Atlanta", "primary_type": "fixed_hub", "all_names": "Atlanta", "all_types": "fixed_hub", "source_layers": "fixed_hubs", "represented_count": 1, "graph_degree": 2, "snapped_x_3857": -9393865.216, "snapped_y_3857": 3994942.54, "max_snap_distance_m": 263.22063298033913, "mean_snap_distance_m": 263.22063298033913, "snap_warning": false }, "geometry": { "type": "Point", "coordinates": [ -84.386527004915294, 33.747461999456874 ] } },
{ "type": "Feature", "properties": { "node_id": "-9394938.001_3998140.682", "primary_name": "Georgia Institute of Technology-Main Campus", "primary_type": "college", "all_names": "Georgia Institute of Technology-Main Campus", "all_types": "college", "source_layers": "colleges", "represented_count": 1, "graph_degree": 1, "snapped_x_3857": -9394938.001, "snapped_y_3857": 3998140.682, "max_snap_distance_m": 206.47943108399508, "mean_snap_distance_m": 206.47943108399508, "snap_warning": false }, "geometry": { "type": "Point", "coordinates": [ -84.396163996536032, 33.771347000688813 ] } },
{ "type": "Feature", "properties": { "node_id": "-9403862.819_5271428.112", "primary_name": "Michigan State University", "primary_type": "college", "all_names": "Michigan State University", "all_types": "college", "source_layers": "colleges", "represented_count": 1, "graph_degree": 1, "snapped_x_3857": -9403862.819, "snapped_y_3857": 5271428.112, "max_snap_distance_m": 144.06668608657191, "mean_snap_distance_m": 144.06668608657191, "snap_warning": false }, "geometry": { "type": "Point", "coordinates": [ -84.476337000709876, 42.733056000517649 ] } },
{ "type": "Feature", "properties": { "node_id": "-9407200.734_4585026.140", "primary_name": "University of Kentucky", "primary_type": "college", "all_names": "University of Kentucky", "all_types": "college", "source_layers": "colleges", "represented_count": 1, "graph_degree": 1, "snapped_x_3857": -9407200.734, "snapped_y_3857": 4585026.14, "max_snap_distance_m": 202.86436601296231, "mean_snap_distance_m": 202.86436601296231, "snap_warning": false }, "geometry": { "type": "Point", "coordinates": [ -84.506322001325785, 38.039632996950658 ] } },
{ "type": "Feature", "properties": { "node_id": "-9477524.373_5024076.011", "primary_name": "Fort Wayne", "primary_type": "manual_waypoint", "all_names": "Fort Wayne", "all_types": "manual_waypoint", "source_layers": "manual_hub_waypoints", "represented_count": 1, "graph_degree": 2, "snapped_x_3857": -9477524.373, "snapped_y_3857": 5024076.011, "max_snap_distance_m": 153.35907963047478, "mean_snap_distance_m": 153.35907963047478, "snap_warning": false }, "geometry": { "type": "Point", "coordinates": [ -85.138049998811837, 41.079507001327826 ] } },
{ "type": "Feature", "properties": { "node_id": "-9515781.988_3842161.215", "primary_name": "Auburn University", "primary_type": "college", "all_names": "Auburn University", "all_types": "college", "source_layers": "colleges", "represented_count": 1, "graph_degree": 1, "snapped_x_3857": -9515781.988, "snapped_y_3857": 3842161.215, "max_snap_distance_m": 732.52376305672635, "mean_snap_distance_m": 732.52376305672635, "snap_warning": false }, "geometry": { "type": "Point", "coordinates": [ -85.481724001696449, 32.598721002230235 ] } },
{ "type": "Feature", "properties": { "node_id": "-9546611.698_4615372.305", "primary_name": "Louisville", "primary_type": "fixed_hub", "all_names": "Louisville", "all_types": "fixed_hub", "source_layers": "fixed_hubs", "represented_count": 1, "graph_degree": 1, "snapped_x_3857": -9546611.698000001, "snapped_y_3857": 4615372.305, "max_snap_distance_m": 187.67418414831567, "mean_snap_distance_m": 187.67418414831567, "snap_warning": false }, "geometry": { "type": "Point", "coordinates": [ -85.758671998676178, 38.254017001345098 ] } },
{ "type": "Feature", "properties": { "node_id": "-9590911.957_4837504.606", "primary_name": "Ivy Tech Community College", "primary_type": "college", "all_names": "Ivy Tech Community College", "all_types": "college", "source_layers": "colleges", "represented_count": 1, "graph_degree": 1, "snapped_x_3857": -9590911.957, "snapped_y_3857": 4837504.606, "max_snap_distance_m": 180.82197789748346, "mean_snap_distance_m": 180.82197789748346, "snap_warning": false }, "geometry": { "type": "Point", "coordinates": [ -86.156627996177704, 39.804026001611142 ] } },
{ "type": "Feature", "properties": { "node_id": "-9591074.261_4832147.271", "primary_name": "Indianapolis", "primary_type": "manual_waypoint", "all_names": "Indianapolis", "all_types": "manual_waypoint", "source_layers": "manual_hub_waypoints", "represented_count": 1, "graph_degree": 2, "snapped_x_3857": -9591074.261, "snapped_y_3857": 4832147.271, "max_snap_distance_m": 196.39009212430105, "mean_snap_distance_m": 196.39009212430105, "snap_warning": false }, "geometry": { "type": "Point", "coordinates": [ -86.158085997816428, 39.767043999243512 ] } },
{ "type": "Feature", "properties": { "node_id": "-9632131.895_4745234.543", "primary_name": "Indiana University-Bloomington", "primary_type": "college", "all_names": "Indiana University-Bloomington", "all_types": "college", "source_layers": "colleges", "represented_count": 1, "graph_degree": 1, "snapped_x_3857": -9632131.895, "snapped_y_3857": 4745234.543, "max_snap_distance_m": 259.01311474565784, "mean_snap_distance_m": 259.01311474565784, "snap_warning": false }, "geometry": { "type": "Point", "coordinates": [ -86.52691299933629, 39.164307002862159 ] } },
{ "type": "Feature", "properties": { "node_id": "-9639110.180_4128326.374", "primary_name": "Huntsville", "primary_type": "manual_waypoint", "all_names": "Huntsville", "all_types": "manual_waypoint", "source_layers": "manual_hub_waypoints", "represented_count": 1, "graph_degree": 2, "snapped_x_3857": -9639110.18, "snapped_y_3857": 4128326.374, "max_snap_distance_m": 1094.4065276823571, "mean_snap_distance_m": 1094.4065276823571, "snap_warning": false }, "geometry": { "type": "Point", "coordinates": [ -86.589600000060713, 34.737950003176266 ] } },
{ "type": "Feature", "properties": { "node_id": "-9660735.104_4322882.057", "primary_name": "Nashville", "primary_type": "fixed_hub", "all_names": "Nashville", "all_types": "fixed_hub", "source_layers": "fixed_hubs", "represented_count": 1, "graph_degree": 2, "snapped_x_3857": -9660735.104, "snapped_y_3857": 4322882.057, "max_snap_distance_m": 292.77202321711599, "mean_snap_distance_m": 292.77202321711599, "snap_warning": false }, "geometry": { "type": "Point", "coordinates": [ -86.783859997531948, 36.161614003078753 ] } },
{ "type": "Feature", "properties": { "node_id": "-9662838.041_3964294.086", "primary_name": "Birmingham", "primary_type": "fixed_hub", "all_names": "Birmingham", "all_types": "fixed_hub", "source_layers": "fixed_hubs", "represented_count": 1, "graph_degree": 2, "snapped_x_3857": -9662838.041, "snapped_y_3857": 3964294.086, "max_snap_distance_m": 56.757302515932942, "mean_snap_distance_m": 56.757302515932942, "snap_warning": false }, "geometry": { "type": "Point", "coordinates": [ -86.80275100201834, 33.518230003712517 ] } },
{ "type": "Feature", "properties": { "node_id": "-9675041.663_4928605.089", "primary_name": "Purdue University-Main Campus", "primary_type": "college", "all_names": "Purdue University-Main Campus", "all_types": "college", "source_layers": "colleges", "represented_count": 1, "graph_degree": 1, "snapped_x_3857": -9675041.663000001, "snapped_y_3857": 4928605.089, "max_snap_distance_m": 332.12231731932718, "mean_snap_distance_m": 332.12231731932718, "snap_warning": false }, "geometry": { "type": "Point", "coordinates": [ -86.912378003660521, 40.429851000955146 ] } },
{ "type": "Feature", "properties": { "node_id": "-9742721.353_4676213.784", "primary_name": "Vincennes University", "primary_type": "college", "all_names": "Vincennes University", "all_types": "college", "source_layers": "colleges", "represented_count": 1, "graph_degree": 2, "snapped_x_3857": -9742721.353, "snapped_y_3857": 4676213.784, "max_snap_distance_m": 711.03841462979892, "mean_snap_distance_m": 711.03841462979892, "snap_warning": false }, "geometry": { "type": "Point", "coordinates": [ -87.520355003175226, 38.681938002114606 ] } },
{ "type": "Feature", "properties": { "node_id": "-9745637.701_3923153.895", "primary_name": "The University of Alabama", "primary_type": "college", "all_names": "The University of Alabama", "all_types": "college", "source_layers": "colleges", "represented_count": 1, "graph_degree": 2, "snapped_x_3857": -9745637.701, "snapped_y_3857": 3923153.895, "max_snap_distance_m": 313.42304784501192, "mean_snap_distance_m": 313.42304784501192, "snap_warning": false }, "geometry": { "type": "Point", "coordinates": [ -87.546553002997342, 33.209569003862285 ] } },
{ "type": "Feature", "properties": { "node_id": "-9751570.250_5129047.755", "primary_name": "University of Chicago", "primary_type": "college", "all_names": "University of Chicago", "all_types": "college", "source_layers": "colleges", "represented_count": 1, "graph_degree": 2, "snapped_x_3857": -9751570.25, "snapped_y_3857": 5129047.755, "max_snap_distance_m": 229.49072129009238, "mean_snap_distance_m": 229.49072129009238, "snap_warning": false }, "geometry": { "type": "Point", "coordinates": [ -87.599845997402227, 41.786473996986224 ] } },
{ "type": "Feature", "properties": { "node_id": "-9754845.715_5142748.830", "primary_name": "Chicago", "primary_type": "fixed_hub", "all_names": "Chicago", "all_types": "fixed_hub", "source_layers": "fixed_hubs", "represented_count": 1, "graph_degree": 2, "snapped_x_3857": -9754845.715, "snapped_y_3857": 5142748.83, "max_snap_distance_m": 60.199503651629762, "mean_snap_distance_m": 60.199503651629762, "snap_warning": false }, "geometry": { "type": "Point", "coordinates": [ -87.629270000123213, 41.878180000488754 ] } },
{ "type": "Feature", "properties": { "node_id": "-9758347.826_5161068.123", "primary_name": "Loyola University Chicago", "primary_type": "college", "all_names": "Loyola University Chicago", "all_types": "college", "source_layers": "colleges", "represented_count": 1, "graph_degree": 1, "snapped_x_3857": -9758347.826, "snapped_y_3857": 5161068.123, "max_snap_distance_m": 430.25159843097526, "mean_snap_distance_m": 430.25159843097526, "snap_warning": false }, "geometry": { "type": "Point", "coordinates": [ -87.660729998503029, 42.000591998723344 ] } },
{ "type": "Feature", "properties": { "node_id": "-9763916.027_5167114.032", "primary_name": "Northwestern University", "primary_type": "college", "all_names": "Northwestern University", "all_types": "college", "source_layers": "colleges", "represented_count": 1, "graph_degree": 2, "snapped_x_3857": -9763916.027000001, "snapped_y_3857": 5167114.032, "max_snap_distance_m": 3717.2830401844212, "mean_snap_distance_m": 3717.2830401844212, "snap_warning": false }, "geometry": { "type": "Point", "coordinates": [ -87.710749999136553, 42.040940002347448 ] } },
{ "type": "Feature", "properties": { "node_id": "-9784780.528_3581412.087", "primary_name": "Daphne", "primary_type": "metro", "all_names": "Daphne", "all_types": "metro", "source_layers": "fastest_growing_metros", "represented_count": 1, "graph_degree": 1, "snapped_x_3857": -9784780.528000001, "snapped_y_3857": 3581412.087, "max_snap_distance_m": 572.22635414392346, "mean_snap_distance_m": 572.22635414392346, "snap_warning": false }, "geometry": { "type": "Point", "coordinates": [ -87.898179000574814, 30.60388399993775 ] } },
{ "type": "Feature", "properties": { "node_id": "-9785458.798_5142111.942", "primary_name": "ORD", "primary_type": "airport", "all_names": "ORD", "all_types": "airport", "source_layers": "flight_corridor_airports", "represented_count": 1, "graph_degree": 2, "snapped_x_3857": -9785458.798, "snapped_y_3857": 5142111.942, "max_snap_distance_m": 15007.356240125731, "mean_snap_distance_m": 15007.356240125731, "snap_warning": false }, "geometry": { "type": "Point", "coordinates": [ -87.904272003652409, 41.873920002176668 ] } },
{ "type": "Feature", "properties": { "node_id": "-9785688.227_5317660.150", "primary_name": "Milwaukee", "primary_type": "manual_waypoint", "all_names": "Milwaukee", "all_types": "manual_waypoint", "source_layers": "manual_hub_waypoints", "represented_count": 1, "graph_degree": 2, "snapped_x_3857": -9785688.227, "snapped_y_3857": 5317660.15, "max_snap_distance_m": 235.28476193363184, "mean_snap_distance_m": 235.28476193363184, "snap_warning": false }, "geometry": { "type": "Point", "coordinates": [ -87.906332999425615, 43.037360000900826 ] } },
{ "type": "Feature", "properties": { "node_id": "-9800541.475_3593253.896", "primary_name": "Mobile", "primary_type": "manual_waypoint", "all_names": "Mobile", "all_types": "manual_waypoint", "source_layers": "manual_hub_waypoints", "represented_count": 1, "graph_degree": 2, "snapped_x_3857": -9800541.475, "snapped_y_3857": 3593253.896, "max_snap_distance_m": 15.36249072928868, "mean_snap_distance_m": 15.36249072928868, "snap_warning": false }, "geometry": { "type": "Point", "coordinates": [ -88.039761996397772, 30.695399997794258 ] } },
{ "type": "Feature", "properties": { "node_id": "-9803594.301_5135566.712", "primary_name": "College of DuPage", "primary_type": "college", "all_names": "College of DuPage", "all_types": "college", "source_layers": "colleges", "represented_count": 1, "graph_degree": 1, "snapped_x_3857": -9803594.301000001, "snapped_y_3857": 5135566.712, "max_snap_distance_m": 1781.4253602408567, "mean_snap_distance_m": 1781.4253602408567, "snap_warning": false }, "geometry": { "type": "Point", "coordinates": [ -88.067185998953363, 41.830124001405657 ] } },
{ "type": "Feature", "properties": { "node_id": "-9818932.346_4882860.010", "primary_name": "Urbana", "primary_type": "manual_waypoint", "all_names": "Urbana", "all_types": "manual_waypoint", "source_layers": "manual_hub_waypoints", "represented_count": 1, "graph_degree": 2, "snapped_x_3857": -9818932.346000001, "snapped_y_3857": 4882860.01, "max_snap_distance_m": 872.06476229540488, "mean_snap_distance_m": 872.06476229540488, "snap_warning": false }, "geometry": { "type": "Point", "coordinates": [ -88.204970001473498, 40.116319997236928 ] } },
{ "type": "Feature", "properties": { "node_id": "-9838681.537_4633195.904", "primary_name": "Frontier Community College", "primary_type": "college", "all_names": "Frontier Community College", "all_types": "college", "source_layers": "colleges", "represented_count": 1, "graph_degree": 2, "snapped_x_3857": -9838681.537, "snapped_y_3857": 4633195.904, "max_snap_distance_m": 1096.1577498215179, "mean_snap_distance_m": 1096.1577498215179, "snap_warning": false }, "geometry": { "type": "Point", "coordinates": [ -88.382380002716459, 38.379639996712363 ] } },
{ "type": "Feature", "properties": { "node_id": "-9885016.160_3956332.048", "primary_name": "Mississippi State University", "primary_type": "college", "all_names": "Mississippi State University", "all_types": "college", "source_layers": "colleges", "represented_count": 1, "graph_degree": 1, "snapped_x_3857": -9885016.16, "snapped_y_3857": 3956332.048, "max_snap_distance_m": 1066.1755072553353, "mean_snap_distance_m": 1066.1755072553353, "snap_warning": false }, "geometry": { "type": "Point", "coordinates": [ -88.798611002964606, 33.458579000791026 ] } },
{ "type": "Feature", "properties": { "node_id": "-9934759.831_6170456.742", "primary_name": "Thunder Bay", "primary_type": "city", "all_names": "Thunder Bay", "all_types": "city", "source_layers": "canadian_cities", "represented_count": 1, "graph_degree": 2, "snapped_x_3857": -9934759.831, "snapped_y_3857": 6170456.742, "max_snap_distance_m": 230.7893040266672, "mean_snap_distance_m": 230.7893040266672, "snap_warning": false }, "geometry": { "type": "Point", "coordinates": [ -89.245466002439727, 48.380889002546823 ] } },
{ "type": "Feature", "properties": { "node_id": "-9935016.867_6170456.742", "primary_name": "Thunder Bay", "primary_type": "manual_waypoint", "all_names": "Thunder Bay", "all_types": "manual_waypoint", "source_layers": "manual_hub_waypoints", "represented_count": 1, "graph_degree": 2, "snapped_x_3857": -9935016.867000001, "snapped_y_3857": 6170456.742, "max_snap_distance_m": 8.549587739855669, "mean_snap_distance_m": 8.549587739855669, "snap_warning": false }, "geometry": { "type": "Point", "coordinates": [ -89.247774996113421, 48.380889002546823 ] } },
{ "type": "Feature", "properties": { "node_id": "-9952010.567_5323516.201", "primary_name": "University of Wisconsin-Madison", "primary_type": "college", "all_names": "University of Wisconsin-Madison", "all_types": "college", "source_layers": "colleges", "represented_count": 1, "graph_degree": 1, "snapped_x_3857": -9952010.567, "snapped_y_3857": 5323516.201, "max_snap_distance_m": 412.38059167718802, "mean_snap_distance_m": 412.38059167718802, "snap_warning": false }, "geometry": { "type": "Point", "coordinates": [ -89.400432000550836, 43.075797999345298 ] } },
{ "type": "Feature", "properties": { "node_id": "-9952026.708_5323081.419", "primary_name": "Madison", "primary_type": "manual_waypoint", "all_names": "Madison", "all_types": "manual_waypoint", "source_layers": "manual_hub_waypoints", "represented_count": 1, "graph_degree": 3, "snapped_x_3857": -9952026.708000001, "snapped_y_3857": 5323081.419, "max_snap_distance_m": 73.26436921075198, "mean_snap_distance_m": 73.26436921075198, "snap_warning": false }, "geometry": { "type": "Point", "coordinates": [ -89.40057699762086, 43.072945001518477 ] } },
{ "type": "Feature", "properties": { "node_id": "-9979772.312_4834438.077", "primary_name": "Springfield", "primary_type": "manual_waypoint", "all_names": "Springfield", "all_types": "manual_waypoint", "source_layers": "manual_hub_waypoints", "represented_count": 1, "graph_degree": 2, "snapped_x_3857": -9979772.312000001, "snapped_y_3857": 4834438.077, "max_snap_distance_m": 170.90023125274033, "mean_snap_distance_m": 170.90023125274033, "snap_warning": false }, "geometry": { "type": "Point", "coordinates": [ -89.649819999024132, 39.782860002023192 ] } }
]
}
