{
"type": "FeatureCollection",
"name": "network_edges_method3_simplified",
"crs": { "type": "name", "properties": { "name": "urn:ogc:def:crs:OGC:1.3:CRS84" } },
"features": [
{ "type": "Feature", "properties": { "region": "NorthAmerica", "edge_type": "augment" }, "geometry": { "type": "LineString", "coordinates": [ [ -115.180380997347797, 36.129917998449677 ], [ -115.10681900077698, 36.235952002068601 ], [ -114.947819998231466, 36.311828002551437 ], [ -114.818477985459083, 36.47323599404907 ], [ -114.571893000166867, 36.662262996486319 ], [ -114.354868732198682, 36.762333774320958 ], [ -114.172380213294801, 36.763694263240559 ], [ -113.752577807921028, 36.970537055244421 ], [ -113.622451997096917, 36.999971997041364 ], [ -113.578434997332721, 37.088142000918999 ] ] } },
{ "type": "Feature", "properties": { "region": "NorthAmerica", "edge_type": "augment" }, "geometry": { "type": "LineString", "coordinates": [ [ -111.658601997046347, 40.250608999768644 ], [ -111.647623003239488, 40.12989800156592 ], [ -111.810990998101914, 39.938618002317504 ], [ -111.839253003053429, 39.681092997372403 ], [ -111.901547008807356, 39.64021143156868 ], [ -111.975173001359011, 39.486329996644891 ], [ -112.074237638839946, 39.384233637295587 ], [ -112.097404004241227, 39.269977998967121 ], [ -112.233641000044258, 39.147827998154924 ], [ -112.352751004101179, 38.943342002764517 ], [ -112.599004403255748, 38.714277041678436 ], [ -112.612711230237508, 38.473548572019325 ], [ -112.660316810915546, 38.353044997376458 ], [ -112.611996000591446, 38.1473879997842 ], [ -112.780188002428474, 37.90480800147769 ], [ -113.002929220730024, 37.769886303303714 ], [ -113.086475003537004, 37.647195000201108 ], [ -113.158102999166317, 37.606616001485328 ], [ -113.306304000468387, 37.283625996124201 ], [ -113.565412003877825, 37.096257996195419 ] ] } },
{ "type": "Feature", "properties": { "region": "NorthAmerica", "edge_type": "augment" }, "geometry": { "type": "LineString", "coordinates": [ [ -96.758381998014286, 44.311448998718859 ], [ -96.788450002962477, 44.314150997683456 ] ] } },
{ "type": "Feature", "properties": { "region": "NorthAmerica", "edge_type": "augment" }, "geometry": { "type": "LineString", "coordinates": [ [ -94.105988002174669, 42.034613003010186 ], [ -94.106022003408199, 42.267856002096103 ], [ -94.184344001989643, 42.267822996704226 ], [ -94.184203002422663, 42.445102999311686 ], [ -94.226364001961514, 42.523373998524718 ], [ -94.226890998622935, 43.068903999576911 ], [ -94.521318001176041, 43.083030997871575 ], [ -94.551837005312578, 43.111622335254452 ], [ -94.757913998986623, 43.126576001635435 ], [ -94.757942996603987, 43.241701002793675 ], [ -94.832775004374042, 43.402019001527108 ], [ -94.993845998071777, 43.430354998541866 ], [ -95.012388995217108, 43.789966998185683 ], [ -95.115068004243739, 43.862311998010014 ], [ -95.592464995743555, 43.869725002898448 ], [ -95.610937897347242, 43.927018897410903 ], [ -95.750553995923056, 43.993092002329682 ], [ -95.755009001928428, 44.239698996686819 ], [ -96.484022002452349, 44.27050700219354 ], [ -96.487728999286944, 44.308673002208771 ], [ -96.758381998014286, 44.311448998718859 ] ] } },
{ "type": "Feature", "properties": { "region": "NorthAmerica", "edge_type": "augment" }, "geometry": { "type": "LineString", "coordinates": [ [ -95.91745699617573, 41.549988997589907 ], [ -96.03591619775878, 41.670751168676745 ], [ -96.055505004574727, 41.802009999545916 ], [ -96.103082000860454, 41.865423999942337 ], [ -96.103892739387533, 41.978024827748953 ], [ -96.358244998800743, 42.381612999484808 ], [ -96.392249996245724, 42.48473599672193 ], [ -96.489873996522377, 42.504744002021873 ], [ -96.518737001348427, 42.561491998904998 ], [ -96.793255001585692, 42.789837998063007 ], [ -96.758381998014286, 44.311448998718859 ] ] } },
{ "type": "Feature", "properties": { "region": "NorthAmerica", "edge_type": "augment" }, "geometry": { "type": "LineString", "coordinates": [ [ -94.105988002174669, 42.034613003010186 ], [ -94.5518339959564, 42.034646997610857 ], [ -94.674740693629019, 42.063787770272647 ], [ -95.152273160056851, 42.079499749553094 ], [ -95.365359995353728, 42.012287001384507 ], [ -95.557919940132919, 41.904673766565054 ], [ -95.73252700006006, 41.673928001146471 ], [ -95.91745699617573, 41.549988997589907 ] ] } },
{ "type": "Feature", "properties": { "region": "NorthAmerica", "edge_type": "augment" }, "geometry": { "type": "LineString", "coordinates": [ [ -94.723664004014211, 38.935164003527319 ], [ -94.77078700073848, 38.944621003266732 ], [ -94.820078000552613, 39.143037000679421 ], [ -94.77114499734553, 39.191539997852871 ], [ -94.741721003607694, 39.342221996814978 ], [ -94.789451998082555, 39.385458002905636 ], [ -94.805689001927277, 39.852910998490223 ], [ -95.210551004787959, 40.082821999723166 ], [ -95.238966001815513, 40.134839000332654 ], [ -95.458919002188779, 40.266119997166669 ], [ -95.652052997383947, 40.583949003152455 ], [ -95.813033000726577, 40.723607999193526 ], [ -95.804390003950871, 40.995739999156541 ], [ -95.87650200287213, 41.002564999159674 ], [ -95.919571998663841, 41.045676998442879 ], [ -95.955347000611994, 41.22965799789246 ], [ -95.964317002117454, 41.344500003560761 ], [ -95.900403001529597, 41.354403001597348 ], [ -95.91745699617573, 41.549988997589907 ] ] } },
{ "type": "Feature", "properties": { "region": "NorthAmerica", "edge_type": "augment" }, "geometry": { "type": "LineString", "coordinates": [ [ -93.618275997627151, 41.702997002939988 ], [ -93.59678700245702, 41.526284002563038 ], [ -93.559159997786452, 41.472115998624176 ], [ -93.592624667571187, 41.200045135925201 ], [ -93.794412996280982, 41.026743997253931 ], [ -93.849956360304091, 40.673381212504587 ], [ -93.961583353128518, 40.521401347302643 ], [ -94.013886996978414, 40.206700997164219 ], [ -94.093460995537626, 40.078843001893752 ], [ -94.095669997737048, 39.993640002248121 ], [ -94.219873997427257, 39.75635300120269 ], [ -94.293250653588657, 39.50385261946164 ], [ -94.419703001687708, 39.280735000023434 ], [ -94.558994997092142, 39.166850999513969 ], [ -94.572875001294349, 39.096246997134351 ], [ -94.686061999458019, 39.034551000333806 ], [ -94.723664004014211, 38.935164003527319 ] ] } },
{ "type": "Feature", "properties": { "region": "NorthAmerica", "edge_type": "augment" }, "geometry": { "type": "LineString", "coordinates": [ [ -94.723561003183718, 38.927452997170484 ], [ -94.723664004014211, 38.935164003527319 ] ] } },
{ "type": "Feature", "properties": { "region": "NorthAmerica", "edge_type": "augment" }, "geometry": { "type": "LineString", "coordinates": [ [ -93.644423000090583, 42.022762998890414 ], [ -94.105988002174669, 42.034613003010186 ] ] } },
{ "type": "Feature", "properties": { "region": "NorthAmerica", "edge_type": "augment" }, "geometry": { "type": "LineString", "coordinates": [ [ -90.071759002385392, 29.983184999219159 ], [ -89.934169000034032, 30.063473996708975 ], [ -89.74026900241293, 30.305860000502886 ], [ -89.649541000263198, 30.301593998092617 ], [ -88.977464003981041, 30.460265000027185 ], [ -88.657443998983396, 30.434783000358053 ], [ -88.426191000819699, 30.463542996242158 ], [ -88.239597998534279, 30.537291003462119 ], [ -88.029225997790149, 30.691820002966377 ], [ -87.91181699863948, 30.655755003251311 ], [ -87.898179000574814, 30.60388399993775 ] ] } },
{ "type": "Feature", "properties": { "region": "NorthAmerica", "edge_type": "augment" }, "geometry": { "type": "LineString", "coordinates": [ [ -87.520355003175226, 38.681938002114613 ], [ -87.267979001454449, 38.645488998894258 ], [ -86.822852001259861, 38.683479998283381 ], [ -86.682476996948878, 38.595056003815642 ], [ -86.468012002275685, 38.556157998594863 ] ] } },
{ "type": "Feature", "properties": { "region": "NorthAmerica", "edge_type": "augment" }, "geometry": { "type": "LineString", "coordinates": [ [ -86.52691299933629, 39.164307002862159 ], [ -86.55220200290556, 38.954569996749164 ], [ -86.455530001234379, 38.687503000625213 ], [ -86.468012002275685, 38.556157998594863 ] ] } },
{ "type": "Feature", "properties": { "region": "NorthAmerica", "edge_type": "augment" }, "geometry": { "type": "LineString", "coordinates": [ [ -86.468012002275685, 38.556157998594863 ], [ -86.262003999215509, 38.451178003318269 ], [ -85.965006000352972, 38.367328997644442 ], [ -85.890237997546919, 38.303140997125695 ], [ -85.765642997146159, 38.258893999715291 ], [ -84.99627099957705, 38.144134000060518 ], [ -84.826714995812594, 38.173284999654889 ], [ -84.683043003728997, 38.160087000180582 ], [ -84.505730999700361, 38.05410800070436 ] ] } },
{ "type": "Feature", "properties": { "region": "NorthAmerica", "edge_type": "augment" }, "geometry": { "type": "LineString", "coordinates": [ [ -86.156627996177704, 39.804026001611142 ], [ -86.140804998898005, 39.766918999460309 ], [ -84.817170000660084, 39.833186002207292 ], [ -84.641247995803212, 39.743861003493024 ], [ -84.202379001237588, 39.757775999597357 ] ] } },
{ "type": "Feature", "properties": { "region": "NorthAmerica", "edge_type": "augment" }, "geometry": { "type": "LineString", "coordinates": [ [ -84.505730999700361, 38.05410800070436 ], [ -84.506322001325785, 38.039632996950658 ] ] } },
{ "type": "Feature", "properties": { "region": "NorthAmerica", "edge_type": "augment" }, "geometry": { "type": "LineString", "coordinates": [ [ -84.202379001237588, 39.757775999597357 ], [ -84.238135003817519, 39.596392000783247 ], [ -84.310777996903212, 39.530507996821875 ], [ -84.3735239989755, 39.354483000580274 ], [ -84.439832000812345, 39.299886000676814 ], [ -84.519421001236864, 39.076008001771051 ], [ -84.647118001094682, 39.001459000236146 ], [ -84.572915002669745, 38.625424002073927 ], [ -84.595784474869589, 38.558595086658364 ], [ -84.55852000329827, 38.281684997517857 ], [ -84.527046000183176, 38.121506000684519 ], [ -84.4854100030458, 38.099792996944501 ], [ -84.505730999700361, 38.05410800070436 ] ] } },
{ "type": "Feature", "properties": { "region": "NorthAmerica", "edge_type": "augment" }, "geometry": { "type": "LineString", "coordinates": [ [ -84.476337000709862, 42.733056000517649 ], [ -84.028442677400463, 42.656156743507033 ], [ -83.772323000632028, 42.539279001052158 ], [ -83.729852998601757, 42.260788997243154 ], [ -83.602118000007451, 42.241140998409776 ], [ -83.149754001204087, 42.329659999110213 ], [ -83.054343000629842, 42.327720000957711 ] ] } },
{ "type": "Feature", "properties": { "region": "NorthAmerica", "edge_type": "augment" }, "geometry": { "type": "LineString", "coordinates": [ [ -84.201690999527784, 39.757879000184239 ], [ -84.202379001237588, 39.757775999597357 ] ] } },
{ "type": "Feature", "properties": { "region": "NorthAmerica", "edge_type": "augment" }, "geometry": { "type": "LineString", "coordinates": [ [ -81.795599998829601, 26.147701000940319 ], [ -81.782788001668663, 26.138168000150309 ] ] } },
{ "type": "Feature", "properties": { "region": "NorthAmerica", "edge_type": "augment" }, "geometry": { "type": "LineString", "coordinates": [ [ -81.782788001668663, 26.138168000150309 ], [ -80.87948200122409, 26.172829998254006 ], [ -80.344737002160556, 26.120378997455195 ], [ -80.294633997194794, 26.193702997518599 ], [ -80.159333998132041, 26.188397997024744 ] ] } },
{ "type": "Feature", "properties": { "region": "NorthAmerica", "edge_type": "augment" }, "geometry": { "type": "LineString", "coordinates": [ [ -81.782788001668663, 26.138168000150309 ], [ -81.592579001886932, 25.994462003020569 ], [ -81.444838342252211, 25.932461049006434 ], [ -80.951938998130217, 25.84863900249297 ], [ -80.827665998843017, 25.762143999441935 ], [ -80.372391997508302, 25.761229001136751 ] ] } },
{ "type": "Feature", "properties": { "region": "NorthAmerica", "edge_type": "augment" }, "geometry": { "type": "LineString", "coordinates": [ [ -79.05404600118554, 35.910276000586414 ], [ -79.095547996631964, 35.796897996776103 ], [ -79.166778002657793, 35.756504999652336 ], [ -79.232589999710569, 35.357257002527881 ], [ -79.292394001261059, 35.241890004025556 ], [ -79.431472997128466, 35.128843997343552 ], [ -79.467779002224233, 34.764426998004943 ], [ -79.291320999586787, 34.536668997468702 ], [ -79.371116001672206, 34.41662900287681 ], [ -79.335935998852463, 34.324677999606408 ], [ -79.270368002197188, 34.279782000704238 ], [ -79.251100001735509, 34.191748003173409 ], [ -79.30318900213139, 34.0757060010015 ], [ -79.233742996360874, 34.049118998462632 ], [ -79.151147002303802, 33.916828003051926 ], [ -79.0534170008236, 33.841587999120854 ] ] } },
{ "type": "Feature", "properties": { "region": "NorthAmerica", "edge_type": "augment" }, "geometry": { "type": "LineString", "coordinates": [ [ -79.0534170008236, 33.841587999120854 ], [ -78.883271998676832, 33.693318001318026 ] ] } },
{ "type": "Feature", "properties": { "region": "NorthAmerica", "edge_type": "augment" }, "geometry": { "type": "LineString", "coordinates": [ [ -78.67552400382705, 35.78070900250372 ], [ -78.604158001850351, 35.686755002174152 ], [ -78.540118003560735, 35.37675199971163 ], [ -78.594058000565852, 35.280731999244622 ], [ -78.456451999219269, 35.145620997573353 ], [ -78.522832001026146, 34.88362500027371 ], [ -78.609610272568389, 34.752538538139163 ], [ -78.592696001881535, 34.644550998216125 ], [ -78.669588996441632, 34.469819001465538 ], [ -78.734988002025645, 34.416907998463941 ], [ -78.70771799765923, 34.324647003912013 ], [ -78.775728486622597, 34.18855443223984 ], [ -78.875040996239875, 34.134475999711121 ], [ -78.890848003507529, 34.053059003459801 ], [ -79.017485997443188, 33.973490997907234 ], [ -79.0534170008236, 33.841587999120854 ] ] } },
{ "type": "Feature", "properties": { "region": "NorthAmerica", "edge_type": "augment" }, "geometry": { "type": "LineString", "coordinates": [ [ -78.88674299910312, 33.689786003136504 ], [ -78.883271998676832, 33.693318001318026 ] ] } },
{ "type": "Feature", "properties": { "region": "NorthAmerica", "edge_type": "augment" }, "geometry": { "type": "LineString", "coordinates": [ [ -78.883271998676832, 33.693318001318026 ], [ -78.785161003718343, 33.783792003092188 ], [ -78.601034999781945, 33.881829002829569 ], [ -78.566815996686827, 33.936196998745267 ], [ -78.273100001697983, 34.017203002239974 ], [ -78.136630000876536, 34.08227899606878 ], [ -78.073029997413087, 34.192344002944552 ], [ -77.989690000671388, 34.233533002438385 ], [ -77.944862001868671, 34.225555996116107 ] ] } },
{ "type": "Feature", "properties": { "region": "NorthAmerica", "edge_type": "augment" }, "geometry": { "type": "LineString", "coordinates": [ [ -77.861583000734768, 40.794432001786952 ], [ -77.531159004560479, 41.015862997544637 ], [ -77.476921997572987, 41.109779000839922 ], [ -77.281595996303551, 41.203739003096786 ], [ -77.049203997241634, 41.240312001610143 ], [ -77.086443001574679, 41.355194999429962 ], [ -76.980870959192401, 41.459646666014464 ], [ -76.952765997718842, 41.565001000746982 ], [ -76.874837003091045, 41.597658999129152 ], [ -76.774275996925567, 41.790829996544595 ], [ -76.802103459824693, 41.887666173114653 ], [ -76.777759995974037, 42.001667001093836 ], [ -76.821456000737754, 42.047979999004198 ], [ -76.786797002816527, 42.095932999506381 ], [ -76.805527999384523, 42.167529999706588 ], [ -76.733560997533274, 42.286717002544357 ], [ -76.48609100100623, 42.437288002321267 ] ] } },
{ "type": "Feature", "properties": { "region": "NorthAmerica", "edge_type": "augment" }, "geometry": { "type": "LineString", "coordinates": [ [ -76.137210003408782, 42.746466997585046 ], [ -76.222784999594225, 42.564143997848689 ], [ -76.297709003832523, 42.490565996857988 ], [ -76.48609100100623, 42.437288002321267 ] ] } },
{ "type": "Feature", "properties": { "region": "NorthAmerica", "edge_type": "augment" }, "geometry": { "type": "LineString", "coordinates": [ [ -75.978339001808138, 42.338336002861602 ], [ -76.237179001835727, 42.361862001140594 ], [ -76.48609100100623, 42.437288002321267 ] ] } },
{ "type": "Feature", "properties": { "region": "NorthAmerica", "edge_type": "augment" }, "geometry": { "type": "LineString", "coordinates": [ [ -76.137210003408782, 42.746466997585046 ], [ -76.109422003500072, 42.888443002696597 ], [ -76.144044996944743, 43.050751999484497 ], [ -75.984474998255209, 43.00589000013354 ], [ -75.872333998408379, 42.924363997329138 ], [ -75.576794998314554, 42.885265001405187 ], [ -75.37888999674648, 42.913807999305014 ], [ -74.734463998309053, 42.82126500058073 ], [ -74.532545000658033, 42.760936000818667 ], [ -74.049151997181838, 42.75079600088322 ], [ -73.744252003855152, 42.641853002601941 ], [ -73.609793995708173, 42.516127002053715 ], [ -73.37917500152254, 42.46992200259924 ], [ -73.33557599684319, 42.431477001040022 ], [ -73.058230001276826, 42.511464002198913 ], [ -72.803242004137019, 42.446235998399203 ], [ -72.634879996132469, 42.317786000179424 ], [ -72.52709799933659, 42.384930002223285 ] ] } },
{ "type": "Feature", "properties": { "region": "NorthAmerica", "edge_type": "augment" }, "geometry": { "type": "LineString", "coordinates": [ [ -76.137210003408782, 42.746466997585046 ], [ -76.180868000452847, 42.613302002040029 ], [ -76.086638805500101, 42.533814736860364 ], [ -75.978339001808138, 42.338336002861602 ] ] } },
{ "type": "Feature", "properties": { "region": "NorthAmerica", "edge_type": "augment" }, "geometry": { "type": "LineString", "coordinates": [ [ -75.670318000672978, 41.709316002682897 ], [ -75.751759003819828, 41.997951996537466 ], [ -75.817070001455463, 42.097991997192096 ], [ -75.907924001306966, 42.116275002285867 ], [ -75.92165100444997, 42.288803639688055 ], [ -75.978339001808138, 42.338336002861602 ] ] } },
{ "type": "Feature", "properties": { "region": "NorthAmerica", "edge_type": "augment" }, "geometry": { "type": "LineString", "coordinates": [ [ -75.19259099508723, 39.950439002724764 ], [ -75.11278899512574, 40.138814998663499 ], [ -75.161745004187267, 40.514923002311036 ], [ -75.197227999769197, 40.579447001411751 ], [ -75.181033998277144, 40.675189999494634 ], [ -75.271821998904713, 40.759000000416016 ], [ -75.312840997172316, 40.894156997999495 ], [ -75.268722999820696, 41.000072001105906 ], [ -75.369055995600775, 41.142246000684807 ], [ -75.505427002077909, 41.234762999482079 ], [ -75.58807400247683, 41.401733997221825 ], [ -75.679407999134071, 41.473748997179747 ], [ -75.651722002925879, 41.534708998093613 ], [ -75.670318000672978, 41.709316002682897 ] ] } },
{ "type": "Feature", "properties": { "region": "NorthAmerica", "edge_type": "augment" }, "geometry": { "type": "LineString", "coordinates": [ [ -74.837077996258529, 41.33835200186806 ], [ -75.178200002201947, 41.443418002241515 ], [ -75.213578002693481, 41.54713999884828 ], [ -75.258041995159914, 41.577036997930357 ], [ -75.501781000851082, 41.573494002619114 ], [ -75.670318000672978, 41.709316002682897 ] ] } },
{ "type": "Feature", "properties": { "region": "NorthAmerica", "edge_type": "augment" }, "geometry": { "type": "LineString", "coordinates": [ [ -74.837077996258529, 41.33835200186806 ], [ -74.683951999377598, 41.354332003585725 ], [ -74.587774996377433, 41.193451002404736 ], [ -74.579559004788891, 41.102144001282099 ], [ -74.389783001957241, 41.015228000624823 ], [ -74.289333000611435, 40.999673999723043 ], [ -74.174225997258404, 40.920228000708995 ], [ -74.039594003407174, 40.911385997852882 ], [ -73.943214996249111, 40.84975399997046 ], [ -73.958250997474678, 40.810624998890574 ] ] } },
{ "type": "Feature", "properties": { "region": "NorthAmerica", "edge_type": "augment" }, "geometry": { "type": "LineString", "coordinates": [ [ -74.182888002385511, 40.735726999987378 ], [ -74.366151003811623, 40.859694998839174 ], [ -74.58503199964052, 40.91825900025907 ], [ -74.631828000618242, 41.043835000324975 ], [ -74.792114001504956, 41.168690998288646 ], [ -74.79070800333804, 41.290859001982085 ], [ -74.837077996258529, 41.33835200186806 ] ] } },
{ "type": "Feature", "properties": { "region": "NorthAmerica", "edge_type": "feeder_tree" }, "geometry": { "type": "LineString", "coordinates": [ [ -122.419016004189658, 37.77455700029661 ], [ -122.41520599754142, 37.777511996167675 ] ] } },
{ "type": "Feature", "properties": { "region": "NorthAmerica", "edge_type": "feeder_tree" }, "geometry": { "type": "LineString", "coordinates": [ [ -122.41520599754142, 37.777511996167675 ], [ -122.332138998814528, 37.820983000797511 ], [ -122.269882003650324, 37.804680003495726 ] ] } },
{ "type": "Feature", "properties": { "region": "NorthAmerica", "edge_type": "feeder_tree" }, "geometry": { "type": "LineString", "coordinates": [ [ -122.41520599754142, 37.777511996167675 ], [ -122.395708001417532, 37.612843002068949 ], [ -122.113580004099191, 37.401339997014524 ], [ -122.013521003463978, 37.352961999645984 ], [ -121.94207400039808, 37.355076996488265 ], [ -121.876177004753146, 37.300956003315171 ] ] } },
{ "type": "Feature", "properties": { "region": "NorthAmerica", "edge_type": "feeder_tree" }, "geometry": { "type": "LineString", "coordinates": [ [ -121.73506499563365, 38.540351997338391 ], [ -122.214137003778532, 38.155662996790298 ], [ -122.227092003749547, 38.05283499718194 ], [ -122.330535002975836, 37.959567003029882 ], [ -122.295817003706716, 37.880535999924163 ], [ -122.257957003000911, 37.873031998998137 ], [ -122.269882003650324, 37.804680003495726 ] ] } },
{ "type": "Feature", "properties": { "region": "NorthAmerica", "edge_type": "feeder_tree" }, "geometry": { "type": "LineString", "coordinates": [ [ -122.269882003650324, 37.804680003495726 ], [ -122.248023001397812, 37.800483997603472 ] ] } },
{ "type": "Feature", "properties": { "region": "NorthAmerica", "edge_type": "feeder_tree" }, "geometry": { "type": "LineString", "coordinates": [ [ -121.875495003789467, 37.301868998390702 ], [ -121.876177004753146, 37.300956003315171 ] ] } },
{ "type": "Feature", "properties": { "region": "NorthAmerica", "edge_type": "feeder_tree" }, "geometry": { "type": "LineString", "coordinates": [ [ -121.876177004753146, 37.300956003315171 ], [ -121.858901000467696, 37.255508996913335 ], [ -121.745724000553139, 37.223466001948232 ], [ -121.599037001864616, 37.067596997871121 ], [ -121.547099996414786, 36.928419998227767 ], [ -121.579293002100158, 36.861829998133139 ] ] } },
{ "type": "Feature", "properties": { "region": "NorthAmerica", "edge_type": "feeder_tree" }, "geometry": { "type": "LineString", "coordinates": [ [ -121.73506499563365, 38.540351997338391 ], [ -121.742835000633107, 38.541470000149324 ] ] } },
{ "type": "Feature", "properties": { "region": "NorthAmerica", "edge_type": "feeder_tree" }, "geometry": { "type": "LineString", "coordinates": [ [ -121.350529999156734, 38.6608830004947 ], [ -121.484085002813814, 38.578071997187237 ], [ -121.73506499563365, 38.540351997338391 ] ] } },
{ "type": "Feature", "properties": { "region": "NorthAmerica", "edge_type": "feeder_tree" }, "geometry": { "type": "LineString", "coordinates": [ [ -121.579293002100158, 36.861829998133139 ], [ -121.63435699813823, 36.853313997055132 ], [ -121.655928000510642, 36.677635996836962 ] ] } },
{ "type": "Feature", "properties": { "region": "NorthAmerica", "edge_type": "feeder_tree" }, "geometry": { "type": "LineString", "coordinates": [ [ -121.579293002100158, 36.861829998133139 ], [ -121.457237000018438, 36.842732997555999 ], [ -121.392672996457279, 36.916619998178149 ], [ -121.377006997739826, 36.997206998425334 ], [ -121.134955998332728, 37.103293001696422 ], [ -121.043212001596615, 37.057130996624146 ], [ -120.620621998132094, 37.047617000650625 ], [ -120.491566997093003, 37.083309997117219 ], [ -120.217379001958506, 37.083827996817583 ], [ -119.887670998998274, 36.808815999122139 ], [ -119.784162997678024, 36.771204998247455 ] ] } },
{ "type": "Feature", "properties": { "region": "NorthAmerica", "edge_type": "feeder_tree" }, "geometry": { "type": "LineString", "coordinates": [ [ -119.719747000543109, 34.425078003468933 ], [ -119.852546000023381, 34.417275001334993 ] ] } },
{ "type": "Feature", "properties": { "region": "NorthAmerica", "edge_type": "feeder_tree" }, "geometry": { "type": "LineString", "coordinates": [ [ -119.717039999299629, 34.427570997033783 ], [ -119.719747000543109, 34.425078003468933 ] ] } },
{ "type": "Feature", "properties": { "region": "NorthAmerica", "edge_type": "feeder_tree" }, "geometry": { "type": "LineString", "coordinates": [ [ -119.719747000543109, 34.425078003468933 ], [ -119.516799000700416, 34.401383000299674 ], [ -119.334089999293198, 34.289981996251797 ], [ -119.153268996101772, 34.223791996716521 ], [ -119.014865003321972, 34.215838002068871 ], [ -118.728197998536075, 34.138188999249351 ], [ -118.612989997595648, 34.168845002817669 ], [ -118.468015996322393, 34.154215003614553 ] ] } },
{ "type": "Feature", "properties": { "region": "NorthAmerica", "edge_type": "feeder_tree" }, "geometry": { "type": "LineString", "coordinates": [ [ -118.468015996322393, 34.154215003614553 ], [ -118.467980000828987, 34.291620999850359 ], [ -118.553872003495044, 34.359165000397446 ], [ -118.627877004248205, 34.502633002943526 ], [ -118.787131002570234, 34.689115998141844 ], [ -118.800042003058621, 34.767314000512087 ], [ -118.883544999108636, 34.809280996320958 ], [ -118.86404599687161, 34.841345996385364 ], [ -118.919596996574683, 34.895754002828603 ], [ -119.010090996576068, 35.208457001992848 ], [ -119.001742000426546, 35.383406996862334 ], [ -118.966658997691169, 35.39751500283981 ] ] } },
{ "type": "Feature", "properties": { "region": "NorthAmerica", "edge_type": "feeder_tree" }, "geometry": { "type": "LineString", "coordinates": [ [ -118.468015996322393, 34.154215003614553 ], [ -118.45062199832438, 34.056080000222188 ], [ -118.308119999016313, 34.052620001152569 ], [ -118.275336997818599, 34.020299002480265 ], [ -118.247848002152253, 34.055698997975227 ], [ -118.210877001201055, 34.028374002164973 ], [ -118.149667998613651, 34.034939003066143 ] ] } },
{ "type": "Feature", "properties": { "region": "NorthAmerica", "edge_type": "feeder_tree" }, "geometry": { "type": "LineString", "coordinates": [ [ -118.149667998613651, 34.034939003066143 ], [ -118.145376998029676, 34.037430002706365 ] ] } },
{ "type": "Feature", "properties": { "region": "NorthAmerica", "edge_type": "feeder_tree" }, "geometry": { "type": "LineString", "coordinates": [ [ -118.149667998613651, 34.034939003066143 ], [ -118.036509998067316, 34.027758002892284 ] ] } },
{ "type": "Feature", "properties": { "region": "NorthAmerica", "edge_type": "feeder_tree" }, "geometry": { "type": "LineString", "coordinates": [ [ -117.877387001063184, 33.780420003184538 ], [ -117.998010001620543, 33.866379997753327 ], [ -118.005682000422496, 33.948611004076305 ], [ -118.063289998395689, 34.004675002313398 ], [ -118.036509998067316, 34.027758002892284 ] ] } },
{ "type": "Feature", "properties": { "region": "NorthAmerica", "edge_type": "feeder_tree" }, "geometry": { "type": "LineString", "coordinates": [ [ -118.036509998067316, 34.027758002892284 ], [ -118.036368998500336, 34.021672003043165 ] ] } },
{ "type": "Feature", "properties": { "region": "NorthAmerica", "edge_type": "feeder_tree" }, "geometry": { "type": "LineString", "coordinates": [ [ -116.971380997251202, 33.815258997330197 ], [ -117.12567099514466, 33.937984997350462 ], [ -117.292616997750045, 33.944038001688185 ], [ -117.374999004123296, 33.982514997032268 ], [ -117.517740997342699, 33.886224996785586 ], [ -117.813795001588929, 33.851164997269727 ], [ -117.877387001063184, 33.780420003184538 ] ] } },
{ "type": "Feature", "properties": { "region": "NorthAmerica", "edge_type": "feeder_tree" }, "geometry": { "type": "LineString", "coordinates": [ [ -117.877387001063184, 33.780420003184538 ], [ -117.884223000712268, 33.745464999100136 ], [ -117.817808997671904, 33.735358001507464 ], [ -117.757612001150903, 33.677319001293881 ], [ -117.676094003401062, 33.552258002915728 ], [ -117.673166995761349, 33.469106996072711 ], [ -117.345663997497525, 33.169762001749362 ], [ -117.170149998459536, 32.714347997467641 ] ] } },
{ "type": "Feature", "properties": { "region": "NorthAmerica", "edge_type": "feeder_tree" }, "geometry": { "type": "LineString", "coordinates": [ [ -111.960910997565364, 33.421939001256753 ], [ -111.96900700118141, 33.44624600372606 ], [ -112.082547001319156, 33.448224002695277 ], [ -112.113032004222191, 33.476952997958257 ], [ -112.145982999361152, 33.870849002476049 ], [ -112.122351998345479, 34.322899000335418 ], [ -111.989076002432498, 34.518446998547319 ], [ -111.743686001046953, 34.688164001712714 ], [ -111.77860900484707, 34.826223997305952 ], [ -111.740327999700241, 34.88520700273159 ], [ -111.742525799908051, 35.028545761523574 ], [ -111.661101002368937, 35.190424003355005 ], [ -111.628355999907768, 35.195138999984792 ] ] } },
{ "type": "Feature", "properties": { "region": "NorthAmerica", "edge_type": "feeder_tree" }, "geometry": { "type": "LineString", "coordinates": [ [ -110.88370599828373, 32.22168399707968 ], [ -110.984103996157742, 32.235716996989098 ], [ -111.385714259386717, 32.642522618720832 ], [ -111.685928002387584, 32.833255998858036 ], [ -111.701062000827548, 32.938196999405697 ], [ -111.966916998807704, 33.279474996818074 ], [ -111.960910997565364, 33.421939001256753 ] ] } },
{ "type": "Feature", "properties": { "region": "NorthAmerica", "edge_type": "feeder_tree" }, "geometry": { "type": "LineString", "coordinates": [ [ -111.960910997565364, 33.421939001256753 ], [ -111.934953997767664, 33.421952002218859 ] ] } },
{ "type": "Feature", "properties": { "region": "NorthAmerica", "edge_type": "feeder_tree" }, "geometry": { "type": "LineString", "coordinates": [ [ -111.900591003715689, 40.986606002748651 ], [ -111.908138999075845, 41.128136001948555 ], [ -111.948759001626797, 41.197629000077441 ] ] } },
{ "type": "Feature", "properties": { "region": "NorthAmerica", "edge_type": "feeder_tree" }, "geometry": { "type": "LineString", "coordinates": [ [ -111.900591003715689, 40.986606002748651 ], [ -112.026017996783125, 41.116894003368863 ], [ -112.053022998140733, 41.490665001510159 ], [ -112.141234998842691, 41.680097000503402 ], [ -112.146469679632645, 41.834768485126645 ], [ -112.212354997178863, 42.040875002018034 ], [ -112.22482900321414, 42.350732002816471 ], [ -112.169297002879389, 42.50178699983821 ], [ -112.233728999009514, 42.786808997455758 ], [ -112.37165400109663, 42.803974999302348 ], [ -112.439556997653071, 42.935755002237954 ], [ -112.388537998558391, 43.149248998165213 ], [ -112.177135001362672, 43.311576001916364 ], [ -111.816365995739218, 43.796955000479443 ], [ -111.808076000937533, 43.846245001234465 ], [ -111.682063998007621, 43.96261199975725 ], [ -111.500403995290284, 44.02767300012372 ], [ -111.455947000699908, 44.071366997431653 ], [ -111.428329483065824, 44.176408587340404 ], [ -111.465765182513451, 44.279400095280891 ], [ -111.327277996755214, 44.521574002278811 ], [ -111.327083996586424, 44.634036998765566 ], [ -111.249878002031892, 44.686759002357434 ], [ -111.099640996087814, 44.662216997031166 ], [ -111.113267001643464, 44.784062002154378 ], [ -111.054733002309064, 44.856934000600724 ], [ -111.055973000794665, 44.936741998852412 ], [ -111.109392999014418, 45.029735001862349 ], [ -111.203583997601285, 45.075789001140606 ], [ -111.243508003436446, 45.143651999656235 ], [ -111.252955001374616, 45.265562000186783 ], [ -111.170755002661053, 45.357505001616779 ], [ -111.272321996180608, 45.492740999168021 ], [ -111.19796799993955, 45.56039299739161 ], [ -111.185610002340042, 45.671087997760452 ], [ -111.048968998221156, 45.679333001478867 ] ] } },
{ "type": "Feature", "properties": { "region": "NorthAmerica", "edge_type": "feeder_tree" }, "geometry": { "type": "LineString", "coordinates": [ [ -111.888225002127001, 40.760651999961333 ], [ -111.917970996978411, 40.806468998902652 ], [ -111.900591003715689, 40.986606002748651 ] ] } },
{ "type": "Feature", "properties": { "region": "NorthAmerica", "edge_type": "feeder_tree" }, "geometry": { "type": "LineString", "coordinates": [ [ -111.89103500420093, 40.760647999072944 ], [ -111.888225002127001, 40.760651999961333 ] ] } },
{ "type": "Feature", "properties": { "region": "NorthAmerica", "edge_type": "feeder_tree" }, "geometry": { "type": "LineString", "coordinates": [ [ -111.658601997046347, 40.250608999768644 ], [ -111.913325000160484, 40.452609002001381 ], [ -111.902689001095411, 40.625876998307902 ], [ -111.93884000188892, 40.667653001983915 ], [ -111.888285997734783, 40.674332002276664 ], [ -111.888225002127001, 40.760651999961333 ] ] } },
{ "type": "Feature", "properties": { "region": "NorthAmerica", "edge_type": "feeder_tree" }, "geometry": { "type": "LineString", "coordinates": [ [ -104.959785000256232, 39.736810997217461 ], [ -105.02519399510625, 39.760240002108247 ], [ -105.025028004408028, 39.914188999441031 ], [ -105.093901001808263, 39.916167996653492 ], [ -105.279272995993225, 40.015848997588265 ], [ -105.102512997723522, 40.152492998113509 ], [ -105.069897002320303, 40.666862998351384 ], [ -104.997494003145917, 40.703941000074252 ], [ -104.885514996494251, 41.054023003024767 ], [ -104.850369003891174, 41.099477997040921 ], [ -104.790080999048755, 41.102248002484089 ] ] } },
{ "type": "Feature", "properties": { "region": "NorthAmerica", "edge_type": "feeder_tree" }, "geometry": { "type": "LineString", "coordinates": [ [ -98.493853995085928, 29.424071996647005 ], [ -98.389426999263719, 29.533282003504947 ], [ -98.098113000529906, 29.699166000908239 ], [ -97.909469000720392, 29.896216003491777 ], [ -97.745548002969102, 30.267787997291034 ] ] } },
{ "type": "Feature", "properties": { "region": "NorthAmerica", "edge_type": "feeder_tree" }, "geometry": { "type": "LineString", "coordinates": [ [ -97.740503001451401, 30.281340996159827 ], [ -97.745548002969102, 30.267787997291034 ] ] } },
{ "type": "Feature", "properties": { "region": "NorthAmerica", "edge_type": "feeder_tree" }, "geometry": { "type": "LineString", "coordinates": [ [ -97.745548002969102, 30.267787997291034 ], [ -97.743174995348255, 30.267119998431564 ] ] } },
{ "type": "Feature", "properties": { "region": "NorthAmerica", "edge_type": "feeder_tree" }, "geometry": { "type": "LineString", "coordinates": [ [ -97.740503001451401, 30.281340996159827 ], [ -97.714411999962792, 30.322180996532566 ] ] } },
{ "type": "Feature", "properties": { "region": "NorthAmerica", "edge_type": "feeder_tree" }, "geometry": { "type": "LineString", "coordinates": [ [ -97.740503001451401, 30.281340996159827 ], [ -97.738118001321553, 30.280660002558243 ] ] } },
{ "type": "Feature", "properties": { "region": "NorthAmerica", "edge_type": "feeder_tree" }, "geometry": { "type": "LineString", "coordinates": [ [ -97.334187003438132, 32.757395000454693 ], [ -97.114448996861867, 32.739130996817309 ] ] } },
{ "type": "Feature", "properties": { "region": "NorthAmerica", "edge_type": "feeder_tree" }, "geometry": { "type": "LineString", "coordinates": [ [ -97.114448996861867, 32.739130996817309 ], [ -97.114598000418027, 32.72727700151102 ] ] } },
{ "type": "Feature", "properties": { "region": "NorthAmerica", "edge_type": "feeder_tree" }, "geometry": { "type": "LineString", "coordinates": [ [ -96.808079997534179, 32.779535002137358 ], [ -96.880012998151969, 32.749643002486302 ], [ -97.114448996861867, 32.739130996817309 ] ] } },
{ "type": "Feature", "properties": { "region": "NorthAmerica", "edge_type": "feeder_tree" }, "geometry": { "type": "LineString", "coordinates": [ [ -96.805073003901597, 32.786566998120684 ], [ -96.877455000464664, 32.849405995971189 ], [ -96.906038997546588, 32.946963996638104 ], [ -97.008738003071443, 33.046379999906854 ], [ -97.03956500358629, 33.129950997058017 ], [ -97.166661003569587, 33.211922001381886 ], [ -97.177554001654272, 33.255695996167205 ], [ -97.126098996253305, 33.882268999471357 ], [ -97.142808001897762, 34.424891999987864 ], [ -97.126344999893874, 34.502378997616809 ], [ -97.012263001229485, 34.506130996057507 ], [ -96.967398997950184, 34.544351997092534 ], [ -96.966004004145447, 34.883855001749787 ], [ -96.929180003507398, 34.978620000699287 ], [ -96.922104000963856, 35.26280300064024 ], [ -96.944978997802721, 35.343339002919457 ], [ -97.000519002126666, 35.383411003048828 ], [ -97.01641499650637, 35.942013996729607 ], [ -97.071827997015447, 36.115885996841151 ] ] } },
{ "type": "Feature", "properties": { "region": "NorthAmerica", "edge_type": "feeder_tree" }, "geometry": { "type": "LineString", "coordinates": [ [ -96.808079997534179, 32.779535002137358 ], [ -96.805073003901597, 32.786566998120684 ] ] } },
{ "type": "Feature", "properties": { "region": "NorthAmerica", "edge_type": "feeder_tree" }, "geometry": { "type": "LineString", "coordinates": [ [ -96.802848999836925, 32.779101001662212 ], [ -96.808079997534179, 32.779535002137358 ] ] } },
{ "type": "Feature", "properties": { "region": "NorthAmerica", "edge_type": "feeder_tree" }, "geometry": { "type": "LineString", "coordinates": [ [ -96.805073003901597, 32.786566998120684 ], [ -96.792842998263779, 32.795348001219566 ] ] } },
{ "type": "Feature", "properties": { "region": "NorthAmerica", "edge_type": "feeder_tree" }, "geometry": { "type": "LineString", "coordinates": [ [ -96.802848999836925, 32.779101001662212 ], [ -96.805073003901597, 32.786566998120684 ] ] } },
{ "type": "Feature", "properties": { "region": "NorthAmerica", "edge_type": "feeder_tree" }, "geometry": { "type": "LineString", "coordinates": [ [ -96.786147998181704, 32.775511004022299 ], [ -96.802848999836925, 32.779101001662212 ] ] } },
{ "type": "Feature", "properties": { "region": "NorthAmerica", "edge_type": "feeder_tree" }, "geometry": { "type": "LineString", "coordinates": [ [ -96.792842998263779, 32.795348001219566 ], [ -96.768888001874586, 32.909267998894613 ] ] } },
{ "type": "Feature", "properties": { "region": "NorthAmerica", "edge_type": "feeder_tree" }, "geometry": { "type": "LineString", "coordinates": [ [ -96.786147998181704, 32.775511004022299 ], [ -96.792842998263779, 32.795348001219566 ] ] } },
{ "type": "Feature", "properties": { "region": "NorthAmerica", "edge_type": "feeder_tree" }, "geometry": { "type": "LineString", "coordinates": [ [ -96.786147998181704, 32.775511004022299 ], [ -96.789354004582307, 32.765114997644339 ] ] } },
{ "type": "Feature", "properties": { "region": "NorthAmerica", "edge_type": "feeder_tree" }, "geometry": { "type": "LineString", "coordinates": [ [ -96.768888001874586, 32.909267998894613 ], [ -96.716095997903665, 32.975407001951595 ] ] } },
{ "type": "Feature", "properties": { "region": "NorthAmerica", "edge_type": "feeder_tree" }, "geometry": { "type": "LineString", "coordinates": [ [ -96.768888001874586, 32.909267998894613 ], [ -96.768131997697779, 32.97831500052262 ], [ -96.716095997903665, 32.975407001951595 ] ] } },
{ "type": "Feature", "properties": { "region": "NorthAmerica", "edge_type": "feeder_tree" }, "geometry": { "type": "LineString", "coordinates": [ [ -96.716095997903665, 32.975407001951595 ], [ -96.645501999098968, 33.158150999619032 ] ] } },
{ "type": "Feature", "properties": { "region": "NorthAmerica", "edge_type": "feeder_tree" }, "geometry": { "type": "LineString", "coordinates": [ [ -96.63821700350455, 33.161520001598497 ], [ -96.645501999098968, 33.158150999619032 ] ] } },
{ "type": "Feature", "properties": { "region": "NorthAmerica", "edge_type": "feeder_tree" }, "geometry": { "type": "LineString", "coordinates": [ [ -96.645501999098968, 33.158150999619032 ], [ -96.580348000025538, 33.39995599929 ], [ -96.612987998413104, 33.465542001797743 ], [ -96.616165995343195, 33.639449999940567 ], [ -96.538174001864505, 33.731825998887004 ], [ -96.534721003676481, 33.819625998388148 ], [ -96.2712319974748, 34.135368998404644 ], [ -95.882521999866597, 34.779800000065542 ], [ -95.745163996420501, 34.913017003139679 ], [ -95.695049996075667, 35.104675003093185 ], [ -95.599896003504256, 35.228430999420091 ], [ -95.546890002866306, 35.451941999852039 ], [ -95.402830998592023, 35.696992998810089 ], [ -95.402327995931842, 35.911206997029097 ], [ -95.331626001663679, 36.270744001675212 ], [ -95.220111001805705, 36.557945000035652 ], [ -95.100511999823908, 36.656426002787363 ], [ -94.927258000344011, 36.725161001330719 ], [ -94.927117000777002, 36.815595997413041 ], [ -94.867390002812684, 36.940699001352158 ], [ -94.787961998453397, 36.949198996129567 ], [ -94.704332995718502, 37.089525000320201 ], [ -94.713498605377055, 38.107299943593262 ], [ -94.670709997864961, 38.2649760036972 ], [ -94.675159003124236, 38.806054997518295 ], [ -94.677279000245278, 38.89916400020001 ], [ -94.723561003183718, 38.927452997170484 ] ] } },
{ "type": "Feature", "properties": { "region": "NorthAmerica", "edge_type": "feeder_tree" }, "geometry": { "type": "LineString", "coordinates": [ [ -95.369149996520562, 29.76382399887828 ], [ -95.456212998075259, 30.207438998177885 ], [ -95.511641997579559, 30.229622002009457 ], [ -95.753823998304512, 30.211778997578602 ], [ -95.973398233021371, 30.302629791477031 ], [ -96.050752000440141, 30.342459998542367 ], [ -96.334844999560374, 30.627795001484053 ], [ -96.448541001130351, 30.539109996830337 ], [ -96.3932266266563, 30.503044214373393 ], [ -96.343220001937382, 30.37491199871247 ], [ -96.363973995542082, 30.197430001791886 ], [ -96.407988003916387, 30.164918001603954 ] ] } },
{ "type": "Feature", "properties": { "region": "NorthAmerica", "edge_type": "feeder_tree" }, "geometry": { "type": "LineString", "coordinates": [ [ -95.369149996520562, 29.76382399887828 ], [ -95.381834998849797, 29.742015001268328 ] ] } },
{ "type": "Feature", "properties": { "region": "NorthAmerica", "edge_type": "feeder_tree" }, "geometry": { "type": "LineString", "coordinates": [ [ -95.369149996520562, 29.76382399887828 ], [ -95.380140003672821, 29.763188000486796 ] ] } },
{ "type": "Feature", "properties": { "region": "NorthAmerica", "edge_type": "feeder_tree" }, "geometry": { "type": "LineString", "coordinates": [ [ -86.533620998040547, 39.164599998080909 ], [ -86.727904001366227, 39.036240998872664 ], [ -87.057406002665473, 39.035003998345474 ], [ -87.258715996452793, 38.798368997786397 ], [ -87.415097002833136, 38.756269996854599 ], [ -87.530466996968741, 38.67612200142819 ], [ -87.554369998869291, 38.711310002564325 ], [ -87.687140000732214, 38.729509998623563 ], [ -87.694639999106712, 38.568339999842621 ], [ -87.761420002743307, 38.416920003037177 ], [ -87.911579996118078, 38.392119999896487 ], [ -88.584170002292652, 38.369180002278668 ], [ -88.588180000872583, 38.346599999765679 ], [ -88.95168999998991, 38.312670001528716 ], [ -88.965978001027864, 38.340867001343661 ], [ -89.145370000197929, 38.387190000688499 ], [ -89.375129001229453, 38.391835001611817 ], [ -89.526639997909456, 38.437669996641731 ], [ -89.611809997632193, 38.500179998091561 ], [ -89.961098003918607, 38.598081998670047 ], [ -90.309970000396916, 38.650723999738823 ] ] } },
{ "type": "Feature", "properties": { "region": "NorthAmerica", "edge_type": "feeder_tree" }, "geometry": { "type": "LineString", "coordinates": [ [ -89.400432000550822, 43.075797999345298 ], [ -89.369759995355096, 43.042954001498515 ], [ -89.076777995818574, 43.02785900252205 ], [ -88.843283000335063, 42.932809998200241 ], [ -88.767537001679202, 42.837408000616072 ], [ -88.562805001581197, 42.799260998689014 ], [ -88.541853998451543, 42.697970999880731 ], [ -88.338102581351336, 42.546189352780551 ], [ -88.305780002669394, 42.45086999794659 ], [ -88.219130001566626, 42.433089999950411 ], [ -88.164569996335544, 42.323039999629081 ], [ -88.075780001613481, 42.30320999763876 ], [ -88.00036999982332, 42.239620000961175 ], [ -87.862169996478272, 42.239870002670521 ], [ -87.747089996482671, 42.040749998118471 ], [ -87.710749999136553, 42.040940002347448 ], [ -87.711689996249845, 41.997370000363482 ] ] } },
{ "type": "Feature", "properties": { "region": "NorthAmerica", "edge_type": "feeder_tree" }, "geometry": { "type": "LineString", "coordinates": [ [ -87.576661000941968, 33.238957003521371 ], [ -87.854390999342826, 33.285289998927695 ], [ -88.07609013598217, 33.404088373943928 ], [ -88.212633996286257, 33.414354002579643 ], [ -88.280146998245257, 33.490444998361284 ], [ -88.652675004836752, 33.487720999974812 ], [ -88.798611002964606, 33.458579000791026 ] ] } },
{ "type": "Feature", "properties": { "region": "NorthAmerica", "edge_type": "feeder_tree" }, "geometry": { "type": "LineString", "coordinates": [ [ -87.642450001123436, 41.875610001100156 ], [ -87.904272003652409, 41.873920002176668 ], [ -88.067185998953363, 41.830124001405657 ] ] } },
{ "type": "Feature", "properties": { "region": "NorthAmerica", "edge_type": "feeder_tree" }, "geometry": { "type": "LineString", "coordinates": [ [ -85.33165600478992, 32.672906000865062 ], [ -85.648872996606542, 32.481411001440684 ], [ -86.052664001036078, 32.368784997129694 ], [ -86.334772998986139, 32.327243999532662 ], [ -86.538947998692251, 31.963485999943114 ], [ -86.769648002950149, 31.656342999667327 ], [ -87.038474187715721, 31.38215509727959 ], [ -87.359871893948878, 31.167105475920458 ], [ -87.70175624617498, 30.98772315517164 ], [ -87.857549996904652, 30.948992001094346 ], [ -87.898179000574814, 30.60388399993775 ] ] } },
{ "type": "Feature", "properties": { "region": "NorthAmerica", "edge_type": "feeder_tree" }, "geometry": { "type": "LineString", "coordinates": [ [ -87.711689996249845, 41.997370000363482 ], [ -87.660729998503015, 42.000591998723344 ] ] } },
{ "type": "Feature", "properties": { "region": "NorthAmerica", "edge_type": "feeder_tree" }, "geometry": { "type": "LineString", "coordinates": [ [ -87.630769998001483, 41.878160001725341 ], [ -87.711689996249845, 41.997370000363482 ] ] } },
{ "type": "Feature", "properties": { "region": "NorthAmerica", "edge_type": "feeder_tree" }, "geometry": { "type": "LineString", "coordinates": [ [ -87.630769998001483, 41.878160001725341 ], [ -87.642450001123436, 41.875610001100156 ] ] } },
{ "type": "Feature", "properties": { "region": "NorthAmerica", "edge_type": "feeder_tree" }, "geometry": { "type": "LineString", "coordinates": [ [ -86.533620998040547, 39.164599998080909 ], [ -86.553615996078534, 39.208408997723026 ], [ -86.512439999248713, 39.333941997976211 ], [ -86.250545996749722, 39.556729000109961 ], [ -86.156855997579981, 39.824808996944185 ], [ -86.256678004676957, 39.842700998285025 ], [ -86.939435996636718, 40.466738998191225 ], [ -87.029430003334127, 40.474534999523584 ], [ -87.040839999831135, 40.667767997419901 ], [ -87.270248002131694, 41.007484001231731 ], [ -87.265638000807186, 41.14789000267232 ], [ -87.32392299612799, 41.393333999846021 ], [ -87.364397004479017, 41.416840998134631 ], [ -87.364962997006941, 41.470972997662358 ], [ -87.470834995845706, 41.490665997395254 ], [ -87.483374003974973, 41.661189999910434 ], [ -87.58560000158694, 41.749749999036133 ], [ -87.585084997434549, 41.78623999710252 ], [ -87.630797998488873, 41.79455000278665 ], [ -87.642450001123436, 41.875610001100156 ] ] } },
{ "type": "Feature", "properties": { "region": "NorthAmerica", "edge_type": "feeder_tree" }, "geometry": { "type": "LineString", "coordinates": [ [ -87.629270000123213, 41.878180000488754 ], [ -87.630769998001483, 41.878160001725341 ] ] } },
{ "type": "Feature", "properties": { "region": "NorthAmerica", "edge_type": "feeder_tree" }, "geometry": { "type": "LineString", "coordinates": [ [ -87.576661000941968, 33.238957003521371 ], [ -87.573578000853146, 33.330072002288141 ], [ -87.4973310027802, 33.486871000002139 ], [ -87.367822002179636, 33.617898000314803 ], [ -87.395157996786793, 33.698814003208724 ], [ -87.330698997299251, 33.817255998031129 ], [ -87.205335003082681, 33.843821996859702 ], [ -86.866477003183505, 34.054634998844698 ], [ -86.90135299814483, 34.627753997751995 ], [ -86.586642000543691, 34.739096000481048 ], [ -86.566079949965754, 35.222887027234314 ], [ -86.459010002779863, 35.489283002611899 ], [ -86.581070307791776, 35.610958612126552 ], [ -86.649921997153484, 35.739873001639751 ], [ -86.657987997039015, 35.924597999676877 ], [ -86.775164997284435, 36.161842996358104 ] ] } },
{ "type": "Feature", "properties": { "region": "NorthAmerica", "edge_type": "feeder_tree" }, "geometry": { "type": "LineString", "coordinates": [ [ -87.566748999080133, 33.205963997062753 ], [ -87.576661000941968, 33.238957003521371 ] ] } },
{ "type": "Feature", "properties": { "region": "NorthAmerica", "edge_type": "feeder_tree" }, "geometry": { "type": "LineString", "coordinates": [ [ -87.566748999080133, 33.205963997062753 ], [ -87.546553002997342, 33.209569003862285 ] ] } },
{ "type": "Feature", "properties": { "region": "NorthAmerica", "edge_type": "feeder_tree" }, "geometry": { "type": "LineString", "coordinates": [ [ -85.481712000204254, 32.609059002033248 ], [ -85.618745864546355, 32.595289989777712 ], [ -85.669408996041227, 32.562201002238922 ], [ -85.749297000708026, 32.581477002444323 ], [ -85.882781001525061, 32.534081997611374 ], [ -85.99950599646894, 32.580361002252083 ], [ -86.215482002365746, 32.553633003891711 ], [ -86.275484001588026, 32.616137000110811 ], [ -86.421917001629964, 32.648856998647133 ], [ -86.632120002319695, 32.841041995925607 ], [ -86.8272199964468, 32.803302000995011 ], [ -86.87844199682938, 32.766833999346737 ], [ -87.001976185694275, 32.903037061763925 ], [ -87.155190999007345, 32.9446809984141 ], [ -87.262868000712828, 33.023677000030361 ], [ -87.444197001197438, 33.060238002843043 ], [ -87.566748999080133, 33.205963997062753 ] ] } },
{ "type": "Feature", "properties": { "region": "NorthAmerica", "edge_type": "feeder_tree" }, "geometry": { "type": "LineString", "coordinates": [ [ -86.533620998040547, 39.164599998080909 ], [ -86.52691299933629, 39.164307002862159 ] ] } },
{ "type": "Feature", "properties": { "region": "NorthAmerica", "edge_type": "feeder_tree" }, "geometry": { "type": "LineString", "coordinates": [ [ -85.481712000204254, 32.609059002033248 ], [ -85.481724001696449, 32.598721002230235 ] ] } },
{ "type": "Feature", "properties": { "region": "NorthAmerica", "edge_type": "feeder_tree" }, "geometry": { "type": "LineString", "coordinates": [ [ -85.33165600478992, 32.672906000865062 ], [ -85.481712000204254, 32.609059002033248 ] ] } },
{ "type": "Feature", "properties": { "region": "NorthAmerica", "edge_type": "feeder_tree" }, "geometry": { "type": "LineString", "coordinates": [ [ -84.389971999114124, 33.744871999364811 ], [ -84.458327000972076, 33.623368997733643 ], [ -84.752814999132951, 33.392490996918092 ], [ -84.812800999360007, 33.223407001963544 ], [ -84.922715003752316, 33.07754200236176 ], [ -85.077712532729876, 32.964996414554292 ], [ -85.33165600478992, 32.672906000865062 ] ] } },
{ "type": "Feature", "properties": { "region": "NorthAmerica", "edge_type": "feeder_tree" }, "geometry": { "type": "LineString", "coordinates": [ [ -84.506322001325785, 38.039632996950658 ], [ -84.388616998305864, 37.962536997513368 ], [ -84.33306500147286, 37.876287999730131 ], [ -84.334239997864486, 37.381961997524229 ], [ -84.101941001383963, 37.110229001459643 ], [ -84.175934000644943, 36.749300998327072 ], [ -84.104670002368749, 36.591315997127893 ], [ -84.29297281305017, 36.433902009552057 ], [ -84.173129999317112, 36.24008400226608 ], [ -84.029532998593439, 36.116576996299244 ], [ -83.996642999062303, 36.024929999784959 ], [ -83.919153002130656, 35.958048996895627 ] ] } },
{ "type": "Feature", "properties": { "region": "NorthAmerica", "edge_type": "feeder_tree" }, "geometry": { "type": "LineString", "coordinates": [ [ -84.390065998825463, 33.77126600221122 ], [ -84.396163996536032, 33.771347000688813 ] ] } },
{ "type": "Feature", "properties": { "region": "NorthAmerica", "edge_type": "feeder_tree" }, "geometry": { "type": "LineString", "coordinates": [ [ -84.389971999114124, 33.744871999364811 ], [ -84.390670996202985, 33.758395000993893 ] ] } },
{ "type": "Feature", "properties": { "region": "NorthAmerica", "edge_type": "feeder_tree" }, "geometry": { "type": "LineString", "coordinates": [ [ -84.389971999114124, 33.744871999364811 ], [ -84.390065998825463, 33.77126600221122 ] ] } },
{ "type": "Feature", "properties": { "region": "NorthAmerica", "edge_type": "feeder_tree" }, "geometry": { "type": "LineString", "coordinates": [ [ -84.390065998825463, 33.77126600221122 ], [ -84.314573998816158, 33.77412700094122 ], [ -84.139788003467586, 33.895942002587176 ], [ -83.926508003435146, 33.982988999258112 ], [ -83.715958998647423, 33.941975000926277 ], [ -83.372736003934349, 33.958308997978705 ], [ -83.315624998892076, 34.031991996551909 ], [ -83.22846400012304, 34.391441000511158 ], [ -82.994591999681134, 34.500143997209818 ], [ -82.938890002161983, 34.699866000812555 ] ] } },
{ "type": "Feature", "properties": { "region": "NorthAmerica", "edge_type": "feeder_tree" }, "geometry": { "type": "LineString", "coordinates": [ [ -84.389971999114124, 33.744871999364811 ], [ -84.090842001638293, 33.701002999549118 ], [ -83.922659998050392, 33.616146001267502 ], [ -83.706550996575743, 33.610487003035274 ], [ -83.481673997753617, 33.555050002629116 ], [ -83.073858998992009, 33.544665997148961 ], [ -82.811382995986733, 33.497994001409332 ], [ -82.453932995843545, 33.511853998751704 ], [ -82.137256996440456, 33.481041996383993 ], [ -81.618192000829737, 33.686935002681359 ], [ -81.357865001546045, 33.891715996330255 ], [ -81.19483900429546, 33.978259003970244 ], [ -81.013376002119927, 34.007589000416324 ], [ -80.903178004333711, 33.944179997199512 ], [ -80.40641199681852, 33.965000999035084 ], [ -80.184623001701297, 33.894109999833375 ], [ -80.121685999833289, 33.911144004070067 ], [ -79.834929001822218, 33.882600999706682 ], [ -79.650003003209548, 33.921029000327465 ], [ -79.581561996646329, 33.88306799636851 ], [ -79.457708995687071, 33.881691997022052 ], [ -79.408116997370712, 33.912581002434671 ], [ -79.253610002437171, 33.834235997429602 ], [ -79.067984000622502, 33.836757998721168 ], [ -78.88674299910312, 33.689786003136504 ] ] } },
{ "type": "Feature", "properties": { "region": "NorthAmerica", "edge_type": "feeder_tree" }, "geometry": { "type": "LineString", "coordinates": [ [ -84.201690999527784, 39.757879000184239 ], [ -84.074147000729155, 39.818129001555747 ], [ -84.055967003806998, 39.865330998812986 ], [ -83.990680997302562, 39.866164997969939 ], [ -83.874354998075276, 39.924017002318365 ], [ -82.990644002822108, 39.96743499805018 ] ] } },
{ "type": "Feature", "properties": { "region": "NorthAmerica", "edge_type": "feeder_tree" }, "geometry": { "type": "LineString", "coordinates": [ [ -83.919153002130656, 35.958048996895627 ], [ -83.924781001284586, 35.949370002900579 ] ] } },
{ "type": "Feature", "properties": { "region": "NorthAmerica", "edge_type": "feeder_tree" }, "geometry": { "type": "LineString", "coordinates": [ [ -82.938890002161983, 34.699866000812555 ], [ -82.980254995544414, 34.693034997829947 ], [ -83.126862996386862, 34.806166999870896 ], [ -83.112085000294016, 34.915770996634386 ], [ -83.055047998464829, 35.000947998352572 ], [ -83.066971229433079, 35.066456806214369 ], [ -83.127146738252492, 35.167825932726466 ], [ -83.122611997782499, 35.268429000204407 ], [ -83.1784169961321, 35.292546003893634 ], [ -83.205176002832289, 35.371145999139507 ], [ -83.334411996434895, 35.420672998874522 ], [ -83.299008995829013, 35.502191997128641 ], [ -83.320222657364567, 35.557408620356163 ], [ -83.506588808091266, 35.643228409208298 ], [ -83.533230997871939, 35.770857002314145 ], [ -83.576648003874737, 35.805655002865656 ], [ -83.567572998295745, 35.869322001888946 ], [ -83.740263996637609, 35.860452003301319 ], [ -83.919153002130656, 35.958048996895627 ] ] } },
{ "type": "Feature", "properties": { "region": "NorthAmerica", "edge_type": "feeder_tree" }, "geometry": { "type": "LineString", "coordinates": [ [ -81.693027997119643, 41.474196002295166 ], [ -81.853000000881948, 41.44645599901132 ], [ -81.994935998678983, 41.379220997985186 ], [ -82.164896001776142, 41.389122002132837 ], [ -82.36038500235388, 41.338116002623771 ], [ -82.614906998440048, 41.322798996907707 ], [ -83.097379004171188, 41.397036997527351 ], [ -83.299673003537549, 41.465308002455579 ], [ -83.476884000995639, 41.610307000120528 ], [ -83.51532699933766, 41.687557001796236 ], [ -83.353275997563827, 41.96059800227453 ], [ -83.177974998062865, 42.140856998756519 ], [ -83.13110699711514, 42.277844999408394 ], [ -83.047015999812757, 42.331643003548294 ] ] } },
{ "type": "Feature", "properties": { "region": "NorthAmerica", "edge_type": "feeder_tree" }, "geometry": { "type": "LineString", "coordinates": [ [ -82.990644002822108, 39.96743499805018 ], [ -82.98705800007312, 39.968164002344075 ] ] } },
{ "type": "Feature", "properties": { "region": "NorthAmerica", "edge_type": "feeder_tree" }, "geometry": { "type": "LineString", "coordinates": [ [ -81.693027997119643, 41.474196002295166 ], [ -81.836244004364985, 41.333356000621464 ], [ -81.864051003641961, 41.134252000772001 ], [ -82.011098002180574, 41.034852997399902 ], [ -81.996371003446427, 40.997426997679625 ], [ -82.405873999508955, 40.7899590033295 ], [ -82.585678002000932, 40.6009689973504 ], [ -82.804332999670677, 40.440136000729403 ], [ -82.990644002822108, 39.96743499805018 ] ] } },
{ "type": "Feature", "properties": { "region": "NorthAmerica", "edge_type": "feeder_tree" }, "geometry": { "type": "LineString", "coordinates": [ [ -82.938890002161983, 34.699866000812555 ], [ -82.788319002595273, 34.687952001451926 ], [ -82.607353002333795, 34.81609500049808 ], [ -82.431123001098626, 34.837660999557883 ], [ -82.244201996953535, 34.947020004007257 ], [ -81.961287003581077, 34.939327003677562 ], [ -81.799755003462693, 35.022136999873737 ], [ -81.725021999020129, 35.016444003074348 ], [ -81.624555001549126, 35.102729999936365 ], [ -81.29834999700563, 35.249783999120517 ], [ -81.158153999981323, 35.262442997714082 ], [ -80.844206004433076, 35.22641400200304 ] ] } },
{ "type": "Feature", "properties": { "region": "NorthAmerica", "edge_type": "feeder_tree" }, "geometry": { "type": "LineString", "coordinates": [ [ -82.458772004683397, 27.947397998866681 ], [ -82.449095002099895, 27.953162001655912 ] ] } },
{ "type": "Feature", "properties": { "region": "NorthAmerica", "edge_type": "feeder_tree" }, "geometry": { "type": "LineString", "coordinates": [ [ -82.449095002099895, 27.953162001655912 ], [ -82.401888003913413, 27.922970003143465 ], [ -82.384379003592713, 27.792562997491356 ], [ -82.356458996253011, 27.79179400001685 ], [ -82.386896002170431, 27.708656003537136 ], [ -82.514445004585184, 27.583173996135738 ], [ -82.458923002499517, 27.462499002295324 ], [ -82.437924999514209, 27.19140599614957 ], [ -82.38020299634826, 27.109947999263458 ], [ -82.155416996864403, 27.098970995665571 ], [ -82.163779997749231, 27.018237999726072 ], [ -82.049071001965942, 26.935111997101874 ], [ -82.021515000962523, 26.844169004113315 ], [ -82.039975999888725, 26.637545002779571 ], [ -81.908337003917993, 26.682292998337765 ], [ -81.872979997054671, 26.642606002187037 ], [ -81.871241002395067, 26.527947003388114 ], [ -81.810789998244346, 26.434467999679605 ], [ -81.795599998829601, 26.147701000940319 ] ] } },
{ "type": "Feature", "properties": { "region": "NorthAmerica", "edge_type": "feeder_tree" }, "geometry": { "type": "LineString", "coordinates": [ [ -81.397169996285257, 28.535100001616996 ], [ -81.614395001786804, 28.25928499871597 ], [ -81.797912001859487, 28.157437002488436 ], [ -81.903650996137316, 28.138665001119751 ], [ -81.970086001789042, 28.08496899771011 ], [ -81.944900996180237, 28.042233000810381 ], [ -82.449095002099895, 27.953162001655912 ] ] } },
{ "type": "Feature", "properties": { "region": "NorthAmerica", "edge_type": "feeder_tree" }, "geometry": { "type": "LineString", "coordinates": [ [ -82.339312996155442, 29.652063998231956 ], [ -82.352170996042105, 29.652066996031831 ] ] } },
{ "type": "Feature", "properties": { "region": "NorthAmerica", "edge_type": "feeder_tree" }, "geometry": { "type": "LineString", "coordinates": [ [ -81.397169996285257, 28.535100001616996 ], [ -81.676779000765904, 28.558855998387791 ], [ -81.853259003144657, 28.675449996538632 ], [ -81.907211001641983, 28.891324996538653 ], [ -82.140160998225738, 29.17164099835427 ], [ -82.151934003929057, 29.344590997853551 ], [ -82.328116996325434, 29.553259002414954 ], [ -82.339312996155442, 29.652063998231956 ] ] } },
{ "type": "Feature", "properties": { "region": "NorthAmerica", "edge_type": "feeder_tree" }, "geometry": { "type": "LineString", "coordinates": [ [ -81.653773002609157, 30.316308000599559 ], [ -81.751910003795103, 30.306073999177318 ], [ -82.015149997000051, 30.200300004007698 ], [ -82.167485997453852, 29.792096003789819 ], [ -82.339312996155442, 29.652063998231956 ] ] } },
{ "type": "Feature", "properties": { "region": "NorthAmerica", "edge_type": "feeder_tree" }, "geometry": { "type": "LineString", "coordinates": [ [ -81.671742003237384, 41.479117996950158 ], [ -81.693027997119643, 41.474196002295166 ] ] } },
{ "type": "Feature", "properties": { "region": "NorthAmerica", "edge_type": "feeder_tree" }, "geometry": { "type": "LineString", "coordinates": [ [ -81.671742003237384, 41.479117996950158 ], [ -81.672861995784174, 41.482376002156926 ] ] } },
{ "type": "Feature", "properties": { "region": "NorthAmerica", "edge_type": "feeder_tree" }, "geometry": { "type": "LineString", "coordinates": [ [ -79.996821001790764, 40.439403002108122 ], [ -80.023504999164729, 40.572127997485616 ], [ -80.151298999106913, 40.722809998876208 ], [ -80.39989700115305, 40.864195001978928 ], [ -80.631399003330316, 40.949596002357715 ], [ -80.983129995998212, 41.237840001654327 ], [ -81.371355002167661, 41.255899996868038 ], [ -81.671742003237384, 41.479117996950158 ] ] } },
{ "type": "Feature", "properties": { "region": "NorthAmerica", "edge_type": "feeder_tree" }, "geometry": { "type": "LineString", "coordinates": [ [ -81.379095003436632, 28.545677998876965 ], [ -81.397169996285257, 28.535100001616996 ] ] } },
{ "type": "Feature", "properties": { "region": "NorthAmerica", "edge_type": "feeder_tree" }, "geometry": { "type": "LineString", "coordinates": [ [ -81.378523001179474, 28.536137997207373 ], [ -81.379095003436632, 28.545677998876965 ] ] } },
{ "type": "Feature", "properties": { "region": "NorthAmerica", "edge_type": "feeder_tree" }, "geometry": { "type": "LineString", "coordinates": [ [ -80.075469996118784, 26.706045000302773 ], [ -80.150423995104418, 26.936646998762441 ], [ -80.341529001499978, 27.227054996390468 ], [ -80.396093004234061, 27.45241300286488 ], [ -80.514870999945089, 27.617153001805413 ], [ -80.613686004591742, 27.969522997468147 ], [ -80.672647000130155, 27.999088001563447 ], [ -80.672547996802706, 28.078874001541447 ], [ -80.70587199939709, 28.078862001818973 ], [ -80.736341003304929, 28.287399000255263 ], [ -80.794512999546157, 28.359830999818172 ], [ -80.920378002162991, 28.381684002323528 ], [ -81.082880003125197, 28.539183999515028 ], [ -81.207657999332454, 28.566868999639532 ], [ -81.207736000048584, 28.597745998641177 ], [ -81.379095003436632, 28.545677998876965 ] ] } },
{ "type": "Feature", "properties": { "region": "NorthAmerica", "edge_type": "feeder_tree" }, "geometry": { "type": "LineString", "coordinates": [ [ -80.190667998810113, 25.785637003485743 ], [ -80.372391997508302, 25.761229001136751 ] ] } },
{ "type": "Feature", "properties": { "region": "NorthAmerica", "edge_type": "feeder_tree" }, "geometry": { "type": "LineString", "coordinates": [ [ -80.190667998810113, 25.785637003485743 ], [ -80.137283996083795, 26.122446003587388 ] ] } },
{ "type": "Feature", "properties": { "region": "NorthAmerica", "edge_type": "feeder_tree" }, "geometry": { "type": "LineString", "coordinates": [ [ -80.190667998810113, 25.785637003485743 ], [ -80.190426998785682, 25.77907699887194 ] ] } },
{ "type": "Feature", "properties": { "region": "NorthAmerica", "edge_type": "feeder_tree" }, "geometry": { "type": "LineString", "coordinates": [ [ -80.155257003198201, 26.188458003182756 ], [ -80.159333998132041, 26.188397997024744 ] ] } },
{ "type": "Feature", "properties": { "region": "NorthAmerica", "edge_type": "feeder_tree" }, "geometry": { "type": "LineString", "coordinates": [ [ -80.137283996083795, 26.122446003587388 ], [ -80.155257003198201, 26.188458003182756 ] ] } },
{ "type": "Feature", "properties": { "region": "NorthAmerica", "edge_type": "feeder_tree" }, "geometry": { "type": "LineString", "coordinates": [ [ -80.075469996118784, 26.706045000302773 ], [ -80.072000001805591, 26.514480996527976 ], [ -80.155257003198201, 26.188458003182756 ] ] } },
{ "type": "Feature", "properties": { "region": "NorthAmerica", "edge_type": "feeder_tree" }, "geometry": { "type": "LineString", "coordinates": [ [ -80.137283996083795, 26.122446003587388 ], [ -80.140521003344901, 26.122354999724383 ] ] } },
{ "type": "Feature", "properties": { "region": "NorthAmerica", "edge_type": "feeder_tree" }, "geometry": { "type": "LineString", "coordinates": [ [ -80.064738003082454, 26.707430003474744 ], [ -80.075469996118784, 26.706045000302773 ] ] } },
{ "type": "Feature", "properties": { "region": "NorthAmerica", "edge_type": "feeder_tree" }, "geometry": { "type": "LineString", "coordinates": [ [ -79.996821001790764, 40.439403002108122 ], [ -79.973406997815104, 40.346397002559677 ], [ -79.89067600493712, 40.276419998235674 ], [ -79.963058998630146, 40.21418300088677 ], [ -79.918290998305267, 40.196605003412415 ], [ -79.918531998329655, 40.037467003345014 ], [ -79.866599996496006, 40.010802998425717 ], [ -79.91323899891151, 39.652816997703475 ], [ -79.95658100457122, 39.633102003288549 ] ] } },
{ "type": "Feature", "properties": { "region": "NorthAmerica", "edge_type": "feeder_tree" }, "geometry": { "type": "LineString", "coordinates": [ [ -79.996821001790764, 40.439403002108122 ], [ -79.76798299850428, 40.444316998232154 ], [ -79.441966999496529, 40.39540200224279 ], [ -79.208417000168197, 40.447017002980814 ], [ -79.013891002558182, 40.45611400097453 ], [ -78.911939000091039, 40.434418999870367 ], [ -78.707079996178123, 40.48068599853115 ], [ -78.479598996943011, 40.421314997705863 ], [ -78.389423997682186, 40.428323002609048 ], [ -78.249287999135703, 40.484483996935751 ], [ -78.037595501873355, 40.68534759247612 ], [ -77.885815001624977, 40.733931999980051 ], [ -77.861583000734768, 40.794432001786952 ] ] } },
{ "type": "Feature", "properties": { "region": "NorthAmerica", "edge_type": "feeder_tree" }, "geometry": { "type": "LineString", "coordinates": [ [ -76.603866000753129, 39.395244997243658 ], [ -76.613550001212673, 39.286533002199 ], [ -76.785289998079023, 39.171866999155661 ], [ -76.925468998978161, 39.020986000189453 ], [ -76.955798000448965, 38.938859998512363 ], [ -77.039464004790432, 38.895397000651229 ], [ -77.21997000474434, 38.865705003794162 ], [ -77.217927002226276, 38.834237996819652 ], [ -77.431408997433493, 38.83858199751544 ], [ -77.468996997254408, 38.75253900360066 ], [ -77.620409996720056, 38.687600999578756 ], [ -77.821917997162302, 38.526612002746155 ], [ -78.023028996147858, 38.453696001197578 ], [ -78.116210998024457, 38.456323003080811 ], [ -78.241778999642051, 38.39132499706038 ], [ -78.503467000480072, 38.036717001469206 ] ] } },
{ "type": "Feature", "properties": { "region": "NorthAmerica", "edge_type": "feeder_tree" }, "geometry": { "type": "LineString", "coordinates": [ [ -76.603866000753129, 39.395244997243658 ], [ -76.607024001184996, 39.397225003461635 ] ] } },
{ "type": "Feature", "properties": { "region": "NorthAmerica", "edge_type": "feeder_tree" }, "geometry": { "type": "LineString", "coordinates": [ [ -76.603866000753129, 39.395244997243658 ], [ -76.480185997351313, 39.398808000300711 ], [ -76.323882003540263, 39.544505001628195 ], [ -76.079997003649126, 39.58560099638342 ], [ -75.931977003893635, 39.643670001815117 ], [ -75.801924001523332, 39.640873997831157 ], [ -75.753610997559036, 39.681655998144741 ] ] } },
{ "type": "Feature", "properties": { "region": "NorthAmerica", "edge_type": "feeder_tree" }, "geometry": { "type": "LineString", "coordinates": [ [ -75.19259099508723, 39.950439002724764 ], [ -75.073236999616, 40.007494998211122 ], [ -74.947399997486599, 40.150637999269975 ], [ -74.762120996899867, 40.212242997580262 ], [ -74.446016999753951, 40.496315001994709 ] ] } },
{ "type": "Feature", "properties": { "region": "NorthAmerica", "edge_type": "feeder_tree" }, "geometry": { "type": "LineString", "coordinates": [ [ -74.446016999753951, 40.496315001994709 ], [ -74.447769002018887, 40.497406000154605 ] ] } },
{ "type": "Feature", "properties": { "region": "NorthAmerica", "edge_type": "feeder_tree" }, "geometry": { "type": "LineString", "coordinates": [ [ -74.172147996376879, 40.735594002129659 ], [ -74.290748997027492, 40.594311002886798 ], [ -74.446016999753951, 40.496315001994709 ] ] } },
{ "type": "Feature", "properties": { "region": "NorthAmerica", "edge_type": "feeder_tree" }, "geometry": { "type": "LineString", "coordinates": [ [ -74.182888002385511, 40.735726999987378 ], [ -74.172147996376879, 40.735594002129659 ] ] } },
{ "type": "Feature", "properties": { "region": "NorthAmerica", "edge_type": "feeder_tree" }, "geometry": { "type": "LineString", "coordinates": [ [ -74.172147996376879, 40.735594002129659 ], [ -73.999853002361689, 40.721778998855299 ] ] } },
{ "type": "Feature", "properties": { "region": "NorthAmerica", "edge_type": "feeder_tree" }, "geometry": { "type": "LineString", "coordinates": [ [ -74.006072003141043, 40.711922998023944 ], [ -73.999853002361689, 40.721778998855299 ] ] } },
{ "type": "Feature", "properties": { "region": "NorthAmerica", "edge_type": "feeder_tree" }, "geometry": { "type": "LineString", "coordinates": [ [ -73.999853002361689, 40.721778998855299 ], [ -73.956221999691905, 40.81342599782247 ] ] } },
{ "type": "Feature", "properties": { "region": "NorthAmerica", "edge_type": "feeder_tree" }, "geometry": { "type": "LineString", "coordinates": [ [ -73.956221999691905, 40.81342599782247 ], [ -73.63023499830156, 41.019437001520174 ], [ -73.140344004268215, 41.183790000505731 ], [ -72.926514998849896, 41.310241001700177 ] ] } },
{ "type": "Feature", "properties": { "region": "NorthAmerica", "edge_type": "feeder_tree" }, "geometry": { "type": "LineString", "coordinates": [ [ -73.956221999691905, 40.81342599782247 ], [ -73.917470995988424, 40.770587000713327 ], [ -73.779290000994777, 40.757643998776416 ], [ -73.588715997746803, 40.824912001744259 ] ] } },
{ "type": "Feature", "properties": { "region": "NorthAmerica", "edge_type": "feeder_tree" }, "geometry": { "type": "LineString", "coordinates": [ [ -72.673032003204511, 41.768530999411688 ], [ -72.67272200358309, 41.769508999471171 ] ] } },
{ "type": "Feature", "properties": { "region": "NorthAmerica", "edge_type": "feeder_tree" }, "geometry": { "type": "LineString", "coordinates": [ [ -72.67272200358309, 41.769508999471171 ], [ -72.302878998493767, 41.804499996616748 ], [ -72.266204001411879, 41.827670002436122 ] ] } },
{ "type": "Feature", "properties": { "region": "NorthAmerica", "edge_type": "feeder_tree" }, "geometry": { "type": "LineString", "coordinates": [ [ -72.67272200358309, 41.769508999471171 ], [ -72.592665995991865, 41.971962003505993 ], [ -72.57902799792717, 42.082575996988133 ], [ -72.617235996990871, 42.197228000192787 ], [ -72.532931003021503, 42.291059998487285 ], [ -72.52709799933659, 42.384930002223285 ] ] } },
{ "type": "Feature", "properties": { "region": "NorthAmerica", "edge_type": "feeder_tree" }, "geometry": { "type": "LineString", "coordinates": [ [ -72.266204001411879, 41.827670002436122 ], [ -72.086189999755931, 41.87701099871672 ], [ -71.865210000434118, 41.839499997040733 ], [ -71.732637996243014, 41.855926998390643 ], [ -71.496573998709991, 41.816948001588614 ], [ -71.408730001847303, 41.826935002023625 ] ] } },
{ "type": "Feature", "properties": { "region": "NorthAmerica", "edge_type": "feeder_tree" }, "geometry": { "type": "LineString", "coordinates": [ [ -72.266204001411879, 41.827670002436122 ], [ -72.248899996639011, 41.810708001022249 ] ] } },
{ "type": "Feature", "properties": { "region": "NorthAmerica", "edge_type": "feeder_tree" }, "geometry": { "type": "LineString", "coordinates": [ [ -71.408730001847303, 41.826935002023625 ], [ -71.400536001016903, 41.827281999954813 ] ] } },
{ "type": "Feature", "properties": { "region": "NorthAmerica", "edge_type": "feeder_tree" }, "geometry": { "type": "LineString", "coordinates": [ [ -71.108130998370527, 42.351571003494996 ], [ -71.229479002244233, 42.121519002667505 ], [ -71.22978600149257, 42.064313999105181 ], [ -71.408730001847303, 41.826935002023625 ] ] } },
{ "type": "Feature", "properties": { "region": "NorthAmerica", "edge_type": "feeder_tree" }, "geometry": { "type": "LineString", "coordinates": [ [ -71.108130998370527, 42.351571003494996 ], [ -71.118798995426019, 42.374354997896837 ] ] } },
{ "type": "Feature", "properties": { "region": "NorthAmerica", "edge_type": "feeder_tree" }, "geometry": { "type": "LineString", "coordinates": [ [ -71.108130998370527, 42.351571003494996 ], [ -71.084909997433712, 42.342739000223105 ] ] } },
{ "type": "Feature", "properties": { "region": "NorthAmerica", "edge_type": "feeder_tree" }, "geometry": { "type": "LineString", "coordinates": [ [ -71.084909997433712, 42.342739000223105 ], [ -71.089337002951652, 42.340083997341843 ] ] } },
{ "type": "Feature", "properties": { "region": "NorthAmerica", "edge_type": "feeder_tree" }, "geometry": { "type": "LineString", "coordinates": [ [ -71.084909997433712, 42.342739000223105 ], [ -70.961472997299381, 42.592575000789516 ], [ -70.974858002830601, 42.683012000414713 ], [ -70.782440000849448, 43.074243002006192 ] ] } },
{ "type": "Feature", "properties": { "region": "NorthAmerica", "edge_type": "feeder_tree" }, "geometry": { "type": "LineString", "coordinates": [ [ -71.084909997433712, 42.342739000223105 ], [ -71.046210000072023, 42.31252400240799 ] ] } },
{ "type": "Feature", "properties": { "region": "NorthAmerica", "edge_type": "feeder_tree" }, "geometry": { "type": "LineString", "coordinates": [ [ -70.782440000849448, 43.074243002006192 ], [ -70.832811000213908, 43.124161998748171 ], [ -70.915229002080608, 43.141259000157042 ] ] } },
{ "type": "Feature", "properties": { "region": "NorthAmerica", "edge_type": "feeder_tree" }, "geometry": { "type": "LineString", "coordinates": [ [ -70.40872799674716, 43.507686000170324 ], [ -70.461964002030427, 43.492514997490254 ], [ -70.543675999949031, 43.384531999653433 ], [ -70.619850998051987, 43.190802001676424 ], [ -70.782440000849448, 43.074243002006192 ] ] } },
{ "type": "Feature", "properties": { "region": "NorthAmerica", "edge_type": "hub_backbone" }, "geometry": { "type": "LineString", "coordinates": [ [ -123.117138996364687, 49.281825998572891 ], [ -123.099687003131862, 49.281347997056479 ] ] } },
{ "type": "Feature", "properties": { "region": "NorthAmerica", "edge_type": "hub_backbone" }, "geometry": { "type": "LineString", "coordinates": [ [ -123.099687003131862, 49.281347997056479 ], [ -123.042334998065186, 49.235939000861649 ], [ -122.916925001122877, 49.224694000762398 ], [ -122.845263004260076, 49.191554001565983 ], [ -122.822772998402513, 49.074315000762986 ], [ -122.502947002556766, 48.78413500028816 ], [ -122.48439200391924, 48.645234002213257 ], [ -122.337055002257443, 48.484849000559471 ], [ -122.329259000013664, 48.324443000561757 ], [ -122.194957002282081, 48.179233999924094 ], [ -122.200904002176543, 47.964389999833777 ], [ -122.346196995207151, 47.779287001606114 ], [ -122.332882004369182, 47.606093000747023 ] ] } },
{ "type": "Feature", "properties": { "region": "NorthAmerica", "edge_type": "hub_backbone" }, "geometry": { "type": "LineString", "coordinates": [ [ -123.099687003131862, 49.281347997056479 ], [ -122.797269001036312, 49.276154998356176 ], [ -122.556830001457115, 49.183258000301592 ], [ -122.428951002922744, 49.173400000367764 ], [ -122.32604400147703, 49.132875000888333 ], [ -122.070834848097434, 49.181983030157014 ], [ -121.981126954818009, 49.244962422854186 ], [ -121.740716997771955, 49.241880998016271 ], [ -121.601189958173435, 49.358142197245641 ], [ -121.46009400194805, 49.3927139970287 ], [ -121.361778002458578, 49.361628997739928 ], [ -121.202956318367058, 49.5146959805165 ], [ -121.182754564083254, 49.568936265300586 ], [ -121.047008542498773, 49.61508365350177 ], [ -121.00860090184635, 49.658286707663166 ], [ -120.994800057186936, 49.767418823751854 ], [ -120.918989173218108, 49.865639717985488 ], [ -120.911748572365013, 49.97152934929553 ], [ -120.74879099978962, 50.089721001554238 ], [ -120.756912003520057, 50.122864997296247 ], [ -120.653914433927412, 50.203972564158818 ], [ -120.622422482472928, 50.410722157031962 ], [ -120.480526019531567, 50.528250023486002 ], [ -120.45644100098815, 50.665289998052081 ], [ -120.368520000539291, 50.653708999195828 ], [ -120.235689622906136, 50.673811590636589 ], [ -119.924151995911416, 50.645949001029706 ], [ -119.79252212682394, 50.706030696242223 ], [ -119.649557791588578, 50.830792378817804 ], [ -119.519437963544263, 50.892723094141076 ], [ -119.371479022278663, 50.86080441084389 ], [ -119.319935209428721, 50.82321052031287 ], [ -119.340057642472914, 50.772740842478534 ], [ -119.299162997990081, 50.696861997952659 ], [ -119.229608996756113, 50.710198000946427 ], [ -119.159854024426792, 50.785558989781997 ], [ -119.0924553690203, 50.789147305357432 ], [ -118.850776622483806, 50.888472128990195 ], [ -118.688163185510618, 50.998392253916748 ], [ -118.435374443849341, 50.936032114255653 ], [ -118.210505996988744, 51.010471003105842 ], [ -118.135040676943419, 50.993866605679784 ], [ -117.982334067535987, 51.041067056759992 ], [ -117.8326166741017, 51.152527162393383 ], [ -117.513532605832268, 51.286970940450864 ], [ -117.439874148166254, 51.362936451457081 ], [ -117.47990354435052, 51.46321655494301 ], [ -117.446315023837599, 51.508784181232997 ], [ -117.376672278036708, 51.484659474949765 ], [ -117.177148817753874, 51.486004935883891 ], [ -117.050714543758332, 51.416740382111811 ], [ -116.965701003608629, 51.306984000955872 ], [ -116.875089063793581, 51.306593695876451 ], [ -116.587971940168245, 51.217503824426814 ], [ -116.579712254524296, 51.30721715697107 ], [ -116.496830721970994, 51.393311200450817 ], [ -116.277808996069624, 51.455297002069599 ], [ -116.200537999421158, 51.441073997278856 ], [ -115.98127544417531, 51.293485506945323 ], [ -115.723538745996535, 51.184512029178052 ], [ -115.657585003775111, 51.169124998449711 ], [ -115.505361229849768, 51.200432370263606 ], [ -115.274953106193934, 51.039531067370305 ], [ -115.057205999849231, 51.07817999934359 ], [ -114.958869060630519, 51.127950382672665 ], [ -114.751758869632468, 51.157986040908774 ], [ -114.606053999044036, 51.099870002287837 ], [ -114.227583996174189, 51.08775699941144 ], [ -114.118070002594791, 51.066911997864118 ], [ -114.112417003326485, 51.042833001773602 ], [ -113.539875999538054, 51.037606002864727 ] ] } },
{ "type": "Feature", "properties": { "region": "NorthAmerica", "edge_type": "hub_backbone" }, "geometry": { "type": "LineString", "coordinates": [ [ -122.416472999384439, 37.776528002348257 ], [ -122.419016004189658, 37.77455700029661 ] ] } },
{ "type": "Feature", "properties": { "region": "NorthAmerica", "edge_type": "hub_backbone" }, "geometry": { "type": "LineString", "coordinates": [ [ -121.499958000322266, 38.579927002439824 ], [ -121.731181003738627, 38.543401002605243 ], [ -122.016204998853013, 38.337085996207591 ], [ -122.069357002674082, 38.249918997731328 ], [ -122.214137003778532, 38.155662996790298 ], [ -122.227092003749547, 38.05283499718194 ], [ -122.330535002975836, 37.959567003029882 ], [ -122.293893998144284, 37.828948998205824 ], [ -122.416472999384439, 37.776528002348257 ] ] } },
{ "type": "Feature", "properties": { "region": "NorthAmerica", "edge_type": "hub_backbone" }, "geometry": { "type": "LineString", "coordinates": [ [ -122.416472999384439, 37.776528002348257 ], [ -122.395708001417532, 37.612843002068949 ], [ -122.083505001274972, 37.414664997056235 ], [ -121.915785998367667, 37.371505002182495 ], [ -121.83021100218221, 37.273302998253719 ], [ -121.652300998652109, 37.153030999842272 ], [ -121.556300002565578, 37.003030002933926 ], [ -121.399792998483491, 36.961039001582662 ], [ -121.323380997859132, 37.03234300215118 ], [ -121.134955998332728, 37.103293001696422 ], [ -121.043212001596615, 37.057130996624146 ], [ -120.620621998132094, 37.047617000650625 ], [ -120.491566997093003, 37.083309997117219 ], [ -120.217379001958506, 37.083827996817583 ], [ -120.056073997129218, 36.953445999727698 ] ] } },
{ "type": "Feature", "properties": { "region": "NorthAmerica", "edge_type": "hub_backbone" }, "geometry": { "type": "LineString", "coordinates": [ [ -122.331785996840495, 47.606546000309216 ], [ -122.332882004369182, 47.606093000747023 ] ] } },
{ "type": "Feature", "properties": { "region": "NorthAmerica", "edge_type": "hub_backbone" }, "geometry": { "type": "LineString", "coordinates": [ [ -122.332882004369182, 47.606093000747023 ], [ -122.332269003002452, 47.467197002500292 ], [ -122.294726996924084, 47.393595001990676 ], [ -122.313952004016301, 47.296537000263669 ], [ -122.336551999597248, 47.245031998776263 ], [ -122.434144001883496, 47.233092000928039 ], [ -122.443410995404989, 47.067598998097338 ], [ -122.540026996101346, 47.004603002728032 ], [ -122.560608998261742, 46.933378999639224 ], [ -122.60653000422009, 46.941934998732229 ], [ -122.700462997674222, 46.881936002374658 ], [ -122.858531004225512, 46.856349000765292 ], [ -122.869312997490567, 46.799929001067142 ], [ -122.953680002164006, 46.749015997947225 ], [ -122.971449001877374, 46.667318998003445 ], [ -122.876492997994532, 46.562396996920143 ], [ -122.914734998291749, 46.314983002892141 ], [ -122.884482003277114, 46.256196997093461 ], [ -122.898686999982814, 46.131493000747128 ], [ -122.843338004437754, 46.001674998480453 ], [ -122.7088000013147, 45.870250997370903 ], [ -122.674806996378749, 45.790295999113205 ], [ -122.665557996112398, 45.523009999058054 ], [ -122.679184998797993, 45.473746999656925 ], [ -122.744078001348782, 45.438252999205417 ], [ -122.770208995833869, 45.279914997579212 ], [ -123.000580001102136, 44.997949997322934 ], [ -122.988414997558309, 44.894490000174393 ], [ -123.062397998570177, 44.643944002048023 ], [ -123.045940997312385, 44.088756000232429 ], [ -123.087108999136177, 44.05200199741531 ], [ -123.030384000171466, 44.044082997653433 ], [ -123.006020000833402, 43.996662997358065 ], [ -123.020152997569113, 43.852327001477676 ], [ -123.062028997600905, 43.771049996823734 ], [ -123.218283997296354, 43.711213998664611 ], [ -123.216677998214521, 43.613042999243348 ], [ -123.315907000443048, 43.51062799907416 ], [ -123.373949998609447, 43.183346998920626 ], [ -123.359899997222868, 43.075948998183485 ], [ -123.299228995659078, 43.025854002073707 ], [ -123.326801004640828, 42.948022001091473 ], [ -123.278960999606227, 42.924477999569838 ], [ -123.227515525330446, 42.964821339102897 ], [ -123.066233463473552, 42.932945300960135 ], [ -123.008703996222437, 42.945574003475528 ], [ -122.869605003856819, 42.861104211166904 ], [ -122.868861001172192, 42.757805997856181 ], [ -122.807757999788265, 42.647935997460152 ], [ -122.812295004012782, 42.4692580014379 ], [ -122.880499996201436, 42.33534199732226 ], [ -122.642135997130737, 42.150402997484314 ], [ -122.555860997743281, 41.882446998190751 ], [ -122.585559004592213, 41.767223002951233 ], [ -122.642560001944815, 41.702920001522436 ], [ -122.534384004065359, 41.645364999753859 ], [ -122.428635002555225, 41.431497997953606 ], [ -122.383432999167141, 41.418431001925278 ], [ -122.258230001015789, 41.249455001719845 ], [ -122.440833998349447, 40.963466001762384 ], [ -122.308607001126305, 40.783874996434882 ], [ -122.393157998736271, 40.590103003371496 ], [ -122.379586997025484, 40.507333002419259 ], [ -122.284453998082228, 40.430896998735442 ], [ -122.253466998632078, 40.223232000660786 ], [ -122.126310003041041, 40.135266002948931 ], [ -122.071470001919025, 39.965394003544084 ], [ -121.691578001887024, 39.619554997339428 ], [ -121.687737003361534, 39.347157997838373 ], [ -121.634457995725626, 39.141788000094877 ], [ -121.591851997744499, 39.145752000826988 ], [ -121.540463997680561, 39.091610996166416 ], [ -121.539797995712064, 38.669219002524294 ], [ -121.499958000322266, 38.579927002439824 ] ] } },
{ "type": "Feature", "properties": { "region": "NorthAmerica", "edge_type": "hub_backbone" }, "geometry": { "type": "LineString", "coordinates": [ [ -121.499958000322266, 38.579927002439824 ], [ -121.386634997224562, 38.636558000557613 ], [ -121.072356996573561, 38.902199000402426 ], [ -120.934178004822954, 39.13330500194769 ], [ -120.670494001322538, 39.299463999448314 ], [ -120.591815003263989, 39.328112998062061 ], [ -120.528155001322773, 39.305090999281312 ], [ -120.341536998922976, 39.341057996695334 ], [ -120.202018996376225, 39.322987001407277 ], [ -120.088568001316872, 39.383574999793915 ], [ -120.027261998645031, 39.377354001886417 ], [ -119.98752600121567, 39.513604996963991 ], [ -119.778954996852036, 39.535419997844159 ], [ -119.656374001351935, 39.510885001990353 ], [ -119.453341002917114, 39.590082000016849 ], [ -119.213141000119251, 39.614521997058006 ], [ -118.957818739862233, 39.836530570886126 ], [ -118.701258304699635, 39.96484822206471 ], [ -118.648589001613374, 40.063133002027378 ], [ -118.387646000589925, 40.243307001871429 ], [ -118.315775998823057, 40.339051002561952 ], [ -118.252571002556337, 40.597871999714783 ], [ -118.065323999794629, 40.680543997426163 ], [ -117.95232100355058, 40.857713998047053 ], [ -117.727996998634197, 40.980531001535518 ], [ -117.582314999152942, 41.023265000650312 ], [ -117.491323000107514, 40.947235998170214 ], [ -117.32374900325334, 40.909264002161507 ], [ -117.194654000234621, 40.843116999648423 ], [ -116.914267997948954, 40.622311997955443 ], [ -116.835061940346947, 40.611225385166463 ], [ -116.730278996076564, 40.664838001504052 ], [ -116.550025997639267, 40.697365996661233 ], [ -116.305936999330257, 40.647954997866734 ], [ -116.138664998108297, 40.718207997214101 ], [ -115.961227418586091, 40.726028860685922 ], [ -115.747194998654862, 40.852372998186233 ], [ -115.660171001949834, 40.936264000506966 ], [ -115.462466001296576, 40.959279998725698 ], [ -115.289014004144917, 41.074246002346598 ], [ -115.044958998086258, 41.110765002392455 ], [ -114.796453001491528, 41.112605998940452 ], [ -114.564622997454549, 41.076055998522421 ], [ -114.254628433572776, 40.887474191846579 ], [ -114.107071003306572, 40.747419997450308 ], [ -114.052701000741251, 40.738311001866144 ], [ -113.12207799607458, 40.729183998861544 ], [ -112.900111996913793, 40.822404002332625 ], [ -112.778170000024787, 40.760835999742007 ], [ -112.355912445080577, 40.663084367314823 ], [ -112.127520024141333, 40.770664360022195 ], [ -111.835980000298875, 40.757317999286073 ], [ -111.796201000516845, 40.711060999986906 ], [ -111.718032002994605, 40.751142997984445 ], [ -111.576870999759493, 40.755482998358914 ], [ -111.538102999930814, 40.724989999769178 ], [ -111.497541001597696, 40.731469997270665 ], [ -111.465392004378089, 40.687936002369923 ], [ -111.413214996033858, 40.492808999413612 ], [ -111.253535780172101, 40.299294403581357 ], [ -111.067136903819588, 40.187350778012004 ], [ -110.841828174671889, 40.212452688628431 ], [ -110.568580949201859, 40.171268311436194 ], [ -110.150852466358216, 40.166238695941416 ], [ -110.072172004045768, 40.194610000261108 ], [ -110.059824004695372, 40.258570000959061 ], [ -109.988856998435253, 40.302149000537611 ], [ -109.760222238981839, 40.307362186010565 ], [ -109.630063981009684, 40.339036020876804 ], [ -109.538032002359799, 40.455598999429881 ], [ -109.502022998263257, 40.448647001424042 ], [ -109.498444999503477, 40.414619000871546 ], [ -109.209228171699351, 40.305946504575907 ], [ -108.916337432012554, 40.238557463812185 ], [ -108.617842309880629, 40.244365399091258 ], [ -108.244000544135559, 40.462151078497925 ], [ -108.094507999016912, 40.516849000880939 ], [ -107.840905725068055, 40.54376006925429 ], [ -107.688851678832492, 40.510077914128686 ], [ -107.444571995138134, 40.533249000713838 ], [ -107.322535755992647, 40.492375746349005 ], [ -106.88853200107323, 40.506797998843922 ], [ -106.831385997667482, 40.484169998552986 ], [ -106.805985135879027, 40.380650363140568 ], [ -106.754347682643868, 40.349883403196991 ], [ -106.718964912098187, 40.378370133845173 ], [ -106.579518002223011, 40.379928999609156 ], [ -106.448482162083494, 40.246549029892577 ], [ -106.388752999179317, 40.058829998787431 ], [ -106.165722002333453, 40.051544999798068 ], [ -105.981419003336612, 40.108750003189378 ], [ -105.898339149718041, 39.998444685412863 ], [ -105.827102361411789, 39.976805491623033 ], [ -105.750213795546031, 39.867190512686548 ], [ -105.801234573304967, 39.776533259639422 ], [ -105.520146995765572, 39.740851999387601 ], [ -105.236341996525411, 39.754539002499762 ], [ -105.199153001404255, 39.725068996986742 ], [ -104.987390004358403, 39.740059002241566 ] ] } },
{ "type": "Feature", "properties": { "region": "NorthAmerica", "edge_type": "hub_backbone" }, "geometry": { "type": "LineString", "coordinates": [ [ -120.056073997129218, 36.953445999727698 ], [ -120.060489998284979, 36.961285003524154 ] ] } },
{ "type": "Feature", "properties": { "region": "NorthAmerica", "edge_type": "hub_backbone" }, "geometry": { "type": "LineString", "coordinates": [ [ -120.056073997129218, 36.953445999727698 ], [ -119.628620999806728, 36.575807002594836 ], [ -119.63608599981778, 36.324213997872349 ] ] } },
{ "type": "Feature", "properties": { "region": "NorthAmerica", "edge_type": "hub_backbone" }, "geometry": { "type": "LineString", "coordinates": [ [ -119.63608599981778, 36.324213997872349 ], [ -119.649237003200625, 36.322219996999102 ] ] } },
{ "type": "Feature", "properties": { "region": "NorthAmerica", "edge_type": "hub_backbone" }, "geometry": { "type": "LineString", "coordinates": [ [ -119.63608599981778, 36.324213997872349 ], [ -119.636221995768622, 36.211308000042592 ], [ -119.600570997262267, 36.210975997423908 ], [ -119.593377001006161, 36.14902299957842 ], [ -119.350099001735629, 35.775512003279196 ], [ -119.252284998793229, 35.775919001990552 ], [ -119.187246999172444, 35.523976997112676 ], [ -119.017776002983339, 35.380036002393055 ], [ -119.004412997193427, 35.173727997054662 ], [ -118.919596996574683, 34.895754002828603 ], [ -118.86404599687161, 34.841345996385364 ], [ -118.883544999108636, 34.809280996320958 ], [ -118.800042003058621, 34.767314000512087 ], [ -118.787131002570234, 34.689115998141844 ], [ -118.627877004248205, 34.502633002943526 ], [ -118.553872003495044, 34.359165000397446 ], [ -118.29111400135578, 34.168961002322561 ], [ -118.241347002238911, 34.051396001533419 ], [ -118.055865000364278, 34.072271001433514 ], [ -117.627670003600244, 34.054805999339862 ], [ -117.523543997297125, 34.016144000374112 ], [ -117.453193001759942, 33.94580900128836 ], [ -117.400390002409935, 33.946125998936189 ] ] } },
{ "type": "Feature", "properties": { "region": "NorthAmerica", "edge_type": "hub_backbone" }, "geometry": { "type": "LineString", "coordinates": [ [ -117.400390002409935, 33.946125998936189 ], [ -116.678341999609913, 33.922446003929316 ], [ -116.561881998691689, 33.861989001282609 ], [ -116.544838002294654, 33.815785002871245 ], [ -116.404187996725767, 33.816334000025648 ], [ -116.18850200293528, 33.715480002633861 ], [ -115.888452004844339, 33.665269001334828 ], [ -115.720000003614672, 33.660201001880878 ], [ -115.381824004679217, 33.710464999988162 ], [ -114.987820001539717, 33.606861001310172 ], [ -114.525393003058426, 33.603330997924274 ], [ -114.076742621673304, 33.678851324547992 ], [ -112.623066002719696, 33.427122999252433 ], [ -112.478799002524553, 33.462292996174774 ], [ -112.094834518403786, 33.461611370388447 ] ] } },
{ "type": "Feature", "properties": { "region": "NorthAmerica", "edge_type": "hub_backbone" }, "geometry": { "type": "LineString", "coordinates": [ [ -117.400390002409935, 33.946125998936189 ], [ -117.395796997210596, 33.953407997655056 ] ] } },
{ "type": "Feature", "properties": { "region": "NorthAmerica", "edge_type": "hub_backbone" }, "geometry": { "type": "LineString", "coordinates": [ [ -113.539875999538054, 51.037606002864727 ], [ -113.536618313059122, 50.862646902676296 ], [ -113.423230002440249, 50.840861000089937 ], [ -113.41394199732423, 50.718736999715652 ], [ -113.291477998406776, 50.717264998974201 ], [ -113.24958200187676, 50.397626999202714 ], [ -113.143600381623855, 50.207622137142707 ], [ -113.1210629986182, 50.018796002050109 ], [ -113.084545000098515, 49.989698997943464 ], [ -113.083658659357141, 49.828211511015397 ], [ -113.060327003943613, 49.788751002817911 ], [ -112.999576178083657, 49.785585342851618 ], [ -112.846159998416482, 49.70232100260008 ] ] } },
{ "type": "Feature", "properties": { "region": "NorthAmerica", "edge_type": "hub_backbone" }, "geometry": { "type": "LineString", "coordinates": [ [ -113.539875999538054, 51.037606002864727 ], [ -113.084119001024504, 51.03674999692263 ], [ -113.07460914796593, 50.935720510830002 ], [ -113.005503001816862, 50.863515997972861 ], [ -112.453530040369245, 50.819866419624923 ], [ -112.355703766440087, 50.737370449756774 ], [ -111.99001899991886, 50.636984001343762 ], [ -111.589018944296086, 50.458674134417997 ], [ -111.174777999863167, 50.220229998884129 ], [ -110.966306798327594, 50.161050720784637 ], [ -110.703247995315436, 50.028997000883273 ] ] } },
{ "type": "Feature", "properties": { "region": "NorthAmerica", "edge_type": "hub_backbone" }, "geometry": { "type": "LineString", "coordinates": [ [ -112.846159998416482, 49.70232100260008 ], [ -112.845094003601432, 49.69035499889543 ] ] } },
{ "type": "Feature", "properties": { "region": "NorthAmerica", "edge_type": "hub_backbone" }, "geometry": { "type": "LineString", "coordinates": [ [ -112.846159998416482, 49.70232100260008 ], [ -112.293395899681329, 49.382145493636031 ], [ -111.96002000355081, 48.998389999368854 ], [ -111.8626470015477, 48.830480996872936 ], [ -111.859567001831948, 48.533015001842514 ], [ -111.935482000542208, 48.365075002212187 ], [ -111.933716002525159, 48.175323998803506 ], [ -111.760422998195651, 47.972849000323954 ], [ -111.665436999565458, 47.806438998168801 ], [ -111.662371004585012, 47.715022001826412 ], [ -111.55252999729268, 47.581189997974533 ], [ -111.32191500061009, 47.507816998772405 ] ] } },
{ "type": "Feature", "properties": { "region": "NorthAmerica", "edge_type": "hub_backbone" }, "geometry": { "type": "LineString", "coordinates": [ [ -112.094834518403786, 33.461611370388447 ], [ -112.082563997444325, 33.451409999377908 ] ] } },
{ "type": "Feature", "properties": { "region": "NorthAmerica", "edge_type": "hub_backbone" }, "geometry": { "type": "LineString", "coordinates": [ [ -106.649232002392253, 35.084247001837255 ], [ -107.133553001489517, 34.977804999008882 ], [ -107.297971001154892, 34.99436799928057 ], [ -107.361966002831934, 35.03880200073845 ], [ -107.454933001928438, 35.028446999807606 ], [ -107.538278002286262, 35.07339300059153 ], [ -107.733429999885146, 35.067327002269842 ], [ -107.897488996830418, 35.166516997336615 ], [ -108.013823997176843, 35.347411001311549 ], [ -108.649659002310329, 35.532861997443909 ], [ -108.903770998317697, 35.485362003436869 ], [ -109.123451593564141, 35.30315637207201 ], [ -109.256252749001092, 35.276530064500719 ], [ -109.338040995921034, 35.21320999718656 ], [ -109.919351515209812, 34.997003491616653 ], [ -110.086114000985759, 34.973493001197006 ], [ -110.189160995885331, 34.905010998502696 ], [ -110.916426997760482, 35.091652517235616 ], [ -111.588003003608677, 35.221215996725746 ], [ -111.661101002368937, 35.190424003355005 ], [ -111.730407571641038, 35.075256135551008 ], [ -111.740327999700241, 34.88520700273159 ], [ -111.77860900484707, 34.826223997305952 ], [ -111.743686001046953, 34.688164001712714 ], [ -111.989076002432498, 34.518446998547319 ], [ -112.119336003593759, 34.335315998116528 ], [ -112.145982999361152, 33.870849002476049 ], [ -112.094834518403786, 33.461611370388447 ] ] } },
{ "type": "Feature", "properties": { "region": "NorthAmerica", "edge_type": "hub_backbone" }, "geometry": { "type": "LineString", "coordinates": [ [ -112.094834518403786, 33.461611370388447 ], [ -112.082563997444325, 33.451409999377908 ] ] } },
{ "type": "Feature", "properties": { "region": "NorthAmerica", "edge_type": "hub_backbone" }, "geometry": { "type": "LineString", "coordinates": [ [ -112.082563997444325, 33.451409999377908 ], [ -111.969777998240303, 33.406347002574272 ], [ -111.966916998807704, 33.279474996818074 ], [ -111.701062000827548, 32.938196999405697 ], [ -111.685928002387584, 32.833255998858036 ], [ -111.385714259386717, 32.642522618720832 ], [ -111.054398999703281, 32.326101997063802 ], [ -110.968324001230684, 32.186982002067822 ], [ -110.685170999223757, 32.003506000572017 ], [ -110.450531002095957, 31.963094003824416 ], [ -110.189132115048977, 31.987687045280822 ], [ -110.114917142081296, 32.017886474981424 ], [ -109.745188528460233, 32.347418351951106 ], [ -109.673542000586551, 32.359592002333244 ], [ -109.028841000891234, 32.222368998386457 ], [ -108.745618002157343, 32.354275002392519 ], [ -108.634532001746479, 32.32814099622351 ], [ -108.379232998872141, 32.178849998474014 ], [ -107.63398100024358, 32.286753996205867 ], [ -107.394222995514994, 32.236244999815014 ], [ -107.200600002394879, 32.240763003523568 ], [ -106.747191002404648, 32.313833997662641 ] ] } },
{ "type": "Feature", "properties": { "region": "NorthAmerica", "edge_type": "hub_backbone" }, "geometry": { "type": "LineString", "coordinates": [ [ -111.32191500061009, 47.507816998772405 ], [ -111.300788996679955, 47.506395999447122 ] ] } },
{ "type": "Feature", "properties": { "region": "NorthAmerica", "edge_type": "hub_backbone" }, "geometry": { "type": "LineString", "coordinates": [ [ -111.32191500061009, 47.507816998772405 ], [ -111.369981003803886, 47.46656199852648 ], [ -111.511359004079026, 47.431591998804812 ], [ -111.833529998075051, 47.152954000184273 ], [ -111.915149999525397, 47.126521001007859 ], [ -112.078284001222585, 47.005989003313026 ], [ -112.126724997148585, 46.938215997012144 ], [ -112.114569003707018, 46.890714997379298 ], [ -112.005233002317979, 46.830109999482879 ], [ -112.036602001359526, 46.592542997695269 ], [ -111.998372002554547, 46.591224002103424 ], [ -111.943031999145418, 46.536819999768063 ], [ -112.12246499742507, 46.227848997846863 ], [ -111.880309002927575, 46.038614002923644 ], [ -111.978252003944789, 45.873694999284879 ], [ -111.750787003704872, 45.914604999950413 ], [ -111.547533001743801, 45.909959000908756 ], [ -111.32129699562725, 45.847260002415055 ], [ -111.06961199598932, 45.718892997951677 ], [ -111.046228004727311, 45.679324999208681 ], [ -110.918459004899461, 45.640744999047179 ], [ -110.831988999230163, 45.666073000450048 ], [ -110.581636003529212, 45.655446998738483 ], [ -110.442590002782183, 45.71140800219429 ], [ -110.262391999206599, 45.698212002230122 ], [ -110.229517001540671, 45.733800998326096 ], [ -109.900750998936815, 45.832580001823096 ], [ -109.746189997288411, 45.732055002531041 ], [ -109.436004999549567, 45.680920999537449 ], [ -109.388879999582215, 45.700723001193218 ], [ -109.109246129734487, 45.597763088251163 ], [ -108.705887996490901, 45.682989002906368 ], [ -108.393349996612642, 45.826399000982491 ], [ -108.195611003709075, 45.778073999620943 ], [ -107.585714996134953, 45.743872001367805 ], [ -107.495529998625017, 45.669823997262256 ], [ -107.389314996061259, 45.489930998396261 ], [ -107.343775001547527, 45.320201001870743 ], [ -107.37218300069901, 45.137452001700645 ], [ -107.337108999082801, 45.053262000122572 ], [ -107.291604002932516, 44.982473002146151 ], [ -107.160708003533273, 44.916329002364421 ], [ -107.010608996783148, 44.891424997458778 ], [ -106.937087002191916, 44.807404001238496 ], [ -106.797872001390502, 44.477047001425014 ], [ -106.689030001542505, 44.371565998384121 ], [ -106.61440500154653, 43.81344400101171 ], [ -106.645821000443732, 43.708257002422762 ], [ -106.628274998516503, 43.655718999899563 ], [ -106.382558001384382, 43.449640999054672 ], [ -106.399579000910137, 43.325558001687327 ], [ -106.338804001385867, 43.168146996626852 ], [ -106.33678599898218, 42.848115997154075 ], [ -105.867663003288826, 42.837392000253786 ], [ -105.470286679656965, 42.780604134929263 ], [ -105.271944000916164, 42.709611001316979 ], [ -105.035210003911658, 42.545723000960614 ], [ -105.048247002101803, 42.285871002716114 ], [ -104.94235600389473, 41.928447003377947 ], [ -104.791241002558294, 41.784626998972911 ], [ -104.831788996156121, 41.757126001867228 ], [ -104.899451998801254, 41.523002998280205 ], [ -104.814209001978512, 41.133140999238698 ], [ -104.89664799747338, 41.035731998862865 ], [ -104.999260998292925, 40.699382997545079 ], [ -104.987390004358403, 39.750236000468476 ] ] } },
{ "type": "Feature", "properties": { "region": "NorthAmerica", "edge_type": "hub_backbone" }, "geometry": { "type": "LineString", "coordinates": [ [ -110.703247995315436, 50.028997000883273 ], [ -110.675636002320374, 50.039762001902815 ] ] } },
{ "type": "Feature", "properties": { "region": "NorthAmerica", "edge_type": "hub_backbone" }, "geometry": { "type": "LineString", "coordinates": [ [ -110.703247995315436, 50.028997000883273 ], [ -110.605148364045306, 49.972572411105553 ], [ -110.404129352544814, 49.979142854268211 ], [ -110.170313658504895, 49.938665142227464 ], [ -109.127804002980923, 50.004190000982689 ], [ -108.803400003801102, 50.068310998397919 ], [ -108.577028001733694, 50.071666001833115 ], [ -107.933735003448348, 50.290932998707987 ], [ -107.849968594407571, 50.286685740932164 ], [ -107.466556995092418, 50.387225997199202 ], [ -107.292142489046398, 50.392355164464064 ], [ -107.173294002535016, 50.426331002055562 ], [ -106.967117996550385, 50.412012001496144 ], [ -106.729753220519669, 50.462637111289538 ], [ -106.20959865830082, 50.455764156219701 ], [ -105.878405003557404, 50.480979998116588 ], [ -105.730101971605364, 50.426287565258086 ], [ -105.534490997778349, 50.423234001622617 ], [ -105.477417003325755, 50.394820001453553 ], [ -104.617956002217937, 50.396655998381767 ], [ -104.618015003565802, 50.447136000064887 ], [ -104.356909003234023, 50.447515002383966 ], [ -104.159642003147056, 50.505273003107263 ], [ -103.739413203440506, 50.527464859331545 ], [ -103.58149849439242, 50.518946251737674 ], [ -103.266421999251648, 50.411599002286309 ], [ -102.58123499869626, 50.38278499926102 ], [ -102.120563999982878, 50.308281000542152 ], [ -101.74433583273607, 50.189436024498043 ], [ -101.516061998397475, 50.077719001811325 ], [ -100.713966998108518, 49.77038400089414 ], [ -100.518449817380315, 49.768697553400713 ], [ -100.257600995731224, 49.841664999660892 ], [ -99.961825002099133, 49.842194001967357 ], [ -99.961903002815276, 49.886788002055624 ], [ -99.086877997707276, 49.901420998691535 ], [ -98.949761003268776, 49.952917000049389 ], [ -98.76661000379228, 49.97511499872909 ], [ -98.153639296562616, 49.973214032961486 ], [ -97.641330000197726, 49.886685001449727 ], [ -97.262877002436227, 49.875316999326813 ], [ -97.14199700285927, 49.894076999784289 ] ] } },
{ "type": "Feature", "properties": { "region": "NorthAmerica", "edge_type": "hub_backbone" }, "geometry": { "type": "LineString", "coordinates": [ [ -106.747191002404648, 32.313833997662641 ], [ -106.753426999309141, 32.324835001478661 ] ] } },
{ "type": "Feature", "properties": { "region": "NorthAmerica", "edge_type": "hub_backbone" }, "geometry": { "type": "LineString", "coordinates": [ [ -106.747191002404648, 32.313833997662641 ], [ -106.583724004214787, 32.013083999799704 ], [ -106.570398000031432, 31.839427996570407 ], [ -106.515780996695582, 31.818108998722252 ], [ -106.487212998608825, 31.758856003160748 ], [ -106.400398003937795, 31.760822002083458 ], [ -106.144661000497237, 31.490245001537335 ], [ -105.725929467790507, 31.190078720612107 ], [ -105.656852418073512, 31.171426841408632 ], [ -105.45542063968314, 31.199820671546885 ], [ -104.872098001955777, 31.037005999664746 ], [ -104.166945000979752, 31.060676995983997 ], [ -104.051889003968554, 31.089410001915439 ], [ -103.842669191390968, 31.006688862670334 ], [ -103.061523999472286, 30.90092100010428 ], [ -102.560758629430126, 30.861019062590795 ], [ -102.16260253219906, 30.891643514475351 ], [ -101.80911599790403, 30.717641001703328 ], [ -101.647923435198862, 30.737364194577424 ], [ -101.343746334147639, 30.67976221305128 ], [ -101.161134000448158, 30.710418997366858 ], [ -100.49298367502017, 30.553730316821405 ], [ -100.264034972341221, 30.453444302079156 ], [ -99.863352857446984, 30.525344183028455 ], [ -99.777388001411367, 30.509783997743195 ], [ -99.542514999265222, 30.298637998436796 ], [ -98.899770997382618, 29.978437000591057 ], [ -98.650708000395966, 29.697748999953529 ], [ -98.493157998370108, 29.424292002702138 ] ] } },
{ "type": "Feature", "properties": { "region": "NorthAmerica", "edge_type": "hub_backbone" }, "geometry": { "type": "LineString", "coordinates": [ [ -105.942755998598372, 35.686464996324638 ], [ -106.165143999330184, 35.522298999718274 ], [ -106.220090998785622, 35.518546997551113 ], [ -106.49377299987006, 35.373895998347102 ], [ -106.608965998945237, 35.20818399867261 ], [ -106.649232002392253, 35.084247001837255 ] ] } },
{ "type": "Feature", "properties": { "region": "NorthAmerica", "edge_type": "hub_backbone" }, "geometry": { "type": "LineString", "coordinates": [ [ -106.649232002392253, 35.084247001837255 ], [ -106.445777999516324, 35.061580998600334 ], [ -106.325758999206542, 35.115223999665247 ], [ -106.01414600355946, 35.004601999487484 ], [ -105.528655002703516, 35.006164002969193 ], [ -104.643700002478596, 34.948548999801481 ], [ -104.469702997444074, 34.745246999043935 ], [ -104.250388995681902, 34.57826200089557 ], [ -104.245258995572016, 34.471665997923715 ], [ -104.05040999971844, 34.431512000500369 ], [ -103.930989996040154, 34.450832998300008 ], [ -103.205472996056898, 34.398585998988054 ] ] } },
{ "type": "Feature", "properties": { "region": "NorthAmerica", "edge_type": "hub_backbone" }, "geometry": { "type": "LineString", "coordinates": [ [ -104.51207099577384, 37.165471997171039 ], [ -104.523190001000856, 37.059386999505264 ], [ -104.438931000774048, 36.906555001310096 ], [ -104.44309400041314, 36.818143998887727 ], [ -104.553761996756037, 36.700625997076102 ], [ -104.908701996197607, 36.510109000848395 ], [ -104.996153995219757, 36.522774999132238 ], [ -105.054470000384171, 36.565303001730243 ], [ -105.177339004747452, 36.524155997235056 ], [ -105.269635995389308, 36.552811002846639 ], [ -105.275033998881028, 36.453602998382124 ], [ -105.373909999135464, 36.373201000993511 ], [ -105.548750001198954, 36.375828002659269 ], [ -105.573393996427896, 36.407209998350091 ], [ -105.612421995649228, 36.356335003610297 ], [ -105.868231996189778, 36.219461003316702 ], [ -105.968468000868626, 36.201980999809791 ], [ -105.968693001897819, 36.15539999691142 ], [ -106.048642002172414, 36.091208997333943 ], [ -106.068058000077173, 35.992237001565883 ], [ -106.02229300453422, 35.956445996002977 ], [ -106.022626998156838, 35.890412002632623 ], [ -105.948179999334414, 35.784330000148437 ], [ -105.942755998598372, 35.686464996324638 ] ] } },
{ "type": "Feature", "properties": { "region": "NorthAmerica", "edge_type": "hub_backbone" }, "geometry": { "type": "LineString", "coordinates": [ [ -105.942755998598372, 35.686464996324638 ], [ -105.938213999740867, 35.68607100198539 ] ] } },
{ "type": "Feature", "properties": { "region": "NorthAmerica", "edge_type": "hub_backbone" }, "geometry": { "type": "LineString", "coordinates": [ [ -104.987390004358403, 39.740059002241566 ], [ -104.987390004358403, 39.750236000468476 ] ] } },
{ "type": "Feature", "properties": { "region": "NorthAmerica", "edge_type": "hub_backbone" }, "geometry": { "type": "LineString", "coordinates": [ [ -104.987390004358403, 39.740059002241566 ], [ -104.987520996693135, 39.701397003693124 ], [ -104.931568000900455, 39.675885000172265 ], [ -104.872964004839119, 39.570295997143866 ], [ -104.860696997594744, 39.38013400190566 ], [ -104.896931002720521, 39.271330998812488 ], [ -104.804166995928782, 38.967714002175008 ], [ -104.822378002694578, 38.81499099991985 ], [ -104.729810996444641, 38.721374998465627 ], [ -104.606052004179887, 38.447274000051429 ], [ -104.614464996310247, 38.223391000577756 ], [ -104.827052997129869, 37.914621001829701 ], [ -104.831934002209266, 37.743434002962658 ], [ -104.52360500469581, 37.290505997956942 ], [ -104.4919379985419, 37.229175002498295 ], [ -104.51207099577384, 37.165471997171039 ] ] } },
{ "type": "Feature", "properties": { "region": "NorthAmerica", "edge_type": "hub_backbone" }, "geometry": { "type": "LineString", "coordinates": [ [ -104.987390004358403, 39.750236000468476 ], [ -104.940579001515459, 39.76180100151624 ], [ -104.930532000832756, 39.81345899701239 ], [ -104.598337003025293, 40.103845001833108 ], [ -104.052692996147812, 40.246355002014319 ], [ -103.527941637839135, 40.258793122178162 ], [ -103.2086860003336, 40.159170001858989 ], [ -102.79428200269345, 40.147241003093953 ], [ -102.311866132684401, 40.075248243868259 ], [ -102.135093827495339, 40.085685599055182 ], [ -101.943864000191013, 40.013842996598626 ], [ -101.542716998154091, 40.021778997680968 ], [ -101.531768996224557, 40.061534000460767 ], [ -101.399554997623611, 40.113626999001923 ], [ -101.013076001956122, 40.182614000654873 ], [ -100.895031004567443, 40.234358997675159 ], [ -100.593715001763513, 40.198394996403053 ], [ -100.506661998457972, 40.234863998663123 ], [ -100.01419699875899, 40.306956002863643 ], [ -99.545789996279666, 40.307077002443194 ], [ -99.391364002435282, 40.437188998424624 ], [ -98.951780002802451, 40.503077000247522 ], [ -98.795163000013815, 40.567443000446119 ], [ -97.938205998861548, 40.582561997225675 ], [ -97.824524002026862, 40.622257000935008 ], [ -97.123145003222476, 40.656779998937047 ], [ -97.120532648477337, 40.740663075160981 ], [ -97.101317998960383, 40.770714003003242 ], [ -97.045475001874209, 40.770720996694166 ], [ -97.044532004387875, 40.814270998208691 ], [ -96.682285000627459, 40.813498996784006 ], [ -96.682037999856931, 40.842499001838618 ], [ -96.463730003415122, 40.946550998468467 ], [ -96.326174999427224, 41.061166999679664 ], [ -96.162548002302131, 41.142316999522059 ], [ -96.086442003796122, 41.234082997412308 ], [ -95.784571003843368, 41.280081000580715 ], [ -95.608444003438635, 41.442385996521303 ], [ -95.584995998229502, 41.498856001980194 ], [ -94.238759998297539, 41.493552997216028 ], [ -93.808994000815176, 41.591736001142976 ], [ -93.596853998810872, 41.584685999211978 ], [ -93.575153998363646, 41.627750000812213 ], [ -93.373854999955412, 41.680384001038192 ], [ -92.559443001176518, 41.696604001933252 ], [ -91.601531998888291, 41.693832999028871 ], [ -90.859898000999138, 41.632986001450902 ], [ -90.619387998579896, 41.599930001615292 ], [ -90.57092800328563, 41.560321002586278 ], [ -90.579580001180474, 41.511255999459422 ], [ -90.400930001451954, 41.508119997078317 ], [ -90.252970000174315, 41.547750001559713 ], [ -90.103040002461711, 41.68880000081171 ], [ -89.857050654101755, 41.755131042708292 ], [ -88.437486003977199, 41.765262000163531 ], [ -88.397889002871764, 41.794456997392494 ], [ -88.035179995560696, 41.80962000272369 ], [ -87.904272003652409, 41.873920002176668 ], [ -87.630769998001483, 41.878160001725341 ] ] } },
{ "type": "Feature", "properties": { "region": "NorthAmerica", "edge_type": "hub_backbone" }, "geometry": { "type": "LineString", "coordinates": [ [ -104.51207099577384, 37.165471997171039 ], [ -104.50111199846522, 37.17013800023512 ] ] } },
{ "type": "Feature", "properties": { "region": "NorthAmerica", "edge_type": "hub_backbone" }, "geometry": { "type": "LineString", "coordinates": [ [ -103.205472996056898, 34.398585998988054 ], [ -103.02561900231936, 34.388722001389354 ], [ -102.723870999695279, 34.226308001302662 ], [ -101.855216002165903, 33.594528003695793 ], [ -101.845382001020198, 33.538276000102641 ], [ -101.669536002619495, 33.459533001218617 ], [ -101.43037123632142, 33.21618740578829 ], [ -101.098193001077121, 32.97014200336055 ], [ -100.918447999933008, 32.739257002314169 ], [ -100.552274001924886, 32.453133999518407 ], [ -100.141583001865442, 32.495281999082835 ], [ -99.237977970229068, 32.37470014290443 ], [ -99.00500000010733, 32.375163000355563 ], [ -98.789694999795131, 32.400656002267034 ], [ -98.623761003256277, 32.475027002376443 ], [ -98.152709827704456, 32.58118863648334 ], [ -98.009484001873048, 32.680845001679387 ], [ -97.880247999287334, 32.726656999043122 ], [ -97.70336799507885, 32.754893999779469 ], [ -97.43413400212377, 32.721450998288105 ], [ -97.332987995078966, 32.75707199732755 ], [ -96.80538400065295, 32.768797999007411 ] ] } },
{ "type": "Feature", "properties": { "region": "NorthAmerica", "edge_type": "hub_backbone" }, "geometry": { "type": "LineString", "coordinates": [ [ -103.205472996056898, 34.398585998988054 ], [ -103.205340997609042, 34.404820999835863 ] ] } },
{ "type": "Feature", "properties": { "region": "NorthAmerica", "edge_type": "hub_backbone" }, "geometry": { "type": "LineString", "coordinates": [ [ -98.493157998370108, 29.424292002702138 ], [ -98.389426999263719, 29.533282003504947 ], [ -98.098113000529906, 29.699166000908239 ], [ -97.909469000720392, 29.896216003491777 ], [ -97.67414599651579, 30.381269997812232 ], [ -97.692830002211281, 30.577311001331605 ], [ -97.604885995908035, 30.824855999325443 ], [ -97.466601002953936, 31.046553996425224 ], [ -97.335411002928495, 31.126940999720016 ], [ -97.115206995298607, 31.581995002206479 ] ] } },
{ "type": "Feature", "properties": { "region": "NorthAmerica", "edge_type": "hub_backbone" }, "geometry": { "type": "LineString", "coordinates": [ [ -95.369149996520562, 29.76382399887828 ], [ -96.118800003049714, 29.775762002622585 ], [ -96.54256800327893, 29.691902997411681 ], [ -97.115984999216693, 29.696480999181308 ], [ -97.6661120036038, 29.651653002146119 ], [ -98.493157998370108, 29.424292002702138 ] ] } },
{ "type": "Feature", "properties": { "region": "NorthAmerica", "edge_type": "hub_backbone" }, "geometry": { "type": "LineString", "coordinates": [ [ -97.14199700285927, 49.894076999784289 ], [ -97.103793998428529, 49.855237997460264 ], [ -97.021295004455808, 49.855451001466847 ], [ -96.548144996091025, 49.662935997858291 ], [ -95.729909515934651, 49.648196799565468 ], [ -95.681698901946433, 49.623412893888428 ], [ -95.479075966472479, 49.635295005356618 ], [ -95.210302000774348, 49.736959999076646 ], [ -94.84617511058515, 49.71143167587757 ], [ -94.490134001184103, 49.769630000090096 ], [ -94.334321996687862, 49.726482998204972 ], [ -94.248862999955051, 49.726447000325194 ], [ -93.918260984640924, 49.844291751899135 ], [ -93.529437197435684, 49.817135385045653 ], [ -93.389611000881217, 49.860460002628038 ], [ -93.24856539522753, 49.812074365935239 ], [ -92.847551002492835, 49.812427001324153 ], [ -92.825018003265797, 49.786131998640052 ], [ -92.690090849961678, 49.770544861080793 ], [ -92.577390181726514, 49.703302714643755 ], [ -92.503860003483041, 49.691245001246159 ], [ -92.392997503914884, 49.592014680297915 ], [ -92.117080790847652, 49.541193734636458 ], [ -91.915524649689317, 49.466951474960155 ], [ -91.694913094381306, 49.43470070658271 ], [ -91.270810759169663, 49.273919968741161 ], [ -90.886248310177677, 49.216301604258142 ], [ -90.71015810476699, 49.112267342318816 ], [ -90.677713004863421, 49.061840002055064 ], [ -90.471667003066742, 49.050031002291256 ], [ -90.324582410033457, 48.967942562002186 ], [ -90.01559207280782, 48.89589049214873 ], [ -89.877438314733581, 48.76435393452789 ], [ -89.896806001242354, 48.601390998528785 ], [ -89.649609999860147, 48.534035998847102 ], [ -89.631857996271947, 48.405841001697837 ], [ -89.568206995449813, 48.380585002086825 ], [ -89.245466002439727, 48.38088900254683 ], [ -89.181875997225418, 48.483439997891843 ], [ -88.827602907050775, 48.57245929219539 ], [ -88.732747379732487, 48.64402480978287 ], [ -88.662257001595805, 48.662032998735036 ], [ -88.51958699936327, 48.852281001473877 ], [ -88.367924483844305, 48.922402754723961 ], [ -88.297214997626682, 49.022350997805702 ], [ -88.086001625804272, 49.002420716905903 ], [ -88.028693251910909, 49.016581363838078 ], [ -87.935057897259867, 48.939544398217969 ], [ -87.635668358532186, 48.899421184046247 ], [ -87.522253520663, 48.845133688359731 ], [ -87.161195724641999, 48.789804263274476 ], [ -87.09033700130621, 48.791642001234756 ], [ -87.053192832117745, 48.840466568358011 ], [ -86.974429859546447, 48.855671578114027 ], [ -86.884276042560018, 48.776479927244125 ], [ -86.727527849807288, 48.808508556233022 ], [ -86.516569869020159, 48.768739155574842 ], [ -86.466312955696779, 48.792443606582523 ], [ -86.338681002848702, 48.74795799997073 ], [ -86.325413254411501, 48.719378335042499 ], [ -86.148631328265765, 48.681728074805193 ], [ -85.644392999469957, 48.724528001778054 ], [ -85.509796857381744, 48.693033239259101 ], [ -85.153202888822207, 48.522960252346188 ], [ -85.078107953151644, 48.369440555954348 ], [ -84.886812997989253, 48.280430001993324 ], [ -84.809400660413942, 48.121870951694277 ], [ -84.824214687932837, 48.015455454049516 ], [ -84.786389002870905, 47.968730001188021 ], [ -84.886323047850141, 47.844362690717887 ], [ -84.893167060471569, 47.790302238098441 ], [ -84.828153342312916, 47.754502463161977 ], [ -84.803902719346823, 47.479772928679687 ], [ -84.56343458740298, 47.264383974631066 ], [ -84.703526586466836, 47.154936917418922 ], [ -84.775576808246029, 47.010634890273437 ], [ -84.747596083776273, 46.966725173005493 ], [ -84.424833594081406, 46.927635814455847 ], [ -84.361892855221853, 46.890567881807748 ], [ -84.39193499767299, 46.794674002742909 ], [ -84.29439596903903, 46.602192059764775 ], [ -84.353109002609585, 46.519022997639567 ], [ -84.302191001102315, 46.509488998397075 ], [ -84.16704170341157, 46.548104201388384 ], [ -84.108692002440861, 46.526204999086396 ], [ -84.070005003701368, 46.484979997591481 ], [ -84.045072002479216, 46.337777002065565 ], [ -83.914583146516193, 46.343006734625597 ], [ -83.548767998514634, 46.265260999931208 ], [ -83.283430142677233, 46.292631455273536 ], [ -83.09534485005868, 46.213350271439616 ], [ -82.9515510015068, 46.184111002714964 ], [ -82.573913997416795, 46.212409000287103 ], [ -82.345397995243886, 46.195715997157102 ], [ -82.065989997791206, 46.213388003256924 ], [ -81.898617996111824, 46.267403999684674 ], [ -81.498026000206892, 46.331986000651689 ], [ -81.293957450861953, 46.404439125790006 ], [ -81.120922999637472, 46.427423002560118 ], [ -81.007123000107086, 46.493101998275364 ], [ -80.976064000686918, 46.436113001678152 ], [ -80.888167003222492, 46.427912998081368 ], [ -80.816178998759881, 46.355717001212597 ], [ -80.809073998598961, 46.265303999608129 ], [ -80.566471451573705, 45.996928999934966 ], [ -80.536440996204419, 45.800882002325778 ], [ -80.374031997823593, 45.59675199805632 ], [ -80.081052971710676, 45.428144273302458 ], [ -80.002931998123501, 45.346538000908119 ], [ -79.8631339996858, 45.293474998005834 ], [ -79.831101001918867, 45.248799999414288 ], [ -79.794181995456341, 45.16653599853786 ], [ -79.773057815106228, 44.910818164047306 ], [ -79.643599003380587, 44.671778000919936 ], [ -79.739859001729855, 44.523407001408131 ], [ -79.649913998131225, 44.428910000773364 ], [ -79.698530003840844, 44.399065003092822 ], [ -79.692046000052699, 44.372064002950786 ], [ -79.627368997411963, 44.348455002516857 ], [ -79.564749002024598, 44.114289996457984 ], [ -79.519421000934742, 44.105497999769199 ], [ -79.480327002489474, 44.054793998529497 ], [ -79.386775002513659, 43.670217002443877 ] ] } },
{ "type": "Feature", "properties": { "region": "NorthAmerica", "edge_type": "hub_backbone" }, "geometry": { "type": "LineString", "coordinates": [ [ -97.14199700285927, 49.894076999784289 ], [ -97.146367459430095, 49.599425484957926 ], [ -97.364420999084516, 49.35101399841956 ], [ -97.237186002777293, 49.004975998369886 ], [ -97.257143002078777, 48.931136002095478 ], [ -97.182289003550579, 48.662325002592596 ], [ -97.190960997943662, 48.131507003139681 ], [ -97.031484998965453, 47.924482997344782 ], [ -97.045121999900189, 47.889501997355545 ], [ -97.087987997273999, 47.889380997827942 ], [ -97.07412100067711, 47.403629001233028 ], [ -96.941316997580685, 47.052624001912207 ], [ -96.884340003212486, 46.977189998231601 ], [ -96.767968998389478, 46.84698899831168 ], [ -96.643715995600516, 46.845160998748241 ], [ -96.399606003663322, 46.665129001117414 ], [ -96.28064800353566, 46.482600997882962 ], [ -96.122998998182283, 46.329452998745879 ], [ -96.112081997113222, 46.275925997850166 ], [ -95.838207999103147, 46.038344999484416 ], [ -95.382943996017502, 45.842448002299903 ], [ -95.148983996610355, 45.832899001059317 ], [ -94.811743997285205, 45.666911002089023 ], [ -94.405763124771781, 45.608022592049835 ], [ -94.340076002526686, 45.558167000895104 ], [ -94.138763996513148, 45.566133999414212 ], [ -93.9963339971751, 45.446485000780697 ], [ -93.819889999272903, 45.35654099935163 ], [ -93.794243996226584, 45.305673002821393 ], [ -93.547510995524974, 45.192168999616698 ], [ -93.441740003256726, 45.090538002492423 ], [ -93.285857004903562, 45.069456999392642 ], [ -93.269645001173245, 44.965862000717038 ] ] } },
{ "type": "Feature", "properties": { "region": "NorthAmerica", "edge_type": "hub_backbone" }, "geometry": { "type": "LineString", "coordinates": [ [ -97.115206995298607, 31.581995002206479 ], [ -97.08359599910267, 31.884474996817147 ], [ -97.118078001963497, 31.970797001977051 ], [ -97.094866999275752, 32.04458300394495 ], [ -96.891198999732865, 32.182869002431573 ], [ -96.822905002465859, 32.490728999930106 ], [ -96.80538400065295, 32.768797999007411 ] ] } },
{ "type": "Feature", "properties": { "region": "NorthAmerica", "edge_type": "hub_backbone" }, "geometry": { "type": "LineString", "coordinates": [ [ -95.36546100192426, 29.770593000916119 ], [ -95.41174599625262, 29.877797000810752 ], [ -95.563545001795859, 29.973716003152184 ], [ -95.682261004769146, 30.170618003701453 ], [ -96.050094002460824, 30.341900999627953 ], [ -96.371968004440745, 30.688514997590467 ], [ -96.582085000425209, 30.863914999847267 ], [ -96.694843214737489, 31.001050026005032 ], [ -96.741285998145472, 31.164833000485984 ], [ -96.872102002568639, 31.273218001496481 ], [ -96.927588000177721, 31.487632999117903 ], [ -97.115206995298607, 31.581995002206479 ] ] } },
{ "type": "Feature", "properties": { "region": "NorthAmerica", "edge_type": "hub_backbone" }, "geometry": { "type": "LineString", "coordinates": [ [ -96.80538400065295, 32.768797999007411 ], [ -96.798824996521731, 32.772495002822929 ] ] } },
{ "type": "Feature", "properties": { "region": "NorthAmerica", "edge_type": "hub_backbone" }, "geometry": { "type": "LineString", "coordinates": [ [ -96.798824996521731, 32.772495002822929 ], [ -96.795740999302964, 32.773440999976209 ] ] } },
{ "type": "Feature", "properties": { "region": "NorthAmerica", "edge_type": "hub_backbone" }, "geometry": { "type": "LineString", "coordinates": [ [ -96.798824996521731, 32.772495002822929 ], [ -96.877455000464664, 32.849405995971189 ], [ -96.906038997546588, 32.946963996638104 ], [ -97.008738003071443, 33.046379999906854 ], [ -97.03956500358629, 33.129950997058017 ], [ -97.175354997703991, 33.234128000184576 ], [ -97.126098996253305, 33.882268999471357 ], [ -97.134951004046172, 34.450605999036561 ], [ -97.353888000849921, 34.909664000770256 ], [ -97.377168003134614, 35.046120996794805 ], [ -97.494145999595133, 35.175005998659614 ], [ -97.513779003523055, 35.493228999688533 ], [ -97.429196996069507, 35.600161003278629 ], [ -96.626888996243537, 35.767485998096397 ], [ -96.382208996309075, 35.851086997224272 ], [ -96.189698997859722, 35.990365000879386 ], [ -96.0999679999112, 36.015519997805221 ], [ -95.99761199811131, 36.160876997586143 ], [ -95.732032998519017, 36.162845999927725 ], [ -95.623998997336486, 36.279026003256426 ], [ -95.471367999126542, 36.347100001143943 ], [ -95.179421999657734, 36.610476999116599 ], [ -94.924883995593206, 36.726057000002491 ], [ -94.837543998520687, 36.886924997192516 ], [ -94.617969997365805, 36.995888000165351 ], [ -94.362681998853745, 37.082047998525525 ], [ -93.898163066620839, 37.07406892464936 ], [ -93.806584997700924, 37.091735003877261 ], [ -93.641768999448871, 37.187146998463241 ], [ -93.481874996402681, 37.188107003043747 ], [ -93.345876997380984, 37.247974997718629 ], [ -93.183311000437925, 37.250386001472542 ], [ -92.984585001582232, 37.303250003142686 ], [ -92.927478003026124, 37.34536699832465 ], [ -92.84159500147922, 37.504164002549096 ], [ -92.583964996206745, 37.746478997207632 ], [ -92.263847002977883, 37.785082001949334 ], [ -92.022564997386624, 37.867045001154139 ], [ -91.939914996614633, 37.94298700092537 ], [ -91.803240000245381, 37.940456997639629 ], [ -91.410768001957734, 38.070487997983854 ], [ -91.199172001723213, 38.184496996673289 ], [ -90.84547699540019, 38.480984998001631 ], [ -90.559461996830677, 38.5072190013151 ], [ -90.200104001973429, 38.622935996990257 ] ] } },
{ "type": "Feature", "properties": { "region": "NorthAmerica", "edge_type": "hub_backbone" }, "geometry": { "type": "LineString", "coordinates": [ [ -95.370153998597885, 29.763387000932447 ], [ -95.369149996520562, 29.76382399887828 ] ] } },
{ "type": "Feature", "properties": { "region": "NorthAmerica", "edge_type": "hub_backbone" }, "geometry": { "type": "LineString", "coordinates": [ [ -95.369149996520562, 29.76382399887828 ], [ -95.36546100192426, 29.770593000916119 ] ] } },
{ "type": "Feature", "properties": { "region": "NorthAmerica", "edge_type": "hub_backbone" }, "geometry": { "type": "LineString", "coordinates": [ [ -95.36546100192426, 29.770593000916119 ], [ -95.258716999456013, 29.77476499851068 ], [ -95.063221001002248, 29.884236997467301 ], [ -95.022190001242436, 29.944299001758438 ], [ -94.85425000379206, 30.053706002209022 ], [ -94.522109740334855, 30.021964385361407 ], [ -94.129406003653358, 30.068304001693242 ], [ -94.007373995572863, 30.135299001514799 ], [ -93.725971998700885, 30.11857300289806 ], [ -93.567700002714844, 30.184690003608008 ], [ -93.27631200076793, 30.237329999824272 ], [ -92.261741001608954, 30.252253997614091 ], [ -92.032742999387224, 30.244492001523209 ], [ -92.019012995871151, 30.217273996217973 ], [ -91.992294000133697, 30.267958002732971 ], [ -91.896172000978396, 30.300555998825779 ], [ -91.330610763217123, 30.447533793077401 ], [ -91.178542002577203, 30.443633002639153 ] ] } },
{ "type": "Feature", "properties": { "region": "NorthAmerica", "edge_type": "hub_backbone" }, "geometry": { "type": "LineString", "coordinates": [ [ -93.269645001173245, 44.965862000717038 ], [ -93.267846996182627, 44.971069999839685 ] ] } },
{ "type": "Feature", "properties": { "region": "NorthAmerica", "edge_type": "hub_backbone" }, "geometry": { "type": "LineString", "coordinates": [ [ -93.269645001173245, 44.965862000717038 ], [ -93.148653996776602, 44.860152999684054 ], [ -93.044472995611798, 44.815911999934357 ], [ -92.993177998129227, 44.601199000975505 ], [ -92.903218998778485, 44.457468998025448 ], [ -92.651377997708309, 44.266956001040079 ], [ -92.634676996053074, 44.204257002979006 ], [ -92.548082995925071, 44.168413001455278 ], [ -92.462513003355767, 43.976735002692941 ], [ -92.357706999332024, 43.950908998612782 ], [ -91.958837999091472, 43.932858999659167 ], [ -91.680371004865208, 43.956482998901535 ], [ -91.560350998442331, 43.910235000272294 ], [ -91.438690003557355, 43.925885997226338 ], [ -91.362967998902718, 43.913836002035858 ], [ -91.303634004892018, 43.825969000509687 ], [ -91.251677002943993, 43.808727997331282 ] ] } },
{ "type": "Feature", "properties": { "region": "NorthAmerica", "edge_type": "hub_backbone" }, "geometry": { "type": "LineString", "coordinates": [ [ -91.251677002943993, 43.808727997331282 ], [ -91.246256002581006, 43.817279001042557 ] ] } },
{ "type": "Feature", "properties": { "region": "NorthAmerica", "edge_type": "hub_backbone" }, "geometry": { "type": "LineString", "coordinates": [ [ -91.251677002943993, 43.808727997331282 ], [ -91.200472995816568, 43.75224599658862 ], [ -91.131320020491756, 43.759606989485029 ], [ -90.917655056427463, 43.658117688137224 ], [ -90.857879998595436, 43.659707999896199 ], [ -90.889450004664937, 43.556999003122584 ], [ -90.513547377893971, 43.469527821037822 ], [ -90.388477995157984, 43.387868001532681 ], [ -90.386676001647487, 43.329890999331461 ], [ -90.301165001442897, 43.278543000304339 ], [ -90.291543999834204, 43.223796999439472 ], [ -90.248802248447305, 43.20287878879364 ], [ -89.976808478225834, 43.161497210207763 ], [ -89.770881997277669, 43.16582899832887 ], [ -89.61616422164586, 43.096470898267555 ], [ -89.451153001516303, 43.075244998685413 ], [ -89.337266997280594, 43.10645299854837 ], [ -88.960447496031719, 43.110457179561472 ], [ -88.112100002461361, 43.024497999793248 ], [ -87.906332999425615, 43.037360000900826 ], [ -87.952672997598796, 42.83927400045237 ], [ -87.937824995795864, 42.41443100024496 ], [ -87.747079998233545, 42.068799998509697 ], [ -87.746979000646164, 41.966768001722954 ], [ -87.630769998001483, 41.878160001725341 ] ] } },
{ "type": "Feature", "properties": { "region": "NorthAmerica", "edge_type": "hub_backbone" }, "geometry": { "type": "LineString", "coordinates": [ [ -91.178542002577203, 30.443633002639153 ], [ -91.187370995532461, 30.449337002163706 ] ] } },
{ "type": "Feature", "properties": { "region": "NorthAmerica", "edge_type": "hub_backbone" }, "geometry": { "type": "LineString", "coordinates": [ [ -91.178542002577203, 30.443633002639153 ], [ -91.060924001392522, 30.40647799719574 ], [ -90.80543200446256, 30.153307998519185 ], [ -90.495490001008065, 30.10469399923711 ], [ -90.301609002755214, 30.00883899887479 ], [ -90.123163001444553, 29.99568799882973 ], [ -90.072591004035246, 29.955717997791552 ] ] } },
{ "type": "Feature", "properties": { "region": "NorthAmerica", "edge_type": "hub_backbone" }, "geometry": { "type": "LineString", "coordinates": [ [ -90.200104001973429, 38.622935996990257 ], [ -90.19859999760898, 38.626619997806245 ] ] } },
{ "type": "Feature", "properties": { "region": "NorthAmerica", "edge_type": "hub_backbone" }, "geometry": { "type": "LineString", "coordinates": [ [ -90.200104001973429, 38.622935996990257 ], [ -89.917473001994935, 38.718661997496781 ], [ -89.885641002272791, 38.821235996606369 ], [ -89.750129997932916, 38.970850000645179 ], [ -89.755450000708507, 39.075829997465405 ], [ -89.641400000034551, 39.23383999692286 ], [ -89.643547000513067, 39.802719998414574 ], [ -89.527170003927097, 39.837320001173367 ], [ -89.058945000124339, 39.835710000753458 ], [ -89.001419997500221, 39.897979997064276 ], [ -88.868880000282672, 39.913316000041583 ], [ -88.775779996625204, 40.005610000642278 ], [ -88.599949997219696, 40.033679999746482 ], [ -88.466399997178755, 40.11931000029108 ], [ -88.204970001473498, 40.116319997236928 ], [ -88.173500004844541, 40.275209998814049 ], [ -87.850220004697661, 41.130799996809301 ], [ -87.843185001263663, 41.232113998922884 ], [ -87.732086999360618, 41.443726998079647 ], [ -87.735920002880093, 41.588660002164964 ], [ -87.661270002769783, 41.63868999670855 ], [ -87.651229999963121, 41.713420001542481 ], [ -87.624120003515102, 41.720609996742333 ], [ -87.630769998001483, 41.878160001725341 ] ] } },
{ "type": "Feature", "properties": { "region": "NorthAmerica", "edge_type": "hub_backbone" }, "geometry": { "type": "LineString", "coordinates": [ [ -90.072591004035246, 29.955717997791552 ], [ -89.934169000034032, 30.063473996708975 ], [ -89.74026900241293, 30.305860000502886 ], [ -89.649541000263198, 30.301593998092617 ], [ -88.977464003981041, 30.460265000027185 ], [ -88.657443998983396, 30.434783000358053 ], [ -88.426191000819699, 30.463542996242158 ], [ -88.239597998534279, 30.537291003462119 ], [ -88.04674300210003, 30.671272000413275 ], [ -88.075332999928108, 30.770642997048299 ], [ -88.023665003973292, 30.93944099763263 ], [ -88.030227996624362, 31.443366000974407 ], [ -88.014646601240329, 31.478412988766586 ], [ -87.886476000581567, 31.539318997589302 ], [ -87.781408002905238, 31.684454002777279 ], [ -87.73669900392818, 31.942701001192191 ], [ -87.584232999286499, 31.980380002193677 ], [ -87.564641003451271, 32.121099000858649 ], [ -87.37280800234943, 32.286791997703666 ], [ -87.372440995640133, 32.497178998267657 ], [ -87.296010004630645, 32.635911000530008 ], [ -87.255509001905338, 32.831746997577156 ], [ -87.142833001407865, 33.029812996816531 ], [ -87.164680999298156, 33.218019000314101 ], [ -86.869852000655428, 33.502115999459853 ], [ -86.28114000122936, 33.606476001530062 ], [ -85.875772004318549, 33.585994998167763 ], [ -85.032400997759169, 33.715873997163953 ], [ -84.776827999740036, 33.723231001798901 ], [ -84.610302004445771, 33.776878999806662 ], [ -84.389971999114124, 33.744871999364811 ] ] } },
{ "type": "Feature", "properties": { "region": "NorthAmerica", "edge_type": "hub_backbone" }, "geometry": { "type": "LineString", "coordinates": [ [ -90.072591004035246, 29.955717997791552 ], [ -90.070420997702328, 29.954251999744844 ] ] } },
{ "type": "Feature", "properties": { "region": "NorthAmerica", "edge_type": "hub_backbone" }, "geometry": { "type": "LineString", "coordinates": [ [ -87.630769998001483, 41.878160001725341 ], [ -87.58560000158694, 41.749749999036133 ], [ -87.480862000030214, 41.639402999224437 ] ] } },
{ "type": "Feature", "properties": { "region": "NorthAmerica", "edge_type": "hub_backbone" }, "geometry": { "type": "LineString", "coordinates": [ [ -87.480862000030214, 41.639402999224437 ], [ -87.470834995845706, 41.490665997395254 ], [ -87.364962997006941, 41.470972997662358 ], [ -87.364397004479017, 41.416840998134631 ], [ -87.32392299612799, 41.393333999846021 ], [ -87.265638000807186, 41.14789000267232 ], [ -87.270248002131694, 41.007484001231731 ], [ -87.158380997429646, 40.812227999757575 ], [ -86.860108001718032, 40.491853002468609 ], [ -86.752756001499208, 40.325933996489162 ], [ -86.555483000666115, 40.17773899713282 ], [ -86.487236003254793, 40.044403000026563 ], [ -86.199961000718289, 39.788118998063069 ], [ -86.157471999319739, 39.782854003030749 ], [ -86.148629998759134, 39.66765899852232 ], [ -86.062307999516023, 39.475034997928127 ], [ -85.986340997333969, 39.387063997696686 ], [ -85.954307002437048, 39.112543002240891 ], [ -85.843375997345277, 38.983822001716781 ], [ -85.81052999729674, 38.889385001957251 ], [ -85.832682003045477, 38.776988003359811 ], [ -85.783410999729568, 38.67094300164559 ], [ -85.755370995434205, 38.2536549984152 ] ] } },
{ "type": "Feature", "properties": { "region": "NorthAmerica", "edge_type": "hub_backbone" }, "geometry": { "type": "LineString", "coordinates": [ [ -87.480862000030214, 41.639402999224437 ], [ -87.282653996716803, 41.595258996939513 ] ] } },
{ "type": "Feature", "properties": { "region": "NorthAmerica", "edge_type": "hub_backbone" }, "geometry": { "type": "LineString", "coordinates": [ [ -87.282653996716803, 41.595258996939513 ], [ -87.240435999073171, 41.595225003455738 ], [ -87.235527999619478, 41.530539999069198 ], [ -87.017098002978926, 41.448944998860419 ], [ -86.466288000498196, 41.364605997594744 ], [ -86.292073001293645, 41.360445997853461 ], [ -85.998500997261672, 41.267005999777822 ], [ -85.860107002731027, 41.268346000956264 ], [ -85.780268001162952, 41.221067997576291 ], [ -85.376450999489094, 41.12648100293098 ], [ -85.196239000161356, 41.126491998728312 ], [ -85.137530997156432, 41.077472002598455 ], [ -84.980975996088702, 41.061033997534572 ], [ -84.790343997605973, 40.992817001953341 ], [ -84.629111998859869, 40.894987001354018 ], [ -84.340624998325183, 40.872181998420906 ], [ -84.124511002217574, 40.737225999985682 ], [ -83.823223997030993, 40.732913002946646 ], [ -83.691398456908345, 40.689412040828529 ], [ -83.607990996688784, 40.647170002314489 ], [ -83.413665997123616, 40.408406998958945 ], [ -83.373222998616185, 40.254448998612304 ], [ -83.17511099825721, 40.102600999605698 ], [ -83.109850000850273, 40.099638001954325 ], [ -83.061259004238138, 39.97795199787457 ], [ -82.997074997025351, 39.957778997451506 ], [ -81.993374996209752, 39.94356300312117 ], [ -81.583716995844966, 40.024606000767612 ], [ -81.537623998442299, 40.065501999184129 ], [ -81.094900997745853, 40.217123999552506 ], [ -80.935227001095882, 40.323174000773641 ], [ -80.729290000875736, 40.374548002315677 ], [ -80.633552004554915, 40.36908799757812 ], [ -80.424570002982506, 40.426979999782866 ], [ -80.133863004869355, 40.452053000282291 ], [ -79.998330000788158, 40.437079999142632 ] ] } },
{ "type": "Feature", "properties": { "region": "NorthAmerica", "edge_type": "hub_backbone" }, "geometry": { "type": "LineString", "coordinates": [ [ -83.04170020011702, 42.328714885943896 ], [ -83.149754001204087, 42.329659999110213 ], [ -83.618929000369235, 42.24103600139059 ], [ -83.971724002575385, 42.072037002162475 ], [ -84.508826001281363, 42.050315998505546 ], [ -84.758214996884632, 41.959062999292399 ], [ -85.040050996819815, 41.942942998393249 ], [ -85.38753900385565, 41.803151001845585 ], [ -85.79895799862139, 41.805852003021663 ], [ -85.949531998561142, 41.768360001466554 ], [ -86.07772099671692, 41.799832999269341 ], [ -86.18624699619744, 41.782655000060259 ], [ -86.22094299572521, 41.807625999835039 ], [ -86.720693997131718, 41.800645000915154 ], [ -87.121287996279733, 41.620585996741347 ], [ -87.282653996716803, 41.595258996939513 ] ] } },
{ "type": "Feature", "properties": { "region": "NorthAmerica", "edge_type": "hub_backbone" }, "geometry": { "type": "LineString", "coordinates": [ [ -86.586642000543691, 34.739096000481048 ], [ -86.589600000060713, 34.737950003176266 ] ] } },
{ "type": "Feature", "properties": { "region": "NorthAmerica", "edge_type": "hub_backbone" }, "geometry": { "type": "LineString", "coordinates": [ [ -86.586642000543691, 34.739096000481048 ], [ -86.492962996752993, 34.76852900035221 ], [ -86.330566996994321, 34.680097999370204 ], [ -86.270542000900818, 34.608864997820618 ], [ -86.112612002526618, 34.617429999978299 ], [ -86.01473100323031, 34.663551999400831 ], [ -85.971378999321445, 34.633305999504337 ], [ -85.775598001360621, 34.637178999191228 ], [ -85.545132978414685, 34.556613926773345 ], [ -85.476488997513016, 34.48303999911014 ], [ -85.293890003795468, 34.476622996969994 ], [ -85.178179000194859, 34.385607002509985 ], [ -84.932355004729246, 34.376931998396088 ], [ -84.853402002542751, 34.219522999762809 ], [ -84.721436998972237, 34.060416002635847 ], [ -84.495758999360717, 33.935711995963878 ], [ -84.378862003989411, 33.759473003137998 ] ] } },
{ "type": "Feature", "properties": { "region": "NorthAmerica", "edge_type": "hub_backbone" }, "geometry": { "type": "LineString", "coordinates": [ [ -85.755370995434205, 38.2536549984152 ], [ -85.762293996918586, 38.213743000650659 ], [ -85.702206999104135, 38.128515002761361 ], [ -85.687427996898165, 37.924516996698152 ], [ -85.719230999002932, 37.829846001926718 ], [ -85.847043998313396, 37.677607996779699 ], [ -85.937459000468706, 37.201283003255341 ], [ -85.980918002711022, 37.132970002589751 ], [ -86.111889999583269, 37.058276000002948 ], [ -86.377419996076839, 36.997972997438609 ], [ -86.689480002392443, 36.429949001069211 ], [ -86.704147002648796, 36.308376002841399 ], [ -86.787114000918194, 36.167134002433706 ], [ -86.763708000931743, 36.082168999928882 ], [ -86.85091899992949, 35.821430002362042 ], [ -86.836656996135829, 35.572907003613572 ], [ -86.807658004342088, 35.479217003466985 ], [ -86.702682003133987, 35.420654997665849 ], [ -86.570128998311105, 35.155325997036684 ], [ -86.586642000543691, 34.739096000481048 ] ] } },
{ "type": "Feature", "properties": { "region": "NorthAmerica", "edge_type": "hub_backbone" }, "geometry": { "type": "LineString", "coordinates": [ [ -85.755370995434205, 38.2536549984152 ], [ -85.758671998676178, 38.254017001345098 ] ] } },
{ "type": "Feature", "properties": { "region": "NorthAmerica", "edge_type": "hub_backbone" }, "geometry": { "type": "LineString", "coordinates": [ [ -84.389971999114124, 33.744871999364811 ], [ -84.378862003989411, 33.759473003137998 ] ] } },
{ "type": "Feature", "properties": { "region": "NorthAmerica", "edge_type": "hub_backbone" }, "geometry": { "type": "LineString", "coordinates": [ [ -83.64589399974723, 32.840915002431728 ], [ -83.745962001501624, 32.889428997659714 ], [ -84.002219003727546, 33.109364997635318 ], [ -84.158759002930026, 33.409454997521976 ], [ -84.330270998394099, 33.648542996875271 ], [ -84.349237003223607, 33.745325996947841 ], [ -84.389971999114124, 33.744871999364811 ] ] } },
{ "type": "Feature", "properties": { "region": "NorthAmerica", "edge_type": "hub_backbone" }, "geometry": { "type": "LineString", "coordinates": [ [ -84.378862003989411, 33.759473003137998 ], [ -84.335419000742291, 33.832110001256247 ], [ -84.100038998432908, 33.964541998643227 ], [ -84.022925997476563, 34.04852800238924 ], [ -83.684555998372375, 34.132073000509955 ], [ -83.09768300304647, 34.459347002922492 ], [ -82.686307001650277, 34.581767999879141 ], [ -82.506336002346984, 34.691465000499278 ], [ -82.456633996340884, 34.780380000059878 ], [ -82.118954999319556, 34.90649200065095 ], [ -82.053651996689922, 34.960687000438377 ], [ -81.51568200084067, 35.137730001777939 ], [ -81.29834999700563, 35.249783999120517 ], [ -81.158153999981323, 35.262442997714082 ], [ -80.84823100487823, 35.229766997418771 ] ] } },
{ "type": "Feature", "properties": { "region": "NorthAmerica", "edge_type": "hub_backbone" }, "geometry": { "type": "LineString", "coordinates": [ [ -81.378523001179474, 28.536137997207373 ], [ -81.470031998637211, 28.654351002852273 ], [ -81.601893004247273, 28.72729499579626 ], [ -81.625149003547591, 28.796910997707663 ], [ -81.887530000728418, 28.826413001897102 ], [ -81.926097002512236, 28.928390001119741 ], [ -82.140160998225738, 29.17164099835427 ], [ -82.151934003929057, 29.344590997853551 ], [ -82.328116996325434, 29.553259002414954 ], [ -82.330879001413763, 29.688530003640881 ], [ -82.405379000837954, 29.762560997164275 ], [ -82.513819004596272, 29.801705998103142 ], [ -82.712747995756743, 30.221598999909254 ], [ -82.92879800486665, 30.446283999253321 ], [ -83.063038998007329, 30.521263998655098 ], [ -83.273581004918981, 30.751097000108803 ], [ -83.281107997667775, 30.857738996789745 ], [ -83.331558003861474, 30.897119998413913 ], [ -83.453987004415467, 31.214091000538179 ], [ -83.515039996587532, 31.508850003982303 ], [ -83.704145999947656, 31.804642002663456 ], [ -83.746872003867594, 31.931272995857455 ], [ -83.76796656676278, 32.379759968399597 ], [ -83.744310996824112, 32.664940998323637 ], [ -83.64589399974723, 32.840915002431728 ] ] } },
{ "type": "Feature", "properties": { "region": "NorthAmerica", "edge_type": "hub_backbone" }, "geometry": { "type": "LineString", "coordinates": [ [ -83.64589399974723, 32.840915002431728 ], [ -83.633129002441976, 32.840679000548967 ] ] } },
{ "type": "Feature", "properties": { "region": "NorthAmerica", "edge_type": "hub_backbone" }, "geometry": { "type": "LineString", "coordinates": [ [ -83.04170020011702, 42.328714885943896 ], [ -83.04196700079207, 42.32889399800505 ], [ -83.042515997194783, 42.328159998390397 ], [ -83.04170020011702, 42.328714885943896 ] ] } },
{ "type": "Feature", "properties": { "region": "NorthAmerica", "edge_type": "hub_backbone" }, "geometry": { "type": "LineString", "coordinates": [ [ -79.386775002513659, 43.670217002443877 ], [ -79.583817001571433, 43.609386999621158 ], [ -79.637340000621663, 43.648196002470065 ], [ -80.042639429126822, 43.472598528058988 ], [ -80.376413997580428, 43.403138002803665 ], [ -80.682411004548939, 43.14075900272411 ], [ -81.262272002295262, 42.976755999428541 ], [ -81.291707997525279, 42.911823002423446 ], [ -81.421265004094607, 42.907689001686741 ], [ -81.75541600258488, 42.655217000017501 ], [ -82.072596998908082, 42.514667000166227 ], [ -82.374792003217522, 42.279188998546921 ], [ -82.637166002522278, 42.233135997587517 ], [ -82.9304059982084, 42.24216399860633 ], [ -82.996832002740973, 42.250868997535122 ], [ -83.04170020011702, 42.328714885943896 ] ] } },
{ "type": "Feature", "properties": { "region": "NorthAmerica", "edge_type": "hub_backbone" }, "geometry": { "type": "LineString", "coordinates": [ [ -80.84823100487823, 35.229766997418771 ], [ -80.611145003029648, 35.395998000500789 ], [ -80.551410998206094, 35.582670997630395 ], [ -80.292391999875022, 35.801306998596665 ], [ -79.884016003218491, 35.984988003244574 ], [ -79.766311000198556, 36.073437997618605 ], [ -79.625725996723645, 36.362900003493216 ], [ -79.464902003796368, 36.541777997574833 ], [ -79.400359999976573, 36.54701099864824 ], [ -79.359037999963633, 36.583946999302398 ], [ -79.086130777845483, 36.590196074590189 ], [ -78.88698900274369, 36.688822998591483 ], [ -78.813647003585956, 36.7800640004588 ], [ -78.58491699576291, 36.865068999913149 ], [ -78.502540909287404, 36.942929118274776 ], [ -78.470533001466322, 37.064743001911602 ], [ -78.186716000733966, 37.189015998994925 ], [ -78.06178821943621, 37.313279601413505 ], [ -77.954071997285396, 37.36095999717999 ], [ -77.851683997495101, 37.354689002557251 ], [ -77.664297001279508, 37.404248999364889 ], [ -77.448534003902864, 37.518127003008196 ], [ -77.451026002366234, 37.842014000341088 ], [ -77.517054996459009, 38.090203996939657 ], [ -77.495365003244046, 38.264181001500866 ], [ -77.405135997268289, 38.464871999621373 ], [ -77.176044004318413, 38.789333996434074 ], [ -77.048302995994845, 38.867277996777268 ], [ -77.036529999274663, 38.907020999493817 ] ] } },
{ "type": "Feature", "properties": { "region": "NorthAmerica", "edge_type": "hub_backbone" }, "geometry": { "type": "LineString", "coordinates": [ [ -80.84823100487823, 35.229766997418771 ], [ -80.844206004433076, 35.22641400200304 ] ] } },
{ "type": "Feature", "properties": { "region": "NorthAmerica", "edge_type": "hub_backbone" }, "geometry": { "type": "LineString", "coordinates": [ [ -78.878970002713785, 42.883793999144487 ], [ -78.84729500155386, 42.786330998238419 ], [ -79.015106000929435, 42.683255998424926 ], [ -79.102589997942019, 42.569171001005778 ], [ -79.350450995179585, 42.484974001563373 ], [ -79.654640358234502, 42.306710873170566 ], [ -80.088517001541206, 42.134348001595889 ], [ -80.09325500381054, 42.065189997112434 ], [ -80.167768998986844, 41.993977997766791 ], [ -80.208853996478382, 41.671105997139037 ], [ -80.171611003625515, 41.616772003572052 ], [ -80.162482997444755, 41.191858997994728 ], [ -80.117059002383627, 41.004149998832645 ], [ -80.128750998014624, 40.773028996953599 ], [ -80.023504999164729, 40.572127997485616 ], [ -79.998330000788158, 40.437079999142632 ] ] } },
{ "type": "Feature", "properties": { "region": "NorthAmerica", "edge_type": "hub_backbone" }, "geometry": { "type": "LineString", "coordinates": [ [ -79.998330000788158, 40.437079999142632 ], [ -79.973406997815104, 40.346397002559677 ], [ -79.89067600493712, 40.276419998235674 ], [ -79.963058998630146, 40.21418300088677 ], [ -79.918290998305267, 40.196605003412415 ], [ -79.918531998329655, 40.037467003345014 ], [ -79.866599996496006, 40.010802998425717 ], [ -79.91323899891151, 39.652816997703475 ] ] } },
{ "type": "Feature", "properties": { "region": "NorthAmerica", "edge_type": "hub_backbone" }, "geometry": { "type": "LineString", "coordinates": [ [ -79.91323899891151, 39.652816997703475 ], [ -79.955037995357159, 39.629339001107851 ] ] } },
{ "type": "Feature", "properties": { "region": "NorthAmerica", "edge_type": "hub_backbone" }, "geometry": { "type": "LineString", "coordinates": [ [ -79.91323899891151, 39.652816997703475 ], [ -79.85476000342193, 39.672100001243024 ], [ -79.721487996028813, 39.650101997687301 ], [ -79.406256002512364, 39.660658000161447 ], [ -79.333742007501471, 39.69696006903655 ], [ -78.968732001522739, 39.685423999524815 ], [ -78.843059004814734, 39.634901001386254 ], [ -78.76005399882564, 39.649285000708446 ] ] } },
{ "type": "Feature", "properties": { "region": "NorthAmerica", "edge_type": "hub_backbone" }, "geometry": { "type": "LineString", "coordinates": [ [ -79.386775002513659, 43.670217002443877 ], [ -79.375796996853623, 43.644156001363108 ] ] } },
{ "type": "Feature", "properties": { "region": "NorthAmerica", "edge_type": "hub_backbone" }, "geometry": { "type": "LineString", "coordinates": [ [ -79.375796996853623, 43.644156001363108 ], [ -79.270900002474747, 43.687753997030619 ], [ -79.05207499863748, 43.846653000051845 ], [ -77.902454998689265, 44.023867001782506 ], [ -77.317930361212845, 44.215300949967343 ], [ -76.629099003347577, 44.287031999188791 ], [ -76.499084996843735, 44.269084998751431 ], [ -76.493077001341476, 44.233472001762465 ], [ -76.458525001753713, 44.239694002523883 ], [ -76.266562616301513, 44.457606879572502 ], [ -76.187960999121572, 44.494045002214094 ], [ -76.256795000655316, 44.65427300240308 ], [ -76.130750002604998, 44.748812003304394 ], [ -76.025166003646333, 44.906589998649267 ], [ -75.892931774985129, 44.993663874131769 ], [ -75.871209999375424, 45.042414001817136 ], [ -75.680480003678383, 45.146066998317259 ], [ -75.724261995181124, 45.194480996834649 ], [ -75.688957997902705, 45.410083001294055 ] ] } },
{ "type": "Feature", "properties": { "region": "NorthAmerica", "edge_type": "hub_backbone" }, "geometry": { "type": "LineString", "coordinates": [ [ -79.375796996853623, 43.644156001363108 ], [ -79.550555000697955, 43.614079997387016 ], [ -79.68365899618351, 43.461400001527473 ], [ -79.895251996044962, 43.290789998466209 ], [ -79.893943995092386, 43.260510999297267 ], [ -79.52380099761389, 43.189894002467881 ], [ -79.187891996112612, 43.166181002491257 ], [ -79.131713002160723, 43.134985997640385 ], [ -79.112767002812646, 43.032553001316217 ], [ -78.878970002713785, 42.883793999144487 ] ] } },
{ "type": "Feature", "properties": { "region": "NorthAmerica", "edge_type": "hub_backbone" }, "geometry": { "type": "LineString", "coordinates": [ [ -78.878970002713785, 42.883793999144487 ], [ -78.878204997417811, 42.885915001803575 ] ] } },
{ "type": "Feature", "properties": { "region": "NorthAmerica", "edge_type": "hub_backbone" }, "geometry": { "type": "LineString", "coordinates": [ [ -78.76005399882564, 39.649285000708446 ], [ -78.762110997095817, 39.652818000575202 ] ] } },
{ "type": "Feature", "properties": { "region": "NorthAmerica", "edge_type": "hub_backbone" }, "geometry": { "type": "LineString", "coordinates": [ [ -78.76005399882564, 39.649285000708446 ], [ -78.611248997275965, 39.714260002339337 ], [ -78.414172763422727, 39.670136096241677 ], [ -78.380534000135953, 39.700107998044935 ], [ -78.189652000509653, 39.712872999597437 ], [ -78.229733004907047, 39.623936000933355 ], [ -78.115921003884424, 39.639160001006353 ], [ -77.996539996072599, 39.55607999992575 ], [ -77.950615998724345, 39.480030997768459 ], [ -77.969507003210765, 39.442131002491124 ], [ -77.855474995791909, 39.351424998458697 ], [ -77.831448996562671, 39.261782998492265 ], [ -77.762233004420636, 39.261059001743128 ], [ -77.727544002768894, 39.200243997404286 ], [ -77.246730996721325, 38.934067002573912 ], [ -77.150245000212891, 38.943543998079662 ], [ -77.036529999274663, 38.907020999493817 ] ] } },
{ "type": "Feature", "properties": { "region": "NorthAmerica", "edge_type": "hub_backbone" }, "geometry": { "type": "LineString", "coordinates": [ [ -77.036529999274663, 38.907020999493817 ], [ -76.943606999660801, 38.948186000785149 ], [ -76.925468998978161, 39.020986000189453 ], [ -76.785289998079023, 39.171866999155661 ], [ -76.627540004121443, 39.286036002905014 ], [ -76.536424001634188, 39.305747999589798 ], [ -76.3712210001746, 39.423108998279822 ], [ -76.169456997842715, 39.500348000463156 ], [ -76.066768996680125, 39.571115000067024 ], [ -75.705022004189985, 39.654208001390622 ], [ -75.562437997679595, 39.739265001261742 ], [ -75.521463996024565, 39.73559900129252 ], [ -75.424204999214169, 39.833777002615342 ], [ -75.171324000573264, 39.916829000097692 ], [ -75.162331002196552, 39.957847001059726 ], [ -75.07246699968708, 40.008147997852838 ], [ -74.952751998252594, 40.146774001799749 ], [ -74.737095002079514, 40.22404000012326 ], [ -74.491019002227219, 40.452074997634575 ], [ -74.300050997895639, 40.562691996890628 ], [ -74.179274996279091, 40.707691997190381 ], [ -74.065041002668636, 40.739210000714117 ], [ -73.998216002419426, 40.713244000344879 ], [ -73.880830000140037, 40.857068000958307 ], [ -73.637170998408081, 41.01573599729474 ], [ -73.140344004268215, 41.183790000505731 ], [ -72.93145300203409, 41.30358900064531 ], [ -72.668235996717272, 41.726388997045476 ], [ -72.673135004034989, 41.769524998854941 ] ] } },
{ "type": "Feature", "properties": { "region": "NorthAmerica", "edge_type": "hub_backbone" }, "geometry": { "type": "LineString", "coordinates": [ [ -75.688957997902705, 45.410083001294055 ], [ -75.698327004107895, 45.420807000414356 ] ] } },
{ "type": "Feature", "properties": { "region": "NorthAmerica", "edge_type": "hub_backbone" }, "geometry": { "type": "LineString", "coordinates": [ [ -75.688957997902705, 45.410083001294055 ], [ -75.247858998526311, 45.559566000887834 ], [ -75.124700000022997, 45.567679996928696 ], [ -74.987678002425767, 45.541813999124145 ], [ -74.672896001984597, 45.613967002301187 ], [ -74.390563000135302, 45.538973999890878 ], [ -74.362599613150536, 45.503195984497331 ], [ -74.056096001277567, 45.400696000731706 ], [ -73.75155400455786, 45.49049399846416 ], [ -73.665784002090561, 45.502657999811511 ], [ -73.610797000655495, 45.473156001575148 ], [ -73.573484002092528, 45.50497300113426 ] ] } },
{ "type": "Feature", "properties": { "region": "NorthAmerica", "edge_type": "hub_backbone" }, "geometry": { "type": "LineString", "coordinates": [ [ -73.573484002092528, 45.50497300113426 ], [ -73.47511800237433, 45.714342998807503 ], [ -73.198461113445589, 45.976988314144052 ], [ -73.184779996247272, 46.083651000164053 ], [ -73.142861999975935, 46.134946998639577 ], [ -72.624126003354846, 46.345825997490415 ], [ -72.591262998197976, 46.324800001759513 ], [ -72.543311000196894, 46.380156997090722 ], [ -72.530678001339467, 46.363045002254694 ] ] } },
{ "type": "Feature", "properties": { "region": "NorthAmerica", "edge_type": "hub_backbone" }, "geometry": { "type": "LineString", "coordinates": [ [ -73.573484002092528, 45.50497300113426 ], [ -73.494230001403793, 45.466473000270739 ], [ -73.51379200249167, 45.332690999456794 ], [ -73.453174998659577, 45.193618998147087 ], [ -73.373708429625182, 45.162846821867404 ], [ -73.374183000606621, 45.075475998719838 ], [ -73.343374999460011, 45.067585996544175 ], [ -73.366582004644712, 44.999376001918279 ], [ -73.296385995443515, 44.989011997993458 ], [ -73.27710799673271, 44.95976499758266 ], [ -73.258474997379039, 44.858302997757264 ], [ -73.322553003388322, 44.664397001670466 ], [ -73.166443997892841, 44.589552998792513 ], [ -73.210997004420776, 44.475995996490298 ], [ -72.803612999366223, 44.361438002301838 ], [ -72.58499600043298, 44.26002300174784 ] ] } },
{ "type": "Feature", "properties": { "region": "NorthAmerica", "edge_type": "hub_backbone" }, "geometry": { "type": "LineString", "coordinates": [ [ -72.673135004034989, 41.769524998854941 ], [ -72.685417004161422, 41.766688000520396 ] ] } },
{ "type": "Feature", "properties": { "region": "NorthAmerica", "edge_type": "hub_backbone" }, "geometry": { "type": "LineString", "coordinates": [ [ -72.587072995201396, 42.100929998655971 ], [ -72.592665995991865, 41.971962003505993 ], [ -72.673135004034989, 41.769524998854941 ] ] } },
{ "type": "Feature", "properties": { "region": "NorthAmerica", "edge_type": "hub_backbone" }, "geometry": { "type": "LineString", "coordinates": [ [ -72.587072995201396, 42.100929998655971 ], [ -72.588654003152001, 42.10177699799619 ] ] } },
{ "type": "Feature", "properties": { "region": "NorthAmerica", "edge_type": "hub_backbone" }, "geometry": { "type": "LineString", "coordinates": [ [ -71.059869000748066, 42.359389002267726 ], [ -71.181841001367559, 42.319194001535571 ], [ -71.769808998109013, 42.273606002179591 ], [ -71.846840000846214, 42.184240002353292 ], [ -72.08521399816604, 42.112494998678443 ], [ -72.245834001658551, 42.119270999772837 ], [ -72.343021995628902, 42.163098999218768 ], [ -72.478964999788914, 42.148567999386245 ], [ -72.587072995201396, 42.100929998655971 ] ] } },
{ "type": "Feature", "properties": { "region": "NorthAmerica", "edge_type": "hub_backbone" }, "geometry": { "type": "LineString", "coordinates": [ [ -72.58499600043298, 44.26002300174784 ], [ -72.622002996877583, 43.944510001366126 ], [ -72.58408599806701, 43.830160001989334 ], [ -72.44810499517051, 43.784387999487187 ], [ -72.389306998940398, 43.669921997389281 ], [ -72.330944002903479, 43.635530002899685 ], [ -72.211921997811785, 43.635293003118896 ], [ -72.130636996097181, 43.49392399920567 ], [ -71.750549001636514, 43.2535140006351 ], [ -71.695599998937979, 43.183108000442907 ], [ -71.572078000211476, 43.182365996795667 ], [ -71.506972995253633, 43.154046001744454 ], [ -71.475346000062487, 43.005345999602632 ], [ -71.417031001011196, 42.995283998660838 ], [ -71.338405003554442, 42.865306999625538 ], [ -71.204812998290805, 42.738231999638337 ], [ -71.059869000748066, 42.359389002267726 ] ] } },
{ "type": "Feature", "properties": { "region": "NorthAmerica", "edge_type": "hub_backbone" }, "geometry": { "type": "LineString", "coordinates": [ [ -72.58499600043298, 44.26002300174784 ], [ -72.577821003545154, 44.257571001263173 ] ] } },
{ "type": "Feature", "properties": { "region": "NorthAmerica", "edge_type": "hub_backbone" }, "geometry": { "type": "LineString", "coordinates": [ [ -72.530678001339467, 46.363045002254694 ], [ -72.544640003760833, 46.336510001756089 ] ] } },
{ "type": "Feature", "properties": { "region": "NorthAmerica", "edge_type": "hub_backbone" }, "geometry": { "type": "LineString", "coordinates": [ [ -72.530678001339467, 46.363045002254694 ], [ -72.278562987158182, 46.452617262200384 ], [ -72.210446002917905, 46.569079002610096 ], [ -72.026313989252273, 46.596747930257472 ], [ -71.852086458549508, 46.692868066599388 ], [ -71.684734138958007, 46.676356393767357 ], [ -71.202816995628396, 46.812178003337458 ] ] } },
{ "type": "Feature", "properties": { "region": "NorthAmerica", "edge_type": "hub_backbone" }, "geometry": { "type": "LineString", "coordinates": [ [ -71.059869000748066, 42.359389002267726 ], [ -71.059290000614837, 42.359206000386493 ] ] } },
{ "type": "Feature", "properties": { "region": "NorthAmerica", "edge_type": "spoke" }, "geometry": { "type": "LineString", "coordinates": [ [ -123.076363001364584, 44.047728997844359 ], [ -123.045248000969579, 44.11192600231827 ], [ -123.062334002589324, 44.644748999587485 ], [ -122.988414997558309, 44.894490000174393 ], [ -123.000580001102136, 44.997949997322934 ], [ -122.770208995833869, 45.279914997579212 ], [ -122.744078001348782, 45.438252999205417 ], [ -122.682650995608185, 45.469966001654505 ], [ -122.667230003401272, 45.517021002414758 ] ] } },
{ "type": "Feature", "properties": { "region": "NorthAmerica", "edge_type": "spoke" }, "geometry": { "type": "LineString", "coordinates": [ [ -122.667230003401272, 45.517021002414758 ], [ -122.674806996378749, 45.790295999113205 ], [ -122.7088000013147, 45.870250997370903 ], [ -122.843338004437754, 46.001674998480453 ], [ -122.898686999982814, 46.131493000747128 ], [ -122.884482003277114, 46.256196997093461 ], [ -122.914734998291749, 46.314983002892141 ], [ -122.876492997994532, 46.562396996920143 ], [ -122.970892998615398, 46.67319699795118 ], [ -122.953680002164006, 46.749015997947225 ], [ -122.869312997490567, 46.799929001067142 ], [ -122.858531004225512, 46.856349000765292 ], [ -122.700462997674222, 46.881936002374658 ], [ -122.60653000422009, 46.941934998732229 ], [ -122.560608998261742, 46.933378999639224 ], [ -122.540026996101346, 47.004603002728032 ], [ -122.443410995404989, 47.067598998097338 ], [ -122.434144001883496, 47.233092000928039 ], [ -122.336551999597248, 47.245031998776263 ], [ -122.313952004016301, 47.296537000263669 ], [ -122.294726996924084, 47.393595001990676 ], [ -122.332269003002452, 47.467197002500292 ], [ -122.335108002693801, 47.605134998592199 ], [ -122.30307999955977, 47.65272900030125 ] ] } },
{ "type": "Feature", "properties": { "region": "NorthAmerica", "edge_type": "spoke" }, "geometry": { "type": "LineString", "coordinates": [ [ -122.666436000487948, 45.516663003217531 ], [ -122.667230003401272, 45.517021002414758 ] ] } },
{ "type": "Feature", "properties": { "region": "NorthAmerica", "edge_type": "spoke" }, "geometry": { "type": "LineString", "coordinates": [ [ -106.649232002392253, 35.084247001837255 ], [ -106.650713000902243, 35.084441001421439 ] ] } },
{ "type": "Feature", "properties": { "region": "NorthAmerica", "edge_type": "spoke" }, "geometry": { "type": "LineString", "coordinates": [ [ -106.375901000038795, 31.77366699844573 ], [ -106.502443000003169, 31.759813000339157 ], [ -106.569224000769751, 31.836269999979702 ], [ -106.601275000775033, 32.053251000541813 ], [ -106.960061002358273, 32.624438996696867 ], [ -107.00824100176159, 32.670912998160112 ], [ -107.178541996357481, 32.688079998241861 ], [ -107.283538003046942, 32.801954998739667 ], [ -107.318562004434455, 32.90628500211654 ], [ -107.306785998358095, 33.091908000688981 ], [ -107.253155003844384, 33.15511899624817 ], [ -107.294477003857338, 33.329071996015116 ], [ -107.150480998433935, 33.610080001737465 ], [ -106.928612996487473, 33.823975000157688 ], [ -106.879098001757256, 33.918444999364503 ], [ -106.924196995331727, 34.21049299822262 ], [ -106.832032003137741, 34.428695000521174 ], [ -106.649232002392253, 35.084247001837255 ] ] } },
{ "type": "Feature", "properties": { "region": "NorthAmerica", "edge_type": "spoke" }, "geometry": { "type": "LineString", "coordinates": [ [ -101.870587003127241, 33.58445299966354 ], [ -102.722305002593089, 34.225340998317797 ], [ -103.02561900231936, 34.388722001389354 ], [ -103.886971002015983, 34.449107998805054 ], [ -104.05040999971844, 34.431512000500369 ], [ -104.245258995572016, 34.471665997923715 ], [ -104.250388995681902, 34.57826200089557 ], [ -104.510460002059034, 34.783623996639349 ], [ -104.642296995701571, 34.94815400041729 ], [ -105.528655002703516, 35.006164002969193 ], [ -106.01414600355946, 35.004601999487484 ], [ -106.325758999206542, 35.115223999665247 ], [ -106.445777999516324, 35.061580998600334 ], [ -106.649232002392253, 35.084247001837255 ] ] } },
{ "type": "Feature", "properties": { "region": "NorthAmerica", "edge_type": "spoke" }, "geometry": { "type": "LineString", "coordinates": [ [ -96.85046999560528, 46.934164996817969 ], [ -96.941316997580685, 47.052624001912207 ], [ -97.07412100067711, 47.403629001233028 ], [ -97.092200997141859, 47.989452000682434 ], [ -97.190960997943662, 48.131507003139681 ], [ -97.182289003550579, 48.662325002592596 ], [ -97.257143002078777, 48.931136002095478 ], [ -97.237186002777293, 49.004975998369886 ], [ -97.364420999084516, 49.35101399841956 ], [ -97.146367459430095, 49.599425484957926 ], [ -97.138213002438505, 49.895429002528473 ] ] } },
{ "type": "Feature", "properties": { "region": "NorthAmerica", "edge_type": "spoke" }, "geometry": { "type": "LineString", "coordinates": [ [ -96.788450002962477, 44.314150997683456 ], [ -96.7630500035567, 44.577708997355671 ], [ -96.879223998854741, 44.742718997277812 ], [ -97.056912998858621, 44.876659997584689 ], [ -97.045278998462365, 45.380661002040817 ], [ -96.989207550816346, 45.454763792940142 ], [ -96.988024002463192, 45.654137002184022 ], [ -96.876501672352532, 45.812138833605289 ], [ -96.835852995577667, 45.96050900200558 ], [ -96.85046999560528, 46.934164996817969 ] ] } },
{ "type": "Feature", "properties": { "region": "NorthAmerica", "edge_type": "spoke" }, "geometry": { "type": "LineString", "coordinates": [ [ -96.800040003876092, 46.89040099809035 ], [ -96.85046999560528, 46.934164996817969 ] ] } },
{ "type": "Feature", "properties": { "region": "NorthAmerica", "edge_type": "spoke" }, "geometry": { "type": "LineString", "coordinates": [ [ -79.153401998245727, 43.152968998880553 ], [ -79.52380099761389, 43.189894002467881 ], [ -79.756867002633484, 43.246022997119368 ], [ -79.807353004320589, 43.315039998954028 ], [ -79.724776997778548, 43.371979001724938 ], [ -79.550899001552864, 43.584357002798725 ], [ -79.37925199828473, 43.652436000161934 ] ] } },
{ "type": "Feature", "properties": { "region": "NorthAmerica", "edge_type": "spoke" }, "geometry": { "type": "LineString", "coordinates": [ [ -78.877540001562451, 42.886244998473259 ], [ -78.968178001503858, 42.919138000492062 ], [ -79.112767002812646, 43.032553001316217 ], [ -79.153401998245727, 43.152968998880553 ] ] } },
{ "type": "Feature", "properties": { "region": "NorthAmerica", "edge_type": "spoke" }, "geometry": { "type": "LineString", "coordinates": [ [ -78.643064000872926, 43.181157999391687 ], [ -79.007046998919932, 43.130110000639306 ], [ -79.02867499939714, 43.152792002179908 ], [ -79.153401998245727, 43.152968998880553 ] ] } },
{ "type": "Feature", "properties": { "region": "NorthAmerica", "edge_type": "spoke" }, "geometry": { "type": "LineString", "coordinates": [ [ -76.142021999908067, 43.038475997540715 ], [ -76.226262997896569, 43.11789199643092 ], [ -76.326784999212407, 43.159144000293551 ], [ -76.621298141218134, 43.172876177819603 ], [ -76.730689002721533, 43.231669000808587 ], [ -76.982153995963259, 43.206383999026087 ], [ -77.062108996983923, 43.243332998555118 ], [ -77.614146996458118, 43.191299998175133 ], [ -78.091806996706794, 43.244392997258799 ], [ -78.643064000872926, 43.181157999391687 ] ] } },
{ "type": "Feature", "properties": { "region": "NorthAmerica", "edge_type": "spoke" }, "geometry": { "type": "LineString", "coordinates": [ [ -76.474933997042697, 42.443502003257997 ], [ -76.710555996506471, 42.456460997934968 ], [ -76.665855998648581, 42.542253999149573 ], [ -76.779656995308969, 42.681715999576248 ], [ -76.891871998368927, 42.711778998856552 ], [ -76.905006364952726, 42.843525836293139 ], [ -76.944399996461001, 42.877206002109638 ], [ -77.163092813204202, 42.860622795687135 ], [ -77.281397001501787, 42.887920999663947 ], [ -77.74801199973659, 42.913134002696786 ], [ -77.853023996438097, 42.973144999981798 ], [ -78.187458000175468, 42.998099999717006 ], [ -78.270730003433343, 43.066025000591729 ], [ -78.391588003269035, 43.074557002099482 ], [ -78.390976996162223, 43.096410996542915 ], [ -78.526756929148675, 43.158618592935937 ], [ -78.643064000872926, 43.181157999391687 ] ] } },
{ "type": "Feature", "properties": { "region": "NorthAmerica", "edge_type": "spoke" }, "geometry": { "type": "LineString", "coordinates": [ [ -73.200681003226251, 44.476353999735963 ], [ -73.166443997892841, 44.589552998792513 ], [ -73.322553003388322, 44.664397001670466 ], [ -73.258474997379039, 44.858302997757264 ], [ -73.27710799673271, 44.95976499758266 ], [ -73.296385995443515, 44.989011997993458 ], [ -73.366582004644712, 44.999376001918279 ], [ -73.343374999460011, 45.067585996544175 ], [ -73.374183000606621, 45.075475998719838 ], [ -73.373708429625182, 45.162846821867404 ], [ -73.453174998659577, 45.193618998147087 ], [ -73.519880999083099, 45.355174001504103 ], [ -73.494230001403793, 45.466473000270739 ], [ -73.563600997848084, 45.499805999509633 ] ] } },
{ "type": "Feature", "properties": { "region": "NorthAmerica", "edge_type": "spoke_fallback" }, "geometry": { "type": "LineString", "coordinates": [ [ -115.234776000027466, 36.159140000415164 ], [ -115.172780001385888, 36.158874002440179 ], [ -115.18186000159784, 35.953102000785073 ], [ -115.360929307951565, 35.726500492520628 ], [ -115.452581999922188, 35.469347001018726 ], [ -115.588986998649645, 35.473474997704685 ], [ -115.91621900214173, 35.365415001516588 ], [ -116.256352996019899, 35.105958998406543 ], [ -116.404080001262315, 35.076109997845265 ], [ -116.715817000351194, 34.931384000534031 ], [ -117.064581998496053, 34.881076997438896 ], [ -117.342232999050822, 34.475277001306118 ], [ -117.48180400219934, 34.334255996123446 ], [ -117.409577998085368, 34.223123003956751 ], [ -117.495757003501524, 34.136234000798623 ], [ -117.7545530040465, 34.119277001532872 ], [ -118.034399999195372, 34.139892996449845 ], [ -118.243438001742589, 34.052815001101742 ] ] } },
{ "type": "Feature", "properties": { "region": "NorthAmerica", "edge_type": "spoke_fallback" }, "geometry": { "type": "LineString", "coordinates": [ [ -116.513131003144309, 43.613691997509669 ], [ -116.196825001840466, 43.566288002973231 ] ] } },
{ "type": "Feature", "properties": { "region": "NorthAmerica", "edge_type": "spoke_fallback" }, "geometry": { "type": "LineString", "coordinates": [ [ -116.210197996896326, 43.606804002581079 ], [ -116.193601002184678, 43.574844999120607 ] ] } },
{ "type": "Feature", "properties": { "region": "NorthAmerica", "edge_type": "spoke_fallback" }, "geometry": { "type": "LineString", "coordinates": [ [ -116.202303000308234, 43.615030998517518 ], [ -116.193601002184678, 43.574844999120607 ] ] } },
{ "type": "Feature", "properties": { "region": "NorthAmerica", "edge_type": "spoke_fallback" }, "geometry": { "type": "LineString", "coordinates": [ [ -116.193601002184678, 43.574844999120607 ], [ -116.196825001840466, 43.566288002973231 ] ] } },
{ "type": "Feature", "properties": { "region": "NorthAmerica", "edge_type": "spoke_fallback" }, "geometry": { "type": "LineString", "coordinates": [ [ -116.196825001840466, 43.566288002973231 ], [ -115.801647745040981, 43.203419308141363 ], [ -115.667609995733372, 43.142875003485813 ], [ -115.469674002288016, 42.958439999465476 ], [ -115.208099997659502, 42.973852997548917 ], [ -114.950036995436946, 42.934667997698355 ], [ -114.720657999736929, 42.772354998377693 ], [ -114.551692997597897, 42.727474997018845 ], [ -114.49286300337738, 42.665976003321276 ], [ -114.296993000338162, 42.577232001552211 ], [ -113.517361999679281, 42.570306999806043 ], [ -113.044107993354061, 42.205597206406544 ], [ -112.833392000738144, 41.999339000202141 ], [ -112.486687001236561, 41.883819000765158 ], [ -112.411564002196528, 41.816653998728412 ], [ -112.299623003264529, 41.798267998362277 ], [ -112.233402003262938, 41.722452997868565 ], [ -112.136170997956768, 41.677516997627798 ], [ -112.072359001069444, 41.582120001503625 ], [ -112.026017996783125, 41.116894003368863 ], [ -111.891099000181796, 40.967417996788484 ], [ -111.917970996978411, 40.806468998902652 ], [ -111.89103500420093, 40.760647999072944 ] ] } },
{ "type": "Feature", "properties": { "region": "NorthAmerica", "edge_type": "spoke_fallback" }, "geometry": { "type": "LineString", "coordinates": [ [ -113.578434997332721, 37.088142000918999 ], [ -113.450042997889042, 37.166990003448532 ], [ -113.288131998552259, 37.176569000277226 ], [ -113.113924212819455, 37.089377140875477 ], [ -112.911242284980773, 36.890776735728465 ], [ -112.753395443652423, 36.857803318415286 ], [ -112.526409002913823, 36.945654003772532 ], [ -112.258031535615814, 36.848394071009629 ], [ -112.255302408866882, 36.747968844482756 ], [ -112.215350995432416, 36.713713002357068 ], [ -112.043616316592534, 36.730476187006168 ], [ -111.807905078488446, 36.696645205937777 ], [ -111.630006797972783, 36.816483949673888 ], [ -111.640498329973852, 36.569394367155105 ], [ -111.394841205555437, 36.212385900768282 ], [ -111.396631907242778, 35.964862989117364 ], [ -111.574703760237639, 35.405059549956476 ], [ -111.545371996530008, 35.269819998686835 ], [ -111.730407571641038, 35.075256135551008 ], [ -111.740327999700241, 34.88520700273159 ], [ -111.77860900484707, 34.826223997305952 ], [ -111.743686001046953, 34.688164001712714 ], [ -111.989076002432498, 34.518446998547319 ], [ -112.119336003593759, 34.335315998116528 ], [ -112.145982999361152, 33.870849002476049 ], [ -112.113032004222191, 33.476952997958257 ], [ -112.073814002335112, 33.448253999285733 ] ] } },
{ "type": "Feature", "properties": { "region": "NorthAmerica", "edge_type": "spoke_fallback" }, "geometry": { "type": "LineString", "coordinates": [ [ -98.162275996148182, 26.301367999167923 ], [ -98.101900001323713, 26.752430000597229 ], [ -98.146067001774043, 27.188479001999159 ], [ -98.077108996798486, 27.713109001505021 ], [ -98.114176000704049, 28.326185998693965 ], [ -98.297811003472461, 28.758334998184932 ], [ -98.484089002520335, 28.949837998597967 ], [ -98.493853995085928, 29.424071996647005 ] ] } },
{ "type": "Feature", "properties": { "region": "NorthAmerica", "edge_type": "spoke_fallback" }, "geometry": { "type": "LineString", "coordinates": [ [ -98.252048999319399, 26.218564998111471 ], [ -98.237050996830334, 26.254473997547855 ], [ -98.175314000451465, 26.247622998285706 ], [ -98.162275996148182, 26.301367999167923 ] ] } },
{ "type": "Feature", "properties": { "region": "NorthAmerica", "edge_type": "spoke_fallback" }, "geometry": { "type": "LineString", "coordinates": [ [ -98.178313996208018, 26.30373200203762 ], [ -98.162275996148182, 26.301367999167923 ] ] } },
{ "type": "Feature", "properties": { "region": "NorthAmerica", "edge_type": "spoke_fallback" }, "geometry": { "type": "LineString", "coordinates": [ [ -96.786147998181704, 32.775511004022299 ], [ -96.795740999302964, 32.773440999976209 ] ] } },
{ "type": "Feature", "properties": { "region": "NorthAmerica", "edge_type": "spoke_fallback" }, "geometry": { "type": "LineString", "coordinates": [ [ -96.789354004582307, 32.765114997644339 ], [ -96.786147998181704, 32.775511004022299 ] ] } },
{ "type": "Feature", "properties": { "region": "NorthAmerica", "edge_type": "spoke_fallback" }, "geometry": { "type": "LineString", "coordinates": [ [ -94.180494002344986, 36.056733000335868 ], [ -94.399240996482945, 35.94763100038665 ], [ -94.532141999663764, 35.987816000599636 ], [ -94.654990001415726, 35.987179998781649 ], [ -94.69276600065929, 35.955657001430346 ], [ -94.797372003768146, 35.96801000217873 ], [ -94.840151996436674, 35.927992999996519 ], [ -94.955328996516656, 35.91539500315595 ], [ -94.97976000119175, 35.858149999506509 ], [ -95.073893004543891, 35.807583998136955 ], [ -95.358150997232357, 35.769739997397728 ], [ -95.49001600034542, 35.584055001771382 ], [ -95.587831000417808, 35.258781000586424 ], [ -95.695049996075667, 35.104675003093185 ], [ -95.745163996420501, 34.913017003139679 ], [ -95.882521999866597, 34.779800000065542 ], [ -96.2712319974748, 34.135368998404644 ], [ -96.534721003676481, 33.819625998388148 ], [ -96.538174001864505, 33.731825998887004 ], [ -96.616165995343195, 33.639449999940567 ], [ -96.612987998413104, 33.465542001797743 ], [ -96.580348000025538, 33.39995599929 ], [ -96.595726995992919, 33.268526002500806 ], [ -96.765943998109705, 32.919658002538121 ], [ -96.786147998181704, 32.775511004022299 ] ] } },
{ "type": "Feature", "properties": { "region": "NorthAmerica", "edge_type": "spoke_fallback" }, "geometry": { "type": "LineString", "coordinates": [ [ -96.407988003916387, 30.164918001603954 ], [ -95.919677002737373, 30.068250001540076 ], [ -95.694487003920813, 29.971654998999472 ], [ -95.421520996050461, 29.761345003168081 ], [ -95.369149996520562, 29.76382399887828 ] ] } },
{ "type": "Feature", "properties": { "region": "NorthAmerica", "edge_type": "spoke_fallback" }, "geometry": { "type": "LineString", "coordinates": [ [ -95.95596600272485, 41.304623001495536 ], [ -95.923540001004213, 41.259366999285973 ], [ -95.784571003843368, 41.280081000580715 ], [ -95.608444003438635, 41.442385996521303 ], [ -95.584995998229502, 41.498856001980194 ], [ -94.238759998297539, 41.493552997216028 ], [ -93.808994000815176, 41.591736001142976 ], [ -93.59629699841895, 41.59658200135852 ], [ -93.49486900122335, 41.661677997072246 ] ] } },
{ "type": "Feature", "properties": { "region": "NorthAmerica", "edge_type": "spoke_fallback" }, "geometry": { "type": "LineString", "coordinates": [ [ -95.369149996520562, 29.76382399887828 ], [ -95.370153998597885, 29.763387000932447 ] ] } },
{ "type": "Feature", "properties": { "region": "NorthAmerica", "edge_type": "spoke_fallback" }, "geometry": { "type": "LineString", "coordinates": [ [ -91.187656004022656, 30.438982002455589 ], [ -91.330610763217123, 30.447533793077401 ], [ -92.042069003239746, 30.248760998715152 ], [ -93.27631200076793, 30.237329999824272 ], [ -93.567700002714844, 30.184690003608008 ], [ -93.725971998700885, 30.11857300289806 ], [ -94.007373995572863, 30.135299001514799 ], [ -94.171712997392163, 30.067644002119444 ], [ -94.522109740334855, 30.021964385361407 ], [ -94.85425000379206, 30.053706002209022 ], [ -95.022190001242436, 29.944299001758438 ], [ -95.063221001002248, 29.884236997467301 ], [ -95.258716999456013, 29.77476499851068 ], [ -95.369149996520562, 29.76382399887828 ] ] } },
{ "type": "Feature", "properties": { "region": "NorthAmerica", "edge_type": "spoke_fallback" }, "geometry": { "type": "LineString", "coordinates": [ [ -94.157968000994003, 36.062604997486481 ], [ -94.180494002344986, 36.056733000335868 ] ] } },
{ "type": "Feature", "properties": { "region": "NorthAmerica", "edge_type": "spoke_fallback" }, "geometry": { "type": "LineString", "coordinates": [ [ -94.178069000235496, 36.070369000417486 ], [ -94.180494002344986, 36.056733000335868 ] ] } },
{ "type": "Feature", "properties": { "region": "NorthAmerica", "edge_type": "spoke_fallback" }, "geometry": { "type": "LineString", "coordinates": [ [ -93.644423000090583, 42.022762998890414 ], [ -93.610025995821928, 42.004941002505461 ], [ -92.785258002852032, 42.011949998596656 ], [ -92.526119995712094, 41.963894996415227 ], [ -91.796508995686693, 41.96377499782713 ], [ -91.676369998421279, 41.927125998326765 ], [ -91.310944952814992, 41.917118952554659 ], [ -91.207797184906838, 41.888783807702538 ], [ -91.050232001352654, 41.888270999472851 ], [ -90.832414035898353, 41.827303694793677 ], [ -90.539115002931766, 41.807148002546505 ], [ -90.231398000671902, 41.815957997781801 ], [ -90.111760002823601, 41.858149996992196 ], [ -89.965099998509359, 41.809349997268505 ], [ -89.636989999624916, 41.758070000151115 ] ] } },
{ "type": "Feature", "properties": { "region": "NorthAmerica", "edge_type": "spoke_fallback" }, "geometry": { "type": "LineString", "coordinates": [ [ -93.618275997627151, 41.702997002939988 ], [ -93.576180000182248, 41.702882000440482 ], [ -93.575635001282549, 41.652125998895059 ], [ -93.49486900122335, 41.661677997072246 ] ] } },
{ "type": "Feature", "properties": { "region": "NorthAmerica", "edge_type": "spoke_fallback" }, "geometry": { "type": "LineString", "coordinates": [ [ -93.49486900122335, 41.661677997072246 ], [ -93.239894002705682, 41.693533997788784 ], [ -91.601531998888291, 41.693832999028871 ], [ -90.391355999698916, 41.595733002630453 ], [ -90.32227000276167, 41.53500000156005 ], [ -90.252970000174315, 41.547750001559713 ], [ -90.103040002461711, 41.68880000081171 ], [ -89.857050654101755, 41.755131042708292 ], [ -89.636989999624916, 41.758070000151115 ] ] } },
{ "type": "Feature", "properties": { "region": "NorthAmerica", "edge_type": "spoke_fallback" }, "geometry": { "type": "LineString", "coordinates": [ [ -93.273076996749907, 44.983549999876878 ], [ -93.288168001820353, 44.965796001721202 ], [ -93.17640900156492, 44.951710000086841 ], [ -92.671405999849824, 44.964849997176856 ], [ -91.792243381492639, 44.903260447850549 ], [ -91.598542998510837, 44.840829999822439 ], [ -91.526710995480471, 44.776488000989147 ], [ -91.416771999956964, 44.767315997290922 ], [ -91.057378099437827, 44.422818533895061 ], [ -90.592212002907957, 44.160168999786166 ], [ -90.505267004049003, 44.021193001044288 ], [ -90.143812997088773, 43.881195999575745 ], [ -90.053077997062985, 43.792868000374213 ], [ -89.860299599973004, 43.696909511568371 ], [ -89.786317003202981, 43.625647002271499 ], [ -89.778330001163511, 43.569660001723186 ], [ -89.599617002584111, 43.538079000085602 ], [ -89.494788998819047, 43.491502996889068 ], [ -89.451968995187784, 43.330703000930683 ], [ -89.30642000026748, 43.153825998278307 ], [ -89.277520002818036, 43.046915999224446 ], [ -89.076777995818574, 43.02785900252205 ], [ -88.843283000335063, 42.932809998200241 ], [ -88.767537001679202, 42.837408000616072 ], [ -88.562805001581197, 42.799260998689014 ], [ -88.541853998451543, 42.697970999880731 ], [ -88.338102581351336, 42.546189352780551 ], [ -88.305780002669394, 42.45086999794659 ], [ -88.219130001566626, 42.433089999950411 ], [ -88.164569996335544, 42.323039999629081 ], [ -88.042339999566465, 42.278980001690634 ], [ -87.994169998412232, 42.23642000333664 ], [ -87.989230000968078, 42.175830001063041 ], [ -87.907810000432605, 42.139740001487993 ], [ -87.763834997620535, 41.971372997415166 ], [ -87.687729996244514, 41.927964996361659 ] ] } },
{ "type": "Feature", "properties": { "region": "NorthAmerica", "edge_type": "spoke_fallback" }, "geometry": { "type": "LineString", "coordinates": [ [ -91.186492003010116, 30.411198002087737 ], [ -91.187656004022656, 30.438982002455589 ] ] } },
{ "type": "Feature", "properties": { "region": "NorthAmerica", "edge_type": "spoke_fallback" }, "geometry": { "type": "LineString", "coordinates": [ [ -90.071759002385392, 29.983184999219159 ], [ -90.294739999002573, 30.006834002069656 ], [ -90.495490001008065, 30.10469399923711 ], [ -90.80543200446256, 30.153307998519185 ], [ -91.060924001392522, 30.40647799719574 ], [ -91.187656004022656, 30.438982002455589 ] ] } },
{ "type": "Feature", "properties": { "region": "NorthAmerica", "edge_type": "spoke_fallback" }, "geometry": { "type": "LineString", "coordinates": [ [ -89.636989999624916, 41.758070000151115 ], [ -88.437486003977199, 41.765262000163531 ], [ -88.397889002871764, 41.794456997392494 ], [ -88.035179995560696, 41.80962000272369 ], [ -87.904272003652409, 41.873920002176668 ], [ -87.630769998001483, 41.878160001725341 ] ] } },
{ "type": "Feature", "properties": { "region": "NorthAmerica", "edge_type": "spoke_fallback" }, "geometry": { "type": "LineString", "coordinates": [ [ -87.660729998503015, 42.000591998723344 ], [ -87.713979999538395, 41.9944499985478 ], [ -87.687729996244514, 41.927964996361659 ] ] } },
{ "type": "Feature", "properties": { "region": "NorthAmerica", "edge_type": "spoke_fallback" }, "geometry": { "type": "LineString", "coordinates": [ [ -87.687729996244514, 41.927964996361659 ], [ -87.630769998001483, 41.878160001725341 ] ] } },
{ "type": "Feature", "properties": { "region": "NorthAmerica", "edge_type": "spoke_fallback" }, "geometry": { "type": "LineString", "coordinates": [ [ -86.720693997131718, 41.800645000915154 ], [ -87.121287996279733, 41.620585996741347 ], [ -87.299783997819148, 41.59505799845001 ], [ -87.480862000030214, 41.639402999224437 ], [ -87.58560000158694, 41.749749999036133 ], [ -87.630769998001483, 41.878160001725341 ] ] } },
{ "type": "Feature", "properties": { "region": "NorthAmerica", "edge_type": "spoke_fallback" }, "geometry": { "type": "LineString", "coordinates": [ [ -84.476337000709862, 42.733056000517649 ], [ -84.585802000173715, 42.725344001567144 ], [ -85.000004999769061, 42.449628999946469 ], [ -85.125131003317421, 42.404740999727991 ], [ -85.180301997688971, 42.298488001457095 ], [ -85.514973003947745, 42.268823002551123 ], [ -85.587020000775027, 42.236624997781902 ], [ -86.305218003930406, 42.17570999635462 ], [ -86.521537004569012, 42.026873003325306 ], [ -86.573586002985294, 41.926769998104632 ], [ -86.720693997131718, 41.800645000915154 ] ] } },
{ "type": "Feature", "properties": { "region": "NorthAmerica", "edge_type": "spoke_fallback" }, "geometry": { "type": "LineString", "coordinates": [ [ -83.744303998948055, 42.274378997420335 ], [ -83.870043003863131, 42.29866500081291 ], [ -84.358649999928218, 42.27688300271906 ], [ -84.356897000533351, 42.257663002802545 ], [ -84.711714999776191, 42.163014001547992 ], [ -85.5584159982117, 41.998631002036497 ], [ -85.575656995150567, 41.962454998441935 ], [ -85.711893999936748, 41.911520000766714 ], [ -86.012547001145236, 41.911578996376548 ], [ -86.225289000154021, 41.804809001234631 ], [ -86.720693997131718, 41.800645000915154 ] ] } },
{ "type": "Feature", "properties": { "region": "NorthAmerica", "edge_type": "spoke_fallback" }, "geometry": { "type": "LineString", "coordinates": [ [ -83.924781001284586, 35.949370002900579 ], [ -83.996292997461268, 35.731165001580123 ], [ -84.3715250049232, 35.509273999900955 ], [ -84.376565595712833, 35.449117392398875 ], [ -84.303746999955393, 35.372372003287317 ], [ -84.293491015204978, 35.312960785087171 ], [ -84.296335988692945, 35.254142396686568 ], [ -84.342381995223093, 35.207356997423524 ], [ -84.324812996424569, 35.123901001880007 ], [ -84.374620347863996, 35.090799324793174 ], [ -84.380678002235143, 35.029486000038723 ], [ -84.373709995155082, 34.903763996833064 ], [ -84.322880001596189, 34.872994002849126 ], [ -84.516685999505953, 34.620767001922346 ], [ -84.521618001944077, 34.565324002186486 ], [ -84.517994000458572, 34.510875996172878 ], [ -84.39470100026432, 34.383175002846016 ], [ -84.391755999369451, 34.338760003435219 ], [ -84.466590998529426, 34.2689429987457 ], [ -84.562361998953762, 34.037768000849553 ], [ -84.390670996202985, 33.758395000993893 ] ] } },
{ "type": "Feature", "properties": { "region": "NorthAmerica", "edge_type": "spoke_fallback" }, "geometry": { "type": "LineString", "coordinates": [ [ -82.15704000105454, 27.065525001333409 ], [ -82.163779997749231, 27.018237999726072 ], [ -82.049071001965942, 26.935111997101874 ], [ -82.003224996350681, 26.94646800327045 ], [ -81.96161099895464, 26.970402996388831 ], [ -81.954240995784886, 27.085760002753705 ], [ -81.852611003414466, 27.233772002098771 ] ] } },
{ "type": "Feature", "properties": { "region": "NorthAmerica", "edge_type": "spoke_fallback" }, "geometry": { "type": "LineString", "coordinates": [ [ -81.852611003414466, 27.233772002098771 ], [ -81.79551789281264, 27.41242666548219 ], [ -81.830363003694458, 27.903969003045141 ], [ -81.730941995557146, 28.004005000745479 ], [ -81.743839000293391, 28.181935997939661 ], [ -81.614395001786804, 28.25928499871597 ], [ -81.38482600342104, 28.535136998936501 ] ] } },
{ "type": "Feature", "properties": { "region": "NorthAmerica", "edge_type": "spoke_fallback" }, "geometry": { "type": "LineString", "coordinates": [ [ -81.795599998829601, 26.147701000940319 ], [ -81.812116001435228, 26.414993002624744 ], [ -81.777696000295322, 26.432437996203856 ], [ -81.804103002151422, 26.630302003798718 ], [ -81.798532998232247, 26.684179997899697 ], [ -81.760145003735076, 26.701512000436676 ], [ -81.760492561918511, 26.991419212529244 ], [ -81.852611003414466, 27.233772002098771 ] ] } },
{ "type": "Feature", "properties": { "region": "NorthAmerica", "edge_type": "spoke_fallback" }, "geometry": { "type": "LineString", "coordinates": [ [ -81.387766000699742, 28.535128996531039 ], [ -81.38482600342104, 28.535136998936501 ] ] } },
{ "type": "Feature", "properties": { "region": "NorthAmerica", "edge_type": "spoke_fallback" }, "geometry": { "type": "LineString", "coordinates": [ [ -81.38482600342104, 28.535136998936501 ], [ -81.378523001179474, 28.536137997207373 ] ] } },
{ "type": "Feature", "properties": { "region": "NorthAmerica", "edge_type": "spoke_fallback" }, "geometry": { "type": "LineString", "coordinates": [ [ -79.05404600118554, 35.910276000586414 ], [ -78.903050996804751, 35.990148002166521 ] ] } },
{ "type": "Feature", "properties": { "region": "NorthAmerica", "edge_type": "spoke_fallback" }, "geometry": { "type": "LineString", "coordinates": [ [ -78.937263999153743, 36.00815400085731 ], [ -78.903050996804751, 35.990148002166521 ] ] } },
{ "type": "Feature", "properties": { "region": "NorthAmerica", "edge_type": "spoke_fallback" }, "geometry": { "type": "LineString", "coordinates": [ [ -78.903050996804751, 35.990148002166521 ], [ -78.768754002689263, 36.077957001880698 ], [ -78.580739003241717, 36.295276997531545 ], [ -78.361691001618325, 36.369693998785586 ] ] } },
{ "type": "Feature", "properties": { "region": "NorthAmerica", "edge_type": "spoke_fallback" }, "geometry": { "type": "LineString", "coordinates": [ [ -78.67552400382705, 35.78070900250372 ], [ -78.642711996028851, 35.785435002060808 ] ] } },
{ "type": "Feature", "properties": { "region": "NorthAmerica", "edge_type": "spoke_fallback" }, "geometry": { "type": "LineString", "coordinates": [ [ -78.642711996028851, 35.785435002060808 ], [ -78.580836003326098, 35.837375001442034 ], [ -78.361691001618325, 36.369693998785586 ] ] } },
{ "type": "Feature", "properties": { "region": "NorthAmerica", "edge_type": "spoke_fallback" }, "geometry": { "type": "LineString", "coordinates": [ [ -78.638136004921009, 35.779561002569402 ], [ -78.642711996028851, 35.785435002060808 ] ] } },
{ "type": "Feature", "properties": { "region": "NorthAmerica", "edge_type": "spoke_fallback" }, "geometry": { "type": "LineString", "coordinates": [ [ -78.361691001618325, 36.369693998785586 ], [ -78.18401100273357, 36.544293002367702 ], [ -78.094259999303659, 36.750686996806586 ], [ -77.734991000541655, 36.942582003125999 ], [ -77.455390000050173, 37.21453800163394 ], [ -77.403050998510722, 37.232682998454386 ] ] } },
{ "type": "Feature", "properties": { "region": "NorthAmerica", "edge_type": "spoke_fallback" }, "geometry": { "type": "LineString", "coordinates": [ [ -77.944862001868671, 34.225555996116107 ], [ -77.879677001934795, 34.440187999473551 ], [ -77.942744996137492, 34.682100000836812 ], [ -77.993436999485596, 34.736894997184649 ], [ -78.135778002728472, 35.11645900080309 ], [ -78.062399999094154, 35.211704999486933 ], [ -77.984346003894558, 35.442313998287013 ], [ -77.989048001687294, 35.5856660012372 ], [ -77.955508996312815, 35.663697003133201 ], [ -78.011480003326952, 35.734332998948815 ], [ -78.002749995732813, 35.776639997673527 ], [ -77.63296399773138, 36.419365002101557 ], [ -77.551436998862414, 36.69886500096402 ], [ -77.467631001067062, 36.76823499835384 ], [ -77.400490260961831, 36.895495285225458 ], [ -77.355115996634808, 37.155228997823514 ], [ -77.403050998510722, 37.232682998454386 ] ] } },
{ "type": "Feature", "properties": { "region": "NorthAmerica", "edge_type": "spoke_fallback" }, "geometry": { "type": "LineString", "coordinates": [ [ -77.403050998510722, 37.232682998454386 ], [ -77.452204996260875, 37.525861001781081 ], [ -77.451026002366234, 37.842014000341088 ], [ -77.517054996459009, 38.090203996939657 ], [ -77.497494001484256, 38.255629002474265 ], [ -77.405135997268289, 38.464871999621373 ], [ -77.176044004318413, 38.789333996434074 ], [ -77.048302995994845, 38.867277996777268 ], [ -77.036924000358283, 38.907248997552315 ] ] } },
{ "type": "Feature", "properties": { "region": "NorthAmerica", "edge_type": "spoke_fallback" }, "geometry": { "type": "LineString", "coordinates": [ [ -71.118798995426019, 42.374354997896837 ], [ -71.056824996525748, 42.358874997226003 ] ] } },
{ "type": "Feature", "properties": { "region": "NorthAmerica", "edge_type": "spoke_fallback" }, "geometry": { "type": "LineString", "coordinates": [ [ -71.057290000449413, 42.360249998089976 ], [ -71.056824996525748, 42.358874997226003 ] ] } },
{ "type": "Feature", "properties": { "region": "NorthAmerica", "edge_type": "spoke_fallback" }, "geometry": { "type": "LineString", "coordinates": [ [ -71.046210000072023, 42.31252400240799 ], [ -71.056824996525748, 42.358874997226003 ] ] } }
]
}
