{
"type": "FeatureCollection",
"name": "network_edges_method3_optimized",
"crs": { "type": "name", "properties": { "name": "urn:ogc:def:crs:OGC:1.3:CRS84" } },
"features": [
{ "type": "Feature", "properties": { "region": "ContigUS", "edge_type": "augment" }, "geometry": { "type": "LineString", "coordinates": [ [ -115.180380997347797, 36.129917998449677 ], [ -115.10681900077698, 36.235952002068601 ], [ -114.947819998231466, 36.311828002551437 ], [ -114.818477985459083, 36.47323599404907 ], [ -114.571893000166867, 36.662262996486319 ], [ -114.354868732198682, 36.762333774320958 ], [ -114.172380213294801, 36.763694263240559 ], [ -113.752577807921028, 36.970537055244421 ], [ -113.622451997096917, 36.999971997041364 ], [ -113.578434997332721, 37.088142000918999 ] ] } },
{ "type": "Feature", "properties": { "region": "ContigUS", "edge_type": "augment" }, "geometry": { "type": "LineString", "coordinates": [ [ -111.658601997046347, 40.250608999768644 ], [ -111.647623003239488, 40.12989800156592 ], [ -111.810990998101914, 39.938618002317504 ], [ -111.839253003053429, 39.681092997372403 ], [ -111.901547008807356, 39.64021143156868 ], [ -111.975173001359011, 39.486329996644891 ], [ -112.074237638839946, 39.384233637295587 ], [ -112.097404004241227, 39.269977998967121 ], [ -112.233641000044258, 39.147827998154924 ], [ -112.352751004101179, 38.943342002764517 ], [ -112.599004403255748, 38.714277041678436 ], [ -112.612711230237508, 38.473548572019325 ], [ -112.660316810915546, 38.353044997376458 ], [ -112.611996000591446, 38.1473879997842 ], [ -112.780188002428474, 37.90480800147769 ], [ -113.002929220730024, 37.769886303303714 ], [ -113.086475003537004, 37.647195000201108 ], [ -113.158102999166317, 37.606616001485328 ], [ -113.306304000468387, 37.283625996124201 ], [ -113.565412003877825, 37.096257996195419 ] ] } },
{ "type": "Feature", "properties": { "region": "ContigUS", "edge_type": "augment" }, "geometry": { "type": "LineString", "coordinates": [ [ -106.375901000038795, 31.77366699844573 ], [ -106.502443000003169, 31.759813000339157 ], [ -106.569224000769751, 31.836269999979702 ], [ -106.601275000775033, 32.053251000541813 ], [ -106.960061002358273, 32.624438996696867 ], [ -107.00824100176159, 32.670912998160112 ], [ -107.178541996357481, 32.688079998241861 ], [ -107.283538003046942, 32.801954998739667 ], [ -107.318562004434455, 32.90628500211654 ], [ -107.306785998358095, 33.091908000688981 ], [ -107.253155003844384, 33.15511899624817 ], [ -107.294477003857338, 33.329071996015116 ], [ -107.150480998433935, 33.610080001737465 ], [ -106.928612996487473, 33.823975000157688 ], [ -106.879098001757256, 33.918444999364503 ], [ -106.924196995331727, 34.21049299822262 ], [ -106.832032003137741, 34.428695000521174 ], [ -106.720590997509731, 34.878541996426897 ], [ -106.620606000087591, 35.080957002669734 ] ] } },
{ "type": "Feature", "properties": { "region": "ContigUS", "edge_type": "augment" }, "geometry": { "type": "LineString", "coordinates": [ [ -94.723605002666346, 38.912817002061217 ], [ -94.771221003801699, 38.912760000096419 ], [ -94.947612998232088, 38.768219002481068 ], [ -95.226691996695109, 38.635973999272395 ], [ -95.23597199782192, 38.59002400212222 ], [ -95.550164460891622, 38.459968320087981 ], [ -95.983419002897776, 38.408226998066382 ], [ -96.239483999214869, 38.412262001221741 ], [ -96.398715386941191, 38.23594790076212 ], [ -96.849935003937816, 37.873598997931452 ], [ -96.843994004789437, 37.676165000434821 ], [ -96.978950002997337, 37.679343997464642 ], [ -97.003640998081963, 37.519611998202258 ], [ -96.995764003732148, 37.215417999403215 ], [ -97.067179996954437, 36.87551899705921 ], [ -97.071827997015447, 36.115885996841151 ] ] } },
{ "type": "Feature", "properties": { "region": "ContigUS", "edge_type": "augment" }, "geometry": { "type": "LineString", "coordinates": [ [ -94.178069000235496, 36.070369000417486 ], [ -94.158039003834048, 36.060810998121291 ], [ -94.138462000880935, 36.185043000804257 ], [ -94.13679799758124, 36.254130001488349 ], [ -94.185346000823856, 36.310014996427405 ], [ -94.168888002436134, 36.374982997953595 ], [ -94.411782996002088, 36.610700001621005 ], [ -94.429938001793076, 36.967710998682961 ], [ -94.479461000512515, 37.017680998091421 ], [ -94.474694000625774, 37.141118997135671 ], [ -94.542768000479697, 37.175028002582664 ], [ -94.617643001619228, 37.335584998145151 ], [ -94.705420002128051, 37.338617997139153 ], [ -94.713498605377055, 38.107299943593262 ], [ -94.670709997864961, 38.2649760036972 ], [ -94.675159003124236, 38.806054997518295 ], [ -94.677279000245278, 38.89916400020001 ], [ -94.723605002666346, 38.912817002061217 ] ] } },
{ "type": "Feature", "properties": { "region": "ContigUS", "edge_type": "augment" }, "geometry": { "type": "LineString", "coordinates": [ [ -94.723605002666346, 38.912817002061217 ], [ -94.723664004014211, 38.935164003527319 ], [ -94.275531995463794, 38.943978002047224 ], [ -94.272535997210269, 39.009125001170567 ], [ -94.197962003556114, 39.021285000294171 ], [ -92.914661999379021, 38.934418001960545 ], [ -92.596845004817823, 38.939541999700417 ], [ -92.4981380046178, 38.973587001104711 ], [ -92.008644003057995, 38.952091000458239 ], [ -91.461615997754905, 38.900919996946762 ], [ -91.171647998710199, 38.819592002558707 ], [ -90.565092996357649, 38.793580999652498 ], [ -90.328146996946046, 38.698860000480437 ], [ -90.309970000396916, 38.650723999738823 ] ] } },
{ "type": "Feature", "properties": { "region": "ContigUS", "edge_type": "augment" }, "geometry": { "type": "LineString", "coordinates": [ [ -86.912378003660521, 40.429851000955146 ], [ -86.901902003530722, 40.024976998736108 ], [ -86.990127999984821, 39.904416003701776 ], [ -87.23306199840043, 39.87703599761884 ], [ -87.236485998971062, 39.759964999971082 ], [ -87.377194996904677, 39.659963002402023 ], [ -87.36972200188761, 39.571621998017406 ], [ -87.41388300159187, 39.467509999251867 ], [ -87.835439996378582, 39.38024000221786 ], [ -88.37923999553972, 39.16894999805502 ], [ -88.354079999028386, 38.679619998085585 ], [ -88.438210001180437, 38.67435000219551 ], [ -88.438880000651935, 38.574059999738338 ], [ -88.437369995541403, 38.515629997843341 ], [ -88.403749998060903, 38.51515999699032 ], [ -88.405488004573726, 38.379737000479196 ], [ -88.359879998609756, 38.379599998025057 ] ] } },
{ "type": "Feature", "properties": { "region": "ContigUS", "edge_type": "augment" }, "geometry": { "type": "LineString", "coordinates": [ [ -86.775164997284435, 36.161842996358104 ], [ -86.802494002998714, 36.279433001524986 ], [ -87.208616000843222, 36.514650996333472 ], [ -87.316994002880691, 36.629846997136056 ], [ -87.454873002242081, 36.702606001749047 ], [ -87.482728995634673, 36.862838000476906 ], [ -87.692562995355161, 37.167308003843509 ], [ -87.684608000289245, 37.271390999759475 ], [ -87.819332996721812, 37.478004003408749 ], [ -87.944978999055522, 37.497380001139504 ], [ -88.044151649966253, 37.574658221885976 ], [ -88.093902003300883, 37.674693997757416 ], [ -88.285689998806973, 37.741469996942513 ], [ -88.359879998609756, 38.379599998025057 ] ] } },
{ "type": "Feature", "properties": { "region": "ContigUS", "edge_type": "augment" }, "geometry": { "type": "LineString", "coordinates": [ [ -86.52691299933629, 39.164307002862159 ], [ -86.727904001366227, 39.036240998872664 ], [ -87.057406002665473, 39.035003998345474 ], [ -87.258715996452793, 38.798368997786397 ], [ -87.415097002833136, 38.756269996854599 ], [ -87.530466996968741, 38.67612200142819 ], [ -87.554369998869291, 38.711310002564325 ], [ -87.687140000732214, 38.729509998623563 ], [ -87.694639999106712, 38.568339999842621 ], [ -87.761420002743307, 38.416920003037177 ], [ -88.002090004097838, 38.379789998634728 ], [ -88.359879998609756, 38.379599998025057 ] ] } },
{ "type": "Feature", "properties": { "region": "ContigUS", "edge_type": "augment" }, "geometry": { "type": "LineString", "coordinates": [ [ -86.156627996177704, 39.804026001611142 ], [ -86.140804998898005, 39.766918999460309 ], [ -84.817170000660084, 39.833186002207292 ], [ -84.641247995803212, 39.743861003493024 ], [ -84.202379001237588, 39.757775999597357 ] ] } },
{ "type": "Feature", "properties": { "region": "ContigUS", "edge_type": "augment" }, "geometry": { "type": "LineString", "coordinates": [ [ -84.497978996939224, 38.045719997775301 ], [ -84.506322001325785, 38.039632996950658 ] ] } },
{ "type": "Feature", "properties": { "region": "ContigUS", "edge_type": "augment" }, "geometry": { "type": "LineString", "coordinates": [ [ -84.202379001237588, 39.757775999597357 ], [ -84.238135003817519, 39.596392000783247 ], [ -84.310777996903212, 39.530507996821875 ], [ -84.3735239989755, 39.354483000580274 ], [ -84.439832000812345, 39.299886000676814 ], [ -84.519421001236864, 39.076008001771051 ], [ -84.647118001094682, 39.001459000236146 ], [ -84.572915002669745, 38.625424002073927 ], [ -84.595784474869589, 38.558595086658364 ], [ -84.55852000329827, 38.281684997517857 ], [ -84.527046000183176, 38.121506000684519 ], [ -84.4854100030458, 38.099792996944501 ], [ -84.497978996939224, 38.045719997775301 ] ] } },
{ "type": "Feature", "properties": { "region": "ContigUS", "edge_type": "augment" }, "geometry": { "type": "LineString", "coordinates": [ [ -84.497978996939224, 38.045719997775301 ], [ -84.388616998305864, 37.962536997513368 ], [ -84.33306500147286, 37.876287999730131 ], [ -84.334239997864486, 37.381961997524229 ], [ -84.239240003482195, 37.240521000043458 ], [ -84.112167997500137, 37.152707999099633 ], [ -84.101538996311163, 37.107116000728183 ], [ -84.175934000644943, 36.749300998327072 ], [ -84.104670002368749, 36.591315997127893 ], [ -84.29297281305017, 36.433902009552057 ], [ -84.215499003759987, 36.295390002730095 ], [ -84.029532998593439, 36.116576996299244 ], [ -83.924781001284586, 35.949370002900579 ] ] } },
{ "type": "Feature", "properties": { "region": "ContigUS", "edge_type": "augment" }, "geometry": { "type": "LineString", "coordinates": [ [ -84.201690999527784, 39.757879000184239 ], [ -84.202379001237588, 39.757775999597357 ] ] } },
{ "type": "Feature", "properties": { "region": "ContigUS", "edge_type": "augment" }, "geometry": { "type": "LineString", "coordinates": [ [ -83.047015999812757, 42.331643003548294 ], [ -83.046953998091851, 42.330935998289988 ] ] } },
{ "type": "Feature", "properties": { "region": "ContigUS", "edge_type": "augment" }, "geometry": { "type": "LineString", "coordinates": [ [ -83.04170020011702, 42.328714885943896 ], [ -83.046953998091851, 42.330935998289988 ] ] } },
{ "type": "Feature", "properties": { "region": "ContigUS", "edge_type": "augment" }, "geometry": { "type": "LineString", "coordinates": [ [ -83.046953998091851, 42.330935998289988 ], [ -83.13110699711514, 42.277844999408394 ], [ -83.177974998062865, 42.140856998756519 ], [ -83.353275997563827, 41.96059800227453 ], [ -83.51532699933766, 41.687557001796236 ], [ -83.476884000995639, 41.610307000120528 ], [ -83.299673003537549, 41.465308002455579 ], [ -83.097379004171188, 41.397036997527351 ], [ -82.614906998440048, 41.322798996907707 ], [ -82.36038500235388, 41.338116002623771 ], [ -82.164896001776142, 41.389122002132837 ], [ -81.994935998678983, 41.379220997985186 ], [ -81.839823000254768, 41.450547999174795 ], [ -81.671742003237384, 41.479117996950158 ] ] } },
{ "type": "Feature", "properties": { "region": "ContigUS", "edge_type": "augment" }, "geometry": { "type": "LineString", "coordinates": [ [ -83.04170020011702, 42.328714885943896 ], [ -83.04196700079207, 42.32889399800505 ], [ -83.042515997194783, 42.328159998390397 ], [ -83.04170020011702, 42.328714885943896 ] ] } },
{ "type": "Feature", "properties": { "region": "ContigUS", "edge_type": "augment" }, "geometry": { "type": "LineString", "coordinates": [ [ -78.877540001562451, 42.886244998473259 ], [ -78.917053998335646, 42.90821900276719 ], [ -79.364693999604967, 42.890912002039435 ], [ -79.378463996117503, 42.944453997378893 ], [ -79.48079900428921, 42.942526002283429 ], [ -79.625940002373767, 42.893715999207565 ], [ -79.808270256090879, 42.884241500013907 ], [ -79.952782002285232, 42.926529997249474 ], [ -80.44706600060303, 42.822876002211473 ], [ -80.494231999679954, 42.855509001970695 ], [ -80.722092995263424, 42.849296000585376 ], [ -80.932998999528195, 42.763863997724023 ], [ -81.146710002250828, 42.778297000120936 ], [ -81.228679996319016, 42.808816999532709 ], [ -81.298460004695315, 42.784188998235813 ], [ -81.562469000699252, 42.567856002293915 ], [ -81.624342002012099, 42.617092999465072 ], [ -82.046492864049995, 42.393980952285311 ], [ -82.374792003217522, 42.279188998546921 ], [ -82.637166002522278, 42.233135997587517 ], [ -82.9304059982084, 42.24216399860633 ], [ -82.996832002740973, 42.250868997535122 ], [ -83.04170020011702, 42.328714885943896 ] ] } },
{ "type": "Feature", "properties": { "region": "ContigUS", "edge_type": "augment" }, "geometry": { "type": "LineString", "coordinates": [ [ -81.795599998829601, 26.147701000940319 ], [ -81.782788001668663, 26.138168000150309 ] ] } },
{ "type": "Feature", "properties": { "region": "ContigUS", "edge_type": "augment" }, "geometry": { "type": "LineString", "coordinates": [ [ -81.782788001668663, 26.138168000150309 ], [ -80.87948200122409, 26.172829998254006 ], [ -80.344737002160556, 26.120378997455195 ], [ -80.294633997194794, 26.193702997518599 ], [ -80.159333998132041, 26.188397997024744 ] ] } },
{ "type": "Feature", "properties": { "region": "ContigUS", "edge_type": "augment" }, "geometry": { "type": "LineString", "coordinates": [ [ -81.782788001668663, 26.138168000150309 ], [ -81.592579001886932, 25.994462003020569 ], [ -81.444838342252211, 25.932461049006434 ], [ -80.951938998130217, 25.84863900249297 ], [ -80.827665998843017, 25.762143999441935 ], [ -80.372391997508302, 25.761229001136751 ] ] } },
{ "type": "Feature", "properties": { "region": "ContigUS", "edge_type": "augment" }, "geometry": { "type": "LineString", "coordinates": [ [ -81.671742003237384, 41.479117996950158 ], [ -81.371355002167661, 41.255899996868038 ], [ -80.981159999563275, 41.236696000438236 ], [ -80.631399003330316, 40.949596002357715 ], [ -80.39989700115305, 40.864195001978928 ], [ -80.11767300088033, 40.698364997134767 ], [ -79.954775004574586, 40.444417002621002 ] ] } },
{ "type": "Feature", "properties": { "region": "ContigUS", "edge_type": "augment" }, "geometry": { "type": "LineString", "coordinates": [ [ -78.877540001562451, 42.886244998473259 ], [ -78.853276002681824, 42.779692997192669 ], [ -79.015106000929435, 42.683255998424926 ], [ -79.102589997942019, 42.569171001005778 ], [ -79.339353998677026, 42.432920997000735 ], [ -80.408179998078651, 41.966500002178016 ], [ -80.66603399826721, 41.917481002563868 ], [ -80.965287999184838, 41.79932399795613 ], [ -81.067156000189797, 41.802771998129558 ], [ -81.171409998454592, 41.771314003607209 ], [ -81.670031997211979, 41.520701997355317 ], [ -81.671742003237384, 41.479117996950158 ] ] } },
{ "type": "Feature", "properties": { "region": "ContigUS", "edge_type": "augment" }, "geometry": { "type": "LineString", "coordinates": [ [ -78.88674299910312, 33.689786003136504 ], [ -78.789500998417893, 33.780881002773654 ], [ -78.601034999781945, 33.881829002829569 ], [ -78.566815996686827, 33.936196998745267 ], [ -78.273100001697983, 34.017203002239974 ], [ -78.136630000876536, 34.08227899606878 ], [ -78.073029997413087, 34.192344002944552 ], [ -77.989690000671388, 34.233533002438385 ], [ -77.944862001868671, 34.225555996116107 ] ] } },
{ "type": "Feature", "properties": { "region": "ContigUS", "edge_type": "augment" }, "geometry": { "type": "LineString", "coordinates": [ [ -78.877540001562451, 42.886244998473259 ], [ -78.754310000219078, 42.903774000724177 ] ] } },
{ "type": "Feature", "properties": { "region": "ContigUS", "edge_type": "augment" }, "geometry": { "type": "LineString", "coordinates": [ [ -78.754310000219078, 42.903774000724177 ], [ -78.192803003065464, 42.998396000153356 ], [ -78.192162998341288, 43.01817099645676 ], [ -77.780247998791452, 43.044127000022762 ], [ -77.566165003709699, 43.045796998353204 ], [ -77.422995996319997, 43.000086998410353 ], [ -76.9736160032611, 42.954681999249715 ], [ -76.264626998392529, 43.111447999417088 ], [ -76.142021999908067, 43.038475997540715 ] ] } },
{ "type": "Feature", "properties": { "region": "ContigUS", "edge_type": "augment" }, "geometry": { "type": "LineString", "coordinates": [ [ -78.754310000219078, 42.903774000724177 ], [ -77.764030003298132, 42.92062000073625 ], [ -77.163092813204202, 42.860622795687135 ], [ -76.944399996461001, 42.877206002109638 ], [ -76.905006364952726, 42.843525836293139 ], [ -76.891871998368927, 42.711778998856552 ], [ -76.779656995308969, 42.681715999576248 ], [ -76.665855998648581, 42.542253999149573 ], [ -76.710555996506471, 42.456460997934968 ], [ -76.493910000121289, 42.439372999322252 ] ] } },
{ "type": "Feature", "properties": { "region": "ContigUS", "edge_type": "augment" }, "geometry": { "type": "LineString", "coordinates": [ [ -77.861583000734768, 40.794432001786952 ], [ -77.531159004560479, 41.015862997544637 ], [ -77.476921997572987, 41.109779000839922 ], [ -77.281595996303551, 41.203739003096786 ], [ -77.049203997241634, 41.240312001610143 ], [ -77.086443001574679, 41.355194999429962 ], [ -76.980870959192401, 41.459646666014464 ], [ -76.952765997718842, 41.565001000746982 ], [ -76.874837003091045, 41.597658999129152 ], [ -76.774275996925567, 41.790829996544595 ], [ -76.802103459824693, 41.887666173114653 ], [ -76.777759995974037, 42.001667001093836 ], [ -76.821456000737754, 42.047979999004198 ], [ -76.786797002816527, 42.095932999506381 ], [ -76.805527999384523, 42.167529999706588 ], [ -76.733560997533274, 42.286717002544357 ], [ -76.493910000121289, 42.439372999322252 ] ] } },
{ "type": "Feature", "properties": { "region": "ContigUS", "edge_type": "augment" }, "geometry": { "type": "LineString", "coordinates": [ [ -76.493910000121289, 42.439372999322252 ], [ -76.474933997042697, 42.443502003257997 ] ] } },
{ "type": "Feature", "properties": { "region": "ContigUS", "edge_type": "augment" }, "geometry": { "type": "LineString", "coordinates": [ [ -73.010341999256582, 44.424059999797876 ], [ -73.200681003226251, 44.476353999735963 ] ] } },
{ "type": "Feature", "properties": { "region": "ContigUS", "edge_type": "augment" }, "geometry": { "type": "LineString", "coordinates": [ [ -72.879884223893072, 44.373380006198005 ], [ -73.010341999256582, 44.424059999797876 ] ] } },
{ "type": "Feature", "properties": { "region": "ContigUS", "edge_type": "augment" }, "geometry": { "type": "LineString", "coordinates": [ [ -72.879884223893072, 44.373380006198005 ], [ -73.010341999256582, 44.424059999797876 ] ] } },
{ "type": "Feature", "properties": { "region": "ContigUS", "edge_type": "augment" }, "geometry": { "type": "LineString", "coordinates": [ [ -72.800210856089251, 44.35998527720507 ], [ -72.879884223893072, 44.373380006198005 ] ] } },
{ "type": "Feature", "properties": { "region": "ContigUS", "edge_type": "augment" }, "geometry": { "type": "LineString", "coordinates": [ [ -72.800210856089251, 44.35998527720507 ], [ -72.879884223893072, 44.373380006198005 ] ] } },
{ "type": "Feature", "properties": { "region": "ContigUS", "edge_type": "augment" }, "geometry": { "type": "LineString", "coordinates": [ [ -72.667167285815779, 44.286906931988526 ], [ -72.800210856089251, 44.35998527720507 ] ] } },
{ "type": "Feature", "properties": { "region": "ContigUS", "edge_type": "augment" }, "geometry": { "type": "LineString", "coordinates": [ [ -72.667167285815779, 44.286906931988526 ], [ -72.800210856089251, 44.35998527720507 ] ] } },
{ "type": "Feature", "properties": { "region": "ContigUS", "edge_type": "augment" }, "geometry": { "type": "LineString", "coordinates": [ [ -72.657526455475434, 44.280806876482757 ], [ -72.667167285815779, 44.286906931988526 ] ] } },
{ "type": "Feature", "properties": { "region": "ContigUS", "edge_type": "augment" }, "geometry": { "type": "LineString", "coordinates": [ [ -72.657526455475434, 44.280806876482757 ], [ -72.667167285815779, 44.286906931988526 ] ] } },
{ "type": "Feature", "properties": { "region": "ContigUS", "edge_type": "augment" }, "geometry": { "type": "LineString", "coordinates": [ [ -72.637554122148657, 44.271877888418004 ], [ -72.657526455475434, 44.280806876482757 ] ] } },
{ "type": "Feature", "properties": { "region": "ContigUS", "edge_type": "augment" }, "geometry": { "type": "LineString", "coordinates": [ [ -72.637554122148657, 44.271877888418004 ], [ -72.657526455475434, 44.280806876482757 ] ] } },
{ "type": "Feature", "properties": { "region": "ContigUS", "edge_type": "augment" }, "geometry": { "type": "LineString", "coordinates": [ [ -72.623150894900959, 44.266631578304199 ], [ -72.637554122148657, 44.271877888418004 ] ] } },
{ "type": "Feature", "properties": { "region": "ContigUS", "edge_type": "augment" }, "geometry": { "type": "LineString", "coordinates": [ [ -72.623150894900959, 44.266631578304199 ], [ -72.637554122148657, 44.271877888418004 ] ] } },
{ "type": "Feature", "properties": { "region": "ContigUS", "edge_type": "augment" }, "geometry": { "type": "LineString", "coordinates": [ [ -72.60070997121862, 44.257374525358955 ], [ -72.623150894900959, 44.266631578304199 ] ] } },
{ "type": "Feature", "properties": { "region": "ContigUS", "edge_type": "augment" }, "geometry": { "type": "LineString", "coordinates": [ [ -72.60070997121862, 44.257374525358955 ], [ -72.623150894900959, 44.266631578304199 ] ] } },
{ "type": "Feature", "properties": { "region": "ContigUS", "edge_type": "augment" }, "geometry": { "type": "LineString", "coordinates": [ [ -70.915229002080608, 43.141259000157042 ], [ -71.40560120564534, 43.244450542266108 ], [ -71.695599998937979, 43.183108000442907 ], [ -71.750549001636514, 43.2535140006351 ], [ -72.130636996097181, 43.49392399920567 ], [ -72.211921997811785, 43.635293003118896 ], [ -72.330944002903479, 43.635530002899685 ], [ -72.389306998940398, 43.669921997389281 ], [ -72.44810499517051, 43.784387999487187 ], [ -72.58408599806701, 43.830160001989334 ], [ -72.621924996161468, 43.940837000245857 ], [ -72.575766996664825, 44.172212999758656 ], [ -72.60070997121862, 44.257374525358955 ] ] } },
{ "type": "Feature", "properties": { "region": "ContigUS", "edge_type": "augment" }, "geometry": { "type": "LineString", "coordinates": [ [ -70.40872799674716, 43.507686000170324 ], [ -70.443435997767182, 43.50106800155875 ], [ -70.515481997464519, 43.577305999910649 ], [ -70.695334985088948, 43.680236170252648 ], [ -70.715903000480353, 43.75462699833426 ], [ -70.798970996337175, 43.804602002276006 ], [ -70.770437996613893, 43.819508001032339 ], [ -70.803382999989921, 43.878471003400364 ], [ -70.980567003073688, 44.016818997890226 ], [ -71.083090001684923, 43.992893998051343 ], [ -71.179246999203684, 44.110625998396934 ], [ -71.221258141786819, 44.084639260296299 ], [ -71.346639329757949, 44.081528531552216 ], [ -71.458028655307643, 44.263075373289865 ], [ -71.743986997132225, 44.284474996670802 ], [ -71.803852003273647, 44.325791002710957 ], [ -71.867264995461241, 44.321834999571934 ], [ -71.963203998810002, 44.430040000048102 ], [ -72.091035000358758, 44.432788998514233 ], [ -72.349046996239508, 44.351697996649634 ], [ -72.51738800163271, 44.241518002237285 ], [ -72.60070997121862, 44.257374525358955 ] ] } },
{ "type": "Feature", "properties": { "region": "ContigUS", "edge_type": "feeder_tree" }, "geometry": { "type": "LineString", "coordinates": [ [ -118.42806200472306, 34.066890996366617 ], [ -118.308119999016313, 34.052620001152569 ], [ -118.275336997818599, 34.020299002480265 ], [ -118.247848002152253, 34.055698997975227 ], [ -118.210877001201055, 34.028374002164973 ], [ -118.149667998613651, 34.034939003066143 ] ] } },
{ "type": "Feature", "properties": { "region": "ContigUS", "edge_type": "feeder_tree" }, "geometry": { "type": "LineString", "coordinates": [ [ -118.149667998613651, 34.034939003066143 ], [ -118.145376998029676, 34.037430002706365 ] ] } },
{ "type": "Feature", "properties": { "region": "ContigUS", "edge_type": "feeder_tree" }, "geometry": { "type": "LineString", "coordinates": [ [ -118.149667998613651, 34.034939003066143 ], [ -118.036509998067316, 34.027758002892284 ] ] } },
{ "type": "Feature", "properties": { "region": "ContigUS", "edge_type": "feeder_tree" }, "geometry": { "type": "LineString", "coordinates": [ [ -117.884223000712268, 33.745464999100136 ], [ -117.877387001063184, 33.780420003184538 ], [ -117.998010001620543, 33.866379997753327 ], [ -118.005682000422496, 33.948611004076305 ], [ -118.063289998395689, 34.004675002313398 ], [ -118.036509998067316, 34.027758002892284 ] ] } },
{ "type": "Feature", "properties": { "region": "ContigUS", "edge_type": "feeder_tree" }, "geometry": { "type": "LineString", "coordinates": [ [ -118.036509998067316, 34.027758002892284 ], [ -118.036368998500336, 34.021672003043165 ] ] } },
{ "type": "Feature", "properties": { "region": "ContigUS", "edge_type": "feeder_tree" }, "geometry": { "type": "LineString", "coordinates": [ [ -117.170149998459536, 32.714347997467641 ], [ -117.068675001408252, 33.065166001599785 ], [ -117.157422999890798, 33.257131001105748 ], [ -117.17444000191351, 33.388593003314632 ], [ -117.135951997975752, 33.459916002899185 ], [ -117.162793002895114, 33.522590999790332 ], [ -117.075999998982226, 33.739116996913069 ], [ -116.95813099952403, 33.74762100127186 ], [ -117.003180998982913, 33.847339996987074 ], [ -116.976444001007181, 33.926904997844524 ], [ -116.678341999609913, 33.922446003929316 ], [ -116.561881998691689, 33.861989001282609 ], [ -116.544882998907241, 33.823098000926386 ] ] } },
{ "type": "Feature", "properties": { "region": "ContigUS", "edge_type": "feeder_tree" }, "geometry": { "type": "LineString", "coordinates": [ [ -111.888225002127001, 40.760651999961333 ], [ -111.917970996978411, 40.806468998902652 ], [ -111.892182997235139, 40.869156999461232 ], [ -111.908138999075845, 41.128136001948555 ], [ -111.948759001626797, 41.197629000077441 ] ] } },
{ "type": "Feature", "properties": { "region": "ContigUS", "edge_type": "feeder_tree" }, "geometry": { "type": "LineString", "coordinates": [ [ -111.89103500420093, 40.760647999072944 ], [ -111.888225002127001, 40.760651999961333 ] ] } },
{ "type": "Feature", "properties": { "region": "ContigUS", "edge_type": "feeder_tree" }, "geometry": { "type": "LineString", "coordinates": [ [ -111.658601997046347, 40.250608999768644 ], [ -111.913325000160484, 40.452609002001381 ], [ -111.902689001095411, 40.625876998307902 ], [ -111.93884000188892, 40.667653001983915 ], [ -111.888285997734783, 40.674332002276664 ], [ -111.888225002127001, 40.760651999961333 ] ] } },
{ "type": "Feature", "properties": { "region": "ContigUS", "edge_type": "feeder_tree" }, "geometry": { "type": "LineString", "coordinates": [ [ -96.789354004582307, 32.765114997644339 ], [ -96.768131997697779, 32.97831500052262 ], [ -96.716095997903665, 32.975407001951595 ], [ -96.63821700350455, 33.161520001598497 ] ] } },
{ "type": "Feature", "properties": { "region": "ContigUS", "edge_type": "feeder_tree" }, "geometry": { "type": "LineString", "coordinates": [ [ -93.600562998888577, 41.702860001921771 ], [ -93.610353000551655, 42.017409002348963 ], [ -93.644423000090583, 42.022762998890414 ] ] } },
{ "type": "Feature", "properties": { "region": "ContigUS", "edge_type": "feeder_tree" }, "geometry": { "type": "LineString", "coordinates": [ [ -93.600562998888577, 41.702860001921771 ], [ -93.618275997627151, 41.702997002939988 ] ] } },
{ "type": "Feature", "properties": { "region": "ContigUS", "edge_type": "feeder_tree" }, "geometry": { "type": "LineString", "coordinates": [ [ -93.607241999975443, 41.582809003041291 ], [ -93.600562998888577, 41.702860001921771 ] ] } },
{ "type": "Feature", "properties": { "region": "ContigUS", "edge_type": "feeder_tree" }, "geometry": { "type": "LineString", "coordinates": [ [ -89.400432000550822, 43.075797999345298 ], [ -89.369759995355096, 43.042954001498515 ], [ -89.076777995818574, 43.02785900252205 ], [ -88.843283000335063, 42.932809998200241 ], [ -88.767537001679202, 42.837408000616072 ], [ -88.562805001581197, 42.799260998689014 ], [ -88.541853998451543, 42.697970999880731 ], [ -88.338102581351336, 42.546189352780551 ], [ -88.305780002669394, 42.45086999794659 ], [ -88.219130001566626, 42.433089999950411 ], [ -88.164569996335544, 42.323039999629081 ], [ -88.075780001613481, 42.30320999763876 ], [ -88.00036999982332, 42.239620000961175 ], [ -87.862169996478272, 42.239870002670521 ], [ -87.747089996482671, 42.040749998118471 ], [ -87.710749999136553, 42.040940002347448 ], [ -87.711689996249845, 41.997370000363482 ] ] } },
{ "type": "Feature", "properties": { "region": "ContigUS", "edge_type": "feeder_tree" }, "geometry": { "type": "LineString", "coordinates": [ [ -87.642450001123436, 41.875610001100156 ], [ -87.904272003652409, 41.873920002176668 ], [ -88.067185998953363, 41.830124001405657 ] ] } },
{ "type": "Feature", "properties": { "region": "ContigUS", "edge_type": "feeder_tree" }, "geometry": { "type": "LineString", "coordinates": [ [ -87.711689996249845, 41.997370000363482 ], [ -87.660729998503015, 42.000591998723344 ] ] } },
{ "type": "Feature", "properties": { "region": "ContigUS", "edge_type": "feeder_tree" }, "geometry": { "type": "LineString", "coordinates": [ [ -87.630769998001483, 41.878160001725341 ], [ -87.711689996249845, 41.997370000363482 ] ] } },
{ "type": "Feature", "properties": { "region": "ContigUS", "edge_type": "feeder_tree" }, "geometry": { "type": "LineString", "coordinates": [ [ -87.630769998001483, 41.878160001725341 ], [ -87.642450001123436, 41.875610001100156 ] ] } },
{ "type": "Feature", "properties": { "region": "ContigUS", "edge_type": "feeder_tree" }, "geometry": { "type": "LineString", "coordinates": [ [ -87.642450001123436, 41.875610001100156 ], [ -87.630797998488873, 41.79455000278665 ], [ -87.599845997402227, 41.786473996986224 ] ] } },
{ "type": "Feature", "properties": { "region": "ContigUS", "edge_type": "feeder_tree" }, "geometry": { "type": "LineString", "coordinates": [ [ -87.629270000123213, 41.878180000488754 ], [ -87.630769998001483, 41.878160001725341 ] ] } },
{ "type": "Feature", "properties": { "region": "ContigUS", "edge_type": "feeder_tree" }, "geometry": { "type": "LineString", "coordinates": [ [ -85.138049998811837, 41.079507001327833 ], [ -85.053176002958367, 41.425590996577775 ], [ -85.047917004773666, 41.638007996553227 ], [ -84.989478002280592, 41.759565997670641 ], [ -84.980974998958743, 42.354194001702496 ], [ -84.951352001436021, 42.440658000677409 ], [ -84.829677001815767, 42.519809002392797 ], [ -84.819141003208117, 42.575600001245654 ], [ -84.603047003598732, 42.716397997762087 ], [ -84.485292997480045, 42.735453999999308 ], [ -84.028442677400463, 42.656156743507033 ], [ -83.772323000632028, 42.539279001052158 ], [ -83.729852998601757, 42.260788997243154 ], [ -83.602118000007451, 42.241140998409776 ], [ -83.047015999812757, 42.331643003548294 ] ] } },
{ "type": "Feature", "properties": { "region": "ContigUS", "edge_type": "feeder_tree" }, "geometry": { "type": "LineString", "coordinates": [ [ -84.390065998825463, 33.77126600221122 ], [ -84.396163996536032, 33.771347000688813 ] ] } },
{ "type": "Feature", "properties": { "region": "ContigUS", "edge_type": "feeder_tree" }, "geometry": { "type": "LineString", "coordinates": [ [ -84.390065998825463, 33.77126600221122 ], [ -84.390670996202985, 33.758395000993893 ] ] } },
{ "type": "Feature", "properties": { "region": "ContigUS", "edge_type": "feeder_tree" }, "geometry": { "type": "LineString", "coordinates": [ [ -84.390065998825463, 33.77126600221122 ], [ -84.314573998816158, 33.77412700094122 ], [ -84.139788003467586, 33.895942002587176 ], [ -83.926508003435146, 33.982988999258112 ], [ -83.715958998647423, 33.941975000926277 ], [ -83.372736003934349, 33.958308997978705 ], [ -83.315624998892076, 34.031991996551909 ], [ -83.22846400012304, 34.391441000511158 ], [ -82.994591999681134, 34.500143997209818 ], [ -82.938890002161983, 34.699866000812555 ] ] } },
{ "type": "Feature", "properties": { "region": "ContigUS", "edge_type": "feeder_tree" }, "geometry": { "type": "LineString", "coordinates": [ [ -82.938890002161983, 34.699866000812555 ], [ -82.980254995544414, 34.693034997829947 ], [ -83.126862996386862, 34.806166999870896 ], [ -83.112085000294016, 34.915770996634386 ], [ -83.055047998464829, 35.000947998352572 ], [ -83.066971229433079, 35.066456806214369 ], [ -83.127146738252492, 35.167825932726466 ], [ -83.122611997782499, 35.268429000204407 ], [ -83.1784169961321, 35.292546003893634 ], [ -83.205176002832289, 35.371145999139507 ], [ -83.334411996434895, 35.420672998874522 ], [ -83.299008995829013, 35.502191997128641 ], [ -83.320222657364567, 35.557408620356163 ], [ -83.506588808091266, 35.643228409208298 ], [ -83.533230997871939, 35.770857002314145 ], [ -83.576648003874737, 35.805655002865656 ], [ -83.567572998295745, 35.869322001888946 ], [ -83.740263996637609, 35.860452003301319 ], [ -83.924781001284586, 35.949370002900579 ] ] } },
{ "type": "Feature", "properties": { "region": "ContigUS", "edge_type": "feeder_tree" }, "geometry": { "type": "LineString", "coordinates": [ [ -82.938890002161983, 34.699866000812555 ], [ -82.823535000908436, 34.682811997903485 ] ] } },
{ "type": "Feature", "properties": { "region": "ContigUS", "edge_type": "feeder_tree" }, "geometry": { "type": "LineString", "coordinates": [ [ -82.458772004683397, 27.947397998866681 ], [ -82.449095002099895, 27.953162001655912 ] ] } },
{ "type": "Feature", "properties": { "region": "ContigUS", "edge_type": "feeder_tree" }, "geometry": { "type": "LineString", "coordinates": [ [ -82.449095002099895, 27.953162001655912 ], [ -82.401888003913413, 27.922970003143465 ], [ -82.384379003592713, 27.792562997491356 ], [ -82.356458996253011, 27.79179400001685 ], [ -82.386896002170431, 27.708656003537136 ], [ -82.514445004585184, 27.583173996135738 ], [ -82.458923002499517, 27.462499002295324 ], [ -82.437924999514209, 27.19140599614957 ], [ -82.38020299634826, 27.109947999263458 ], [ -82.155416996864403, 27.098970995665571 ], [ -82.163779997749231, 27.018237999726072 ], [ -82.049071001965942, 26.935111997101874 ], [ -82.021515000962523, 26.844169004113315 ], [ -82.039975999888725, 26.637545002779571 ], [ -81.908337003917993, 26.682292998337765 ], [ -81.872979997054671, 26.642606002187037 ], [ -81.871241002395067, 26.527947003388114 ], [ -81.810789998244346, 26.434467999679605 ], [ -81.795599998829601, 26.147701000940319 ] ] } },
{ "type": "Feature", "properties": { "region": "ContigUS", "edge_type": "feeder_tree" }, "geometry": { "type": "LineString", "coordinates": [ [ -81.397169996285257, 28.535100001616996 ], [ -81.614395001786804, 28.25928499871597 ], [ -81.797912001859487, 28.157437002488436 ], [ -81.903650996137316, 28.138665001119751 ], [ -81.970086001789042, 28.08496899771011 ], [ -81.944900996180237, 28.042233000810381 ], [ -82.449095002099895, 27.953162001655912 ] ] } },
{ "type": "Feature", "properties": { "region": "ContigUS", "edge_type": "feeder_tree" }, "geometry": { "type": "LineString", "coordinates": [ [ -81.397169996285257, 28.535100001616996 ], [ -81.676779000765904, 28.558855998387791 ], [ -81.853259003144657, 28.675449996538632 ], [ -81.907211001641983, 28.891324996538653 ], [ -81.959632001400564, 28.954486000235178 ] ] } },
{ "type": "Feature", "properties": { "region": "ContigUS", "edge_type": "feeder_tree" }, "geometry": { "type": "LineString", "coordinates": [ [ -81.379095003436632, 28.545677998876965 ], [ -81.397169996285257, 28.535100001616996 ] ] } },
{ "type": "Feature", "properties": { "region": "ContigUS", "edge_type": "feeder_tree" }, "geometry": { "type": "LineString", "coordinates": [ [ -81.378523001179474, 28.536137997207373 ], [ -81.379095003436632, 28.545677998876965 ] ] } },
{ "type": "Feature", "properties": { "region": "ContigUS", "edge_type": "feeder_tree" }, "geometry": { "type": "LineString", "coordinates": [ [ -80.075469996118784, 26.706045000302773 ], [ -80.150423995104418, 26.936646998762441 ], [ -80.341529001499978, 27.227054996390468 ], [ -80.396093004234061, 27.45241300286488 ], [ -80.514870999945089, 27.617153001805413 ], [ -80.613686004591742, 27.969522997468147 ], [ -80.672647000130155, 27.999088001563447 ], [ -80.672547996802706, 28.078874001541447 ], [ -80.70587199939709, 28.078862001818973 ], [ -80.736341003304929, 28.287399000255263 ], [ -80.794512999546157, 28.359830999818172 ], [ -80.920378002162991, 28.381684002323528 ], [ -81.082880003125197, 28.539183999515028 ], [ -81.207657999332454, 28.566868999639532 ], [ -81.207736000048584, 28.597745998641177 ], [ -81.379095003436632, 28.545677998876965 ] ] } },
{ "type": "Feature", "properties": { "region": "ContigUS", "edge_type": "feeder_tree" }, "geometry": { "type": "LineString", "coordinates": [ [ -80.190667998810113, 25.785637003485743 ], [ -80.372391997508302, 25.761229001136751 ] ] } },
{ "type": "Feature", "properties": { "region": "ContigUS", "edge_type": "feeder_tree" }, "geometry": { "type": "LineString", "coordinates": [ [ -80.190667998810113, 25.785637003485743 ], [ -80.137283996083795, 26.122446003587388 ] ] } },
{ "type": "Feature", "properties": { "region": "ContigUS", "edge_type": "feeder_tree" }, "geometry": { "type": "LineString", "coordinates": [ [ -80.190667998810113, 25.785637003485743 ], [ -80.190426998785682, 25.77907699887194 ] ] } },
{ "type": "Feature", "properties": { "region": "ContigUS", "edge_type": "feeder_tree" }, "geometry": { "type": "LineString", "coordinates": [ [ -80.155257003198201, 26.188458003182756 ], [ -80.159333998132041, 26.188397997024744 ] ] } },
{ "type": "Feature", "properties": { "region": "ContigUS", "edge_type": "feeder_tree" }, "geometry": { "type": "LineString", "coordinates": [ [ -80.137283996083795, 26.122446003587388 ], [ -80.155257003198201, 26.188458003182756 ] ] } },
{ "type": "Feature", "properties": { "region": "ContigUS", "edge_type": "feeder_tree" }, "geometry": { "type": "LineString", "coordinates": [ [ -80.075469996118784, 26.706045000302773 ], [ -80.072000001805591, 26.514480996527976 ], [ -80.155257003198201, 26.188458003182756 ] ] } },
{ "type": "Feature", "properties": { "region": "ContigUS", "edge_type": "feeder_tree" }, "geometry": { "type": "LineString", "coordinates": [ [ -80.137283996083795, 26.122446003587388 ], [ -80.140521003344901, 26.122354999724383 ] ] } },
{ "type": "Feature", "properties": { "region": "ContigUS", "edge_type": "feeder_tree" }, "geometry": { "type": "LineString", "coordinates": [ [ -80.064738003082454, 26.707430003474744 ], [ -80.075469996118784, 26.706045000302773 ] ] } },
{ "type": "Feature", "properties": { "region": "ContigUS", "edge_type": "feeder_tree" }, "geometry": { "type": "LineString", "coordinates": [ [ -79.791553003912171, 36.072542001496167 ], [ -79.734791003340902, 36.051698001553561 ], [ -79.383639998953072, 36.063263998496673 ], [ -79.22415573547427, 35.933375312101013 ], [ -79.058203000078578, 35.893516999225696 ], [ -78.92340900404902, 36.005363002412508 ], [ -78.89036400021557, 35.982311001289453 ], [ -78.894226998482424, 35.906737999234004 ], [ -78.644641999467339, 35.769298003054736 ] ] } },
{ "type": "Feature", "properties": { "region": "ContigUS", "edge_type": "feeder_tree" }, "geometry": { "type": "LineString", "coordinates": [ [ -78.644641999467339, 35.769298003054736 ], [ -78.638136004921009, 35.779561002569402 ] ] } },
{ "type": "Feature", "properties": { "region": "ContigUS", "edge_type": "feeder_tree" }, "geometry": { "type": "LineString", "coordinates": [ [ -77.944862001868671, 34.225555996116107 ], [ -78.037785962679891, 34.394339645353512 ], [ -78.109131995107859, 34.635540003273491 ], [ -78.263062999264378, 34.86050300149931 ], [ -78.254287456068482, 34.914689530451632 ], [ -78.32663800261345, 35.018331001041119 ], [ -78.348345998066719, 35.225889997729027 ], [ -78.52180099559142, 35.394565000070926 ], [ -78.576358000449446, 35.573377998149866 ], [ -78.573225000131927, 35.691294999071808 ], [ -78.650003998482475, 35.727128000282676 ], [ -78.644641999467339, 35.769298003054736 ] ] } },
{ "type": "Feature", "properties": { "region": "ContigUS", "edge_type": "feeder_tree" }, "geometry": { "type": "LineString", "coordinates": [ [ -77.238814000391912, 38.836824998974905 ], [ -77.21997000474434, 38.865705003794162 ], [ -77.039464004790432, 38.895397000651229 ], [ -76.946746000724403, 38.945330001208411 ], [ -76.935089003456852, 38.988504000206333 ] ] } },
{ "type": "Feature", "properties": { "region": "ContigUS", "edge_type": "feeder_tree" }, "geometry": { "type": "LineString", "coordinates": [ [ -74.182888002385511, 40.735726999987378 ], [ -73.999853002361689, 40.721778998855299 ] ] } },
{ "type": "Feature", "properties": { "region": "ContigUS", "edge_type": "feeder_tree" }, "geometry": { "type": "LineString", "coordinates": [ [ -73.999853002361689, 40.721778998855299 ], [ -73.956221999691905, 40.81342599782247 ] ] } },
{ "type": "Feature", "properties": { "region": "ContigUS", "edge_type": "feeder_tree" }, "geometry": { "type": "LineString", "coordinates": [ [ -73.999853002361689, 40.721778998855299 ], [ -73.93581499833202, 40.803691002491973 ] ] } },
{ "type": "Feature", "properties": { "region": "ContigUS", "edge_type": "feeder_tree" }, "geometry": { "type": "LineString", "coordinates": [ [ -73.956221999691905, 40.81342599782247 ], [ -73.902637996050728, 40.844535998346664 ] ] } },
{ "type": "Feature", "properties": { "region": "ContigUS", "edge_type": "feeder_tree" }, "geometry": { "type": "LineString", "coordinates": [ [ -73.956221999691905, 40.81342599782247 ], [ -73.93581499833202, 40.803691002491973 ] ] } },
{ "type": "Feature", "properties": { "region": "ContigUS", "edge_type": "feeder_tree" }, "geometry": { "type": "LineString", "coordinates": [ [ -73.93581499833202, 40.803691002491973 ], [ -73.902637996050728, 40.844535998346664 ] ] } },
{ "type": "Feature", "properties": { "region": "ContigUS", "edge_type": "feeder_tree" }, "geometry": { "type": "LineString", "coordinates": [ [ -73.93581499833202, 40.803691002491973 ], [ -73.917470995988424, 40.770587000713327 ], [ -73.779290000994777, 40.757643998776416 ], [ -73.588715997746803, 40.824912001744259 ] ] } },
{ "type": "Feature", "properties": { "region": "ContigUS", "edge_type": "feeder_tree" }, "geometry": { "type": "LineString", "coordinates": [ [ -73.902637996050728, 40.844535998346664 ], [ -73.771427002397118, 41.066579998024253 ], [ -73.703930996563301, 41.124205997115986 ], [ -73.676895003328383, 41.296423999507162 ], [ -73.57460700399551, 41.415297001300452 ], [ -73.584445999774189, 41.744999001969234 ], [ -73.512530004264761, 41.952760001988757 ], [ -73.542886000109888, 42.094151996809629 ], [ -73.366755999332099, 42.508704002752104 ], [ -73.377752043163042, 42.702219574400338 ], [ -73.332361995436528, 42.822932000143076 ], [ -73.378025984408936, 43.091113666875501 ], [ -73.286265287991725, 43.238198941638124 ], [ -73.255634219023477, 43.519222733022715 ], [ -73.31119700462304, 43.757355997612549 ], [ -73.312775003217425, 43.988262998973646 ], [ -73.289214807412449, 44.128540013982594 ], [ -73.244513003940838, 44.183114002094335 ], [ -73.200681003226251, 44.476353999735963 ] ] } },
{ "type": "Feature", "properties": { "region": "ContigUS", "edge_type": "feeder_tree" }, "geometry": { "type": "LineString", "coordinates": [ [ -73.902637996050728, 40.844535998346664 ], [ -73.63023499830156, 41.019437001520174 ], [ -73.140344004268215, 41.183790000505731 ], [ -72.93145300203409, 41.30358900064531 ], [ -72.668235996717272, 41.726388997045476 ], [ -72.67272200358309, 41.769508999471171 ] ] } },
{ "type": "Feature", "properties": { "region": "ContigUS", "edge_type": "feeder_tree" }, "geometry": { "type": "LineString", "coordinates": [ [ -72.67272200358309, 41.769508999471171 ], [ -72.302878998493767, 41.804499996616748 ], [ -72.266204001411879, 41.827670002436122 ] ] } },
{ "type": "Feature", "properties": { "region": "ContigUS", "edge_type": "feeder_tree" }, "geometry": { "type": "LineString", "coordinates": [ [ -72.67272200358309, 41.769508999471171 ], [ -72.592665995991865, 41.971962003505993 ], [ -72.57902799792717, 42.082575996988133 ], [ -72.617235996990871, 42.197228000192787 ], [ -72.532931003021503, 42.291059998487285 ], [ -72.52709799933659, 42.384930002223285 ] ] } },
{ "type": "Feature", "properties": { "region": "ContigUS", "edge_type": "feeder_tree" }, "geometry": { "type": "LineString", "coordinates": [ [ -72.266204001411879, 41.827670002436122 ], [ -72.086189999755931, 41.87701099871672 ], [ -71.865210000434118, 41.839499997040733 ], [ -71.732637996243014, 41.855926998390643 ], [ -71.496573998709991, 41.816948001588614 ], [ -71.408730001847303, 41.826935002023625 ] ] } },
{ "type": "Feature", "properties": { "region": "ContigUS", "edge_type": "feeder_tree" }, "geometry": { "type": "LineString", "coordinates": [ [ -72.266204001411879, 41.827670002436122 ], [ -72.248899996639011, 41.810708001022249 ] ] } },
{ "type": "Feature", "properties": { "region": "ContigUS", "edge_type": "feeder_tree" }, "geometry": { "type": "LineString", "coordinates": [ [ -71.408730001847303, 41.826935002023625 ], [ -71.400536001016903, 41.827281999954813 ] ] } },
{ "type": "Feature", "properties": { "region": "ContigUS", "edge_type": "feeder_tree" }, "geometry": { "type": "LineString", "coordinates": [ [ -71.108130998370527, 42.351571003494996 ], [ -71.229479002244233, 42.121519002667505 ], [ -71.22978600149257, 42.064313999105181 ], [ -71.408730001847303, 41.826935002023625 ] ] } },
{ "type": "Feature", "properties": { "region": "ContigUS", "edge_type": "feeder_tree" }, "geometry": { "type": "LineString", "coordinates": [ [ -71.108130998370527, 42.351571003494996 ], [ -71.118798995426019, 42.374354997896837 ] ] } },
{ "type": "Feature", "properties": { "region": "ContigUS", "edge_type": "feeder_tree" }, "geometry": { "type": "LineString", "coordinates": [ [ -71.108130998370527, 42.351571003494996 ], [ -71.084909997433712, 42.342739000223105 ] ] } },
{ "type": "Feature", "properties": { "region": "ContigUS", "edge_type": "feeder_tree" }, "geometry": { "type": "LineString", "coordinates": [ [ -71.084909997433712, 42.342739000223105 ], [ -71.089337002951652, 42.340083997341843 ] ] } },
{ "type": "Feature", "properties": { "region": "ContigUS", "edge_type": "feeder_tree" }, "geometry": { "type": "LineString", "coordinates": [ [ -71.084909997433712, 42.342739000223105 ], [ -70.961472997299381, 42.592575000789516 ], [ -70.974858002830601, 42.683012000414713 ], [ -70.782440000849448, 43.074243002006192 ] ] } },
{ "type": "Feature", "properties": { "region": "ContigUS", "edge_type": "feeder_tree" }, "geometry": { "type": "LineString", "coordinates": [ [ -71.084909997433712, 42.342739000223105 ], [ -71.046210000072023, 42.31252400240799 ] ] } },
{ "type": "Feature", "properties": { "region": "ContigUS", "edge_type": "feeder_tree" }, "geometry": { "type": "LineString", "coordinates": [ [ -70.782440000849448, 43.074243002006192 ], [ -70.832811000213908, 43.124161998748171 ], [ -70.915229002080608, 43.141259000157042 ] ] } },
{ "type": "Feature", "properties": { "region": "ContigUS", "edge_type": "feeder_tree" }, "geometry": { "type": "LineString", "coordinates": [ [ -70.40872799674716, 43.507686000170324 ], [ -70.461964002030427, 43.492514997490254 ], [ -70.543675999949031, 43.384531999653433 ], [ -70.619850998051987, 43.190802001676424 ], [ -70.782440000849448, 43.074243002006192 ] ] } },
{ "type": "Feature", "properties": { "region": "ContigUS", "edge_type": "hub_backbone" }, "geometry": { "type": "LineString", "coordinates": [ [ -122.416472999384439, 37.776528002348257 ], [ -122.419016004189658, 37.77455700029661 ] ] } },
{ "type": "Feature", "properties": { "region": "ContigUS", "edge_type": "hub_backbone" }, "geometry": { "type": "LineString", "coordinates": [ [ -121.499958000322266, 38.579927002439824 ], [ -121.731181003738627, 38.543401002605243 ], [ -122.016204998853013, 38.337085996207591 ], [ -122.069357002674082, 38.249918997731328 ], [ -122.214137003778532, 38.155662996790298 ], [ -122.227092003749547, 38.05283499718194 ], [ -122.330535002975836, 37.959567003029882 ], [ -122.293893998144284, 37.828948998205824 ], [ -122.416472999384439, 37.776528002348257 ] ] } },
{ "type": "Feature", "properties": { "region": "ContigUS", "edge_type": "hub_backbone" }, "geometry": { "type": "LineString", "coordinates": [ [ -122.416472999384439, 37.776528002348257 ], [ -122.395708001417532, 37.612843002068949 ], [ -122.083505001274972, 37.414664997056235 ], [ -121.915785998367667, 37.371505002182495 ], [ -121.83021100218221, 37.273302998253719 ], [ -121.652300998652109, 37.153030999842272 ], [ -121.556300002565578, 37.003030002933926 ], [ -121.399792998483491, 36.961039001582662 ], [ -121.323380997859132, 37.03234300215118 ], [ -121.134955998332728, 37.103293001696422 ], [ -121.043212001596615, 37.057130996624146 ], [ -120.620621998132094, 37.047617000650625 ], [ -120.491566997093003, 37.083309997117219 ], [ -120.217379001958506, 37.083827996817583 ], [ -120.056073997129218, 36.953445999727698 ] ] } },
{ "type": "Feature", "properties": { "region": "ContigUS", "edge_type": "hub_backbone" }, "geometry": { "type": "LineString", "coordinates": [ [ -122.331785996840495, 47.606546000309216 ], [ -122.332269003002452, 47.467197002500292 ], [ -122.294726996924084, 47.393595001990676 ], [ -122.313952004016301, 47.296537000263669 ], [ -122.336551999597248, 47.245031998776263 ], [ -122.434144001883496, 47.233092000928039 ], [ -122.443410995404989, 47.067598998097338 ], [ -122.540026996101346, 47.004603002728032 ], [ -122.560608998261742, 46.933378999639224 ], [ -122.60653000422009, 46.941934998732229 ], [ -122.700462997674222, 46.881936002374658 ], [ -122.858531004225512, 46.856349000765292 ], [ -122.869312997490567, 46.799929001067142 ], [ -122.953680002164006, 46.749015997947225 ], [ -122.971449001877374, 46.667318998003445 ], [ -122.876492997994532, 46.562396996920143 ], [ -122.914734998291749, 46.314983002892141 ], [ -122.884482003277114, 46.256196997093461 ], [ -122.898686999982814, 46.131493000747128 ], [ -122.843338004437754, 46.001674998480453 ], [ -122.7088000013147, 45.870250997370903 ], [ -122.674806996378749, 45.790295999113205 ], [ -122.665557996112398, 45.523009999058054 ], [ -122.679184998797993, 45.473746999656925 ], [ -122.744078001348782, 45.438252999205417 ], [ -122.770208995833869, 45.279914997579212 ], [ -123.000580001102136, 44.997949997322934 ], [ -122.988414997558309, 44.894490000174393 ], [ -123.062397998570177, 44.643944002048023 ], [ -123.045940997312385, 44.088756000232429 ], [ -123.087108999136177, 44.05200199741531 ], [ -123.030384000171466, 44.044082997653433 ], [ -123.006020000833402, 43.996662997358065 ], [ -123.020152997569113, 43.852327001477676 ], [ -123.062028997600905, 43.771049996823734 ], [ -123.218283997296354, 43.711213998664611 ], [ -123.216677998214521, 43.613042999243348 ], [ -123.315907000443048, 43.51062799907416 ], [ -123.373949998609447, 43.183346998920626 ], [ -123.359899997222868, 43.075948998183485 ], [ -123.299228995659078, 43.025854002073707 ], [ -123.326801004640828, 42.948022001091473 ], [ -123.278960999606227, 42.924477999569838 ], [ -123.227515525330446, 42.964821339102897 ], [ -123.066233463473552, 42.932945300960135 ], [ -123.008703996222437, 42.945574003475528 ], [ -122.869605003856819, 42.861104211166904 ], [ -122.868861001172192, 42.757805997856181 ], [ -122.807757999788265, 42.647935997460152 ], [ -122.812295004012782, 42.4692580014379 ], [ -122.880499996201436, 42.33534199732226 ], [ -122.642135997130737, 42.150402997484314 ], [ -122.555860997743281, 41.882446998190751 ], [ -122.585559004592213, 41.767223002951233 ], [ -122.642560001944815, 41.702920001522436 ], [ -122.534384004065359, 41.645364999753859 ], [ -122.428635002555225, 41.431497997953606 ], [ -122.383432999167141, 41.418431001925278 ], [ -122.258230001015789, 41.249455001719845 ], [ -122.440833998349447, 40.963466001762384 ], [ -122.308607001126305, 40.783874996434882 ], [ -122.393157998736271, 40.590103003371496 ], [ -122.379586997025484, 40.507333002419259 ], [ -122.284453998082228, 40.430896998735442 ], [ -122.253466998632078, 40.223232000660786 ], [ -122.126310003041041, 40.135266002948931 ], [ -122.071470001919025, 39.965394003544084 ], [ -121.691578001887024, 39.619554997339428 ], [ -121.687737003361534, 39.347157997838373 ], [ -121.634457995725626, 39.141788000094877 ], [ -121.591851997744499, 39.145752000826988 ], [ -121.540463997680561, 39.091610996166416 ], [ -121.539797995712064, 38.669219002524294 ], [ -121.499958000322266, 38.579927002439824 ] ] } },
{ "type": "Feature", "properties": { "region": "ContigUS", "edge_type": "hub_backbone" }, "geometry": { "type": "LineString", "coordinates": [ [ -121.499958000322266, 38.579927002439824 ], [ -121.386634997224562, 38.636558000557613 ], [ -121.072356996573561, 38.902199000402426 ], [ -120.934178004822954, 39.13330500194769 ], [ -120.670494001322538, 39.299463999448314 ], [ -120.591815003263989, 39.328112998062061 ], [ -120.528155001322773, 39.305090999281312 ], [ -120.341536998922976, 39.341057996695334 ], [ -120.202018996376225, 39.322987001407277 ], [ -120.088568001316872, 39.383574999793915 ], [ -120.027261998645031, 39.377354001886417 ], [ -119.98752600121567, 39.513604996963991 ], [ -119.778954996852036, 39.535419997844159 ], [ -119.656374001351935, 39.510885001990353 ], [ -119.453341002917114, 39.590082000016849 ], [ -119.213141000119251, 39.614521997058006 ], [ -118.957818739862233, 39.836530570886126 ], [ -118.701258304699635, 39.96484822206471 ], [ -118.648589001613374, 40.063133002027378 ], [ -118.387646000589925, 40.243307001871429 ], [ -118.315775998823057, 40.339051002561952 ], [ -118.252571002556337, 40.597871999714783 ], [ -118.065323999794629, 40.680543997426163 ], [ -117.95232100355058, 40.857713998047053 ], [ -117.727996998634197, 40.980531001535518 ], [ -117.582314999152942, 41.023265000650312 ], [ -117.491323000107514, 40.947235998170214 ], [ -117.32374900325334, 40.909264002161507 ], [ -117.194654000234621, 40.843116999648423 ], [ -116.914267997948954, 40.622311997955443 ], [ -116.835061940346947, 40.611225385166463 ], [ -116.730278996076564, 40.664838001504052 ], [ -116.550025997639267, 40.697365996661233 ], [ -116.305936999330257, 40.647954997866734 ], [ -116.138664998108297, 40.718207997214101 ], [ -115.961227418586091, 40.726028860685922 ], [ -115.747194998654862, 40.852372998186233 ], [ -115.660171001949834, 40.936264000506966 ], [ -115.462466001296576, 40.959279998725698 ], [ -115.289014004144917, 41.074246002346598 ], [ -115.044958998086258, 41.110765002392455 ], [ -114.796453001491528, 41.112605998940452 ], [ -114.564622997454549, 41.076055998522421 ], [ -114.254628433572776, 40.887474191846579 ], [ -114.107071003306572, 40.747419997450308 ], [ -114.052701000741251, 40.738311001866144 ], [ -113.12207799607458, 40.729183998861544 ], [ -112.900111996913793, 40.822404002332625 ], [ -112.778170000024787, 40.760835999742007 ], [ -112.355912445080577, 40.663084367314823 ], [ -112.127520024141333, 40.770664360022195 ], [ -111.835980000298875, 40.757317999286073 ], [ -111.798886002019046, 40.711228998963136 ], [ -111.718032002994605, 40.751142997984445 ], [ -111.576870999759493, 40.755482998358914 ], [ -111.53051699685102, 40.723097000689258 ], [ -111.391097000501773, 40.82912399749592 ], [ -111.43849899598699, 40.970504999900442 ], [ -111.14508099912733, 41.151690998691777 ], [ -111.082452748222479, 41.23173683159542 ], [ -110.959704001326259, 41.270977997099152 ], [ -110.803878001077905, 41.274250002535432 ], [ -110.736045001248414, 41.308889998067386 ], [ -110.541570998127028, 41.301652998758904 ], [ -110.240582943283869, 41.375633434443756 ], [ -109.918141996561829, 41.542549999866075 ], [ -109.548899003200162, 41.564178001487349 ], [ -109.445656004888733, 41.523656003025678 ], [ -108.861003393416937, 41.692831998455958 ], [ -108.712063060669706, 41.655836512677183 ], [ -108.269508997145593, 41.632426999058687 ], [ -107.411996998844501, 41.7848469985829 ], [ -107.213834998256772, 41.792642002291672 ], [ -106.897391366068291, 41.743619290499105 ], [ -106.532648995162162, 41.749079047555945 ], [ -106.133805866401786, 41.564394991962381 ], [ -105.950745003880925, 41.441426001992049 ], [ -105.741810002164172, 41.354261996732731 ], [ -105.63509300305337, 41.347751003337841 ], [ -105.614357999833814, 41.309025001172778 ], [ -105.537048995465639, 41.30245900003694 ], [ -105.440627003921207, 41.244445000998972 ], [ -105.406307003238723, 41.16031999901346 ], [ -105.352729494417019, 41.136833268193719 ], [ -105.177706002473656, 41.096664000237077 ], [ -104.850953995787336, 41.118589003000245 ] ] } },
{ "type": "Feature", "properties": { "region": "ContigUS", "edge_type": "hub_backbone" }, "geometry": { "type": "LineString", "coordinates": [ [ -120.056073997129218, 36.953445999727698 ], [ -120.060489998284979, 36.961285003524154 ] ] } },
{ "type": "Feature", "properties": { "region": "ContigUS", "edge_type": "hub_backbone" }, "geometry": { "type": "LineString", "coordinates": [ [ -120.056073997129218, 36.953445999727698 ], [ -119.628620999806728, 36.575807002594836 ], [ -119.63608599981778, 36.324213997872349 ] ] } },
{ "type": "Feature", "properties": { "region": "ContigUS", "edge_type": "hub_backbone" }, "geometry": { "type": "LineString", "coordinates": [ [ -119.63608599981778, 36.324213997872349 ], [ -119.649237003200625, 36.322219996999102 ] ] } },
{ "type": "Feature", "properties": { "region": "ContigUS", "edge_type": "hub_backbone" }, "geometry": { "type": "LineString", "coordinates": [ [ -119.63608599981778, 36.324213997872349 ], [ -119.636221995768622, 36.211308000042592 ], [ -119.600570997262267, 36.210975997423908 ], [ -119.593377001006161, 36.14902299957842 ], [ -119.350099001735629, 35.775512003279196 ], [ -119.252284998793229, 35.775919001990552 ], [ -119.187246999172444, 35.523976997112676 ], [ -119.017776002983339, 35.380036002393055 ], [ -119.004412997193427, 35.173727997054662 ], [ -118.919596996574683, 34.895754002828603 ], [ -118.86404599687161, 34.841345996385364 ], [ -118.883544999108636, 34.809280996320958 ], [ -118.800042003058621, 34.767314000512087 ], [ -118.787131002570234, 34.689115998141844 ], [ -118.627877004248205, 34.502633002943526 ], [ -118.553872003495044, 34.359165000397446 ], [ -118.29111400135578, 34.168961002322561 ], [ -118.241347002238911, 34.051396001533419 ], [ -118.055865000364278, 34.072271001433514 ], [ -117.627670003600244, 34.054805999339862 ], [ -117.523543997297125, 34.016144000374112 ], [ -117.453193001759942, 33.94580900128836 ], [ -117.400390002409935, 33.946125998936189 ] ] } },
{ "type": "Feature", "properties": { "region": "ContigUS", "edge_type": "hub_backbone" }, "geometry": { "type": "LineString", "coordinates": [ [ -117.400390002409935, 33.946125998936189 ], [ -116.678341999609913, 33.922446003929316 ], [ -116.561881998691689, 33.861989001282609 ], [ -116.544838002294654, 33.815785002871245 ], [ -116.404187996725767, 33.816334000025648 ], [ -116.18850200293528, 33.715480002633861 ], [ -115.888452004844339, 33.665269001334828 ], [ -115.720000003614672, 33.660201001880878 ], [ -115.381824004679217, 33.710464999988162 ], [ -114.987820001539717, 33.606861001310172 ], [ -114.525393003058426, 33.603330997924274 ], [ -114.076742621673304, 33.678851324547992 ], [ -112.623066002719696, 33.427122999252433 ], [ -112.478799002524553, 33.462292996174774 ], [ -112.094834518403786, 33.461611370388447 ] ] } },
{ "type": "Feature", "properties": { "region": "ContigUS", "edge_type": "hub_backbone" }, "geometry": { "type": "LineString", "coordinates": [ [ -117.400390002409935, 33.946125998936189 ], [ -117.395796997210596, 33.953407997655056 ] ] } },
{ "type": "Feature", "properties": { "region": "ContigUS", "edge_type": "hub_backbone" }, "geometry": { "type": "LineString", "coordinates": [ [ -112.094834518403786, 33.461611370388447 ], [ -112.082563997444325, 33.451409999377908 ] ] } },
{ "type": "Feature", "properties": { "region": "ContigUS", "edge_type": "hub_backbone" }, "geometry": { "type": "LineString", "coordinates": [ [ -105.942755998598372, 35.686464996324638 ], [ -106.165143999330184, 35.522298999718274 ], [ -106.220090998785622, 35.518546997551113 ], [ -106.49377299987006, 35.373895998347102 ], [ -106.608965998945237, 35.20818399867261 ], [ -106.649232002392253, 35.084247001837255 ], [ -107.131800002094664, 34.977938997956407 ], [ -107.297971001154892, 34.99436799928057 ], [ -107.361966002831934, 35.03880200073845 ], [ -107.454933001928438, 35.028446999807606 ], [ -107.538278002286262, 35.07339300059153 ], [ -107.754913003292373, 35.073858996011197 ], [ -107.897488996830418, 35.166516997336615 ], [ -108.013823997176843, 35.347411001311549 ], [ -108.647888997807101, 35.532782000452102 ], [ -108.903770998317697, 35.485362003436869 ], [ -109.123451593564141, 35.30315637207201 ], [ -109.256252749001092, 35.276530064500719 ], [ -109.338040995921034, 35.21320999718656 ], [ -109.919351515209812, 34.997003491616653 ], [ -110.086114000985759, 34.973493001197006 ], [ -110.189160995885331, 34.905010998502696 ], [ -110.916426997760482, 35.091652517235616 ], [ -111.588003003608677, 35.221215996725746 ], [ -111.661101002368937, 35.190424003355005 ], [ -111.730407571641038, 35.075256135551008 ], [ -111.740327999700241, 34.88520700273159 ], [ -111.77860900484707, 34.826223997305952 ], [ -111.743686001046953, 34.688164001712714 ], [ -111.989076002432498, 34.518446998547319 ], [ -112.119336003593759, 34.335315998116528 ], [ -112.145982999361152, 33.870849002476049 ], [ -112.094834518403786, 33.461611370388447 ] ] } },
{ "type": "Feature", "properties": { "region": "ContigUS", "edge_type": "hub_backbone" }, "geometry": { "type": "LineString", "coordinates": [ [ -112.094834518403786, 33.461611370388447 ], [ -112.082563997444325, 33.451409999377908 ] ] } },
{ "type": "Feature", "properties": { "region": "ContigUS", "edge_type": "hub_backbone" }, "geometry": { "type": "LineString", "coordinates": [ [ -112.082563997444325, 33.451409999377908 ], [ -111.969777998240303, 33.406347002574272 ], [ -111.966916998807704, 33.279474996818074 ], [ -111.701062000827548, 32.938196999405697 ], [ -111.685928002387584, 32.833255998858036 ], [ -111.385714259386717, 32.642522618720832 ], [ -111.054398999703281, 32.326101997063802 ], [ -110.968324001230684, 32.186982002067822 ], [ -110.685170999223757, 32.003506000572017 ], [ -110.450531002095957, 31.963094003824416 ], [ -110.189132115048977, 31.987687045280822 ], [ -110.114917142081296, 32.017886474981424 ], [ -109.745188528460233, 32.347418351951106 ], [ -109.673542000586551, 32.359592002333244 ], [ -109.028841000891234, 32.222368998386457 ], [ -108.745618002157343, 32.354275002392519 ], [ -108.634532001746479, 32.32814099622351 ], [ -108.379232998872141, 32.178849998474014 ], [ -107.63398100024358, 32.286753996205867 ], [ -107.394222995514994, 32.236244999815014 ], [ -107.200600002394879, 32.240763003523568 ], [ -106.747191002404648, 32.313833997662641 ] ] } },
{ "type": "Feature", "properties": { "region": "ContigUS", "edge_type": "hub_backbone" }, "geometry": { "type": "LineString", "coordinates": [ [ -106.747191002404648, 32.313833997662641 ], [ -106.753426999309141, 32.324835001478661 ] ] } },
{ "type": "Feature", "properties": { "region": "ContigUS", "edge_type": "hub_backbone" }, "geometry": { "type": "LineString", "coordinates": [ [ -106.747191002404648, 32.313833997662641 ], [ -106.583724004214787, 32.013083999799704 ], [ -106.570398000031432, 31.839427996570407 ], [ -106.515780996695582, 31.818108998722252 ], [ -106.487212998608825, 31.758856003160748 ], [ -106.400398003937795, 31.760822002083458 ], [ -106.144661000497237, 31.490245001537335 ], [ -105.725929467790507, 31.190078720612107 ], [ -105.656852418073512, 31.171426841408632 ], [ -105.45542063968314, 31.199820671546885 ], [ -104.872098001955777, 31.037005999664746 ], [ -104.166945000979752, 31.060676995983997 ], [ -104.051889003968554, 31.089410001915439 ], [ -103.842669191390968, 31.006688862670334 ], [ -103.061523999472286, 30.90092100010428 ], [ -102.560758629430126, 30.861019062590795 ], [ -102.16260253219906, 30.891643514475351 ], [ -101.80911599790403, 30.717641001703328 ], [ -101.647923435198862, 30.737364194577424 ], [ -101.343746334147639, 30.67976221305128 ], [ -101.161134000448158, 30.710418997366858 ], [ -100.49298367502017, 30.553730316821405 ], [ -100.264034972341221, 30.453444302079156 ], [ -99.863352857446984, 30.525344183028455 ], [ -99.777388001411367, 30.509783997743195 ], [ -99.542514999265222, 30.298637998436796 ], [ -98.899770997382618, 29.978437000591057 ], [ -98.650708000395966, 29.697748999953529 ], [ -98.493157998370108, 29.424292002702138 ] ] } },
{ "type": "Feature", "properties": { "region": "ContigUS", "edge_type": "hub_backbone" }, "geometry": { "type": "LineString", "coordinates": [ [ -104.51207099577384, 37.165471997171039 ], [ -104.523190001000856, 37.059386999505264 ], [ -104.438931000774048, 36.906555001310096 ], [ -104.44309400041314, 36.818143998887727 ], [ -104.553761996756037, 36.700625997076102 ], [ -104.908701996197607, 36.510109000848395 ], [ -104.996153995219757, 36.522774999132238 ], [ -105.054470000384171, 36.565303001730243 ], [ -105.177339004747452, 36.524155997235056 ], [ -105.269635995389308, 36.552811002846639 ], [ -105.275033998881028, 36.453602998382124 ], [ -105.373909999135464, 36.373201000993511 ], [ -105.548750001198954, 36.375828002659269 ], [ -105.573393996427896, 36.407209998350091 ], [ -105.612421995649228, 36.356335003610297 ], [ -105.868231996189778, 36.219461003316702 ], [ -105.968468000868626, 36.201980999809791 ], [ -105.968693001897819, 36.15539999691142 ], [ -106.048642002172414, 36.091208997333943 ], [ -106.068058000077173, 35.992237001565883 ], [ -106.02229300453422, 35.956445996002977 ], [ -106.022626998156838, 35.890412002632623 ], [ -105.948179999334414, 35.784330000148437 ], [ -105.942755998598372, 35.686464996324638 ] ] } },
{ "type": "Feature", "properties": { "region": "ContigUS", "edge_type": "hub_backbone" }, "geometry": { "type": "LineString", "coordinates": [ [ -105.942755998598372, 35.686464996324638 ], [ -105.937644997856765, 35.684863002730935 ] ] } },
{ "type": "Feature", "properties": { "region": "ContigUS", "edge_type": "hub_backbone" }, "geometry": { "type": "LineString", "coordinates": [ [ -105.937644997856765, 35.684863002730935 ], [ -105.938213999740867, 35.68607100198539 ] ] } },
{ "type": "Feature", "properties": { "region": "ContigUS", "edge_type": "hub_backbone" }, "geometry": { "type": "LineString", "coordinates": [ [ -105.937644997856765, 35.684863002730935 ], [ -105.878513996150829, 35.554025997842352 ], [ -105.908292995105796, 35.478084000220427 ], [ -105.800270995415431, 35.22016200265918 ], [ -105.664090997717182, 35.008255999303479 ], [ -104.643700002478596, 34.948548999801481 ], [ -104.469702997444074, 34.745246999043935 ], [ -104.250388995681902, 34.57826200089557 ], [ -104.245258995572016, 34.471665997923715 ], [ -104.05040999971844, 34.431512000500369 ], [ -103.930989996040154, 34.450832998300008 ], [ -103.205472996056898, 34.398585998988054 ] ] } },
{ "type": "Feature", "properties": { "region": "ContigUS", "edge_type": "hub_backbone" }, "geometry": { "type": "LineString", "coordinates": [ [ -104.987390004358403, 39.740059002241566 ], [ -104.990361002497593, 39.740069999172064 ] ] } },
{ "type": "Feature", "properties": { "region": "ContigUS", "edge_type": "hub_backbone" }, "geometry": { "type": "LineString", "coordinates": [ [ -104.987390004358403, 39.750236000468476 ], [ -104.987390004358403, 39.740059002241566 ] ] } },
{ "type": "Feature", "properties": { "region": "ContigUS", "edge_type": "hub_backbone" }, "geometry": { "type": "LineString", "coordinates": [ [ -104.987390004358403, 39.740059002241566 ], [ -104.987520996693135, 39.701397003693124 ], [ -104.931568000900455, 39.675885000172265 ], [ -104.872964004839119, 39.570295997143866 ], [ -104.860696997594744, 39.38013400190566 ], [ -104.896931002720521, 39.271330998812488 ], [ -104.804166995928782, 38.967714002175008 ], [ -104.822378002694578, 38.81499099991985 ], [ -104.729810996444641, 38.721374998465627 ], [ -104.606052004179887, 38.447274000051429 ], [ -104.614464996310247, 38.223391000577756 ], [ -104.827052997129869, 37.914621001829701 ], [ -104.831934002209266, 37.743434002962658 ], [ -104.52360500469581, 37.290505997956942 ], [ -104.4919379985419, 37.229175002498295 ], [ -104.51207099577384, 37.165471997171039 ] ] } },
{ "type": "Feature", "properties": { "region": "ContigUS", "edge_type": "hub_backbone" }, "geometry": { "type": "LineString", "coordinates": [ [ -104.987390004358403, 39.750236000468476 ], [ -104.940579001515459, 39.76180100151624 ], [ -104.930532000832756, 39.81345899701239 ], [ -104.598337003025293, 40.103845001833108 ], [ -104.052692996147812, 40.246355002014319 ], [ -103.527941637839135, 40.258793122178162 ], [ -103.2086860003336, 40.159170001858989 ], [ -102.79428200269345, 40.147241003093953 ], [ -102.311866132684401, 40.075248243868259 ], [ -102.135093827495339, 40.085685599055182 ], [ -101.943864000191013, 40.013842996598626 ], [ -101.542716998154091, 40.021778997680968 ], [ -101.531768996224557, 40.061534000460767 ], [ -101.399554997623611, 40.113626999001923 ], [ -101.013076001956122, 40.182614000654873 ], [ -100.895031004567443, 40.234358997675159 ], [ -100.593715001763513, 40.198394996403053 ], [ -100.506661998457972, 40.234863998663123 ], [ -100.01419699875899, 40.306956002863643 ], [ -99.545789996279666, 40.307077002443194 ], [ -99.391364002435282, 40.437188998424624 ], [ -98.951780002802451, 40.503077000247522 ], [ -98.795163000013815, 40.567443000446119 ], [ -97.938205998861548, 40.582561997225675 ], [ -97.824524002026862, 40.622257000935008 ], [ -97.123145003222476, 40.656779998937047 ], [ -97.120532648477337, 40.740663075160981 ], [ -97.101317998960383, 40.770714003003242 ], [ -97.045475001874209, 40.770720996694166 ], [ -97.044532004387875, 40.814270998208691 ], [ -96.682285000627459, 40.813498996784006 ], [ -96.682037999856931, 40.842499001838618 ], [ -96.463730003415122, 40.946550998468467 ], [ -96.326174999427224, 41.061166999679664 ], [ -96.162548002302131, 41.142316999522059 ], [ -96.086442003796122, 41.234082997412308 ], [ -95.784571003843368, 41.280081000580715 ], [ -95.608444003438635, 41.442385996521303 ], [ -95.584995998229502, 41.498856001980194 ], [ -94.238759998297539, 41.493552997216028 ], [ -93.808994000815176, 41.591736001142976 ], [ -93.596853998810872, 41.584685999211978 ], [ -93.575153998363646, 41.627750000812213 ], [ -93.373854999955412, 41.680384001038192 ], [ -92.559443001176518, 41.696604001933252 ], [ -91.601531998888291, 41.693832999028871 ], [ -90.859898000999138, 41.632986001450902 ], [ -90.619387998579896, 41.599930001615292 ], [ -90.57092800328563, 41.560321002586278 ], [ -90.579580001180474, 41.511255999459422 ], [ -90.400930001451954, 41.508119997078317 ], [ -90.252970000174315, 41.547750001559713 ], [ -90.103040002461711, 41.68880000081171 ], [ -89.857050654101755, 41.755131042708292 ], [ -88.437486003977199, 41.765262000163531 ], [ -88.397889002871764, 41.794456997392494 ], [ -88.035179995560696, 41.80962000272369 ], [ -87.904272003652409, 41.873920002176668 ], [ -87.630769998001483, 41.878160001725341 ] ] } },
{ "type": "Feature", "properties": { "region": "ContigUS", "edge_type": "hub_backbone" }, "geometry": { "type": "LineString", "coordinates": [ [ -104.850953995787336, 41.118589003000245 ], [ -104.999260998292925, 40.699382997545079 ], [ -104.987390004358403, 39.750236000468476 ] ] } },
{ "type": "Feature", "properties": { "region": "ContigUS", "edge_type": "hub_backbone" }, "geometry": { "type": "LineString", "coordinates": [ [ -104.850953995787336, 41.118589003000245 ], [ -104.818832999055132, 41.140305000030914 ] ] } },
{ "type": "Feature", "properties": { "region": "ContigUS", "edge_type": "hub_backbone" }, "geometry": { "type": "LineString", "coordinates": [ [ -104.51207099577384, 37.165471997171039 ], [ -104.50111199846522, 37.17013800023512 ] ] } },
{ "type": "Feature", "properties": { "region": "ContigUS", "edge_type": "hub_backbone" }, "geometry": { "type": "LineString", "coordinates": [ [ -103.205472996056898, 34.398585998988054 ], [ -103.02561900231936, 34.388722001389354 ], [ -102.723870999695279, 34.226308001302662 ], [ -101.855216002165903, 33.594528003695793 ], [ -101.845382001020198, 33.538276000102641 ], [ -101.669536002619495, 33.459533001218617 ], [ -101.43037123632142, 33.21618740578829 ], [ -101.098193001077121, 32.97014200336055 ], [ -100.918447999933008, 32.739257002314169 ], [ -100.552274001924886, 32.453133999518407 ], [ -100.141583001865442, 32.495281999082835 ], [ -99.237977970229068, 32.37470014290443 ], [ -99.00500000010733, 32.375163000355563 ], [ -98.789694999795131, 32.400656002267034 ], [ -98.623761003256277, 32.475027002376443 ], [ -98.152709827704456, 32.58118863648334 ], [ -98.009484001873048, 32.680845001679387 ], [ -97.880247999287334, 32.726656999043122 ], [ -97.70336799507885, 32.754893999779469 ], [ -97.43413400212377, 32.721450998288105 ], [ -97.332987995078966, 32.75707199732755 ], [ -96.80538400065295, 32.768797999007411 ] ] } },
{ "type": "Feature", "properties": { "region": "ContigUS", "edge_type": "hub_backbone" }, "geometry": { "type": "LineString", "coordinates": [ [ -103.205472996056898, 34.398585998988054 ], [ -103.205340997609042, 34.404820999835863 ] ] } },
{ "type": "Feature", "properties": { "region": "ContigUS", "edge_type": "hub_backbone" }, "geometry": { "type": "LineString", "coordinates": [ [ -98.493157998370108, 29.424292002702138 ], [ -98.389426999263719, 29.533282003504947 ], [ -98.098113000529906, 29.699166000908239 ], [ -97.909469000720392, 29.896216003491777 ], [ -97.67414599651579, 30.381269997812232 ], [ -97.692830002211281, 30.577311001331605 ], [ -97.604885995908035, 30.824855999325443 ], [ -97.466601002953936, 31.046553996425224 ], [ -97.335411002928495, 31.126940999720016 ], [ -97.115206995298607, 31.581995002206479 ] ] } },
{ "type": "Feature", "properties": { "region": "ContigUS", "edge_type": "hub_backbone" }, "geometry": { "type": "LineString", "coordinates": [ [ -95.369149996520562, 29.76382399887828 ], [ -96.118800003049714, 29.775762002622585 ], [ -96.54256800327893, 29.691902997411681 ], [ -97.115984999216693, 29.696480999181308 ], [ -97.6661120036038, 29.651653002146119 ], [ -98.493157998370108, 29.424292002702138 ] ] } },
{ "type": "Feature", "properties": { "region": "ContigUS", "edge_type": "hub_backbone" }, "geometry": { "type": "LineString", "coordinates": [ [ -97.115206995298607, 31.581995002206479 ], [ -97.08359599910267, 31.884474996817147 ], [ -97.118078001963497, 31.970797001977051 ], [ -97.094866999275752, 32.04458300394495 ], [ -96.891198999732865, 32.182869002431573 ], [ -96.822905002465859, 32.490728999930106 ], [ -96.80538400065295, 32.768797999007411 ] ] } },
{ "type": "Feature", "properties": { "region": "ContigUS", "edge_type": "hub_backbone" }, "geometry": { "type": "LineString", "coordinates": [ [ -95.36546100192426, 29.770593000916119 ], [ -95.41174599625262, 29.877797000810752 ], [ -95.563545001795859, 29.973716003152184 ], [ -95.682261004769146, 30.170618003701453 ], [ -96.050094002460824, 30.341900999627953 ], [ -96.371968004440745, 30.688514997590467 ], [ -96.582085000425209, 30.863914999847267 ], [ -96.694843214737489, 31.001050026005032 ], [ -96.741285998145472, 31.164833000485984 ], [ -96.872102002568639, 31.273218001496481 ], [ -96.927588000177721, 31.487632999117903 ], [ -97.115206995298607, 31.581995002206479 ] ] } },
{ "type": "Feature", "properties": { "region": "ContigUS", "edge_type": "hub_backbone" }, "geometry": { "type": "LineString", "coordinates": [ [ -96.80538400065295, 32.768797999007411 ], [ -96.798824996521731, 32.772495002822929 ] ] } },
{ "type": "Feature", "properties": { "region": "ContigUS", "edge_type": "hub_backbone" }, "geometry": { "type": "LineString", "coordinates": [ [ -96.798824996521731, 32.772495002822929 ], [ -96.795740999302964, 32.773440999976209 ] ] } },
{ "type": "Feature", "properties": { "region": "ContigUS", "edge_type": "hub_backbone" }, "geometry": { "type": "LineString", "coordinates": [ [ -96.798824996521731, 32.772495002822929 ], [ -96.877455000464664, 32.849405995971189 ], [ -96.906038997546588, 32.946963996638104 ], [ -97.008738003071443, 33.046379999906854 ], [ -97.03956500358629, 33.129950997058017 ], [ -97.175354997703991, 33.234128000184576 ], [ -97.126098996253305, 33.882268999471357 ], [ -97.134951004046172, 34.450605999036561 ], [ -97.353888000849921, 34.909664000770256 ], [ -97.377168003134614, 35.046120996794805 ], [ -97.494145999595133, 35.175005998659614 ], [ -97.513779003523055, 35.493228999688533 ], [ -97.429196996069507, 35.600161003278629 ], [ -96.626888996243537, 35.767485998096397 ], [ -96.382208996309075, 35.851086997224272 ], [ -96.189698997859722, 35.990365000879386 ], [ -96.0999679999112, 36.015519997805221 ], [ -95.99761199811131, 36.160876997586143 ], [ -95.732032998519017, 36.162845999927725 ], [ -95.623998997336486, 36.279026003256426 ], [ -95.471367999126542, 36.347100001143943 ], [ -95.179421999657734, 36.610476999116599 ], [ -94.924883995593206, 36.726057000002491 ], [ -94.837543998520687, 36.886924997192516 ], [ -94.617969997365805, 36.995888000165351 ], [ -94.362681998853745, 37.082047998525525 ], [ -93.898163066620839, 37.07406892464936 ], [ -93.806584997700924, 37.091735003877261 ], [ -93.641768999448871, 37.187146998463241 ], [ -93.481874996402681, 37.188107003043747 ], [ -93.345876997380984, 37.247974997718629 ], [ -93.183311000437925, 37.250386001472542 ], [ -92.984585001582232, 37.303250003142686 ], [ -92.927478003026124, 37.34536699832465 ], [ -92.84159500147922, 37.504164002549096 ], [ -92.583964996206745, 37.746478997207632 ], [ -92.263847002977883, 37.785082001949334 ], [ -92.022564997386624, 37.867045001154139 ], [ -91.939914996614633, 37.94298700092537 ], [ -91.803240000245381, 37.940456997639629 ], [ -91.410768001957734, 38.070487997983854 ], [ -91.199172001723213, 38.184496996673289 ], [ -90.84547699540019, 38.480984998001631 ], [ -90.559461996830677, 38.5072190013151 ], [ -90.200104001973429, 38.622935996990257 ] ] } },
{ "type": "Feature", "properties": { "region": "ContigUS", "edge_type": "hub_backbone" }, "geometry": { "type": "LineString", "coordinates": [ [ -95.370153998597885, 29.763387000932447 ], [ -95.369149996520562, 29.76382399887828 ] ] } },
{ "type": "Feature", "properties": { "region": "ContigUS", "edge_type": "hub_backbone" }, "geometry": { "type": "LineString", "coordinates": [ [ -95.369149996520562, 29.76382399887828 ], [ -95.36546100192426, 29.770593000916119 ] ] } },
{ "type": "Feature", "properties": { "region": "ContigUS", "edge_type": "hub_backbone" }, "geometry": { "type": "LineString", "coordinates": [ [ -95.36546100192426, 29.770593000916119 ], [ -95.258716999456013, 29.77476499851068 ], [ -95.063221001002248, 29.884236997467301 ], [ -95.022190001242436, 29.944299001758438 ], [ -94.85425000379206, 30.053706002209022 ], [ -94.522109740334855, 30.021964385361407 ], [ -94.129406003653358, 30.068304001693242 ], [ -94.007373995572863, 30.135299001514799 ], [ -93.725971998700885, 30.11857300289806 ], [ -93.567700002714844, 30.184690003608008 ], [ -93.27631200076793, 30.237329999824272 ], [ -92.261741001608954, 30.252253997614091 ], [ -92.032742999387224, 30.244492001523209 ], [ -92.019012995871151, 30.217273996217973 ], [ -91.992294000133697, 30.267958002732971 ], [ -91.896172000978396, 30.300555998825779 ], [ -91.330610763217123, 30.447533793077401 ], [ -91.178542002577203, 30.443633002639153 ] ] } },
{ "type": "Feature", "properties": { "region": "ContigUS", "edge_type": "hub_backbone" }, "geometry": { "type": "LineString", "coordinates": [ [ -91.178542002577203, 30.443633002639153 ], [ -91.187370995532461, 30.449337002163706 ] ] } },
{ "type": "Feature", "properties": { "region": "ContigUS", "edge_type": "hub_backbone" }, "geometry": { "type": "LineString", "coordinates": [ [ -91.178542002577203, 30.443633002639153 ], [ -91.060924001392522, 30.40647799719574 ], [ -90.80543200446256, 30.153307998519185 ], [ -90.495490001008065, 30.10469399923711 ], [ -90.301609002755214, 30.00883899887479 ], [ -90.123163001444553, 29.99568799882973 ], [ -90.072591004035246, 29.955717997791552 ] ] } },
{ "type": "Feature", "properties": { "region": "ContigUS", "edge_type": "hub_backbone" }, "geometry": { "type": "LineString", "coordinates": [ [ -90.200104001973429, 38.622935996990257 ], [ -90.19859999760898, 38.626619997806245 ] ] } },
{ "type": "Feature", "properties": { "region": "ContigUS", "edge_type": "hub_backbone" }, "geometry": { "type": "LineString", "coordinates": [ [ -90.200104001973429, 38.622935996990257 ], [ -89.917473001994935, 38.718661997496781 ], [ -89.885641002272791, 38.821235996606369 ], [ -89.750129997932916, 38.970850000645179 ], [ -89.755450000708507, 39.075829997465405 ], [ -89.641400000034551, 39.23383999692286 ], [ -89.643547000513067, 39.802719998414574 ], [ -89.527170003927097, 39.837320001173367 ], [ -89.058945000124339, 39.835710000753458 ], [ -89.001419997500221, 39.897979997064276 ], [ -88.868880000282672, 39.913316000041583 ], [ -88.775779996625204, 40.005610000642278 ], [ -88.599949997219696, 40.033679999746482 ], [ -88.466399997178755, 40.11931000029108 ], [ -88.204970001473498, 40.116319997236928 ], [ -88.173500004844541, 40.275209998814049 ], [ -87.850220004697661, 41.130799996809301 ], [ -87.843185001263663, 41.232113998922884 ], [ -87.732086999360618, 41.443726998079647 ], [ -87.735920002880093, 41.588660002164964 ], [ -87.661270002769783, 41.63868999670855 ], [ -87.651229999963121, 41.713420001542481 ], [ -87.624120003515102, 41.720609996742333 ], [ -87.630769998001483, 41.878160001725341 ] ] } },
{ "type": "Feature", "properties": { "region": "ContigUS", "edge_type": "hub_backbone" }, "geometry": { "type": "LineString", "coordinates": [ [ -90.072591004035246, 29.955717997791552 ], [ -89.934169000034032, 30.063473996708975 ], [ -89.74026900241293, 30.305860000502886 ], [ -89.649541000263198, 30.301593998092617 ], [ -88.977464003981041, 30.460265000027185 ], [ -88.657443998983396, 30.434783000358053 ], [ -88.426191000819699, 30.463542996242158 ], [ -88.239597998534279, 30.537291003462119 ], [ -88.04674300210003, 30.671272000413275 ], [ -88.075332999928108, 30.770642997048299 ], [ -88.023665003973292, 30.93944099763263 ], [ -88.030227996624362, 31.443366000974407 ], [ -88.014646601240329, 31.478412988766586 ], [ -87.886476000581567, 31.539318997589302 ], [ -87.781408002905238, 31.684454002777279 ], [ -87.73669900392818, 31.942701001192191 ], [ -87.584232999286499, 31.980380002193677 ], [ -87.564641003451271, 32.121099000858649 ], [ -87.37280800234943, 32.286791997703666 ], [ -87.372440995640133, 32.497178998267657 ], [ -87.296010004630645, 32.635911000530008 ], [ -87.255509001905338, 32.831746997577156 ], [ -87.142833001407865, 33.029812996816531 ], [ -87.164680999298156, 33.218019000314101 ], [ -86.869852000655428, 33.502115999459853 ], [ -86.28114000122936, 33.606476001530062 ], [ -85.875772004318549, 33.585994998167763 ], [ -85.032400997759169, 33.715873997163953 ], [ -84.776827999740036, 33.723231001798901 ], [ -84.610302004445771, 33.776878999806662 ], [ -84.389971999114124, 33.744871999364811 ] ] } },
{ "type": "Feature", "properties": { "region": "ContigUS", "edge_type": "hub_backbone" }, "geometry": { "type": "LineString", "coordinates": [ [ -90.072591004035246, 29.955717997791552 ], [ -90.070420997702328, 29.954251999744844 ] ] } },
{ "type": "Feature", "properties": { "region": "ContigUS", "edge_type": "hub_backbone" }, "geometry": { "type": "LineString", "coordinates": [ [ -87.630769998001483, 41.878160001725341 ], [ -87.58560000158694, 41.749749999036133 ], [ -87.480862000030214, 41.639402999224437 ] ] } },
{ "type": "Feature", "properties": { "region": "ContigUS", "edge_type": "hub_backbone" }, "geometry": { "type": "LineString", "coordinates": [ [ -87.480862000030214, 41.639402999224437 ], [ -87.470834995845706, 41.490665997395254 ], [ -87.364962997006941, 41.470972997662358 ], [ -87.364397004479017, 41.416840998134631 ], [ -87.32392299612799, 41.393333999846021 ], [ -87.265638000807186, 41.14789000267232 ], [ -87.270248002131694, 41.007484001231731 ], [ -87.158380997429646, 40.812227999757575 ], [ -86.860108001718032, 40.491853002468609 ], [ -86.752756001499208, 40.325933996489162 ], [ -86.555483000666115, 40.17773899713282 ], [ -86.487236003254793, 40.044403000026563 ], [ -86.199961000718289, 39.788118998063069 ], [ -86.157471999319739, 39.782854003030749 ], [ -86.148629998759134, 39.66765899852232 ], [ -86.062307999516023, 39.475034997928127 ], [ -85.986340997333969, 39.387063997696686 ], [ -85.954307002437048, 39.112543002240891 ], [ -85.843375997345277, 38.983822001716781 ], [ -85.81052999729674, 38.889385001957251 ], [ -85.832682003045477, 38.776988003359811 ], [ -85.783410999729568, 38.67094300164559 ], [ -85.755370995434205, 38.2536549984152 ] ] } },
{ "type": "Feature", "properties": { "region": "ContigUS", "edge_type": "hub_backbone" }, "geometry": { "type": "LineString", "coordinates": [ [ -87.480862000030214, 41.639402999224437 ], [ -87.389744003283027, 41.603885997815503 ], [ -87.240435999073171, 41.595225003455738 ], [ -87.235527999619478, 41.530539999069198 ], [ -87.017098002978926, 41.448944998860419 ], [ -86.466288000498196, 41.364605997594744 ], [ -86.292073001293645, 41.360445997853461 ], [ -85.998500997261672, 41.267005999777822 ], [ -85.860107002731027, 41.268346000956264 ], [ -85.780268001162952, 41.221067997576291 ], [ -85.376450999489094, 41.12648100293098 ], [ -85.196239000161356, 41.126491998728312 ], [ -85.137530997156432, 41.077472002598455 ], [ -84.980975996088702, 41.061033997534572 ], [ -84.790343997605973, 40.992817001953341 ], [ -84.629111998859869, 40.894987001354018 ], [ -84.340624998325183, 40.872181998420906 ], [ -84.124511002217574, 40.737225999985682 ], [ -83.823223997030993, 40.732913002946646 ], [ -83.691398456908345, 40.689412040828529 ], [ -83.607990996688784, 40.647170002314489 ], [ -83.413665997123616, 40.408406998958945 ], [ -83.373222998616185, 40.254448998612304 ], [ -83.17511099825721, 40.102600999605698 ], [ -83.109850000850273, 40.099638001954325 ], [ -83.061259004238138, 39.97795199787457 ], [ -82.943620997572097, 39.948343998155913 ], [ -82.610405001562157, 39.72775000220733 ], [ -82.517689997869169, 39.570776002237317 ], [ -82.251609998859763, 39.471386998438042 ], [ -82.084325996145623, 39.330720002638337 ], [ -81.946336000947696, 39.308724001187514 ], [ -81.87174200181218, 39.224447999234521 ], [ -81.814786001072164, 39.212134997707082 ], [ -81.681108000086368, 39.281834997400601 ], [ -81.562081997491688, 39.267678002017583 ] ] } },
{ "type": "Feature", "properties": { "region": "ContigUS", "edge_type": "hub_backbone" }, "geometry": { "type": "LineString", "coordinates": [ [ -86.586642000543691, 34.739096000481048 ], [ -86.589600000060713, 34.737950003176266 ] ] } },
{ "type": "Feature", "properties": { "region": "ContigUS", "edge_type": "hub_backbone" }, "geometry": { "type": "LineString", "coordinates": [ [ -86.586642000543691, 34.739096000481048 ], [ -86.492962996752993, 34.76852900035221 ], [ -86.330566996994321, 34.680097999370204 ], [ -86.270542000900818, 34.608864997820618 ], [ -86.112612002526618, 34.617429999978299 ], [ -86.01473100323031, 34.663551999400831 ], [ -85.971378999321445, 34.633305999504337 ], [ -85.775598001360621, 34.637178999191228 ], [ -85.545132978414685, 34.556613926773345 ], [ -85.476488997513016, 34.48303999911014 ], [ -85.293890003795468, 34.476622996969994 ], [ -85.178179000194859, 34.385607002509985 ], [ -84.932355004729246, 34.376931998396088 ], [ -84.853402002542751, 34.219522999762809 ], [ -84.721436998972237, 34.060416002635847 ], [ -84.495758999360717, 33.935711995963878 ], [ -84.378862003989411, 33.759473003137998 ] ] } },
{ "type": "Feature", "properties": { "region": "ContigUS", "edge_type": "hub_backbone" }, "geometry": { "type": "LineString", "coordinates": [ [ -85.755370995434205, 38.2536549984152 ], [ -85.762293996918586, 38.213743000650659 ], [ -85.702206999104135, 38.128515002761361 ], [ -85.687427996898165, 37.924516996698152 ], [ -85.719230999002932, 37.829846001926718 ], [ -85.847043998313396, 37.677607996779699 ], [ -85.937459000468706, 37.201283003255341 ], [ -85.980918002711022, 37.132970002589751 ], [ -86.111889999583269, 37.058276000002948 ], [ -86.377419996076839, 36.997972997438609 ], [ -86.689480002392443, 36.429949001069211 ], [ -86.704147002648796, 36.308376002841399 ], [ -86.787114000918194, 36.167134002433706 ], [ -86.763708000931743, 36.082168999928882 ], [ -86.85091899992949, 35.821430002362042 ], [ -86.836656996135829, 35.572907003613572 ], [ -86.807658004342088, 35.479217003466985 ], [ -86.702682003133987, 35.420654997665849 ], [ -86.570128998311105, 35.155325997036684 ], [ -86.586642000543691, 34.739096000481048 ] ] } },
{ "type": "Feature", "properties": { "region": "ContigUS", "edge_type": "hub_backbone" }, "geometry": { "type": "LineString", "coordinates": [ [ -85.755370995434205, 38.2536549984152 ], [ -85.758671998676178, 38.254017001345098 ] ] } },
{ "type": "Feature", "properties": { "region": "ContigUS", "edge_type": "hub_backbone" }, "geometry": { "type": "LineString", "coordinates": [ [ -84.378862003989411, 33.759473003137998 ], [ -84.389971999114124, 33.744871999364811 ] ] } },
{ "type": "Feature", "properties": { "region": "ContigUS", "edge_type": "hub_backbone" }, "geometry": { "type": "LineString", "coordinates": [ [ -83.64589399974723, 32.840915002431728 ], [ -83.745962001501624, 32.889428997659714 ], [ -84.002219003727546, 33.109364997635318 ], [ -84.158759002930026, 33.409454997521976 ], [ -84.330270998394099, 33.648542996875271 ], [ -84.349237003223607, 33.745325996947841 ], [ -84.389971999114124, 33.744871999364811 ] ] } },
{ "type": "Feature", "properties": { "region": "ContigUS", "edge_type": "hub_backbone" }, "geometry": { "type": "LineString", "coordinates": [ [ -84.378862003989411, 33.759473003137998 ], [ -84.335419000742291, 33.832110001256247 ], [ -84.100038998432908, 33.964541998643227 ], [ -84.022925997476563, 34.04852800238924 ], [ -83.684555998372375, 34.132073000509955 ], [ -83.09768300304647, 34.459347002922492 ], [ -82.686307001650277, 34.581767999879141 ], [ -82.506336002346984, 34.691465000499278 ], [ -82.456633996340884, 34.780380000059878 ], [ -82.118954999319556, 34.90649200065095 ], [ -82.053651996689922, 34.960687000438377 ], [ -81.51568200084067, 35.137730001777939 ], [ -81.29834999700563, 35.249783999120517 ], [ -81.158153999981323, 35.262442997714082 ], [ -80.84823100487823, 35.229766997418771 ] ] } },
{ "type": "Feature", "properties": { "region": "ContigUS", "edge_type": "hub_backbone" }, "geometry": { "type": "LineString", "coordinates": [ [ -81.378523001179474, 28.536137997207373 ], [ -81.470031998637211, 28.654351002852273 ], [ -81.601893004247273, 28.72729499579626 ], [ -81.625149003547591, 28.796910997707663 ], [ -81.887530000728418, 28.826413001897102 ], [ -81.926097002512236, 28.928390001119741 ], [ -82.140160998225738, 29.17164099835427 ], [ -82.151934003929057, 29.344590997853551 ], [ -82.328116996325434, 29.553259002414954 ], [ -82.330879001413763, 29.688530003640881 ], [ -82.405379000837954, 29.762560997164275 ], [ -82.513819004596272, 29.801705998103142 ], [ -82.712747995756743, 30.221598999909254 ], [ -82.92879800486665, 30.446283999253321 ], [ -83.063038998007329, 30.521263998655098 ], [ -83.273581004918981, 30.751097000108803 ], [ -83.281107997667775, 30.857738996789745 ], [ -83.331558003861474, 30.897119998413913 ], [ -83.453987004415467, 31.214091000538179 ], [ -83.515039996587532, 31.508850003982303 ], [ -83.704145999947656, 31.804642002663456 ], [ -83.746872003867594, 31.931272995857455 ], [ -83.76796656676278, 32.379759968399597 ], [ -83.744310996824112, 32.664940998323637 ], [ -83.64589399974723, 32.840915002431728 ] ] } },
{ "type": "Feature", "properties": { "region": "ContigUS", "edge_type": "hub_backbone" }, "geometry": { "type": "LineString", "coordinates": [ [ -83.64589399974723, 32.840915002431728 ], [ -83.633129002441976, 32.840679000548967 ] ] } },
{ "type": "Feature", "properties": { "region": "ContigUS", "edge_type": "hub_backbone" }, "geometry": { "type": "LineString", "coordinates": [ [ -81.562081997491688, 39.267678002017583 ], [ -81.415516001871907, 39.337058001475761 ], [ -81.209652995881754, 39.385740000472559 ], [ -80.990295003620119, 39.569042002000081 ], [ -80.857991999940808, 39.636495000643301 ], [ -80.771622003712082, 39.605076003696503 ], [ -80.581192000404172, 39.62693800269107 ], [ -80.211807001362416, 39.720066002814541 ], [ -80.115562004878385, 39.707556003363422 ], [ -80.096229999452717, 39.665412002107161 ], [ -80.014048002977475, 39.665592001834945 ], [ -79.955880004239262, 39.628370998290109 ], [ -79.85476000342193, 39.672100001243024 ], [ -79.721487996028813, 39.650101997687301 ], [ -79.406256002512364, 39.660658000161447 ], [ -79.333742007501471, 39.69696006903655 ], [ -78.968732001522739, 39.685423999524815 ], [ -78.843059004814734, 39.634901001386254 ], [ -78.76005399882564, 39.649285000708446 ] ] } },
{ "type": "Feature", "properties": { "region": "ContigUS", "edge_type": "hub_backbone" }, "geometry": { "type": "LineString", "coordinates": [ [ -81.562081997491688, 39.267678002017583 ], [ -81.561257999831028, 39.266748001927631 ] ] } },
{ "type": "Feature", "properties": { "region": "ContigUS", "edge_type": "hub_backbone" }, "geometry": { "type": "LineString", "coordinates": [ [ -80.84823100487823, 35.229766997418771 ], [ -80.611145003029648, 35.395998000500789 ], [ -80.551410998206094, 35.582670997630395 ], [ -80.292391999875022, 35.801306998596665 ], [ -79.884016003218491, 35.984988003244574 ], [ -79.766311000198556, 36.073437997618605 ], [ -79.625725996723645, 36.362900003493216 ], [ -79.464902003796368, 36.541777997574833 ], [ -79.400359999976573, 36.54701099864824 ], [ -79.359037999963633, 36.583946999302398 ], [ -79.086130777845483, 36.590196074590189 ], [ -78.88698900274369, 36.688822998591483 ], [ -78.813647003585956, 36.7800640004588 ], [ -78.58491699576291, 36.865068999913149 ], [ -78.502540909287404, 36.942929118274776 ], [ -78.470533001466322, 37.064743001911602 ], [ -78.186716000733966, 37.189015998994925 ], [ -78.06178821943621, 37.313279601413505 ], [ -77.954071997285396, 37.36095999717999 ], [ -77.851683997495101, 37.354689002557251 ], [ -77.664297001279508, 37.404248999364889 ], [ -77.448534003902864, 37.518127003008196 ], [ -77.451026002366234, 37.842014000341088 ], [ -77.517054996459009, 38.090203996939657 ], [ -77.495365003244046, 38.264181001500866 ], [ -77.405135997268289, 38.464871999621373 ], [ -77.176044004318413, 38.789333996434074 ], [ -77.048302995994845, 38.867277996777268 ], [ -77.036529999274663, 38.907020999493817 ] ] } },
{ "type": "Feature", "properties": { "region": "ContigUS", "edge_type": "hub_backbone" }, "geometry": { "type": "LineString", "coordinates": [ [ -80.84823100487823, 35.229766997418771 ], [ -80.844206004433076, 35.22641400200304 ] ] } },
{ "type": "Feature", "properties": { "region": "ContigUS", "edge_type": "hub_backbone" }, "geometry": { "type": "LineString", "coordinates": [ [ -78.76005399882564, 39.649285000708446 ], [ -78.762110997095817, 39.652818000575202 ] ] } },
{ "type": "Feature", "properties": { "region": "ContigUS", "edge_type": "hub_backbone" }, "geometry": { "type": "LineString", "coordinates": [ [ -78.76005399882564, 39.649285000708446 ], [ -78.611248997275965, 39.714260002339337 ], [ -78.414172763422727, 39.670136096241677 ], [ -78.380534000135953, 39.700107998044935 ], [ -78.189652000509653, 39.712872999597437 ], [ -78.229733004907047, 39.623936000933355 ], [ -78.115921003884424, 39.639160001006353 ], [ -77.996539996072599, 39.55607999992575 ], [ -77.950615998724345, 39.480030997768459 ], [ -77.969507003210765, 39.442131002491124 ], [ -77.855474995791909, 39.351424998458697 ], [ -77.831448996562671, 39.261782998492265 ], [ -77.762233004420636, 39.261059001743128 ], [ -77.727544002768894, 39.200243997404286 ], [ -77.246730996721325, 38.934067002573912 ], [ -77.150245000212891, 38.943543998079662 ], [ -77.036529999274663, 38.907020999493817 ] ] } },
{ "type": "Feature", "properties": { "region": "ContigUS", "edge_type": "hub_backbone" }, "geometry": { "type": "LineString", "coordinates": [ [ -77.036529999274663, 38.907020999493817 ], [ -76.943606999660801, 38.948186000785149 ], [ -76.925468998978161, 39.020986000189453 ], [ -76.785289998079023, 39.171866999155661 ], [ -76.627540004121443, 39.286036002905014 ], [ -76.536424001634188, 39.305747999589798 ], [ -76.3712210001746, 39.423108998279822 ], [ -76.169456997842715, 39.500348000463156 ], [ -76.066768996680125, 39.571115000067024 ], [ -75.705022004189985, 39.654208001390622 ], [ -75.562437997679595, 39.739265001261742 ], [ -75.521463996024565, 39.73559900129252 ], [ -75.424204999214169, 39.833777002615342 ], [ -75.171324000573264, 39.916829000097692 ], [ -75.162331002196552, 39.957847001059726 ], [ -75.07246699968708, 40.008147997852838 ], [ -74.952751998252594, 40.146774001799749 ], [ -74.737095002079514, 40.22404000012326 ], [ -74.491019002227219, 40.452074997634575 ], [ -74.300050997895639, 40.562691996890628 ], [ -74.179274996279091, 40.707691997190381 ], [ -74.065041002668636, 40.739210000714117 ], [ -74.006072003141043, 40.711922998023944 ] ] } },
{ "type": "Feature", "properties": { "region": "ContigUS", "edge_type": "spoke" }, "geometry": { "type": "LineString", "coordinates": [ [ -123.076363001364584, 44.047728997844359 ], [ -123.087001003672725, 44.052259001718831 ] ] } },
{ "type": "Feature", "properties": { "region": "ContigUS", "edge_type": "spoke" }, "geometry": { "type": "LineString", "coordinates": [ [ -122.666436000487948, 45.516663003217531 ], [ -122.674298999085607, 45.51419900055199 ] ] } },
{ "type": "Feature", "properties": { "region": "ContigUS", "edge_type": "spoke" }, "geometry": { "type": "LineString", "coordinates": [ [ -122.304210996468825, 37.825245002296029 ], [ -122.419016004189658, 37.77455700029661 ] ] } },
{ "type": "Feature", "properties": { "region": "ContigUS", "edge_type": "spoke" }, "geometry": { "type": "LineString", "coordinates": [ [ -122.30307999955977, 47.65272900030125 ], [ -122.331785996840495, 47.606546000309216 ] ] } },
{ "type": "Feature", "properties": { "region": "ContigUS", "edge_type": "spoke" }, "geometry": { "type": "LineString", "coordinates": [ [ -122.257957003000911, 37.873031998998137 ], [ -122.304210996468825, 37.825245002296029 ] ] } },
{ "type": "Feature", "properties": { "region": "ContigUS", "edge_type": "spoke" }, "geometry": { "type": "LineString", "coordinates": [ [ -122.248023001397812, 37.800483997603472 ], [ -122.304210996468825, 37.825245002296029 ] ] } },
{ "type": "Feature", "properties": { "region": "ContigUS", "edge_type": "spoke" }, "geometry": { "type": "LineString", "coordinates": [ [ -122.159960004252, 37.437319998419348 ], [ -122.013521003463978, 37.352961999645984 ], [ -121.889480003082085, 37.336063999731735 ], [ -121.875495003789467, 37.301868998390702 ] ] } },
{ "type": "Feature", "properties": { "region": "ContigUS", "edge_type": "spoke" }, "geometry": { "type": "LineString", "coordinates": [ [ -121.742835000633107, 38.541470000149324 ], [ -121.489745997088121, 38.579532998047547 ] ] } },
{ "type": "Feature", "properties": { "region": "ContigUS", "edge_type": "spoke" }, "geometry": { "type": "LineString", "coordinates": [ [ -121.655928000510642, 36.677635996836962 ], [ -121.63435699813823, 36.853313997055132 ], [ -121.577111003258182, 36.863305999868743 ], [ -121.547780003118547, 36.917963000569536 ], [ -121.559437997516071, 37.00953300125822 ] ] } },
{ "type": "Feature", "properties": { "region": "ContigUS", "edge_type": "spoke" }, "geometry": { "type": "LineString", "coordinates": [ [ -121.350529999156734, 38.6608830004947 ], [ -121.489745997088121, 38.579532998047547 ] ] } },
{ "type": "Feature", "properties": { "region": "ContigUS", "edge_type": "spoke" }, "geometry": { "type": "LineString", "coordinates": [ [ -121.485428002129893, 38.578369996218264 ], [ -121.489745997088121, 38.579532998047547 ] ] } },
{ "type": "Feature", "properties": { "region": "ContigUS", "edge_type": "spoke" }, "geometry": { "type": "LineString", "coordinates": [ [ -119.852546000023381, 34.417275001334993 ], [ -119.719747000543109, 34.425078003468933 ] ] } },
{ "type": "Feature", "properties": { "region": "ContigUS", "edge_type": "spoke" }, "geometry": { "type": "LineString", "coordinates": [ [ -119.784162997678024, 36.771204998247455 ], [ -119.782957997555911, 36.738239997721166 ] ] } },
{ "type": "Feature", "properties": { "region": "ContigUS", "edge_type": "spoke" }, "geometry": { "type": "LineString", "coordinates": [ [ -119.717039999299629, 34.427570997033783 ], [ -119.719747000543109, 34.425078003468933 ] ] } },
{ "type": "Feature", "properties": { "region": "ContigUS", "edge_type": "spoke" }, "geometry": { "type": "LineString", "coordinates": [ [ -119.719747000543109, 34.425078003468933 ], [ -119.397766997359611, 34.383885001330867 ], [ -119.264511995074841, 34.433269000496935 ], [ -119.306373002224547, 34.492745997504116 ], [ -119.243328004893115, 34.553926997720829 ], [ -119.366929001465707, 34.609976998159851 ], [ -119.385143996751324, 34.64881500388082 ], [ -119.355884996581736, 34.686684996623903 ], [ -119.511287000999147, 34.910995996687994 ], [ -119.408849000980126, 35.003043998528156 ], [ -119.401180999681173, 35.078376000833565 ], [ -119.453838004831169, 35.179240001385203 ], [ -119.311922003532402, 35.265740997778558 ], [ -119.252718004726475, 35.267352002728295 ], [ -119.252146002469331, 35.354378001984031 ], [ -119.060263998268766, 35.354092001929217 ], [ -118.966658997691169, 35.39751500283981 ] ] } },
{ "type": "Feature", "properties": { "region": "ContigUS", "edge_type": "spoke" }, "geometry": { "type": "LineString", "coordinates": [ [ -117.228605997077835, 32.877326997009554 ], [ -117.263857999867582, 33.009784996085386 ], [ -117.265526000670306, 33.129563000793439 ], [ -117.238104998487785, 33.128417997089265 ], [ -117.263613999470095, 33.252125997060745 ], [ -117.222470000630693, 33.294187997175264 ], [ -117.227149001552192, 33.388596003534708 ], [ -117.17444000191351, 33.388593003314632 ], [ -117.136242001098935, 33.4647789990807 ], [ -117.180249999743992, 33.550457999430144 ], [ -117.189114997175864, 33.761543000198699 ], [ -117.287486000510228, 33.917091002886714 ], [ -117.400390002409935, 33.946125998936189 ], [ -117.374999004123296, 33.982514997032268 ], [ -117.330184003942733, 33.970737002372054 ] ] } },
{ "type": "Feature", "properties": { "region": "ContigUS", "edge_type": "spoke" }, "geometry": { "type": "LineString", "coordinates": [ [ -113.578434997332721, 37.088142000918999 ], [ -113.450042997889042, 37.166990003448532 ], [ -113.288131998552259, 37.176569000277226 ], [ -113.113924212819455, 37.089377140875477 ], [ -112.911242284980773, 36.890776735728465 ], [ -112.753395443652423, 36.857803318415286 ], [ -112.526409002913823, 36.945654003772532 ], [ -112.258031535615814, 36.848394071009629 ], [ -112.255302408866882, 36.747968844482756 ], [ -112.215350995432416, 36.713713002357068 ], [ -112.043616316592534, 36.730476187006168 ], [ -111.807905078488446, 36.696645205937777 ], [ -111.630006797972783, 36.816483949673888 ], [ -111.640498329973852, 36.569394367155105 ], [ -111.394841205555437, 36.212385900768282 ], [ -111.39185299569543, 36.07596500282294 ], [ -111.40420517221186, 35.909217316142978 ], [ -111.510896174078326, 35.66833134651025 ], [ -111.574703760237639, 35.405059549956476 ], [ -111.545371996530008, 35.269819998686835 ], [ -111.651376999929781, 35.198215001893729 ] ] } },
{ "type": "Feature", "properties": { "region": "ContigUS", "edge_type": "spoke" }, "geometry": { "type": "LineString", "coordinates": [ [ -111.934953997767664, 33.421952002218859 ], [ -112.073814002335112, 33.448253999285733 ] ] } },
{ "type": "Feature", "properties": { "region": "ContigUS", "edge_type": "spoke" }, "geometry": { "type": "LineString", "coordinates": [ [ -111.048968998221156, 45.679333001478867 ], [ -111.185610002340042, 45.671087997760452 ], [ -111.19796799993955, 45.56039299739161 ], [ -111.272321996180608, 45.492740999168021 ], [ -111.170755002661053, 45.357505001616779 ], [ -111.252955001374616, 45.265562000186783 ], [ -111.243508003436446, 45.143651999656235 ], [ -111.203583997601285, 45.075789001140606 ], [ -111.109392999014418, 45.029735001862349 ], [ -111.055973000794665, 44.936741998852412 ], [ -111.054733002309064, 44.856934000600724 ], [ -111.113267001643464, 44.784062002154378 ], [ -111.099640996087814, 44.662216997031166 ], [ -111.249878002031892, 44.686759002357434 ], [ -111.327083996586424, 44.634036998765566 ], [ -111.327277996755214, 44.521574002278811 ], [ -111.465765182513451, 44.279400095280891 ], [ -111.428329483065824, 44.176408587340404 ], [ -111.438656003532344, 44.027228999060171 ], [ -111.17886899953227, 43.939218997184398 ], [ -111.180580999817607, 43.824848001475644 ], [ -111.111273999354111, 43.804232997808249 ], [ -111.111330997458921, 43.599971002220677 ], [ -111.045763000803632, 43.543597999040394 ], [ -110.955228998822662, 43.497479997445296 ], [ -110.792331002516917, 43.478548998335043 ], [ -110.729036004041888, 43.321239000965512 ], [ -110.530349432244009, 43.277247811330724 ], [ -110.368103999110104, 43.160886003310779 ], [ -110.21470187807715, 43.138451043380954 ], [ -110.092665001127799, 42.987119999665737 ], [ -110.074590996425997, 42.89154100077122 ], [ -109.861403001844977, 42.866605998495714 ], [ -109.831041984417425, 42.811248727743013 ], [ -109.720673998429987, 42.746056002299127 ], [ -109.473936003095417, 42.263535000633546 ], [ -109.437972902909863, 42.044201588531287 ], [ -109.345696277075533, 41.867053581274874 ], [ -109.321916003009107, 41.743743000517981 ], [ -109.232228618267655, 41.681333924295679 ], [ -109.229428003588424, 41.607634001515414 ], [ -109.197828999901532, 41.593967997846278 ] ] } },
{ "type": "Feature", "properties": { "region": "ContigUS", "edge_type": "spoke" }, "geometry": { "type": "LineString", "coordinates": [ [ -110.97372799648538, 32.221527998512343 ], [ -110.974957996721827, 32.221438003016956 ] ] } },
{ "type": "Feature", "properties": { "region": "ContigUS", "edge_type": "spoke" }, "geometry": { "type": "LineString", "coordinates": [ [ -110.952399000250509, 32.23598599858196 ], [ -110.97372799648538, 32.221527998512343 ] ] } },
{ "type": "Feature", "properties": { "region": "ContigUS", "edge_type": "spoke" }, "geometry": { "type": "LineString", "coordinates": [ [ -110.88370599828373, 32.22168399707968 ], [ -110.97372799648538, 32.221527998512343 ] ] } },
{ "type": "Feature", "properties": { "region": "ContigUS", "edge_type": "spoke" }, "geometry": { "type": "LineString", "coordinates": [ [ -106.620606000087591, 35.080957002669734 ], [ -106.650713000902243, 35.084441001421439 ] ] } },
{ "type": "Feature", "properties": { "region": "ContigUS", "edge_type": "spoke" }, "geometry": { "type": "LineString", "coordinates": [ [ -106.375901000038795, 31.77366699844573 ], [ -106.484615996071923, 31.760483999219556 ] ] } },
{ "type": "Feature", "properties": { "region": "ContigUS", "edge_type": "spoke" }, "geometry": { "type": "LineString", "coordinates": [ [ -105.276886001603387, 40.010460002470886 ], [ -105.093235996969739, 39.915789000921549 ], [ -105.024844999618367, 39.836104000908051 ] ] } },
{ "type": "Feature", "properties": { "region": "ContigUS", "edge_type": "spoke" }, "geometry": { "type": "LineString", "coordinates": [ [ -105.077112001187785, 40.574318002739901 ], [ -105.069897002320303, 40.666862998351384 ], [ -104.996724003216983, 40.705903997402196 ], [ -104.89664799747338, 41.035731998862865 ], [ -104.814209001978512, 41.133140999238698 ] ] } },
{ "type": "Feature", "properties": { "region": "ContigUS", "edge_type": "spoke" }, "geometry": { "type": "LineString", "coordinates": [ [ -105.025014996802724, 39.899652001547416 ], [ -105.024844999618367, 39.836104000908051 ] ] } },
{ "type": "Feature", "properties": { "region": "ContigUS", "edge_type": "spoke" }, "geometry": { "type": "LineString", "coordinates": [ [ -105.024844999618367, 39.836104000908051 ], [ -105.02519399510625, 39.760240002108247 ], [ -104.959785000256232, 39.736810997217461 ] ] } },
{ "type": "Feature", "properties": { "region": "ContigUS", "edge_type": "spoke" }, "geometry": { "type": "LineString", "coordinates": [ [ -104.814209001978512, 41.133140999238698 ], [ -104.818832999055132, 41.140305000030914 ] ] } },
{ "type": "Feature", "properties": { "region": "ContigUS", "edge_type": "spoke" }, "geometry": { "type": "LineString", "coordinates": [ [ -104.790080999048755, 41.102248002484089 ], [ -104.814209001978512, 41.133140999238698 ] ] } },
{ "type": "Feature", "properties": { "region": "ContigUS", "edge_type": "spoke" }, "geometry": { "type": "LineString", "coordinates": [ [ -101.870587003127241, 33.58445299966354 ], [ -101.855261995908464, 33.577812000423286 ] ] } },
{ "type": "Feature", "properties": { "region": "ContigUS", "edge_type": "spoke" }, "geometry": { "type": "LineString", "coordinates": [ [ -98.162275996148182, 26.301367999167923 ], [ -98.101900001323713, 26.752430000597229 ], [ -98.146067001774043, 27.188479001999159 ], [ -98.077108996798486, 27.713109001505021 ], [ -98.114176000704049, 28.326185998693965 ], [ -98.297811003472461, 28.758334998184932 ], [ -98.484089002520335, 28.949837998597967 ], [ -98.493746996752435, 29.425058999956349 ] ] } },
{ "type": "Feature", "properties": { "region": "ContigUS", "edge_type": "spoke" }, "geometry": { "type": "LineString", "coordinates": [ [ -98.252048999319399, 26.218564998111471 ], [ -98.237050996830334, 26.254473997547855 ], [ -98.175314000451465, 26.247622998285706 ], [ -98.162275996148182, 26.301367999167923 ] ] } },
{ "type": "Feature", "properties": { "region": "ContigUS", "edge_type": "spoke" }, "geometry": { "type": "LineString", "coordinates": [ [ -98.178313996208018, 26.30373200203762 ], [ -98.162275996148182, 26.301367999167923 ] ] } },
{ "type": "Feature", "properties": { "region": "ContigUS", "edge_type": "spoke" }, "geometry": { "type": "LineString", "coordinates": [ [ -97.733057997938616, 30.300312003455282 ], [ -97.74297900091959, 30.277935003413678 ] ] } },
{ "type": "Feature", "properties": { "region": "ContigUS", "edge_type": "spoke" }, "geometry": { "type": "LineString", "coordinates": [ [ -97.714411999962792, 30.322180996532566 ], [ -97.74297900091959, 30.277935003413678 ] ] } },
{ "type": "Feature", "properties": { "region": "ContigUS", "edge_type": "spoke" }, "geometry": { "type": "LineString", "coordinates": [ [ -97.738118001321553, 30.280660002558243 ], [ -97.74297900091959, 30.277935003413678 ] ] } },
{ "type": "Feature", "properties": { "region": "ContigUS", "edge_type": "spoke" }, "geometry": { "type": "LineString", "coordinates": [ [ -97.071827997015447, 36.115885996841151 ], [ -97.050774002038494, 35.985507997296239 ], [ -97.217943999559935, 35.976853001548456 ], [ -97.394020002605984, 35.878061002153082 ], [ -97.425523003338455, 35.606350001707185 ], [ -97.458745002232348, 35.541851000489338 ], [ -97.504177001282642, 35.5295890004707 ], [ -97.512728001590091, 35.467653002845296 ] ] } },
{ "type": "Feature", "properties": { "region": "ContigUS", "edge_type": "spoke" }, "geometry": { "type": "LineString", "coordinates": [ [ -97.114598000418027, 32.72727700151102 ], [ -97.334187003438132, 32.757395000454693 ] ] } },
{ "type": "Feature", "properties": { "region": "ContigUS", "edge_type": "spoke" }, "geometry": { "type": "LineString", "coordinates": [ [ -96.800040003876092, 46.89040099809035 ], [ -96.839232996665686, 46.890568999111643 ], [ -96.841607998546451, 46.868739003062096 ], [ -96.835852995577667, 45.96050900200558 ], [ -96.876501672352532, 45.812138833605289 ], [ -96.988024002463192, 45.654137002184022 ], [ -96.989207550816346, 45.454763792940142 ], [ -97.045278998462365, 45.380661002040817 ], [ -97.056912998858621, 44.876659997584689 ], [ -96.879223998854741, 44.742718997277812 ], [ -96.783832608503175, 44.61815275286763 ], [ -96.758381998014286, 44.311448998718859 ] ] } },
{ "type": "Feature", "properties": { "region": "ContigUS", "edge_type": "spoke" }, "geometry": { "type": "LineString", "coordinates": [ [ -96.788450002962477, 44.314150997683456 ], [ -96.758381998014286, 44.311448998718859 ] ] } },
{ "type": "Feature", "properties": { "region": "ContigUS", "edge_type": "spoke" }, "geometry": { "type": "LineString", "coordinates": [ [ -96.758381998014286, 44.311448998718859 ], [ -96.793255001585692, 42.789837998063007 ], [ -96.518737001348427, 42.561491998904998 ], [ -96.489873996522377, 42.504744002021873 ], [ -96.392249996245724, 42.48473599672193 ], [ -96.358244998800743, 42.381612999484808 ], [ -96.242839000188525, 42.234033001445546 ], [ -96.103892739387533, 41.978024827748953 ], [ -96.103082000860454, 41.865423999942337 ], [ -96.055505004574727, 41.802009999545916 ], [ -96.03591619775878, 41.670751168676745 ], [ -95.91737000332364, 41.554911000154839 ], [ -95.866856998279061, 41.288112997681871 ], [ -95.934500004425985, 41.258634998536394 ] ] } },
{ "type": "Feature", "properties": { "region": "ContigUS", "edge_type": "spoke" }, "geometry": { "type": "LineString", "coordinates": [ [ -94.723561003183718, 38.927452997170484 ], [ -94.77078700073848, 38.944621003266732 ], [ -94.820078000552613, 39.143037000679421 ], [ -94.77114499734553, 39.191539997852871 ], [ -94.741721003607694, 39.342221996814978 ], [ -94.789451998082555, 39.385458002905636 ], [ -94.807983002718871, 39.856151001508053 ], [ -95.210551004787959, 40.082821999723166 ], [ -95.238966001815513, 40.134839000332654 ], [ -95.458919002188779, 40.266119997166669 ], [ -95.652052997383947, 40.583949003152455 ], [ -95.782989995892777, 40.689158999228425 ], [ -95.859037999164016, 40.653035002364206 ], [ -96.179046999799439, 40.671974001317338 ], [ -96.31521401684185, 40.711409118017265 ], [ -96.559141003989353, 40.711724999304082 ], [ -96.702598002276019, 40.813596002264937 ] ] } },
{ "type": "Feature", "properties": { "region": "ContigUS", "edge_type": "spoke" }, "geometry": { "type": "LineString", "coordinates": [ [ -96.407988003916387, 30.164918001603954 ], [ -96.363973995542082, 30.197430001791886 ], [ -96.343220001937382, 30.37491199871247 ], [ -96.3932266266563, 30.503044214373393 ], [ -96.448541001130351, 30.539109996830337 ], [ -96.334844999560374, 30.627795001484053 ] ] } },
{ "type": "Feature", "properties": { "region": "ContigUS", "edge_type": "spoke" }, "geometry": { "type": "LineString", "coordinates": [ [ -94.200611000581702, 36.078272999951459 ], [ -94.421187000570768, 36.099916998906849 ], [ -94.514472003277831, 36.18097799831348 ], [ -94.684499002728899, 36.178791000580723 ], [ -94.815361998024599, 36.217227000794971 ], [ -95.098364981379092, 36.21155521445575 ], [ -95.341917999873843, 36.16631900107371 ], [ -96.001094002899848, 36.154675002401184 ] ] } },
{ "type": "Feature", "properties": { "region": "ContigUS", "edge_type": "spoke" }, "geometry": { "type": "LineString", "coordinates": [ [ -95.95596600272485, 41.304623001495536 ], [ -95.934500004425985, 41.258634998536394 ] ] } },
{ "type": "Feature", "properties": { "region": "ContigUS", "edge_type": "spoke" }, "geometry": { "type": "LineString", "coordinates": [ [ -95.934500004425985, 41.258634998536394 ], [ -95.934547004281612, 41.256567001614044 ] ] } },
{ "type": "Feature", "properties": { "region": "ContigUS", "edge_type": "spoke" }, "geometry": { "type": "LineString", "coordinates": [ [ -95.481959001579, 30.204270004110274 ], [ -95.456212998075259, 30.207438998177885 ], [ -95.369149996520562, 29.76382399887828 ] ] } },
{ "type": "Feature", "properties": { "region": "ContigUS", "edge_type": "spoke" }, "geometry": { "type": "LineString", "coordinates": [ [ -95.381834998849797, 29.742015001268328 ], [ -95.369149996520562, 29.76382399887828 ] ] } },
{ "type": "Feature", "properties": { "region": "ContigUS", "edge_type": "spoke" }, "geometry": { "type": "LineString", "coordinates": [ [ -95.380140003672821, 29.763188000486796 ], [ -95.369149996520562, 29.76382399887828 ] ] } },
{ "type": "Feature", "properties": { "region": "ContigUS", "edge_type": "spoke" }, "geometry": { "type": "LineString", "coordinates": [ [ -94.178069000235496, 36.070369000417486 ], [ -94.194432998911893, 36.053994996208978 ], [ -94.200611000581702, 36.078272999951459 ] ] } },
{ "type": "Feature", "properties": { "region": "ContigUS", "edge_type": "spoke" }, "geometry": { "type": "LineString", "coordinates": [ [ -94.157968000994003, 36.062604997486481 ], [ -94.200611000581702, 36.078272999951459 ] ] } },
{ "type": "Feature", "properties": { "region": "ContigUS", "edge_type": "spoke" }, "geometry": { "type": "LineString", "coordinates": [ [ -91.186492003010116, 30.411198002087737 ], [ -91.187370995532461, 30.449337002163706 ] ] } },
{ "type": "Feature", "properties": { "region": "ContigUS", "edge_type": "spoke" }, "geometry": { "type": "LineString", "coordinates": [ [ -88.382380002716459, 38.379639996712363 ], [ -88.95168999998991, 38.312670001528716 ], [ -88.965978001027864, 38.340867001343661 ], [ -89.145370000197929, 38.387190000688499 ], [ -89.375129001229453, 38.391835001611817 ], [ -89.526639997909456, 38.437669996641731 ], [ -89.611809997632193, 38.500179998091561 ], [ -89.961098003918607, 38.598081998670047 ], [ -90.309970000396916, 38.650723999738823 ] ] } },
{ "type": "Feature", "properties": { "region": "ContigUS", "edge_type": "spoke" }, "geometry": { "type": "LineString", "coordinates": [ [ -90.071759002385392, 29.983184999219159 ], [ -90.070420997702328, 29.954251999744844 ] ] } },
{ "type": "Feature", "properties": { "region": "ContigUS", "edge_type": "spoke" }, "geometry": { "type": "LineString", "coordinates": [ [ -88.798611002964606, 33.458579000791026 ], [ -88.652675004836752, 33.487720999974812 ], [ -88.280146998245257, 33.490444998361284 ], [ -88.212633996286257, 33.414354002579643 ], [ -88.07609013598217, 33.404088373943928 ], [ -87.854390999342826, 33.285289998927695 ], [ -87.538885998828363, 33.232927000615241 ], [ -87.524549425544677, 33.206043756411319 ] ] } },
{ "type": "Feature", "properties": { "region": "ContigUS", "edge_type": "spoke" }, "geometry": { "type": "LineString", "coordinates": [ [ -87.898179000574814, 30.60388399993775 ], [ -87.91181699863948, 30.655755003251311 ], [ -88.039761996397758, 30.695399997794262 ] ] } },
{ "type": "Feature", "properties": { "region": "ContigUS", "edge_type": "spoke" }, "geometry": { "type": "LineString", "coordinates": [ [ -87.546553002997342, 33.209569003862285 ], [ -87.524549425544677, 33.206043756411319 ] ] } },
{ "type": "Feature", "properties": { "region": "ContigUS", "edge_type": "spoke" }, "geometry": { "type": "LineString", "coordinates": [ [ -87.524549425544677, 33.206043756411319 ], [ -87.479090998397041, 33.197148998362294 ] ] } },
{ "type": "Feature", "properties": { "region": "ContigUS", "edge_type": "spoke" }, "geometry": { "type": "LineString", "coordinates": [ [ -87.524549425544677, 33.206043756411319 ], [ -87.479090998397041, 33.197148998362294 ] ] } },
{ "type": "Feature", "properties": { "region": "ContigUS", "edge_type": "spoke" }, "geometry": { "type": "LineString", "coordinates": [ [ -87.520355003175226, 38.681938002114613 ], [ -87.267979001454449, 38.645488998894258 ], [ -86.805102998044688, 38.680934002011305 ], [ -86.776036003783929, 38.635134003594821 ], [ -86.682476996948878, 38.595056003815642 ], [ -86.464629000814625, 38.5561299977198 ], [ -86.262003999215509, 38.451178003318269 ], [ -85.965006000352972, 38.367328997644442 ], [ -85.890237997546919, 38.303140997125695 ], [ -85.755370995434205, 38.2536549984152 ] ] } },
{ "type": "Feature", "properties": { "region": "ContigUS", "edge_type": "spoke" }, "geometry": { "type": "LineString", "coordinates": [ [ -85.481724001696449, 32.598721002230235 ], [ -85.507942995146749, 32.692261997214324 ], [ -85.826574995232605, 32.88326799952798 ], [ -85.952138002217225, 32.915298001721361 ], [ -86.213170996465848, 33.093144002396109 ], [ -86.383391996085649, 33.309933002915464 ], [ -86.500010998809145, 33.357508003157768 ], [ -86.639382001042833, 33.348193000962333 ], [ -86.667108996360597, 33.416436997804269 ], [ -86.786954999112936, 33.48419200029835 ], [ -86.797734000988072, 33.518225000829339 ], [ -86.878956003851783, 33.495233997425892 ], [ -87.162817004066767, 33.233891997335839 ], [ -87.264487995546773, 33.189712997949499 ], [ -87.407517000499439, 33.17394699887619 ], [ -87.479090998397041, 33.197148998362294 ] ] } },
{ "type": "Feature", "properties": { "region": "ContigUS", "edge_type": "spoke" }, "geometry": { "type": "LineString", "coordinates": [ [ -86.912378003660521, 40.429851000955146 ], [ -86.199961000718289, 39.788118998063069 ], [ -86.157471999319739, 39.782854003030749 ] ] } },
{ "type": "Feature", "properties": { "region": "ContigUS", "edge_type": "spoke" }, "geometry": { "type": "LineString", "coordinates": [ [ -86.775164997284435, 36.161842996358104 ], [ -86.783859997531948, 36.161614003078761 ] ] } },
{ "type": "Feature", "properties": { "region": "ContigUS", "edge_type": "spoke" }, "geometry": { "type": "LineString", "coordinates": [ [ -86.52691299933629, 39.164307002862159 ], [ -86.553615996078534, 39.208408997723026 ], [ -86.512439999248713, 39.333941997976211 ], [ -86.251162995619467, 39.555904002468289 ], [ -86.157471999319739, 39.782854003030749 ] ] } },
{ "type": "Feature", "properties": { "region": "ContigUS", "edge_type": "spoke" }, "geometry": { "type": "LineString", "coordinates": [ [ -86.156627996177704, 39.804026001611142 ], [ -86.157471999319739, 39.782854003030749 ] ] } },
{ "type": "Feature", "properties": { "region": "ContigUS", "edge_type": "spoke" }, "geometry": { "type": "LineString", "coordinates": [ [ -85.755370995434205, 38.2536549984152 ], [ -85.758671998676178, 38.254017001345098 ] ] } },
{ "type": "Feature", "properties": { "region": "ContigUS", "edge_type": "spoke" }, "geometry": { "type": "LineString", "coordinates": [ [ -84.506322001325785, 38.039632996950658 ], [ -84.683043003728997, 38.160087000180582 ], [ -84.826714995812594, 38.173284999654889 ], [ -84.99627099957705, 38.144134000060518 ], [ -85.755370995434205, 38.2536549984152 ] ] } },
{ "type": "Feature", "properties": { "region": "ContigUS", "edge_type": "spoke" }, "geometry": { "type": "LineString", "coordinates": [ [ -84.201690999527784, 39.757879000184239 ], [ -84.074147000729155, 39.818129001555747 ], [ -84.055967003806998, 39.865330998812986 ], [ -83.990680997302562, 39.866164997969939 ], [ -83.874354998075276, 39.924017002318365 ], [ -82.998000001256557, 39.962519002382081 ] ] } },
{ "type": "Feature", "properties": { "region": "ContigUS", "edge_type": "spoke" }, "geometry": { "type": "LineString", "coordinates": [ [ -82.990644002822108, 39.96743499805018 ], [ -82.998000001256557, 39.962519002382081 ] ] } },
{ "type": "Feature", "properties": { "region": "ContigUS", "edge_type": "spoke" }, "geometry": { "type": "LineString", "coordinates": [ [ -82.998000001256557, 39.962519002382081 ], [ -82.997883004673966, 39.961929001035479 ] ] } },
{ "type": "Feature", "properties": { "region": "ContigUS", "edge_type": "spoke" }, "geometry": { "type": "LineString", "coordinates": [ [ -82.98705800007312, 39.968164002344075 ], [ -82.990644002822108, 39.96743499805018 ] ] } },
{ "type": "Feature", "properties": { "region": "ContigUS", "edge_type": "spoke" }, "geometry": { "type": "LineString", "coordinates": [ [ -81.672861995784174, 41.482376002156926 ], [ -81.836244004364985, 41.333356000621464 ], [ -81.864051003641961, 41.134252000772001 ], [ -82.011098002180574, 41.034852997399902 ], [ -81.996371003446427, 40.997426997679625 ], [ -82.405873999508955, 40.7899590033295 ], [ -82.585678002000932, 40.6009689973504 ], [ -82.804332999670677, 40.440136000729403 ], [ -82.990644002822108, 39.96743499805018 ] ] } },
{ "type": "Feature", "properties": { "region": "ContigUS", "edge_type": "spoke" }, "geometry": { "type": "LineString", "coordinates": [ [ -82.352170996042105, 29.652066996031831 ], [ -82.325013002608472, 29.651967998327713 ] ] } },
{ "type": "Feature", "properties": { "region": "ContigUS", "edge_type": "spoke" }, "geometry": { "type": "LineString", "coordinates": [ [ -82.140395997504072, 29.187110003022315 ], [ -82.151934003929057, 29.344590997853551 ], [ -82.328116996325434, 29.553259002414954 ], [ -82.325013002608472, 29.651967998327713 ] ] } },
{ "type": "Feature", "properties": { "region": "ContigUS", "edge_type": "spoke" }, "geometry": { "type": "LineString", "coordinates": [ [ -81.653773002609157, 30.316308000599559 ], [ -81.751910003795103, 30.306073999177318 ], [ -82.015149997000051, 30.200300004007698 ], [ -82.167485997453852, 29.792096003789819 ], [ -82.325013002608472, 29.651967998327713 ] ] } },
{ "type": "Feature", "properties": { "region": "ContigUS", "edge_type": "spoke" }, "geometry": { "type": "LineString", "coordinates": [ [ -78.88674299910312, 33.689786003136504 ], [ -79.147867998803136, 33.913092997232383 ], [ -79.233742996360874, 34.049118998462632 ], [ -79.427274001995912, 34.170286003105041 ], [ -79.540223000508178, 34.204361003710375 ], [ -79.767934004388678, 34.19367900188395 ], [ -79.857247995399149, 34.282513997077089 ], [ -80.09032300153784, 34.340780999390667 ], [ -80.205578999463896, 34.45142799804259 ], [ -80.315822999975836, 34.49595699781397 ], [ -80.380472002129125, 34.612118999681222 ], [ -80.393835996065846, 34.77831400124257 ], [ -80.501978998824981, 34.962009002366315 ], [ -80.769957003282414, 35.19851400268827 ], [ -81.028678003484316, 35.251545002640519 ], [ -81.29834999700563, 35.249783999120517 ], [ -81.624555001549126, 35.102729999936365 ], [ -81.725021999020129, 35.016444003074348 ], [ -81.799755003462693, 35.022136999873737 ], [ -81.932057998158839, 34.94950400023621 ] ] } },
{ "type": "Feature", "properties": { "region": "ContigUS", "edge_type": "spoke" }, "geometry": { "type": "LineString", "coordinates": [ [ -79.954775004574586, 40.444417002621002 ], [ -79.874848004041283, 40.292321998250053 ], [ -79.963058998630146, 40.21418300088677 ], [ -79.918290998305267, 40.196605003412415 ], [ -79.918531998329655, 40.037467003345014 ], [ -79.866599996496006, 40.010802998425717 ], [ -79.91323899891151, 39.652816997703475 ], [ -79.95658100457122, 39.633102003288549 ] ] } },
{ "type": "Feature", "properties": { "region": "ContigUS", "edge_type": "spoke" }, "geometry": { "type": "LineString", "coordinates": [ [ -78.877540001562451, 42.886244998473259 ], [ -78.823821996230336, 42.789165000709197 ], [ -78.829401001268678, 42.715827000135747 ], [ -78.785506998833171, 42.694758001601137 ], [ -78.68922500074261, 42.50933099829539 ], [ -78.672821997216531, 42.27505200132655 ], [ -78.636532997229097, 42.214365997177644 ], [ -78.696001999043816, 42.161025003477505 ], [ -78.627486001120673, 42.09691299792992 ], [ -78.618850999350983, 41.999612996642647 ], [ -78.69783699665787, 41.802813998157085 ], [ -78.682683998849669, 41.496256002392833 ], [ -78.561475997413012, 41.428545999086033 ], [ -78.556460002495825, 41.366476998883741 ], [ -78.510422017921158, 41.324284157579577 ], [ -78.496349998826972, 41.269442002597032 ], [ -78.574883999815484, 41.208765998074171 ], [ -78.537575995885504, 41.108091002524496 ], [ -78.344748002808686, 41.020971997524356 ], [ -78.211877003358396, 40.881232000599248 ], [ -78.235433569969629, 40.769513465177511 ], [ -78.188427003889302, 40.71089899959992 ], [ -78.415589002383896, 40.464903996405752 ], [ -78.432440004725294, 40.343859999492487 ] ] } },
{ "type": "Feature", "properties": { "region": "ContigUS", "edge_type": "spoke" }, "geometry": { "type": "LineString", "coordinates": [ [ -78.432440004725294, 40.343859999492487 ], [ -78.528437003308809, 40.101617999890507 ], [ -78.514778002632795, 40.022184998937533 ], [ -78.683563413580202, 39.783960307800953 ], [ -78.717288999039212, 39.673539003005303 ], [ -78.762110997095817, 39.652818000575202 ] ] } },
{ "type": "Feature", "properties": { "region": "ContigUS", "edge_type": "spoke" }, "geometry": { "type": "LineString", "coordinates": [ [ -78.503467000480072, 38.036717001469206 ], [ -78.109868002786428, 37.933492002094404 ], [ -77.829126995283673, 37.723080002778858 ], [ -77.593988001981856, 37.648224000539031 ], [ -77.435840997584464, 37.540181000172453 ] ] } },
{ "type": "Feature", "properties": { "region": "ContigUS", "edge_type": "spoke" }, "geometry": { "type": "LineString", "coordinates": [ [ -77.861583000734768, 40.794432001786952 ], [ -77.885815001624977, 40.733931999980051 ], [ -78.037595501873355, 40.68534759247612 ], [ -78.249287999135703, 40.484483996935751 ], [ -78.389423997682186, 40.428323002609048 ], [ -78.432440004725294, 40.343859999492487 ] ] } },
{ "type": "Feature", "properties": { "region": "ContigUS", "edge_type": "spoke" }, "geometry": { "type": "LineString", "coordinates": [ [ -76.607024001184996, 39.397225003461635 ], [ -76.614877998663488, 39.286484999623113 ] ] } },
{ "type": "Feature", "properties": { "region": "ContigUS", "edge_type": "spoke" }, "geometry": { "type": "LineString", "coordinates": [ [ -75.753610997559036, 39.681655998144741 ], [ -75.636079998209624, 39.734485999053085 ], [ -75.538545003011322, 39.74296499751712 ] ] } },
{ "type": "Feature", "properties": { "region": "ContigUS", "edge_type": "spoke" }, "geometry": { "type": "LineString", "coordinates": [ [ -75.19259099508723, 39.950439002724764 ], [ -75.163292001921192, 39.953358996603633 ] ] } },
{ "type": "Feature", "properties": { "region": "ContigUS", "edge_type": "spoke" }, "geometry": { "type": "LineString", "coordinates": [ [ -74.447769002018887, 40.497406000154605 ], [ -74.741543001225665, 40.221738003113131 ] ] } },
{ "type": "Feature", "properties": { "region": "ContigUS", "edge_type": "spoke_fallback" }, "geometry": { "type": "LineString", "coordinates": [ [ -116.971380997251202, 33.815258997330197 ], [ -117.003180998982913, 33.847339996987074 ], [ -116.976444001007181, 33.926904997844524 ], [ -116.678341999609913, 33.922446003929316 ], [ -116.544784004562914, 33.844738998053764 ] ] } },
{ "type": "Feature", "properties": { "region": "ContigUS", "edge_type": "spoke_fallback" }, "geometry": { "type": "LineString", "coordinates": [ [ -116.544784004562914, 33.844738998053764 ], [ -116.544882998907241, 33.823098000926386 ] ] } },
{ "type": "Feature", "properties": { "region": "ContigUS", "edge_type": "spoke_fallback" }, "geometry": { "type": "LineString", "coordinates": [ [ -115.234776000027466, 36.159140000415164 ], [ -115.172780001385888, 36.158874002440179 ], [ -115.18186000159784, 35.953102000785073 ], [ -115.360929307951565, 35.726500492520628 ], [ -115.452581999922188, 35.469347001018726 ], [ -115.588986998649645, 35.473474997704685 ], [ -115.91621900214173, 35.365415001516588 ], [ -116.256352996019899, 35.105958998406543 ], [ -116.404080001262315, 35.076109997845265 ], [ -116.715817000351194, 34.931384000534031 ], [ -117.022890000383882, 34.885860000488421 ], [ -117.010103003337321, 34.761001997839294 ], [ -116.944195003330123, 34.6410030024227 ], [ -116.979574000951615, 34.601840002814306 ], [ -116.945918996124533, 34.443914999410289 ], [ -116.541940001255469, 34.3684879972784 ], [ -116.439302997451534, 34.25836800121936 ], [ -116.414061999851043, 34.123452002567127 ], [ -116.591590003789747, 34.032835997601708 ], [ -116.604032999981385, 33.914240997101693 ], [ -116.544754997962386, 33.90449099738494 ], [ -116.544784004562914, 33.844738998053764 ] ] } },
{ "type": "Feature", "properties": { "region": "ContigUS", "edge_type": "spoke_fallback" }, "geometry": { "type": "LineString", "coordinates": [ [ -116.513131003144309, 43.613691997509669 ], [ -116.196825001840466, 43.566288002973231 ] ] } },
{ "type": "Feature", "properties": { "region": "ContigUS", "edge_type": "spoke_fallback" }, "geometry": { "type": "LineString", "coordinates": [ [ -116.210197996896326, 43.606804002581079 ], [ -116.193601002184678, 43.574844999120607 ] ] } },
{ "type": "Feature", "properties": { "region": "ContigUS", "edge_type": "spoke_fallback" }, "geometry": { "type": "LineString", "coordinates": [ [ -116.202303000308234, 43.615030998517518 ], [ -116.193601002184678, 43.574844999120607 ] ] } },
{ "type": "Feature", "properties": { "region": "ContigUS", "edge_type": "spoke_fallback" }, "geometry": { "type": "LineString", "coordinates": [ [ -116.193601002184678, 43.574844999120607 ], [ -116.196825001840466, 43.566288002973231 ] ] } },
{ "type": "Feature", "properties": { "region": "ContigUS", "edge_type": "spoke_fallback" }, "geometry": { "type": "LineString", "coordinates": [ [ -116.196825001840466, 43.566288002973231 ], [ -115.801647745040981, 43.203419308141363 ], [ -115.667609995733372, 43.142875003485813 ], [ -115.469674002288016, 42.958439999465476 ], [ -115.208099997659502, 42.973852997548917 ], [ -114.950036995436946, 42.934667997698355 ], [ -114.720657999736929, 42.772354998377693 ], [ -114.551692997597897, 42.727474997018845 ], [ -114.49286300337738, 42.665976003321276 ], [ -114.296993000338162, 42.577232001552211 ], [ -113.517361999679281, 42.570306999806043 ], [ -113.044107993354061, 42.205597206406544 ], [ -112.833392000738144, 41.999339000202141 ], [ -112.486687001236561, 41.883819000765158 ], [ -112.411564002196528, 41.816653998728412 ], [ -112.299623003264529, 41.798267998362277 ], [ -112.233402003262938, 41.722452997868565 ], [ -112.136170997956768, 41.677516997627798 ], [ -112.072359001069444, 41.582120001503625 ], [ -112.026017996783125, 41.116894003368863 ], [ -111.891099000181796, 40.967417996788484 ], [ -111.917970996978411, 40.806468998902652 ], [ -111.89103500420093, 40.760647999072944 ] ] } },
{ "type": "Feature", "properties": { "region": "ContigUS", "edge_type": "spoke_fallback" }, "geometry": { "type": "LineString", "coordinates": [ [ -96.789354004582307, 32.765114997644339 ], [ -96.795740999302964, 32.773440999976209 ] ] } },
{ "type": "Feature", "properties": { "region": "ContigUS", "edge_type": "spoke_fallback" }, "geometry": { "type": "LineString", "coordinates": [ [ -93.269169001870509, 44.958014000995881 ], [ -93.298739995921423, 44.86543600160693 ], [ -93.309238004775665, 44.300118002330308 ], [ -93.244486001791884, 44.091294002282346 ], [ -93.358653996178433, 43.575204998207184 ], [ -93.349735998144808, 42.825663002315459 ], [ -93.565006997223506, 42.557715001226441 ], [ -93.575153998363646, 41.627750000812213 ], [ -93.607241999975443, 41.582809003041291 ] ] } },
{ "type": "Feature", "properties": { "region": "ContigUS", "edge_type": "spoke_fallback" }, "geometry": { "type": "LineString", "coordinates": [ [ -93.273076996749907, 44.983549999876878 ], [ -93.269169001870509, 44.958014000995881 ] ] } },
{ "type": "Feature", "properties": { "region": "ContigUS", "edge_type": "spoke_fallback" }, "geometry": { "type": "LineString", "coordinates": [ [ -93.236217000618424, 44.964144000000168 ], [ -93.269169001870509, 44.958014000995881 ] ] } },
{ "type": "Feature", "properties": { "region": "ContigUS", "edge_type": "spoke_fallback" }, "geometry": { "type": "LineString", "coordinates": [ [ -87.660729998503015, 42.000591998723344 ], [ -87.713979999538395, 41.9944499985478 ], [ -87.629270000123213, 41.878180000488754 ] ] } },
{ "type": "Feature", "properties": { "region": "ContigUS", "edge_type": "spoke_fallback" }, "geometry": { "type": "LineString", "coordinates": [ [ -83.924781001284586, 35.949370002900579 ], [ -83.996292997461268, 35.731165001580123 ], [ -84.3715250049232, 35.509273999900955 ], [ -84.376565595712833, 35.449117392398875 ], [ -84.303746999955393, 35.372372003287317 ], [ -84.293491015204978, 35.312960785087171 ], [ -84.296335988692945, 35.254142396686568 ], [ -84.342381995223093, 35.207356997423524 ], [ -84.324812996424569, 35.123901001880007 ], [ -84.374620347863996, 35.090799324793174 ], [ -84.380678002235143, 35.029486000038723 ], [ -84.373709995155082, 34.903763996833064 ], [ -84.322880001596189, 34.872994002849126 ], [ -84.516685999505953, 34.620767001922346 ], [ -84.521618001944077, 34.565324002186486 ], [ -84.517994000458572, 34.510875996172878 ], [ -84.39470100026432, 34.383175002846016 ], [ -84.391755999369451, 34.338760003435219 ], [ -84.466590998529426, 34.2689429987457 ], [ -84.562361998953762, 34.037768000849553 ], [ -84.390670996202985, 33.758395000993893 ] ] } },
{ "type": "Feature", "properties": { "region": "ContigUS", "edge_type": "spoke_fallback" }, "geometry": { "type": "LineString", "coordinates": [ [ -83.047015999812757, 42.331643003548294 ], [ -83.143422001345144, 42.290919001273075 ], [ -83.23733400117105, 42.200468002812229 ], [ -83.617995004002026, 41.584630001554928 ], [ -83.742028997524685, 41.52163100303472 ], [ -83.780943997666469, 41.46653999899975 ], [ -83.883076004550247, 41.431835997842576 ], [ -84.127129995512647, 41.410295001734269 ], [ -84.439269996804327, 41.261151002765224 ], [ -84.83879200039118, 41.147610001738393 ], [ -85.016697997435145, 41.070235999252503 ], [ -85.137530997156432, 41.077472002598455 ], [ -85.135345000811455, 41.11833099989159 ], [ -85.018346998869589, 41.121753999522184 ], [ -84.67284300198709, 41.349037999991211 ], [ -84.669729998167782, 41.38322699941299 ], [ -84.631098003273152, 41.383379999530064 ], [ -84.431678999091517, 41.586479000510181 ], [ -84.405539003487306, 41.6660319970009 ], [ -84.360371001332709, 41.668791997756067 ], [ -84.361826002598406, 41.855091998237164 ], [ -84.160879997181056, 41.858822998697143 ], [ -84.15688800083943, 41.887109003672869 ], [ -84.043357001820851, 41.889438999458044 ], [ -84.004630998231718, 41.939271001608425 ], [ -84.01350000214974, 42.07156899802348 ], [ -83.684821001381195, 42.205966997591837 ], [ -83.739139997604681, 42.236894997236192 ], [ -83.744303998948055, 42.274378997420335 ] ] } },
{ "type": "Feature", "properties": { "region": "ContigUS", "edge_type": "spoke_fallback" }, "geometry": { "type": "LineString", "coordinates": [ [ -82.15704000105454, 27.065525001333409 ], [ -82.163779997749231, 27.018237999726072 ], [ -82.049071001965942, 26.935111997101874 ], [ -82.003224996350681, 26.94646800327045 ], [ -81.96161099895464, 26.970402996388831 ], [ -81.954240995784886, 27.085760002753705 ], [ -81.852611003414466, 27.233772002098771 ] ] } },
{ "type": "Feature", "properties": { "region": "ContigUS", "edge_type": "spoke_fallback" }, "geometry": { "type": "LineString", "coordinates": [ [ -81.852611003414466, 27.233772002098771 ], [ -81.79551789281264, 27.41242666548219 ], [ -81.830363003694458, 27.903969003045141 ], [ -81.730941995557146, 28.004005000745479 ], [ -81.743839000293391, 28.181935997939661 ], [ -81.614395001786804, 28.25928499871597 ], [ -81.38482600342104, 28.535136998936501 ] ] } },
{ "type": "Feature", "properties": { "region": "ContigUS", "edge_type": "spoke_fallback" }, "geometry": { "type": "LineString", "coordinates": [ [ -81.795599998829601, 26.147701000940319 ], [ -81.812116001435228, 26.414993002624744 ], [ -81.777696000295322, 26.432437996203856 ], [ -81.804103002151422, 26.630302003798718 ], [ -81.798532998232247, 26.684179997899697 ], [ -81.760145003735076, 26.701512000436676 ], [ -81.760492561918511, 26.991419212529244 ], [ -81.852611003414466, 27.233772002098771 ] ] } },
{ "type": "Feature", "properties": { "region": "ContigUS", "edge_type": "spoke_fallback" }, "geometry": { "type": "LineString", "coordinates": [ [ -81.387766000699742, 28.535128996531039 ], [ -81.38482600342104, 28.535136998936501 ] ] } },
{ "type": "Feature", "properties": { "region": "ContigUS", "edge_type": "spoke_fallback" }, "geometry": { "type": "LineString", "coordinates": [ [ -81.38482600342104, 28.535136998936501 ], [ -81.378523001179474, 28.536137997207373 ] ] } },
{ "type": "Feature", "properties": { "region": "ContigUS", "edge_type": "spoke_fallback" }, "geometry": { "type": "LineString", "coordinates": [ [ -76.474933997042697, 42.443502003257997 ], [ -76.407766999181703, 42.396085998209685 ], [ -75.978339001808138, 42.338336002861602 ] ] } },
{ "type": "Feature", "properties": { "region": "ContigUS", "edge_type": "spoke_fallback" }, "geometry": { "type": "LineString", "coordinates": [ [ -76.142021999908067, 43.038475997540715 ], [ -76.109422003500072, 42.888443002696597 ], [ -76.180868000452847, 42.613302002040029 ], [ -76.086638805500101, 42.533814736860364 ], [ -75.978339001808138, 42.338336002861602 ] ] } },
{ "type": "Feature", "properties": { "region": "ContigUS", "edge_type": "spoke_fallback" }, "geometry": { "type": "LineString", "coordinates": [ [ -75.978339001808138, 42.338336002861602 ], [ -75.92165100444997, 42.288803639688055 ], [ -75.907924001306966, 42.116275002285867 ], [ -75.813045001010281, 42.094799998683456 ], [ -75.680315001126999, 41.823711997684235 ], [ -75.670318000672978, 41.709316002682897 ], [ -75.558343997637451, 41.612737001657983 ], [ -75.501781000851082, 41.573494002619114 ], [ -75.258041995159914, 41.577036997930357 ], [ -75.213578002693481, 41.54713999884828 ], [ -75.178200002201947, 41.443418002241515 ], [ -74.806484000762069, 41.324224001623676 ], [ -74.792114001504956, 41.168690998288646 ], [ -74.631828000618242, 41.043835000324975 ], [ -74.58503199964052, 40.91825900025907 ], [ -74.366151003811623, 40.859694998839174 ], [ -74.177160999904132, 40.736902997419172 ], [ -74.062381001280841, 40.738944998788376 ], [ -74.006072003141043, 40.711922998023944 ] ] } }
]
}
