{
"type": "FeatureCollection",
"name": "network_edges_v3_simplified",
"crs": { "type": "name", "properties": { "name": "urn:ogc:def:crs:OGC:1.3:CRS84" } },
"features": [
{ "type": "Feature", "properties": { "edge_type": "augment", "region": "ContigUS" }, "geometry": { "type": "LineString", "coordinates": [ [ -115.008056996732094, 36.289208997768249 ], [ -114.956611001433416, 36.308484001398767 ] ] } },
{ "type": "Feature", "properties": { "edge_type": "augment", "region": "ContigUS" }, "geometry": { "type": "LineString", "coordinates": [ [ -114.947819998231466, 36.311828002551437 ], [ -114.894634999290091, 36.375814000088255 ] ] } },
{ "type": "Feature", "properties": { "edge_type": "augment", "region": "ContigUS" }, "geometry": { "type": "LineString", "coordinates": [ [ -114.887693995567417, 36.38707299626904 ], [ -114.763960003417026, 36.500862999631444 ] ] } },
{ "type": "Feature", "properties": { "edge_type": "augment", "region": "ContigUS" }, "geometry": { "type": "LineString", "coordinates": [ [ -114.75948400378347, 36.50312700164708 ], [ -114.698379996286377, 36.550493999154675 ] ] } },
{ "type": "Feature", "properties": { "edge_type": "augment", "region": "ContigUS" }, "geometry": { "type": "LineString", "coordinates": [ [ -114.692340002793728, 36.554754997596497 ], [ -114.650029002568743, 36.586974000476673 ] ] } },
{ "type": "Feature", "properties": { "edge_type": "augment", "region": "ContigUS" }, "geometry": { "type": "LineString", "coordinates": [ [ -114.647338997450419, 36.590479001342032 ], [ -114.601972997624088, 36.634207997520747 ] ] } },
{ "type": "Feature", "properties": { "edge_type": "augment", "region": "ContigUS" }, "geometry": { "type": "LineString", "coordinates": [ [ -114.518139996471263, 36.672565996832631 ], [ -114.440649999539659, 36.731893000874138 ] ] } },
{ "type": "Feature", "properties": { "edge_type": "augment", "region": "ContigUS" }, "geometry": { "type": "LineString", "coordinates": [ [ -114.43370400118404, 36.736168000066591 ], [ -114.270922004330927, 36.777294997245924 ] ] } },
{ "type": "Feature", "properties": { "edge_type": "augment", "region": "ContigUS" }, "geometry": { "type": "LineString", "coordinates": [ [ -114.229173996260798, 36.769472000777988 ], [ -114.126104004489946, 36.790445997480205 ] ] } },
{ "type": "Feature", "properties": { "edge_type": "augment", "region": "ContigUS" }, "geometry": { "type": "LineString", "coordinates": [ [ -114.050141996940852, 36.817545996692772 ], [ -113.938271003718924, 36.885719997536789 ] ] } },
{ "type": "Feature", "properties": { "edge_type": "augment", "region": "ContigUS" }, "geometry": { "type": "LineString", "coordinates": [ [ -113.923119003040711, 36.8933399991774 ], [ -113.622451997096917, 36.999971997041364 ] ] } },
{ "type": "Feature", "properties": { "edge_type": "augment", "region": "ContigUS" }, "geometry": { "type": "LineString", "coordinates": [ [ -113.3897249982993, 37.214508999427203 ], [ -113.442293995500918, 37.170276997640997 ] ] } },
{ "type": "Feature", "properties": { "edge_type": "augment", "region": "ContigUS" }, "geometry": { "type": "LineString", "coordinates": [ [ -113.310770001852873, 37.27908399830293 ], [ -113.349667996886282, 37.246211997454793 ] ] } },
{ "type": "Feature", "properties": { "edge_type": "augment", "region": "ContigUS" }, "geometry": { "type": "LineString", "coordinates": [ [ -113.238772996271123, 37.403164998918896 ], [ -113.260597997290162, 37.363886002619573 ] ] } },
{ "type": "Feature", "properties": { "edge_type": "augment", "region": "ContigUS" }, "geometry": { "type": "LineString", "coordinates": [ [ -113.228821001412868, 37.451246000575154 ], [ -113.237038996244493, 37.407342003015899 ] ] } },
{ "type": "Feature", "properties": { "edge_type": "augment", "region": "ContigUS" }, "geometry": { "type": "LineString", "coordinates": [ [ -113.163746997315471, 37.599279003165272 ], [ -113.210577996656625, 37.518830003217239 ] ] } },
{ "type": "Feature", "properties": { "edge_type": "augment", "region": "ContigUS" }, "geometry": { "type": "LineString", "coordinates": [ [ -113.11834399588254, 37.629132998501731 ], [ -113.158102999166317, 37.606616001485328 ] ] } },
{ "type": "Feature", "properties": { "edge_type": "augment", "region": "ContigUS" }, "geometry": { "type": "LineString", "coordinates": [ [ -112.953411998177884, 37.798106997208642 ], [ -113.045439997291027, 37.735459998103849 ] ] } },
{ "type": "Feature", "properties": { "edge_type": "augment", "region": "ContigUS" }, "geometry": { "type": "LineString", "coordinates": [ [ -112.87414199849394, 37.837304000642241 ], [ -112.939452996129575, 37.806633998732714 ] ] } },
{ "type": "Feature", "properties": { "edge_type": "augment", "region": "ContigUS" }, "geometry": { "type": "LineString", "coordinates": [ [ -112.780188002428474, 37.90480800147769 ], [ -112.824828001808527, 37.861544998405599 ] ] } },
{ "type": "Feature", "properties": { "edge_type": "augment", "region": "ContigUS" }, "geometry": { "type": "LineString", "coordinates": [ [ -112.739549997639159, 37.977004003827346 ], [ -112.773286003555484, 37.91456100280147 ] ] } },
{ "type": "Feature", "properties": { "edge_type": "augment", "region": "ContigUS" }, "geometry": { "type": "LineString", "coordinates": [ [ -112.691147000449703, 38.066414999907892 ], [ -112.734385996295785, 37.98655799939263 ] ] } },
{ "type": "Feature", "properties": { "edge_type": "augment", "region": "ContigUS" }, "geometry": { "type": "LineString", "coordinates": [ [ -112.631167000968759, 38.125923001923375 ], [ -112.683426995678971, 38.078409997136319 ] ] } },
{ "type": "Feature", "properties": { "edge_type": "augment", "region": "ContigUS" }, "geometry": { "type": "LineString", "coordinates": [ [ -112.653855004498084, 38.407201000897359 ], [ -112.651589004193895, 38.29848500309734 ] ] } },
{ "type": "Feature", "properties": { "edge_type": "augment", "region": "ContigUS" }, "geometry": { "type": "LineString", "coordinates": [ [ -112.64978499845715, 38.242513001562827 ], [ -112.611996000591446, 38.1473879997842 ] ] } },
{ "type": "Feature", "properties": { "edge_type": "augment", "region": "ContigUS" }, "geometry": { "type": "LineString", "coordinates": [ [ -112.610074001142138, 38.534185999809623 ], [ -112.649715001730229, 38.419898996495476 ] ] } },
{ "type": "Feature", "properties": { "edge_type": "augment", "region": "ContigUS" }, "geometry": { "type": "LineString", "coordinates": [ [ -112.560817999691494, 38.759512002680765 ], [ -112.590630002749975, 38.663632002349146 ] ] } },
{ "type": "Feature", "properties": { "edge_type": "augment", "region": "ContigUS" }, "geometry": { "type": "LineString", "coordinates": [ [ -112.417179002728275, 38.888965997802451 ], [ -112.54810099937184, 38.771095998198483 ] ] } },
{ "type": "Feature", "properties": { "edge_type": "augment", "region": "ContigUS" }, "geometry": { "type": "LineString", "coordinates": [ [ -112.35395400098021, 38.941887998199242 ], [ -112.405110002138827, 38.899001001130145 ] ] } },
{ "type": "Feature", "properties": { "edge_type": "augment", "region": "ContigUS" }, "geometry": { "type": "LineString", "coordinates": [ [ -112.326967998990881, 38.988830997105197 ], [ -112.347962004473146, 38.952236000597082 ] ] } },
{ "type": "Feature", "properties": { "edge_type": "augment", "region": "ContigUS" }, "geometry": { "type": "LineString", "coordinates": [ [ -112.278427002607444, 39.079038999229311 ], [ -112.3190089974388, 38.996712001849978 ] ] } },
{ "type": "Feature", "properties": { "edge_type": "augment", "region": "ContigUS" }, "geometry": { "type": "LineString", "coordinates": [ [ -112.238821997512815, 39.138851002199267 ], [ -112.272546001936917, 39.087019001479689 ] ] } },
{ "type": "Feature", "properties": { "edge_type": "augment", "region": "ContigUS" }, "geometry": { "type": "LineString", "coordinates": [ [ -112.179423001408168, 39.199879002212271 ], [ -112.233641000044258, 39.147827998154924 ] ] } },
{ "type": "Feature", "properties": { "edge_type": "augment", "region": "ContigUS" }, "geometry": { "type": "LineString", "coordinates": [ [ -112.117343001304377, 39.249409000099973 ], [ -112.16985500040127, 39.204047997504667 ] ] } },
{ "type": "Feature", "properties": { "edge_type": "augment", "region": "ContigUS" }, "geometry": { "type": "LineString", "coordinates": [ [ -112.037206998737105, 39.431550000527601 ], [ -112.097404004241227, 39.269977998967121 ] ] } },
{ "type": "Feature", "properties": { "edge_type": "augment", "region": "ContigUS" }, "geometry": { "type": "LineString", "coordinates": [ [ -111.982243003156441, 39.480022996379034 ], [ -112.027484999541031, 39.440166000910096 ] ] } },
{ "type": "Feature", "properties": { "edge_type": "augment", "region": "ContigUS" }, "geometry": { "type": "LineString", "coordinates": [ [ -111.848756001966365, 39.675276001199784 ], [ -111.975173001359011, 39.486329996644891 ] ] } },
{ "type": "Feature", "properties": { "edge_type": "augment", "region": "ContigUS" }, "geometry": { "type": "LineString", "coordinates": [ [ -111.836590998422537, 39.746095003252428 ], [ -111.836152000726329, 39.710029997687506 ] ] } },
{ "type": "Feature", "properties": { "edge_type": "augment", "region": "ContigUS" }, "geometry": { "type": "LineString", "coordinates": [ [ -111.833435998363726, 39.817665003009239 ], [ -111.834505999664941, 39.75501000158858 ] ] } },
{ "type": "Feature", "properties": { "edge_type": "augment", "region": "ContigUS" }, "geometry": { "type": "LineString", "coordinates": [ [ -111.810990998101914, 39.938618002317504 ], [ -111.833391001751124, 39.824837000457798 ] ] } },
{ "type": "Feature", "properties": { "edge_type": "augment", "region": "ContigUS" }, "geometry": { "type": "LineString", "coordinates": [ [ -111.760838999020578, 40.026618000113494 ], [ -111.769189001283209, 39.978802998825167 ] ] } },
{ "type": "Feature", "properties": { "edge_type": "augment", "region": "ContigUS" }, "geometry": { "type": "LineString", "coordinates": [ [ -97.056305998238031, 45.101634998150864 ], [ -97.055567996299501, 44.940920001962724 ] ] } },
{ "type": "Feature", "properties": { "edge_type": "augment", "region": "ContigUS" }, "geometry": { "type": "LineString", "coordinates": [ [ -97.050922996611533, 45.222836000943666 ], [ -97.056224000018886, 45.113600997359477 ] ] } },
{ "type": "Feature", "properties": { "edge_type": "augment", "region": "ContigUS" }, "geometry": { "type": "LineString", "coordinates": [ [ -97.051982999663636, 45.297003000333568 ], [ -97.051353002171723, 45.249981000292522 ] ] } },
{ "type": "Feature", "properties": { "edge_type": "augment", "region": "ContigUS" }, "geometry": { "type": "LineString", "coordinates": [ [ -97.045278998462365, 45.380661002040817 ], [ -97.051257996347275, 45.32054899932411 ] ] } },
{ "type": "Feature", "properties": { "edge_type": "augment", "region": "ContigUS" }, "geometry": { "type": "LineString", "coordinates": [ [ -97.045878004076997, 44.862066997461483 ], [ -96.889271996667446, 44.749955998458688 ] ] } },
{ "type": "Feature", "properties": { "edge_type": "augment", "region": "ContigUS" }, "geometry": { "type": "LineString", "coordinates": [ [ -96.988024002463192, 45.654137002184022 ], [ -97.016448997739872, 45.408408999705884 ] ] } },
{ "type": "Feature", "properties": { "edge_type": "augment", "region": "ContigUS" }, "geometry": { "type": "LineString", "coordinates": [ [ -96.865007997786819, 45.843123001380249 ], [ -96.982210995276503, 45.665685999264319 ] ] } },
{ "type": "Feature", "properties": { "edge_type": "augment", "region": "ContigUS" }, "geometry": { "type": "LineString", "coordinates": [ [ -96.879223998854741, 44.742718997277812 ], [ -96.826095000888131, 44.673565000622531 ] ] } },
{ "type": "Feature", "properties": { "edge_type": "augment", "region": "ContigUS" }, "geometry": { "type": "LineString", "coordinates": [ [ -96.843338998200011, 45.935630998492073 ], [ -96.865016001775984, 45.857109001650599 ] ] } },
{ "type": "Feature", "properties": { "edge_type": "augment", "region": "ContigUS" }, "geometry": { "type": "LineString", "coordinates": [ [ -96.835328002159287, 46.021537002703326 ], [ -96.835807998965066, 45.982686002482176 ] ] } },
{ "type": "Feature", "properties": { "edge_type": "augment", "region": "ContigUS" }, "geometry": { "type": "LineString", "coordinates": [ [ -96.834421000166401, 46.13735099818166 ], [ -96.835331999662316, 46.055616997800705 ] ] } },
{ "type": "Feature", "properties": { "edge_type": "augment", "region": "ContigUS" }, "geometry": { "type": "LineString", "coordinates": [ [ -96.833686995730872, 46.254163999760571 ], [ -96.834010002957612, 46.156783999824775 ] ] } },
{ "type": "Feature", "properties": { "edge_type": "augment", "region": "ContigUS" }, "geometry": { "type": "LineString", "coordinates": [ [ -96.833898001007981, 46.514160998447181 ], [ -96.830668000606096, 46.474524001112094 ] ] } },
{ "type": "Feature", "properties": { "edge_type": "augment", "region": "ContigUS" }, "geometry": { "type": "LineString", "coordinates": [ [ -96.831011004331017, 46.306779002210895 ], [ -96.833454996825623, 46.268459999345005 ] ] } },
{ "type": "Feature", "properties": { "edge_type": "augment", "region": "ContigUS" }, "geometry": { "type": "LineString", "coordinates": [ [ -96.830129999582425, 46.379672001253851 ], [ -96.830942004734027, 46.316668997327717 ] ] } },
{ "type": "Feature", "properties": { "edge_type": "augment", "region": "ContigUS" }, "geometry": { "type": "LineString", "coordinates": [ [ -96.830220998920709, 46.45573300317831 ], [ -96.829982999269347, 46.388223997682736 ] ] } },
{ "type": "Feature", "properties": { "edge_type": "augment", "region": "ContigUS" }, "geometry": { "type": "LineString", "coordinates": [ [ -96.814272003939251, 44.658042999735791 ], [ -96.7630500035567, 44.577708997355671 ] ] } },
{ "type": "Feature", "properties": { "edge_type": "augment", "region": "ContigUS" }, "geometry": { "type": "LineString", "coordinates": [ [ -96.796279000326606, 43.333558998724101 ], [ -96.796038997432163, 43.43258100014895 ] ] } },
{ "type": "Feature", "properties": { "edge_type": "augment", "region": "ContigUS" }, "geometry": { "type": "LineString", "coordinates": [ [ -96.796060997173484, 43.2618479998346 ], [ -96.796081002654859, 43.297473003409287 ] ] } },
{ "type": "Feature", "properties": { "edge_type": "augment", "region": "ContigUS" }, "geometry": { "type": "LineString", "coordinates": [ [ -96.796002004808756, 43.087341001288301 ], [ -96.796060000043482, 43.25381199981824 ] ] } },
{ "type": "Feature", "properties": { "edge_type": "augment", "region": "ContigUS" }, "geometry": { "type": "LineString", "coordinates": [ [ -96.795880004610041, 42.856476999269489 ], [ -96.795913996860364, 43.079459996838978 ] ] } },
{ "type": "Feature", "properties": { "edge_type": "augment", "region": "ContigUS" }, "geometry": { "type": "LineString", "coordinates": [ [ -96.793255001585692, 42.789837998063007 ], [ -96.795851995139472, 42.846232000607507 ] ] } },
{ "type": "Feature", "properties": { "edge_type": "augment", "region": "ContigUS" }, "geometry": { "type": "LineString", "coordinates": [ [ -96.697062996720291, 42.695474002153489 ], [ -96.788495996705009, 42.782725998534104 ] ] } },
{ "type": "Feature", "properties": { "edge_type": "augment", "region": "ContigUS" }, "geometry": { "type": "LineString", "coordinates": [ [ -96.785553996183197, 44.543781998812925 ], [ -96.787843999471789, 44.355103997872455 ] ] } },
{ "type": "Feature", "properties": { "edge_type": "augment", "region": "ContigUS" }, "geometry": { "type": "LineString", "coordinates": [ [ -96.771067000343521, 43.645341999210629 ], [ -96.781158997638812, 43.749980996854646 ] ] } },
{ "type": "Feature", "properties": { "edge_type": "augment", "region": "ContigUS" }, "geometry": { "type": "LineString", "coordinates": [ [ -96.78110199953403, 43.760726001406127 ], [ -96.780526996903802, 43.813932998492398 ] ] } },
{ "type": "Feature", "properties": { "edge_type": "augment", "region": "ContigUS" }, "geometry": { "type": "LineString", "coordinates": [ [ -96.758436004729148, 43.984877999093762 ], [ -96.758834003315798, 44.04634900234533 ] ] } },
{ "type": "Feature", "properties": { "edge_type": "augment", "region": "ContigUS" }, "geometry": { "type": "LineString", "coordinates": [ [ -96.758756999729641, 44.055922000455922 ], [ -96.756907997380353, 44.237008001761779 ] ] } },
{ "type": "Feature", "properties": { "edge_type": "augment", "region": "ContigUS" }, "geometry": { "type": "LineString", "coordinates": [ [ -96.75839000200348, 43.904256000266443 ], [ -96.758134000113813, 43.972488002565797 ] ] } },
{ "type": "Feature", "properties": { "edge_type": "augment", "region": "ContigUS" }, "geometry": { "type": "LineString", "coordinates": [ [ -96.606283997211904, 42.628027000388116 ], [ -96.660725999747243, 42.66618400251086 ] ] } },
{ "type": "Feature", "properties": { "edge_type": "augment", "region": "ContigUS" }, "geometry": { "type": "LineString", "coordinates": [ [ -96.526443998513841, 42.568025997172406 ], [ -96.576870001723165, 42.60542599859572 ] ] } },
{ "type": "Feature", "properties": { "edge_type": "augment", "region": "ContigUS" }, "geometry": { "type": "LineString", "coordinates": [ [ -96.375891998315396, 42.451413998125929 ], [ -96.392249996245724, 42.48473599672193 ] ] } },
{ "type": "Feature", "properties": { "edge_type": "augment", "region": "ContigUS" }, "geometry": { "type": "LineString", "coordinates": [ [ -96.323983002336149, 42.3349300001343 ], [ -96.355499998820775, 42.377484000516674 ] ] } },
{ "type": "Feature", "properties": { "edge_type": "augment", "region": "ContigUS" }, "geometry": { "type": "LineString", "coordinates": [ [ -96.242839000188525, 42.234033001445546 ], [ -96.297616002459634, 42.300555000527496 ] ] } },
{ "type": "Feature", "properties": { "edge_type": "augment", "region": "ContigUS" }, "geometry": { "type": "LineString", "coordinates": [ [ -96.205780000272142, 42.130172002279004 ], [ -96.24108000004756, 42.21455699832476 ] ] } },
{ "type": "Feature", "properties": { "edge_type": "augment", "region": "ContigUS" }, "geometry": { "type": "LineString", "coordinates": [ [ -96.155102001659358, 42.054577999655656 ], [ -96.202791997024647, 42.125356999148771 ] ] } },
{ "type": "Feature", "properties": { "edge_type": "augment", "region": "ContigUS" }, "geometry": { "type": "LineString", "coordinates": [ [ -96.045275996232292, 41.715481997922041 ], [ -96.128160996282602, 42.021594002876427 ] ] } },
{ "type": "Feature", "properties": { "edge_type": "augment", "region": "ContigUS" }, "geometry": { "type": "LineString", "coordinates": [ [ -96.012738001545216, 41.639507997986982 ], [ -96.043822998209691, 41.706434997779049 ] ] } },
{ "type": "Feature", "properties": { "edge_type": "augment", "region": "ContigUS" }, "geometry": { "type": "LineString", "coordinates": [ [ -95.91737000332364, 41.554911000154839 ], [ -95.988237997273146, 41.620056999119804 ] ] } },
{ "type": "Feature", "properties": { "edge_type": "augment", "region": "ContigUS" }, "geometry": { "type": "LineString", "coordinates": [ [ -95.903482004115375, 41.506503001137652 ], [ -95.917577999244514, 41.545431001900639 ] ] } },
{ "type": "Feature", "properties": { "edge_type": "augment", "region": "ContigUS" }, "geometry": { "type": "LineString", "coordinates": [ [ -95.901057002005913, 41.360046997962222 ], [ -95.90071300115099, 41.41934100251089 ] ] } },
{ "type": "Feature", "properties": { "edge_type": "augment", "region": "ContigUS" }, "geometry": { "type": "LineString", "coordinates": [ [ -95.899727001312002, 41.427593996947742 ], [ -95.900841999225804, 41.489746001635282 ] ] } },
{ "type": "Feature", "properties": { "edge_type": "augment", "region": "ContigUS" }, "geometry": { "type": "LineString", "coordinates": [ [ -95.806607998286253, 40.826846999214482 ], [ -95.799423003149286, 40.887373002399002 ] ] } },
{ "type": "Feature", "properties": { "edge_type": "augment", "region": "ContigUS" }, "geometry": { "type": "LineString", "coordinates": [ [ -95.785993998135453, 40.693338002989861 ], [ -95.806278999296623, 40.817065996549729 ] ] } },
{ "type": "Feature", "properties": { "edge_type": "augment", "region": "ContigUS" }, "geometry": { "type": "LineString", "coordinates": [ [ -95.799446997150525, 40.901617996338878 ], [ -95.804390003950871, 40.995739999156541 ] ] } },
{ "type": "Feature", "properties": { "edge_type": "augment", "region": "ContigUS" }, "geometry": { "type": "LineString", "coordinates": [ [ -95.682278000894343, 40.605607002318351 ], [ -95.779325004280849, 40.684213000640518 ] ] } },
{ "type": "Feature", "properties": { "edge_type": "augment", "region": "ContigUS" }, "geometry": { "type": "LineString", "coordinates": [ [ -95.593630002869219, 40.479401001291926 ], [ -95.652052997383947, 40.583949003152455 ] ] } },
{ "type": "Feature", "properties": { "edge_type": "augment", "region": "ContigUS" }, "geometry": { "type": "LineString", "coordinates": [ [ -95.557993997244921, 40.411610997583139 ], [ -95.591928000832979, 40.475123000388471 ] ] } },
{ "type": "Feature", "properties": { "edge_type": "augment", "region": "ContigUS" }, "geometry": { "type": "LineString", "coordinates": [ [ -95.458919002188779, 40.266119997166669 ], [ -95.532255997730374, 40.368750997379401 ] ] } },
{ "type": "Feature", "properties": { "edge_type": "augment", "region": "ContigUS" }, "geometry": { "type": "LineString", "coordinates": [ [ -95.371724999316186, 40.204748999665298 ], [ -95.455232001852366, 40.263383996530436 ] ] } },
{ "type": "Feature", "properties": { "edge_type": "augment", "region": "ContigUS" }, "geometry": { "type": "LineString", "coordinates": [ [ -95.238966001815513, 40.134839000332654 ], [ -95.353971001468068, 40.189081998649648 ] ] } },
{ "type": "Feature", "properties": { "edge_type": "augment", "region": "ContigUS" }, "geometry": { "type": "LineString", "coordinates": [ [ -95.210551004787959, 40.082821999723166 ], [ -95.23711999983928, 40.130529999991666 ] ] } },
{ "type": "Feature", "properties": { "edge_type": "augment", "region": "ContigUS" }, "geometry": { "type": "LineString", "coordinates": [ [ -95.143035999585905, 40.047374996450685 ], [ -95.189938998897119, 40.072991001694433 ] ] } },
{ "type": "Feature", "properties": { "edge_type": "augment", "region": "ContigUS" }, "geometry": { "type": "LineString", "coordinates": [ [ -95.018365998842071, 39.975268996322654 ], [ -95.133185999445004, 40.041998999959823 ] ] } },
{ "type": "Feature", "properties": { "edge_type": "augment", "region": "ContigUS" }, "geometry": { "type": "LineString", "coordinates": [ [ -94.904578997933811, 39.915864997288743 ], [ -94.971983995446209, 39.967106999692795 ] ] } },
{ "type": "Feature", "properties": { "edge_type": "augment", "region": "ContigUS" }, "geometry": { "type": "LineString", "coordinates": [ [ -94.7896519989974, 39.387480999166769 ], [ -94.788918003545092, 39.448834001580373 ] ] } },
{ "type": "Feature", "properties": { "edge_type": "augment", "region": "ContigUS" }, "geometry": { "type": "LineString", "coordinates": [ [ -94.788108998766518, 39.556356001493185 ], [ -94.788868003316367, 39.5974649991931 ] ] } },
{ "type": "Feature", "properties": { "edge_type": "augment", "region": "ContigUS" }, "geometry": { "type": "LineString", "coordinates": [ [ -94.788718002630205, 39.601560997393769 ], [ -94.788202001347884, 39.682423001966292 ] ] } },
{ "type": "Feature", "properties": { "edge_type": "augment", "region": "ContigUS" }, "geometry": { "type": "LineString", "coordinates": [ [ -94.788702003635009, 39.453019001043607 ], [ -94.786887999649181, 39.514563002412359 ] ] } },
{ "type": "Feature", "properties": { "edge_type": "augment", "region": "ContigUS" }, "geometry": { "type": "LineString", "coordinates": [ [ -94.754933999728308, 39.249040003054027 ], [ -94.757964996345308, 39.310626002175191 ] ] } },
{ "type": "Feature", "properties": { "edge_type": "augment", "region": "ContigUS" }, "geometry": { "type": "LineString", "coordinates": [ [ -94.380237001900142, 39.353364000872922 ], [ -94.40003700263938, 39.31653199781487 ] ] } },
{ "type": "Feature", "properties": { "edge_type": "augment", "region": "ContigUS" }, "geometry": { "type": "LineString", "coordinates": [ [ -94.323854997677188, 39.455576001950959 ], [ -94.365780997937705, 39.380336996598068 ] ] } },
{ "type": "Feature", "properties": { "edge_type": "augment", "region": "ContigUS" }, "geometry": { "type": "LineString", "coordinates": [ [ -94.271999999429696, 39.546781997965759 ], [ -94.319471003495011, 39.462420998593089 ] ] } },
{ "type": "Feature", "properties": { "edge_type": "augment", "region": "ContigUS" }, "geometry": { "type": "LineString", "coordinates": [ [ -94.236577002325603, 39.665003996378104 ], [ -94.268666998197318, 39.555108998983663 ] ] } },
{ "type": "Feature", "properties": { "edge_type": "augment", "region": "ContigUS" }, "geometry": { "type": "LineString", "coordinates": [ [ -94.220793998042339, 39.729415002059213 ], [ -94.234957995638467, 39.671570997139376 ] ] } },
{ "type": "Feature", "properties": { "edge_type": "augment", "region": "ContigUS" }, "geometry": { "type": "LineString", "coordinates": [ [ -94.178438998334727, 39.850250997606864 ], [ -94.205602004367634, 39.788955998954535 ] ] } },
{ "type": "Feature", "properties": { "edge_type": "augment", "region": "ContigUS" }, "geometry": { "type": "LineString", "coordinates": [ [ -94.152966001828972, 39.897084999055174 ], [ -94.175698004840882, 39.856408999937166 ] ] } },
{ "type": "Feature", "properties": { "edge_type": "augment", "region": "ContigUS" }, "geometry": { "type": "LineString", "coordinates": [ [ -94.119387003458016, 39.942892002672878 ], [ -94.150488996247674, 39.901810002192043 ] ] } },
{ "type": "Feature", "properties": { "edge_type": "augment", "region": "ContigUS" }, "geometry": { "type": "LineString", "coordinates": [ [ -94.095669997737048, 39.993640002248121 ], [ -94.114630001820416, 39.947485999806105 ] ] } },
{ "type": "Feature", "properties": { "edge_type": "augment", "region": "ContigUS" }, "geometry": { "type": "LineString", "coordinates": [ [ -94.093691000183, 40.073958996435543 ], [ -94.096086995691962, 39.99952700226887 ] ] } },
{ "type": "Feature", "properties": { "edge_type": "augment", "region": "ContigUS" }, "geometry": { "type": "LineString", "coordinates": [ [ -94.013886996978414, 40.206700997164219 ], [ -94.031546995115221, 40.157238002119676 ] ] } },
{ "type": "Feature", "properties": { "edge_type": "augment", "region": "ContigUS" }, "geometry": { "type": "LineString", "coordinates": [ [ -94.013002003709929, 40.260446000613477 ], [ -94.013529997501351, 40.213961996385962 ] ] } },
{ "type": "Feature", "properties": { "edge_type": "augment", "region": "ContigUS" }, "geometry": { "type": "LineString", "coordinates": [ [ -94.003917997011811, 40.371561997909424 ], [ -94.012531996170139, 40.283038997002919 ] ] } },
{ "type": "Feature", "properties": { "edge_type": "augment", "region": "ContigUS" }, "geometry": { "type": "LineString", "coordinates": [ [ -93.978026996438032, 40.46335100108778 ], [ -94.002337995174329, 40.377357002309395 ] ] } },
{ "type": "Feature", "properties": { "edge_type": "augment", "region": "ContigUS" }, "geometry": { "type": "LineString", "coordinates": [ [ -93.941762996564961, 40.571295000717598 ], [ -93.976229997560537, 40.469662002510248 ] ] } },
{ "type": "Feature", "properties": { "edge_type": "augment", "region": "ContigUS" }, "geometry": { "type": "LineString", "coordinates": [ [ -93.895537003584451, 40.617709001117596 ], [ -93.934090000633034, 40.578349000931368 ] ] } },
{ "type": "Feature", "properties": { "edge_type": "augment", "region": "ContigUS" }, "geometry": { "type": "LineString", "coordinates": [ [ -93.843386001467664, 40.72515500217645 ], [ -93.884837996685363, 40.629335003059168 ] ] } },
{ "type": "Feature", "properties": { "edge_type": "augment", "region": "ContigUS" }, "geometry": { "type": "LineString", "coordinates": [ [ -93.828729996590425, 40.808434002731126 ], [ -93.84124800210833, 40.744141999323055 ] ] } },
{ "type": "Feature", "properties": { "edge_type": "augment", "region": "ContigUS" }, "geometry": { "type": "LineString", "coordinates": [ [ -93.802731997683168, 40.866858999107279 ], [ -93.824340001662165, 40.818177996691922 ] ] } },
{ "type": "Feature", "properties": { "edge_type": "augment", "region": "ContigUS" }, "geometry": { "type": "LineString", "coordinates": [ [ -93.794101002399628, 41.021690999712973 ], [ -93.79748500099069, 40.975091997049944 ] ] } },
{ "type": "Feature", "properties": { "edge_type": "augment", "region": "ContigUS" }, "geometry": { "type": "LineString", "coordinates": [ [ -93.797353999672794, 40.968675000853011 ], [ -93.797293004065011, 40.89915899744004 ] ] } },
{ "type": "Feature", "properties": { "edge_type": "augment", "region": "ContigUS" }, "geometry": { "type": "LineString", "coordinates": [ [ -93.653920995387423, 41.145053998529356 ], [ -93.750657999152509, 41.076961997069894 ] ] } },
{ "type": "Feature", "properties": { "edge_type": "augment", "region": "ContigUS" }, "geometry": { "type": "LineString", "coordinates": [ [ -93.558454002821534, 41.325232997944632 ], [ -93.632315003634673, 41.16163199725176 ] ] } },
{ "type": "Feature", "properties": { "edge_type": "augment", "region": "ContigUS" }, "geometry": { "type": "LineString", "coordinates": [ [ -93.558670002731574, 41.431167000840233 ], [ -93.558670999861562, 41.394895001977311 ] ] } },
{ "type": "Feature", "properties": { "edge_type": "augment", "region": "ContigUS" }, "geometry": { "type": "LineString", "coordinates": [ [ -91.170565995916775, 30.575291999701744 ], [ -91.150451000923155, 30.647824001041084 ] ] } },
{ "type": "Feature", "properties": { "edge_type": "augment", "region": "ContigUS" }, "geometry": { "type": "LineString", "coordinates": [ [ -91.151280002199954, 30.665849000699772 ], [ -91.099654002484669, 30.999094003103011 ] ] } },
{ "type": "Feature", "properties": { "edge_type": "augment", "region": "ContigUS" }, "geometry": { "type": "LineString", "coordinates": [ [ -91.10368500367592, 31.025523003305867 ], [ -91.07168200065631, 31.076729001157386 ] ] } },
{ "type": "Feature", "properties": { "edge_type": "augment", "region": "ContigUS" }, "geometry": { "type": "LineString", "coordinates": [ [ -91.041537998235128, 31.094134000965397 ], [ -90.811720004838875, 31.158097001267194 ] ] } },
{ "type": "Feature", "properties": { "edge_type": "augment", "region": "ContigUS" }, "geometry": { "type": "LineString", "coordinates": [ [ -90.807336001673562, 31.158326996393939 ], [ -90.549398997152721, 31.203445996131173 ] ] } },
{ "type": "Feature", "properties": { "edge_type": "augment", "region": "ContigUS" }, "geometry": { "type": "LineString", "coordinates": [ [ -90.478381999647056, 31.296894002880027 ], [ -90.479878000022296, 31.535910996207143 ] ] } },
{ "type": "Feature", "properties": { "edge_type": "augment", "region": "ContigUS" }, "geometry": { "type": "LineString", "coordinates": [ [ -90.465752001162684, 31.605373002325557 ], [ -90.450753998673591, 31.699248996842613 ] ] } },
{ "type": "Feature", "properties": { "edge_type": "augment", "region": "ContigUS" }, "geometry": { "type": "LineString", "coordinates": [ [ -90.442725997524562, 31.735539002089993 ], [ -90.411795996179208, 31.868134999298988 ] ] } },
{ "type": "Feature", "properties": { "edge_type": "augment", "region": "ContigUS" }, "geometry": { "type": "LineString", "coordinates": [ [ -90.410420001742736, 31.880323000990703 ], [ -90.370744002791241, 31.993908997733467 ] ] } },
{ "type": "Feature", "properties": { "edge_type": "augment", "region": "ContigUS" }, "geometry": { "type": "LineString", "coordinates": [ [ -90.300621996803102, 32.105287999284428 ], [ -90.258544001596505, 32.181527002287517 ] ] } },
{ "type": "Feature", "properties": { "edge_type": "augment", "region": "ContigUS" }, "geometry": { "type": "LineString", "coordinates": [ [ -90.143261997442949, 32.298235996697841 ], [ -90.091164004911093, 32.32927699912215 ] ] } },
{ "type": "Feature", "properties": { "edge_type": "augment", "region": "ContigUS" }, "geometry": { "type": "LineString", "coordinates": [ [ -90.007933000762804, 32.358970002031285 ], [ -89.96577899910001, 32.378913000581107 ] ] } },
{ "type": "Feature", "properties": { "edge_type": "augment", "region": "ContigUS" }, "geometry": { "type": "LineString", "coordinates": [ [ -89.953474002102297, 32.399478004052099 ], [ -89.908369995928538, 32.467150999917976 ] ] } },
{ "type": "Feature", "properties": { "edge_type": "augment", "region": "ContigUS" }, "geometry": { "type": "LineString", "coordinates": [ [ -89.934169000034032, 30.063473996708975 ], [ -89.862786999062109, 30.145511000477374 ] ] } },
{ "type": "Feature", "properties": { "edge_type": "augment", "region": "ContigUS" }, "geometry": { "type": "LineString", "coordinates": [ [ -89.859245004778913, 32.518812997314853 ], [ -89.77507700389036, 32.550788001500976 ] ] } },
{ "type": "Feature", "properties": { "edge_type": "augment", "region": "ContigUS" }, "geometry": { "type": "LineString", "coordinates": [ [ -89.854632003081363, 30.154286003472823 ], [ -89.824009000984347, 30.183276003968061 ] ] } },
{ "type": "Feature", "properties": { "edge_type": "augment", "region": "ContigUS" }, "geometry": { "type": "LineString", "coordinates": [ [ -89.793629002154844, 30.21201200325287 ], [ -89.763250000455315, 30.24771200315249 ] ] } },
{ "type": "Feature", "properties": { "edge_type": "augment", "region": "ContigUS" }, "geometry": { "type": "LineString", "coordinates": [ [ -89.729427001686915, 30.39347100042453 ], [ -89.695261996323552, 30.462204996459743 ] ] } },
{ "type": "Feature", "properties": { "edge_type": "augment", "region": "ContigUS" }, "geometry": { "type": "LineString", "coordinates": [ [ -89.724097997792157, 30.301312001351615 ], [ -89.649541000263198, 30.301593998092617 ] ] } },
{ "type": "Feature", "properties": { "edge_type": "augment", "region": "ContigUS" }, "geometry": { "type": "LineString", "coordinates": [ [ -89.720056998351779, 32.587881998377753 ], [ -89.608590426670773, 32.737512842510426 ] ] } },
{ "type": "Feature", "properties": { "edge_type": "augment", "region": "ContigUS" }, "geometry": { "type": "LineString", "coordinates": [ [ -89.664599001230101, 30.561433999016373 ], [ -89.54366500392139, 30.833935998766467 ] ] } },
{ "type": "Feature", "properties": { "edge_type": "augment", "region": "ContigUS" }, "geometry": { "type": "LineString", "coordinates": [ [ -89.590299002720755, 30.318238000533331 ], [ -89.428683998270088, 30.356675998788099 ] ] } },
{ "type": "Feature", "properties": { "edge_type": "augment", "region": "ContigUS" }, "geometry": { "type": "LineString", "coordinates": [ [ -89.542470999178349, 30.863825999073654 ], [ -89.471417000066097, 30.982866999772941 ] ] } },
{ "type": "Feature", "properties": { "edge_type": "augment", "region": "ContigUS" }, "geometry": { "type": "LineString", "coordinates": [ [ -89.517550996578336, 32.78059900165433 ], [ -89.453441998691773, 32.857641000629911 ] ] } },
{ "type": "Feature", "properties": { "edge_type": "augment", "region": "ContigUS" }, "geometry": { "type": "LineString", "coordinates": [ [ -89.450862001263147, 31.004563000200871 ], [ -89.405346000750626, 31.143170001189922 ] ] } },
{ "type": "Feature", "properties": { "edge_type": "augment", "region": "ContigUS" }, "geometry": { "type": "LineString", "coordinates": [ [ -89.438435004066719, 32.862246002245492 ], [ -89.320079000943508, 32.932039002288114 ] ] } },
{ "type": "Feature", "properties": { "edge_type": "augment", "region": "ContigUS" }, "geometry": { "type": "LineString", "coordinates": [ [ -89.417468001941842, 30.360145001490739 ], [ -89.348736004108588, 30.3813199980749 ] ] } },
{ "type": "Feature", "properties": { "edge_type": "augment", "region": "ContigUS" }, "geometry": { "type": "LineString", "coordinates": [ [ -89.402841003665088, 31.146504997480321 ], [ -89.347926999330028, 31.24088400349288 ] ] } },
{ "type": "Feature", "properties": { "edge_type": "augment", "region": "ContigUS" }, "geometry": { "type": "LineString", "coordinates": [ [ -89.322201001307647, 31.459172999298058 ], [ -89.31058600027967, 31.499236000087318 ] ] } },
{ "type": "Feature", "properties": { "edge_type": "augment", "region": "ContigUS" }, "geometry": { "type": "LineString", "coordinates": [ [ -89.308910004470931, 32.946148002893743 ], [ -89.151029000212318, 33.05308299791956 ] ] } },
{ "type": "Feature", "properties": { "edge_type": "augment", "region": "ContigUS" }, "geometry": { "type": "LineString", "coordinates": [ [ -89.288438998147043, 31.978309000089844 ], [ -89.160000995977683, 32.202024002178362 ] ] } },
{ "type": "Feature", "properties": { "edge_type": "augment", "region": "ContigUS" }, "geometry": { "type": "LineString", "coordinates": [ [ -89.268018001035017, 31.868778998318845 ], [ -89.288419001648819, 31.976998999882184 ] ] } },
{ "type": "Feature", "properties": { "edge_type": "augment", "region": "ContigUS" }, "geometry": { "type": "LineString", "coordinates": [ [ -89.285461002131825, 31.5213109963357 ], [ -89.238634997423617, 31.585817999765247 ] ] } },
{ "type": "Feature", "properties": { "edge_type": "augment", "region": "ContigUS" }, "geometry": { "type": "LineString", "coordinates": [ [ -89.200849997060914, 31.809147996409894 ], [ -89.249310998468289, 31.844163003127214 ] ] } },
{ "type": "Feature", "properties": { "edge_type": "augment", "region": "ContigUS" }, "geometry": { "type": "LineString", "coordinates": [ [ -89.248765999568562, 30.403265999915117 ], [ -89.191492004201109, 30.417030000146372 ] ] } },
{ "type": "Feature", "properties": { "edge_type": "augment", "region": "ContigUS" }, "geometry": { "type": "LineString", "coordinates": [ [ -89.157811002129677, 31.756174001230221 ], [ -89.195559998015781, 31.793240003986629 ] ] } },
{ "type": "Feature", "properties": { "edge_type": "augment", "region": "ContigUS" }, "geometry": { "type": "LineString", "coordinates": [ [ -89.14679799810618, 32.684624996589541 ], [ -89.156133003077841, 32.728075995919447 ] ] } },
{ "type": "Feature", "properties": { "edge_type": "augment", "region": "ContigUS" }, "geometry": { "type": "LineString", "coordinates": [ [ -89.129591002400844, 32.613266997588795 ], [ -89.144127001339285, 32.660245002487279 ] ] } },
{ "type": "Feature", "properties": { "edge_type": "augment", "region": "ContigUS" }, "geometry": { "type": "LineString", "coordinates": [ [ -89.137184003356722, 32.341912998812482 ], [ -89.107537999979556, 32.43516399818413 ] ] } },
{ "type": "Feature", "properties": { "edge_type": "augment", "region": "ContigUS" }, "geometry": { "type": "LineString", "coordinates": [ [ -89.1077489962735, 32.442524998585867 ], [ -89.111694998872565, 32.548371998322231 ] ] } },
{ "type": "Feature", "properties": { "edge_type": "augment", "region": "ContigUS" }, "geometry": { "type": "LineString", "coordinates": [ [ -89.103881003373658, 32.81464200315903 ], [ -89.095070003673499, 32.919676002328053 ] ] } },
{ "type": "Feature", "properties": { "edge_type": "augment", "region": "ContigUS" }, "geometry": { "type": "LineString", "coordinates": [ [ -89.096469003964401, 32.946214997527399 ], [ -89.064957002112777, 33.072340002964417 ] ] } },
{ "type": "Feature", "properties": { "edge_type": "augment", "region": "ContigUS" }, "geometry": { "type": "LineString", "coordinates": [ [ -89.086009999959771, 30.434758997574175 ], [ -89.036311003309905, 30.443577001217427 ] ] } },
{ "type": "Feature", "properties": { "edge_type": "augment", "region": "ContigUS" }, "geometry": { "type": "LineString", "coordinates": [ [ -89.025475003330001, 30.445446003214215 ], [ -88.977464003981041, 30.460265000027185 ] ] } },
{ "type": "Feature", "properties": { "edge_type": "augment", "region": "ContigUS" }, "geometry": { "type": "LineString", "coordinates": [ [ -88.983806002089096, 33.217664002465824 ], [ -88.900383998145102, 33.286139997084319 ] ] } },
{ "type": "Feature", "properties": { "edge_type": "augment", "region": "ContigUS" }, "geometry": { "type": "LineString", "coordinates": [ [ -88.908968002556094, 33.313959001026006 ], [ -88.871302999149066, 33.376060998288537 ] ] } },
{ "type": "Feature", "properties": { "edge_type": "augment", "region": "ContigUS" }, "geometry": { "type": "LineString", "coordinates": [ [ -88.775487002112129, 30.456952000994818 ], [ -88.724496003504882, 30.444029999210912 ] ] } },
{ "type": "Feature", "properties": { "edge_type": "augment", "region": "ContigUS" }, "geometry": { "type": "LineString", "coordinates": [ [ -88.707050002035047, 30.437721999389954 ], [ -88.657443998983396, 30.434783000358053 ] ] } },
{ "type": "Feature", "properties": { "edge_type": "augment", "region": "ContigUS" }, "geometry": { "type": "LineString", "coordinates": [ [ -88.617984997071886, 30.437748998796522 ], [ -88.555967995818975, 30.438192001761273 ] ] } },
{ "type": "Feature", "properties": { "edge_type": "augment", "region": "ContigUS" }, "geometry": { "type": "LineString", "coordinates": [ [ -88.523611002678507, 30.443926996022469 ], [ -88.426191000819699, 30.463542996242158 ] ] } },
{ "type": "Feature", "properties": { "edge_type": "augment", "region": "ContigUS" }, "geometry": { "type": "LineString", "coordinates": [ [ -88.400549004259545, 30.474283998622376 ], [ -88.258674002070336, 30.527633001750527 ] ] } },
{ "type": "Feature", "properties": { "edge_type": "augment", "region": "ContigUS" }, "geometry": { "type": "LineString", "coordinates": [ [ -86.874887003924002, 38.684409001714052 ], [ -86.822933999478977, 38.683481001048669 ] ] } },
{ "type": "Feature", "properties": { "edge_type": "augment", "region": "ContigUS" }, "geometry": { "type": "LineString", "coordinates": [ [ -85.473686999428239, 38.221584002208346 ], [ -85.276548997416057, 38.193553998712808 ] ] } },
{ "type": "Feature", "properties": { "edge_type": "augment", "region": "ContigUS" }, "geometry": { "type": "LineString", "coordinates": [ [ -85.198933999912654, 38.184255998121351 ], [ -85.01649499614723, 38.146845996839303 ] ] } },
{ "type": "Feature", "properties": { "edge_type": "augment", "region": "ContigUS" }, "geometry": { "type": "LineString", "coordinates": [ [ -84.982681995627928, 38.145692002701949 ], [ -84.92307500360242, 38.156373997020623 ] ] } },
{ "type": "Feature", "properties": { "edge_type": "augment", "region": "ContigUS" }, "geometry": { "type": "LineString", "coordinates": [ [ -84.880148001637636, 38.15718700321414 ], [ -84.835621001337174, 38.169322997483178 ] ] } },
{ "type": "Feature", "properties": { "edge_type": "augment", "region": "ContigUS" }, "geometry": { "type": "LineString", "coordinates": [ [ -84.782777002877594, 38.172840999400186 ], [ -84.683358995113338, 38.160102998645598 ] ] } },
{ "type": "Feature", "properties": { "edge_type": "augment", "region": "ContigUS" }, "geometry": { "type": "LineString", "coordinates": [ [ -84.618697003321017, 38.128981001962686 ], [ -84.558114000722455, 38.089782002354696 ] ] } },
{ "type": "Feature", "properties": { "edge_type": "augment", "region": "ContigUS" }, "geometry": { "type": "LineString", "coordinates": [ [ -84.610109001406997, 38.782470001944702 ], [ -84.601430997284666, 38.687007001573107 ] ] } },
{ "type": "Feature", "properties": { "edge_type": "augment", "region": "ContigUS" }, "geometry": { "type": "LineString", "coordinates": [ [ -84.608138995988895, 38.83502900215484 ], [ -84.604187001626869, 38.792514999814635 ] ] } },
{ "type": "Feature", "properties": { "edge_type": "augment", "region": "ContigUS" }, "geometry": { "type": "LineString", "coordinates": [ [ -84.572915002669745, 38.625424002073927 ], [ -84.586218000998642, 38.491067002220333 ] ] } },
{ "type": "Feature", "properties": { "edge_type": "augment", "region": "ContigUS" }, "geometry": { "type": "LineString", "coordinates": [ [ -84.579470997444744, 38.47405199713581 ], [ -84.573263001027627, 38.384903997154311 ] ] } },
{ "type": "Feature", "properties": { "edge_type": "augment", "region": "ContigUS" }, "geometry": { "type": "LineString", "coordinates": [ [ -84.568192999395592, 38.347968002497772 ], [ -84.558640997383876, 38.292328997367193 ] ] } },
{ "type": "Feature", "properties": { "edge_type": "augment", "region": "ContigUS" }, "geometry": { "type": "LineString", "coordinates": [ [ -84.312993996978676, 42.69145900128418 ], [ -84.360202001278324, 42.708455997464732 ] ] } },
{ "type": "Feature", "properties": { "edge_type": "augment", "region": "ContigUS" }, "geometry": { "type": "LineString", "coordinates": [ [ -84.228814003581121, 42.678154999810623 ], [ -84.275981996917977, 42.687741002324685 ] ] } },
{ "type": "Feature", "properties": { "edge_type": "augment", "region": "ContigUS" }, "geometry": { "type": "LineString", "coordinates": [ [ -83.994532003060357, 42.632468999231357 ], [ -84.149254000773979, 42.666864002880317 ] ] } },
{ "type": "Feature", "properties": { "edge_type": "augment", "region": "ContigUS" }, "geometry": { "type": "LineString", "coordinates": [ [ -83.745587996916242, 42.344414999425588 ], [ -83.755374998206264, 42.377017000942018 ] ] } },
{ "type": "Feature", "properties": { "edge_type": "augment", "region": "ContigUS" }, "geometry": { "type": "LineString", "coordinates": [ [ -83.336573998778633, 41.515756996521453 ], [ -83.30141700181332, 41.484668997765979 ] ] } },
{ "type": "Feature", "properties": { "edge_type": "augment", "region": "ContigUS" }, "geometry": { "type": "LineString", "coordinates": [ [ -83.287204001118425, 42.037293996913746 ], [ -83.313671001452363, 42.00571299891326 ] ] } },
{ "type": "Feature", "properties": { "edge_type": "augment", "region": "ContigUS" }, "geometry": { "type": "LineString", "coordinates": [ [ -83.27944400335123, 41.45589299993766 ], [ -83.220911001146803, 41.435700002543442 ] ] } },
{ "type": "Feature", "properties": { "edge_type": "augment", "region": "ContigUS" }, "geometry": { "type": "LineString", "coordinates": [ [ -83.219915003058688, 41.435408000517711 ], [ -83.135747999300094, 41.408010998420792 ] ] } },
{ "type": "Feature", "properties": { "edge_type": "augment", "region": "ContigUS" }, "geometry": { "type": "LineString", "coordinates": [ [ -83.097379004171188, 41.397036997527351 ], [ -83.052120999808281, 41.388502997235072 ] ] } },
{ "type": "Feature", "properties": { "edge_type": "augment", "region": "ContigUS" }, "geometry": { "type": "LineString", "coordinates": [ [ -83.03334000301156, 41.38441999986059 ], [ -82.973689999650219, 41.372487001590883 ] ] } },
{ "type": "Feature", "properties": { "edge_type": "augment", "region": "ContigUS" }, "geometry": { "type": "LineString", "coordinates": [ [ -82.963085998575579, 41.369838998732774 ], [ -82.879068995503161, 41.354320000874992 ] ] } },
{ "type": "Feature", "properties": { "edge_type": "augment", "region": "ContigUS" }, "geometry": { "type": "LineString", "coordinates": [ [ -82.846396001995174, 40.310729001090621 ], [ -82.858125996362702, 40.25323000195484 ] ] } },
{ "type": "Feature", "properties": { "edge_type": "augment", "region": "ContigUS" }, "geometry": { "type": "LineString", "coordinates": [ [ -82.831340004271354, 40.353501000296127 ], [ -82.84308999513712, 40.32007899799968 ] ] } },
{ "type": "Feature", "properties": { "edge_type": "augment", "region": "ContigUS" }, "geometry": { "type": "LineString", "coordinates": [ [ -82.788016997979895, 42.238249000872543 ], [ -82.837673001260271, 42.239598998404901 ] ] } },
{ "type": "Feature", "properties": { "edge_type": "augment", "region": "ContigUS" }, "geometry": { "type": "LineString", "coordinates": [ [ -82.830536003108918, 41.348738999631443 ], [ -82.772106001734969, 41.341846997281337 ] ] } },
{ "type": "Feature", "properties": { "edge_type": "augment", "region": "ContigUS" }, "geometry": { "type": "LineString", "coordinates": [ [ -82.72182000096268, 41.336103000208936 ], [ -82.62160000426222, 41.323453997784931 ] ] } },
{ "type": "Feature", "properties": { "edge_type": "augment", "region": "ContigUS" }, "geometry": { "type": "LineString", "coordinates": [ [ -82.457246000577669, 42.263872003472486 ], [ -82.71261800055197, 42.236761999570732 ] ] } },
{ "type": "Feature", "properties": { "edge_type": "augment", "region": "ContigUS" }, "geometry": { "type": "LineString", "coordinates": [ [ -82.585678002000932, 40.6009689973504 ], [ -82.623764000865876, 40.567745997718646 ] ] } },
{ "type": "Feature", "properties": { "edge_type": "augment", "region": "ContigUS" }, "geometry": { "type": "LineString", "coordinates": [ [ -82.59436300399932, 41.324212000109164 ], [ -82.503700003943536, 41.328177000777373 ] ] } },
{ "type": "Feature", "properties": { "edge_type": "augment", "region": "ContigUS" }, "geometry": { "type": "LineString", "coordinates": [ [ -82.55024300340466, 40.640039999030272 ], [ -82.585061003131202, 40.601769002311073 ] ] } },
{ "type": "Feature", "properties": { "edge_type": "augment", "region": "ContigUS" }, "geometry": { "type": "LineString", "coordinates": [ [ -82.519917999436828, 40.688971000324713 ], [ -82.540344000164964, 40.658336002655233 ] ] } },
{ "type": "Feature", "properties": { "edge_type": "augment", "region": "ContigUS" }, "geometry": { "type": "LineString", "coordinates": [ [ -82.469813000211161, 41.329606002733442 ], [ -82.36038500235388, 41.338116002623771 ] ] } },
{ "type": "Feature", "properties": { "edge_type": "augment", "region": "ContigUS" }, "geometry": { "type": "LineString", "coordinates": [ [ -82.4217540038766, 39.959742997885037 ], [ -82.468986002177459, 39.961263000517143 ] ] } },
{ "type": "Feature", "properties": { "edge_type": "augment", "region": "ContigUS" }, "geometry": { "type": "LineString", "coordinates": [ [ -82.008137999420512, 42.415241998547828 ], [ -82.431489998824787, 42.27018199777801 ] ] } },
{ "type": "Feature", "properties": { "edge_type": "augment", "region": "ContigUS" }, "geometry": { "type": "LineString", "coordinates": [ [ -82.261868004819561, 39.94759399826404 ], [ -82.409386996174774, 39.959277002949442 ] ] } },
{ "type": "Feature", "properties": { "edge_type": "augment", "region": "ContigUS" }, "geometry": { "type": "LineString", "coordinates": [ [ -82.344650004039394, 41.343273999823118 ], [ -82.284267002355691, 41.360304001450849 ] ] } },
{ "type": "Feature", "properties": { "edge_type": "augment", "region": "ContigUS" }, "geometry": { "type": "LineString", "coordinates": [ [ -82.167210996195919, 40.902428996775228 ], [ -82.211539998824605, 40.875474999038772 ] ] } },
{ "type": "Feature", "properties": { "edge_type": "augment", "region": "ContigUS" }, "geometry": { "type": "LineString", "coordinates": [ [ -82.050809996625574, 39.949945997380325 ], [ -82.135656000974805, 39.954157996853283 ] ] } },
{ "type": "Feature", "properties": { "edge_type": "augment", "region": "ContigUS" }, "geometry": { "type": "LineString", "coordinates": [ [ -82.035246998738543, 40.9867850018572 ], [ -82.077595997700058, 40.949084001759971 ] ] } },
{ "type": "Feature", "properties": { "edge_type": "augment", "region": "ContigUS" }, "geometry": { "type": "LineString", "coordinates": [ [ -81.939152002940659, 41.090497999783658 ], [ -81.992641997887347, 41.049091996554154 ] ] } },
{ "type": "Feature", "properties": { "edge_type": "augment", "region": "ContigUS" }, "geometry": { "type": "LineString", "coordinates": [ [ -81.624342002012099, 42.617092999465072 ], [ -81.910942001460967, 42.482294001628397 ] ] } },
{ "type": "Feature", "properties": { "edge_type": "augment", "region": "ContigUS" }, "geometry": { "type": "LineString", "coordinates": [ [ -81.665830001706382, 40.006225999261751 ], [ -81.724993001402723, 39.994798999044278 ] ] } },
{ "type": "Feature", "properties": { "edge_type": "augment", "region": "ContigUS" }, "geometry": { "type": "LineString", "coordinates": [ [ -81.651983001607704, 26.0331899990653 ], [ -81.364520996778509, 25.910824002952722 ] ] } },
{ "type": "Feature", "properties": { "edge_type": "augment", "region": "ContigUS" }, "geometry": { "type": "LineString", "coordinates": [ [ -81.562469000699252, 42.567856002293915 ], [ -81.606545001811313, 42.603842997828302 ] ] } },
{ "type": "Feature", "properties": { "edge_type": "augment", "region": "ContigUS" }, "geometry": { "type": "LineString", "coordinates": [ [ -81.315383995153539, 42.770283997882736 ], [ -81.530033000729517, 42.590434000270363 ] ] } },
{ "type": "Feature", "properties": { "edge_type": "augment", "region": "ContigUS" }, "geometry": { "type": "LineString", "coordinates": [ [ -81.36029400115855, 40.119984000432829 ], [ -81.417285000262041, 40.103574001490699 ] ] } },
{ "type": "Feature", "properties": { "edge_type": "augment", "region": "ContigUS" }, "geometry": { "type": "LineString", "coordinates": [ [ -81.245661999978267, 40.168390000766806 ], [ -81.358704001071942, 40.120518999947151 ] ] } },
{ "type": "Feature", "properties": { "edge_type": "augment", "region": "ContigUS" }, "geometry": { "type": "LineString", "coordinates": [ [ -81.252579997846524, 42.802995001268108 ], [ -81.298460004695315, 42.784188998235813 ] ] } },
{ "type": "Feature", "properties": { "edge_type": "augment", "region": "ContigUS" }, "geometry": { "type": "LineString", "coordinates": [ [ -81.206221000305078, 25.874435996351227 ], [ -80.481333000683748, 25.760974001281014 ] ] } },
{ "type": "Feature", "properties": { "edge_type": "augment", "region": "ContigUS" }, "geometry": { "type": "LineString", "coordinates": [ [ -81.095974996550083, 42.77689199759363 ], [ -81.146710002250828, 42.778297000120936 ] ] } },
{ "type": "Feature", "properties": { "edge_type": "augment", "region": "ContigUS" }, "geometry": { "type": "LineString", "coordinates": [ [ -80.832050999138332, 42.793468997366084 ], [ -81.083478999756622, 42.775469997290685 ] ] } },
{ "type": "Feature", "properties": { "edge_type": "augment", "region": "ContigUS" }, "geometry": { "type": "LineString", "coordinates": [ [ -81.030763002241883, 40.259717997612988 ], [ -81.079594998878463, 40.23850700023862 ] ] } },
{ "type": "Feature", "properties": { "edge_type": "augment", "region": "ContigUS" }, "geometry": { "type": "LineString", "coordinates": [ [ -80.755634003880985, 42.838295997759062 ], [ -80.817891996175177, 42.80172400128194 ] ] } },
{ "type": "Feature", "properties": { "edge_type": "augment", "region": "ContigUS" }, "geometry": { "type": "LineString", "coordinates": [ [ -80.644470002753962, 42.843659997970526 ], [ -80.689800995233725, 42.85306700257734 ] ] } },
{ "type": "Feature", "properties": { "edge_type": "augment", "region": "ContigUS" }, "geometry": { "type": "LineString", "coordinates": [ [ -80.509052998125441, 42.85547799841175 ], [ -80.629734002900662, 42.844018002524791 ] ] } },
{ "type": "Feature", "properties": { "edge_type": "augment", "region": "ContigUS" }, "geometry": { "type": "LineString", "coordinates": [ [ -80.434164998363741, 40.42467499739918 ], [ -80.48561500014857, 40.404628996956546 ] ] } },
{ "type": "Feature", "properties": { "edge_type": "augment", "region": "ContigUS" }, "geometry": { "type": "LineString", "coordinates": [ [ -80.431175997986273, 35.411420996784301 ], [ -80.271218996089203, 35.470062996635491 ] ] } },
{ "type": "Feature", "properties": { "edge_type": "augment", "region": "ContigUS" }, "geometry": { "type": "LineString", "coordinates": [ [ -80.370187998925033, 40.422253999258736 ], [ -80.424570002982506, 40.426979999782866 ] ] } },
{ "type": "Feature", "properties": { "edge_type": "augment", "region": "ContigUS" }, "geometry": { "type": "LineString", "coordinates": [ [ -80.342947001159104, 42.839013002318822 ], [ -80.393183998832654, 42.831005001922037 ] ] } },
{ "type": "Feature", "properties": { "edge_type": "augment", "region": "ContigUS" }, "geometry": { "type": "LineString", "coordinates": [ [ -80.267392999428907, 35.471523998303255 ], [ -80.207081000585262, 35.493740001148097 ] ] } },
{ "type": "Feature", "properties": { "edge_type": "augment", "region": "ContigUS" }, "geometry": { "type": "LineString", "coordinates": [ [ -80.143773003488093, 42.871583001425044 ], [ -80.220211998486747, 42.859512999226069 ] ] } },
{ "type": "Feature", "properties": { "edge_type": "augment", "region": "ContigUS" }, "geometry": { "type": "LineString", "coordinates": [ [ -80.144537999800875, 35.514736002436706 ], [ -80.09422099816814, 35.55586599848975 ] ] } },
{ "type": "Feature", "properties": { "edge_type": "augment", "region": "ContigUS" }, "geometry": { "type": "LineString", "coordinates": [ [ -79.962585002570449, 42.914101997546915 ], [ -80.048847003335752, 42.893455000812693 ] ] } },
{ "type": "Feature", "properties": { "edge_type": "augment", "region": "ContigUS" }, "geometry": { "type": "LineString", "coordinates": [ [ -80.03409199513105, 35.599195003221162 ], [ -80.001789996852239, 35.632771999408043 ] ] } },
{ "type": "Feature", "properties": { "edge_type": "augment", "region": "ContigUS" }, "geometry": { "type": "LineString", "coordinates": [ [ -79.99570000313085, 35.637230997886093 ], [ -79.864504999489284, 35.673558001050417 ] ] } },
{ "type": "Feature", "properties": { "edge_type": "augment", "region": "ContigUS" }, "geometry": { "type": "LineString", "coordinates": [ [ -79.859096997748452, 42.892846002456224 ], [ -79.91564200127965, 42.91314399641405 ] ] } },
{ "type": "Feature", "properties": { "edge_type": "augment", "region": "ContigUS" }, "geometry": { "type": "LineString", "coordinates": [ [ -79.636012003170833, 42.89241399728521 ], [ -79.808270256090879, 42.884241500013907 ] ] } },
{ "type": "Feature", "properties": { "edge_type": "augment", "region": "ContigUS" }, "geometry": { "type": "LineString", "coordinates": [ [ -79.617295002354965, 35.748792002111493 ], [ -79.54609800043265, 35.742560996821055 ] ] } },
{ "type": "Feature", "properties": { "edge_type": "augment", "region": "ContigUS" }, "geometry": { "type": "LineString", "coordinates": [ [ -79.523171997251936, 42.936848998257709 ], [ -79.600524003972808, 42.903071000663203 ] ] } },
{ "type": "Feature", "properties": { "edge_type": "augment", "region": "ContigUS" }, "geometry": { "type": "LineString", "coordinates": [ [ -79.461917000921957, 34.746084998294599 ], [ -79.418958998096727, 34.67719700145539 ] ] } },
{ "type": "Feature", "properties": { "edge_type": "augment", "region": "ContigUS" }, "geometry": { "type": "LineString", "coordinates": [ [ -79.426783000827911, 35.115750003539233 ], [ -79.458208000844252, 34.800559001766857 ] ] } },
{ "type": "Feature", "properties": { "edge_type": "augment", "region": "ContigUS" }, "geometry": { "type": "LineString", "coordinates": [ [ -79.378463996117503, 42.944453997378893 ], [ -79.439807000395874, 42.943199000039947 ] ] } },
{ "type": "Feature", "properties": { "edge_type": "augment", "region": "ContigUS" }, "geometry": { "type": "LineString", "coordinates": [ [ -79.395561999229415, 34.664799002616917 ], [ -79.306676998682889, 34.549341002936572 ] ] } },
{ "type": "Feature", "properties": { "edge_type": "augment", "region": "ContigUS" }, "geometry": { "type": "LineString", "coordinates": [ [ -79.375999001011564, 35.73305900143761 ], [ -79.242709997493279, 35.728303002510465 ] ] } },
{ "type": "Feature", "properties": { "edge_type": "augment", "region": "ContigUS" }, "geometry": { "type": "LineString", "coordinates": [ [ -79.364693999604967, 42.890912002039435 ], [ -79.375588003802775, 42.92330499845658 ] ] } },
{ "type": "Feature", "properties": { "edge_type": "augment", "region": "ContigUS" }, "geometry": { "type": "LineString", "coordinates": [ [ -79.283030995801965, 42.891436000267518 ], [ -79.335945997101589, 42.891118996910173 ] ] } },
{ "type": "Feature", "properties": { "edge_type": "augment", "region": "ContigUS" }, "geometry": { "type": "LineString", "coordinates": [ [ -79.297999003543694, 34.074148002541669 ], [ -79.247854999468387, 34.056890002941984 ] ] } },
{ "type": "Feature", "properties": { "edge_type": "augment", "region": "ContigUS" }, "geometry": { "type": "LineString", "coordinates": [ [ -79.263247003041073, 35.326329997258071 ], [ -79.281639999500243, 35.25784299640646 ] ] } },
{ "type": "Feature", "properties": { "edge_type": "augment", "region": "ContigUS" }, "geometry": { "type": "LineString", "coordinates": [ [ -79.178540003998918, 35.671250997959476 ], [ -79.194159002860729, 35.578411996213198 ] ] } },
{ "type": "Feature", "properties": { "edge_type": "augment", "region": "ContigUS" }, "geometry": { "type": "LineString", "coordinates": [ [ -79.003353000707477, 42.903999001689812 ], [ -79.057918997701492, 42.903353001800305 ] ] } },
{ "type": "Feature", "properties": { "edge_type": "augment", "region": "ContigUS" }, "geometry": { "type": "LineString", "coordinates": [ [ -78.917053998335646, 42.90821900276719 ], [ -79.000204998524723, 42.904015998132273 ] ] } },
{ "type": "Feature", "properties": { "edge_type": "augment", "region": "ContigUS" }, "geometry": { "type": "LineString", "coordinates": [ [ -78.946378000599196, 34.020177996647838 ], [ -78.982106002691722, 33.997560004064027 ] ] } },
{ "type": "Feature", "properties": { "edge_type": "augment", "region": "ContigUS" }, "geometry": { "type": "LineString", "coordinates": [ [ -78.753871999652844, 34.249608002657418 ], [ -78.846646004693682, 34.16085499815474 ] ] } },
{ "type": "Feature", "properties": { "edge_type": "augment", "region": "ContigUS" }, "geometry": { "type": "LineString", "coordinates": [ [ -78.734988002025645, 34.416907998463941 ], [ -78.71133899877168, 34.365832000850943 ] ] } },
{ "type": "Feature", "properties": { "edge_type": "augment", "region": "ContigUS" }, "geometry": { "type": "LineString", "coordinates": [ [ -78.670973003850392, 34.467944998537121 ], [ -78.712995240627336, 34.448376604442679 ] ] } },
{ "type": "Feature", "properties": { "edge_type": "augment", "region": "ContigUS" }, "geometry": { "type": "LineString", "coordinates": [ [ -78.617815996413242, 34.6007069972229 ], [ -78.661850001285757, 34.489802001149911 ] ] } },
{ "type": "Feature", "properties": { "edge_type": "augment", "region": "ContigUS" }, "geometry": { "type": "LineString", "coordinates": [ [ -78.557455003453981, 34.851106999655102 ], [ -78.593810999795323, 34.645523996633074 ] ] } },
{ "type": "Feature", "properties": { "edge_type": "augment", "region": "ContigUS" }, "geometry": { "type": "LineString", "coordinates": [ [ -78.592311001917054, 42.928674998039597 ], [ -78.528438000438769, 42.939059002307708 ] ] } },
{ "type": "Feature", "properties": { "edge_type": "augment", "region": "ContigUS" }, "geometry": { "type": "LineString", "coordinates": [ [ -78.586097004753839, 35.272136002872749 ], [ -78.496102000926498, 35.207914003761623 ] ] } },
{ "type": "Feature", "properties": { "edge_type": "augment", "region": "ContigUS" }, "geometry": { "type": "LineString", "coordinates": [ [ -78.579268002980839, 35.517112003215857 ], [ -78.55747499995222, 35.386854001423146 ] ] } },
{ "type": "Feature", "properties": { "edge_type": "augment", "region": "ContigUS" }, "geometry": { "type": "LineString", "coordinates": [ [ -78.566815996686827, 33.936196998745267 ], [ -78.517217997624343, 33.944167000454264 ] ] } },
{ "type": "Feature", "properties": { "edge_type": "augment", "region": "ContigUS" }, "geometry": { "type": "LineString", "coordinates": [ [ -78.514744998529252, 34.936501999081777 ], [ -78.522832001026146, 34.88362500027371 ] ] } },
{ "type": "Feature", "properties": { "edge_type": "augment", "region": "ContigUS" }, "geometry": { "type": "LineString", "coordinates": [ [ -78.487206002634153, 35.195401997394207 ], [ -78.510531001531433, 34.956612999248399 ] ] } },
{ "type": "Feature", "properties": { "edge_type": "augment", "region": "ContigUS" }, "geometry": { "type": "LineString", "coordinates": [ [ -78.502239003486707, 33.946513998634813 ], [ -78.421135003318696, 33.959126997313909 ] ] } },
{ "type": "Feature", "properties": { "edge_type": "augment", "region": "ContigUS" }, "geometry": { "type": "LineString", "coordinates": [ [ -78.464180996126004, 42.94849400245873 ], [ -78.215709997894763, 42.994390001833672 ] ] } },
{ "type": "Feature", "properties": { "edge_type": "augment", "region": "ContigUS" }, "geometry": { "type": "LineString", "coordinates": [ [ -78.463854997509387, 42.899910000505926 ], [ -78.389000001851215, 42.901183002198934 ] ] } },
{ "type": "Feature", "properties": { "edge_type": "augment", "region": "ContigUS" }, "geometry": { "type": "LineString", "coordinates": [ [ -78.350745002931873, 42.902039997054288 ], [ -78.274916997073717, 42.902512002110043 ] ] } },
{ "type": "Feature", "properties": { "edge_type": "augment", "region": "ContigUS" }, "geometry": { "type": "LineString", "coordinates": [ [ -78.349643003640253, 33.990455999275454 ], [ -78.273100001697983, 34.017203002239974 ] ] } },
{ "type": "Feature", "properties": { "edge_type": "augment", "region": "ContigUS" }, "geometry": { "type": "LineString", "coordinates": [ [ -78.253184001506099, 42.905001000756208 ], [ -78.064575997190019, 42.906764997521044 ] ] } },
{ "type": "Feature", "properties": { "edge_type": "augment", "region": "ContigUS" }, "geometry": { "type": "LineString", "coordinates": [ [ -78.249031997246036, 34.038265001949846 ], [ -78.171545997817447, 34.070247999591118 ] ] } },
{ "type": "Feature", "properties": { "edge_type": "augment", "region": "ContigUS" }, "geometry": { "type": "LineString", "coordinates": [ [ -78.136630000876536, 34.08227899606878 ], [ -78.09643500026958, 34.133024997058527 ] ] } },
{ "type": "Feature", "properties": { "edge_type": "augment", "region": "ContigUS" }, "geometry": { "type": "LineString", "coordinates": [ [ -78.110688002944102, 43.015134001098311 ], [ -78.062774003679536, 43.023496001239465 ] ] } },
{ "type": "Feature", "properties": { "edge_type": "augment", "region": "ContigUS" }, "geometry": { "type": "LineString", "coordinates": [ [ -78.019077082634197, 43.029906450074265 ], [ -77.973949998740792, 43.028973996493569 ] ] } },
{ "type": "Feature", "properties": { "edge_type": "augment", "region": "ContigUS" }, "geometry": { "type": "LineString", "coordinates": [ [ -78.016508996866264, 42.909285998481842 ], [ -77.764030003298132, 42.92062000073625 ] ] } },
{ "type": "Feature", "properties": { "edge_type": "augment", "region": "ContigUS" }, "geometry": { "type": "LineString", "coordinates": [ [ -77.959579002353706, 43.02864999811262 ], [ -77.904632002898268, 43.02997999665989 ] ] } },
{ "type": "Feature", "properties": { "edge_type": "augment", "region": "ContigUS" }, "geometry": { "type": "LineString", "coordinates": [ [ -77.876312999841971, 43.029809998846972 ], [ -77.796073996444207, 43.04157300168071 ] ] } },
{ "type": "Feature", "properties": { "edge_type": "augment", "region": "ContigUS" }, "geometry": { "type": "LineString", "coordinates": [ [ -77.780247998791452, 43.044127000022762 ], [ -77.729154996483686, 43.043393997568003 ] ] } },
{ "type": "Feature", "properties": { "edge_type": "augment", "region": "ContigUS" }, "geometry": { "type": "LineString", "coordinates": [ [ -77.682529998803446, 42.904104000543384 ], [ -77.558810002405195, 42.909461001201848 ] ] } },
{ "type": "Feature", "properties": { "edge_type": "augment", "region": "ContigUS" }, "geometry": { "type": "LineString", "coordinates": [ [ -77.619149004606285, 43.047089002295159 ], [ -77.566165003709699, 43.045796998353204 ] ] } },
{ "type": "Feature", "properties": { "edge_type": "augment", "region": "ContigUS" }, "geometry": { "type": "LineString", "coordinates": [ [ -77.538986995811527, 42.905785997656984 ], [ -77.444603003169021, 42.897420000045294 ] ] } },
{ "type": "Feature", "properties": { "edge_type": "augment", "region": "ContigUS" }, "geometry": { "type": "LineString", "coordinates": [ [ -77.389575002624369, 42.883141001178522 ], [ -77.333795004389088, 42.880347996804147 ] ] } },
{ "type": "Feature", "properties": { "edge_type": "augment", "region": "ContigUS" }, "geometry": { "type": "LineString", "coordinates": [ [ -77.326246002915852, 42.990817997818894 ], [ -77.239718999141758, 42.978819997207808 ] ] } },
{ "type": "Feature", "properties": { "edge_type": "augment", "region": "ContigUS" }, "geometry": { "type": "LineString", "coordinates": [ [ -77.213971998508029, 42.864054999079471 ], [ -77.111941995324756, 42.859460998531233 ] ] } },
{ "type": "Feature", "properties": { "edge_type": "augment", "region": "ContigUS" }, "geometry": { "type": "LineString", "coordinates": [ [ -77.140630996480255, 42.972992998772931 ], [ -76.989426001918645, 42.954842001081282 ] ] } },
{ "type": "Feature", "properties": { "edge_type": "augment", "region": "ContigUS" }, "geometry": { "type": "LineString", "coordinates": [ [ -77.077491002307539, 42.860957997851393 ], [ -77.016250001729645, 42.857125999063605 ] ] } },
{ "type": "Feature", "properties": { "edge_type": "augment", "region": "ContigUS" }, "geometry": { "type": "LineString", "coordinates": [ [ -76.963553003583144, 42.955457000961516 ], [ -76.858620004727726, 42.966313000841701 ] ] } },
{ "type": "Feature", "properties": { "edge_type": "augment", "region": "ContigUS" }, "geometry": { "type": "LineString", "coordinates": [ [ -76.935979000341447, 42.868089999040414 ], [ -76.862095344016851, 42.686989321203029 ] ] } },
{ "type": "Feature", "properties": { "edge_type": "augment", "region": "ContigUS" }, "geometry": { "type": "LineString", "coordinates": [ [ -76.847278998844544, 42.96760500142878 ], [ -76.720922995059695, 43.000072998052467 ] ] } },
{ "type": "Feature", "properties": { "edge_type": "augment", "region": "ContigUS" }, "geometry": { "type": "LineString", "coordinates": [ [ -76.779656995308969, 42.681715999576248 ], [ -76.673019003027392, 42.547348000097344 ] ] } },
{ "type": "Feature", "properties": { "edge_type": "augment", "region": "ContigUS" }, "geometry": { "type": "LineString", "coordinates": [ [ -76.695239999389955, 42.491980002119568 ], [ -76.710751999918315, 42.457862001938572 ] ] } },
{ "type": "Feature", "properties": { "edge_type": "augment", "region": "ContigUS" }, "geometry": { "type": "LineString", "coordinates": [ [ -76.665855998648581, 42.542253999149573 ], [ -76.693581996836386, 42.499154002938084 ] ] } },
{ "type": "Feature", "properties": { "edge_type": "augment", "region": "ContigUS" }, "geometry": { "type": "LineString", "coordinates": [ [ -76.690307996951887, 42.452335002267233 ], [ -76.526827003009913, 42.448627002026576 ] ] } },
{ "type": "Feature", "properties": { "edge_type": "augment", "region": "ContigUS" }, "geometry": { "type": "LineString", "coordinates": [ [ -76.68511199761808, 43.016903000670268 ], [ -76.570003000005116, 43.05994899908648 ] ] } },
{ "type": "Feature", "properties": { "edge_type": "augment", "region": "ContigUS" }, "geometry": { "type": "LineString", "coordinates": [ [ -76.559385003178363, 43.062094001480823 ], [ -76.497368999055411, 43.074701002481852 ] ] } },
{ "type": "Feature", "properties": { "edge_type": "augment", "region": "ContigUS" }, "geometry": { "type": "LineString", "coordinates": [ [ -76.477840002071076, 43.07746699746663 ], [ -76.329992999872985, 43.089297000814192 ] ] } },
{ "type": "Feature", "properties": { "edge_type": "feeder_tree", "region": "ContigUS" }, "geometry": { "type": "LineString", "coordinates": [ [ -121.727444003173531, 37.206494999317769 ], [ -121.663916996810087, 37.14493200193327 ] ] } },
{ "type": "Feature", "properties": { "edge_type": "feeder_tree", "region": "ContigUS" }, "geometry": { "type": "LineString", "coordinates": [ [ -121.661597995904131, 37.142029002352857 ], [ -121.599037001864616, 37.067596997871121 ] ] } },
{ "type": "Feature", "properties": { "edge_type": "feeder_tree", "region": "ContigUS" }, "geometry": { "type": "LineString", "coordinates": [ [ -121.632130002683667, 36.818646998859904 ], [ -121.65764699867205, 36.736617999016296 ] ] } },
{ "type": "Feature", "properties": { "edge_type": "feeder_tree", "region": "ContigUS" }, "geometry": { "type": "LineString", "coordinates": [ [ -119.002189002111919, 35.208577998062644 ], [ -119.002211998983157, 35.25953000390183 ] ] } },
{ "type": "Feature", "properties": { "edge_type": "feeder_tree", "region": "ContigUS" }, "geometry": { "type": "LineString", "coordinates": [ [ -118.570158998585285, 34.170956002369785 ], [ -118.500235996382074, 34.159287001253901 ] ] } },
{ "type": "Feature", "properties": { "edge_type": "feeder_tree", "region": "ContigUS" }, "geometry": { "type": "LineString", "coordinates": [ [ -116.971380997251202, 33.815258997330197 ], [ -117.103004003209875, 33.919640001741335 ] ] } },
{ "type": "Feature", "properties": { "edge_type": "feeder_tree", "region": "ContigUS" }, "geometry": { "type": "LineString", "coordinates": [ [ -112.434962995323772, 42.949918999464131 ], [ -112.407903996234438, 43.018563999754669 ] ] } },
{ "type": "Feature", "properties": { "edge_type": "feeder_tree", "region": "ContigUS" }, "geometry": { "type": "LineString", "coordinates": [ [ -112.407917003839742, 43.026186998953513 ], [ -112.388497996578806, 43.144043002595687 ] ] } },
{ "type": "Feature", "properties": { "edge_type": "feeder_tree", "region": "ContigUS" }, "geometry": { "type": "LineString", "coordinates": [ [ -112.266458999605405, 42.799474997609302 ], [ -112.363478002504522, 42.799161002204677 ] ] } },
{ "type": "Feature", "properties": { "edge_type": "feeder_tree", "region": "ContigUS" }, "geometry": { "type": "LineString", "coordinates": [ [ -112.295223001104006, 43.22573000046755 ], [ -112.134437995060111, 43.366951000231268 ] ] } },
{ "type": "Feature", "properties": { "edge_type": "feeder_tree", "region": "ContigUS" }, "geometry": { "type": "LineString", "coordinates": [ [ -112.235841001124541, 42.190241998123994 ], [ -112.232355995962948, 42.231806999978886 ] ] } },
{ "type": "Feature", "properties": { "edge_type": "feeder_tree", "region": "ContigUS" }, "geometry": { "type": "LineString", "coordinates": [ [ -112.212579001078112, 42.665184002831637 ], [ -112.233728999009514, 42.786808997455758 ] ] } },
{ "type": "Feature", "properties": { "edge_type": "feeder_tree", "region": "ContigUS" }, "geometry": { "type": "LineString", "coordinates": [ [ -112.228344003123098, 42.237745997416795 ], [ -112.209104003148781, 42.299936000905944 ] ] } },
{ "type": "Feature", "properties": { "edge_type": "feeder_tree", "region": "ContigUS" }, "geometry": { "type": "LineString", "coordinates": [ [ -112.212354997178863, 42.040875002018034 ], [ -112.227675997911476, 42.176562000887259 ] ] } },
{ "type": "Feature", "properties": { "edge_type": "feeder_tree", "region": "ContigUS" }, "geometry": { "type": "LineString", "coordinates": [ [ -112.212644003172073, 42.312075000721684 ], [ -112.184663997354562, 42.42560700253474 ] ] } },
{ "type": "Feature", "properties": { "edge_type": "feeder_tree", "region": "ContigUS" }, "geometry": { "type": "LineString", "coordinates": [ [ -112.199902002738071, 42.620893998788752 ], [ -112.210140003216523, 42.656520001390895 ] ] } },
{ "type": "Feature", "properties": { "edge_type": "feeder_tree", "region": "ContigUS" }, "geometry": { "type": "LineString", "coordinates": [ [ -112.180719997998551, 42.571036996443453 ], [ -112.197792003866127, 42.61381099875274 ] ] } },
{ "type": "Feature", "properties": { "edge_type": "feeder_tree", "region": "ContigUS" }, "geometry": { "type": "LineString", "coordinates": [ [ -112.171622004531429, 41.925151998647316 ], [ -112.18584099698927, 41.972554002869607 ] ] } },
{ "type": "Feature", "properties": { "edge_type": "feeder_tree", "region": "ContigUS" }, "geometry": { "type": "LineString", "coordinates": [ [ -112.179642001691278, 42.435547996553829 ], [ -112.169314996134531, 42.495794001130101 ] ] } },
{ "type": "Feature", "properties": { "edge_type": "feeder_tree", "region": "ContigUS" }, "geometry": { "type": "LineString", "coordinates": [ [ -112.169544003649875, 42.506980000784004 ], [ -112.177823003072461, 42.563032003572978 ] ] } },
{ "type": "Feature", "properties": { "edge_type": "feeder_tree", "region": "ContigUS" }, "geometry": { "type": "LineString", "coordinates": [ [ -112.147932999297865, 41.747938999714918 ], [ -112.157497999931735, 41.883169997988752 ] ] } },
{ "type": "Feature", "properties": { "edge_type": "feeder_tree", "region": "ContigUS" }, "geometry": { "type": "LineString", "coordinates": [ [ -112.136637996140365, 33.804667003879985 ], [ -112.145626997014048, 34.046144996430591 ] ] } },
{ "type": "Feature", "properties": { "edge_type": "feeder_tree", "region": "ContigUS" }, "geometry": { "type": "LineString", "coordinates": [ [ -112.143694999315642, 34.085131003010247 ], [ -112.122351998345479, 34.322899000335418 ] ] } },
{ "type": "Feature", "properties": { "edge_type": "feeder_tree", "region": "ContigUS" }, "geometry": { "type": "LineString", "coordinates": [ [ -112.103289999544756, 41.638618000497964 ], [ -112.136170997956768, 41.677516997627798 ] ] } },
{ "type": "Feature", "properties": { "edge_type": "feeder_tree", "region": "ContigUS" }, "geometry": { "type": "LineString", "coordinates": [ [ -112.119336003593759, 34.335315998116528 ], [ -111.995096996556924, 34.510223000995197 ] ] } },
{ "type": "Feature", "properties": { "edge_type": "feeder_tree", "region": "ContigUS" }, "geometry": { "type": "LineString", "coordinates": [ [ -112.101490997424165, 43.409843999886448 ], [ -112.079142997246734, 43.438905999872254 ] ] } },
{ "type": "Feature", "properties": { "edge_type": "feeder_tree", "region": "ContigUS" }, "geometry": { "type": "LineString", "coordinates": [ [ -112.072359001069444, 41.582120001503625 ], [ -112.097611003032128, 41.631695998945453 ] ] } },
{ "type": "Feature", "properties": { "edge_type": "feeder_tree", "region": "ContigUS" }, "geometry": { "type": "LineString", "coordinates": [ [ -112.041109998983529, 41.351758996607245 ], [ -112.050555999791698, 41.415445998406327 ] ] } },
{ "type": "Feature", "properties": { "edge_type": "feeder_tree", "region": "ContigUS" }, "geometry": { "type": "LineString", "coordinates": [ [ -111.989076002432498, 34.518446998547319 ], [ -111.905591996767569, 34.554603998381509 ] ] } },
{ "type": "Feature", "properties": { "edge_type": "feeder_tree", "region": "ContigUS" }, "geometry": { "type": "LineString", "coordinates": [ [ -111.847257998348027, 33.124452997098309 ], [ -111.908811001790411, 33.204255998313023 ] ] } },
{ "type": "Feature", "properties": { "edge_type": "feeder_tree", "region": "ContigUS" }, "geometry": { "type": "LineString", "coordinates": [ [ -111.904175003221582, 43.68694100332489 ], [ -111.87416999712427, 43.725171001708233 ] ] } },
{ "type": "Feature", "properties": { "edge_type": "feeder_tree", "region": "ContigUS" }, "geometry": { "type": "LineString", "coordinates": [ [ -111.855571996134103, 34.612746997354385 ], [ -111.776147001131037, 34.67187299835593 ] ] } },
{ "type": "Feature", "properties": { "edge_type": "feeder_tree", "region": "ContigUS" }, "geometry": { "type": "LineString", "coordinates": [ [ -111.756288996173865, 33.006911000104004 ], [ -111.838517004357996, 33.113104997261154 ] ] } },
{ "type": "Feature", "properties": { "edge_type": "feeder_tree", "region": "ContigUS" }, "geometry": { "type": "LineString", "coordinates": [ [ -111.77860900484707, 34.826223997305952 ], [ -111.763346996479143, 34.865946003502181 ] ] } },
{ "type": "Feature", "properties": { "edge_type": "feeder_tree", "region": "ContigUS" }, "geometry": { "type": "LineString", "coordinates": [ [ -111.745373998347873, 34.690697998408623 ], [ -111.762998000991274, 34.77742200099096 ] ] } },
{ "type": "Feature", "properties": { "edge_type": "feeder_tree", "region": "ContigUS" }, "geometry": { "type": "LineString", "coordinates": [ [ -111.740327999700241, 34.88520700273159 ], [ -111.699584002690557, 35.12242900139627 ] ] } },
{ "type": "Feature", "properties": { "edge_type": "feeder_tree", "region": "ContigUS" }, "geometry": { "type": "LineString", "coordinates": [ [ -111.701062000827548, 32.938196999405697 ], [ -111.739383996100742, 32.985890002898351 ] ] } },
{ "type": "Feature", "properties": { "edge_type": "feeder_tree", "region": "ContigUS" }, "geometry": { "type": "LineString", "coordinates": [ [ -111.733038997619659, 43.898226997673014 ], [ -111.70162800233858, 43.937345001238597 ] ] } },
{ "type": "Feature", "properties": { "edge_type": "feeder_tree", "region": "ContigUS" }, "geometry": { "type": "LineString", "coordinates": [ [ -111.62661999663807, 43.974920998698707 ], [ -111.338012002017763, 44.498732001144518 ] ] } },
{ "type": "Feature", "properties": { "edge_type": "feeder_tree", "region": "ContigUS" }, "geometry": { "type": "LineString", "coordinates": [ [ -111.269068998907443, 32.506299999604337 ], [ -111.510142002464718, 32.719543000664267 ] ] } },
{ "type": "Feature", "properties": { "edge_type": "feeder_tree", "region": "ContigUS" }, "geometry": { "type": "LineString", "coordinates": [ [ -111.458564996865036, 33.351193002122358 ], [ -111.338400999485259, 33.25597000332796 ] ] } },
{ "type": "Feature", "properties": { "edge_type": "feeder_tree", "region": "ContigUS" }, "geometry": { "type": "LineString", "coordinates": [ [ -111.327277996755214, 44.521574002278811 ], [ -111.275826997840426, 44.674565999946537 ] ] } },
{ "type": "Feature", "properties": { "edge_type": "feeder_tree", "region": "ContigUS" }, "geometry": { "type": "LineString", "coordinates": [ [ -111.167616998727439, 32.427105997025421 ], [ -111.26644699625615, 32.500893000360563 ] ] } },
{ "type": "Feature", "properties": { "edge_type": "feeder_tree", "region": "ContigUS" }, "geometry": { "type": "LineString", "coordinates": [ [ -111.256469004153573, 33.264136999308413 ], [ -111.18497100372899, 33.273425003016968 ] ] } },
{ "type": "Feature", "properties": { "edge_type": "feeder_tree", "region": "ContigUS" }, "geometry": { "type": "LineString", "coordinates": [ [ -111.184691995984892, 45.380805001984911 ], [ -111.218797002870431, 45.403857998584812 ] ] } },
{ "type": "Feature", "properties": { "edge_type": "feeder_tree", "region": "ContigUS" }, "geometry": { "type": "LineString", "coordinates": [ [ -111.186487000602469, 44.676933002179616 ], [ -111.13917199796937, 44.668276999852715 ] ] } },
{ "type": "Feature", "properties": { "edge_type": "feeder_tree", "region": "ContigUS" }, "geometry": { "type": "LineString", "coordinates": [ [ -111.170943999213691, 33.280082001562356 ], [ -111.113936003985032, 33.286113000865846 ] ] } },
{ "type": "Feature", "properties": { "edge_type": "feeder_tree", "region": "ContigUS" }, "geometry": { "type": "LineString", "coordinates": [ [ -111.093019999218868, 32.361681002701353 ], [ -111.157440999969907, 32.419770998938127 ] ] } },
{ "type": "Feature", "properties": { "edge_type": "feeder_tree", "region": "ContigUS" }, "geometry": { "type": "LineString", "coordinates": [ [ -111.067365004036517, 44.958541000899267 ], [ -111.155726996441473, 45.054459999323562 ] ] } },
{ "type": "Feature", "properties": { "edge_type": "feeder_tree", "region": "ContigUS" }, "geometry": { "type": "LineString", "coordinates": [ [ -111.109745003858492, 44.731789999254374 ], [ -111.113258997654285, 44.766735003014936 ] ] } },
{ "type": "Feature", "properties": { "edge_type": "feeder_tree", "region": "ContigUS" }, "geometry": { "type": "LineString", "coordinates": [ [ -111.097197003593266, 44.808075998488469 ], [ -111.056871001668412, 44.855778000569643 ] ] } },
{ "type": "Feature", "properties": { "edge_type": "feeder_tree", "region": "ContigUS" }, "geometry": { "type": "LineString", "coordinates": [ [ -111.095231004661372, 33.291634999235711 ], [ -110.879776003662982, 33.39130600003395 ] ] } },
{ "type": "Feature", "properties": { "edge_type": "feeder_tree", "region": "ContigUS" }, "geometry": { "type": "LineString", "coordinates": [ [ -111.054733002309064, 44.856934000600724 ], [ -111.055973000794665, 44.936741998852412 ] ] } },
{ "type": "Feature", "properties": { "edge_type": "feeder_tree", "region": "ContigUS" }, "geometry": { "type": "LineString", "coordinates": [ [ -110.726045997551296, 33.429419998398451 ], [ -110.503363996193286, 33.787100999195694 ] ] } },
{ "type": "Feature", "properties": { "edge_type": "feeder_tree", "region": "ContigUS" }, "geometry": { "type": "LineString", "coordinates": [ [ -110.717092004024238, 33.366552003193881 ], [ -110.46642399610262, 33.300370001793837 ] ] } },
{ "type": "Feature", "properties": { "edge_type": "feeder_tree", "region": "ContigUS" }, "geometry": { "type": "LineString", "coordinates": [ [ -110.494493635819182, 33.800082863219522 ], [ -110.276752000214572, 34.000047997293002 ] ] } },
{ "type": "Feature", "properties": { "edge_type": "feeder_tree", "region": "ContigUS" }, "geometry": { "type": "LineString", "coordinates": [ [ -110.443523002019433, 33.294397999839276 ], [ -109.776430999794002, 32.851698997804128 ] ] } },
{ "type": "Feature", "properties": { "edge_type": "feeder_tree", "region": "ContigUS" }, "geometry": { "type": "LineString", "coordinates": [ [ -110.25581200144714, 34.003931002936298 ], [ -110.080642003264074, 34.204884002613838 ] ] } },
{ "type": "Feature", "properties": { "edge_type": "feeder_tree", "region": "ContigUS" }, "geometry": { "type": "LineString", "coordinates": [ [ -109.989431003935522, 34.261677998124313 ], [ -109.848683001152295, 34.283913997331041 ] ] } },
{ "type": "Feature", "properties": { "edge_type": "feeder_tree", "region": "ContigUS" }, "geometry": { "type": "LineString", "coordinates": [ [ -109.831935996771335, 34.286275998154792 ], [ -109.319178000905168, 34.174706996228736 ] ] } },
{ "type": "Feature", "properties": { "edge_type": "feeder_tree", "region": "ContigUS" }, "geometry": { "type": "LineString", "coordinates": [ [ -109.59637699615844, 32.8129469975418 ], [ -109.550517003774175, 32.791735996749289 ] ] } },
{ "type": "Feature", "properties": { "edge_type": "feeder_tree", "region": "ContigUS" }, "geometry": { "type": "LineString", "coordinates": [ [ -109.549927996408684, 32.79134099978647 ], [ -109.281669996060344, 32.774031997613548 ] ] } },
{ "type": "Feature", "properties": { "edge_type": "feeder_tree", "region": "ContigUS" }, "geometry": { "type": "LineString", "coordinates": [ [ -109.317031000426681, 34.172985002044328 ], [ -109.285721999862943, 34.133629999680757 ] ] } },
{ "type": "Feature", "properties": { "edge_type": "feeder_tree", "region": "ContigUS" }, "geometry": { "type": "LineString", "coordinates": [ [ -109.269439002275718, 34.132847997746261 ], [ -109.046914996609871, 34.166947001731074 ] ] } },
{ "type": "Feature", "properties": { "edge_type": "feeder_tree", "region": "ContigUS" }, "geometry": { "type": "LineString", "coordinates": [ [ -109.266328001699549, 32.770777998798302 ], [ -109.104655002014141, 32.721668997065798 ] ] } },
{ "type": "Feature", "properties": { "edge_type": "feeder_tree", "region": "ContigUS" }, "geometry": { "type": "LineString", "coordinates": [ [ -109.104314998662218, 32.721292998910229 ], [ -109.04801700488467, 32.647249997686998 ] ] } },
{ "type": "Feature", "properties": { "edge_type": "feeder_tree", "region": "ContigUS" }, "geometry": { "type": "LineString", "coordinates": [ [ -106.605895000348625, 31.998645002644079 ], [ -106.600545999955656, 31.915208002886978 ] ] } },
{ "type": "Feature", "properties": { "edge_type": "feeder_tree", "region": "ContigUS" }, "geometry": { "type": "LineString", "coordinates": [ [ -105.102511003463562, 40.20634300229603 ], [ -105.102480002603116, 40.261383000657595 ] ] } },
{ "type": "Feature", "properties": { "edge_type": "feeder_tree", "region": "ContigUS" }, "geometry": { "type": "LineString", "coordinates": [ [ -105.069897002320303, 40.666862998351384 ], [ -105.019307101487399, 40.673208423796474 ] ] } },
{ "type": "Feature", "properties": { "edge_type": "feeder_tree", "region": "ContigUS" }, "geometry": { "type": "LineString", "coordinates": [ [ -104.994580003111508, 40.711400000404083 ], [ -104.992609997693435, 40.751704996664259 ] ] } },
{ "type": "Feature", "properties": { "edge_type": "feeder_tree", "region": "ContigUS" }, "geometry": { "type": "LineString", "coordinates": [ [ -104.992402001772575, 40.75798199981611 ], [ -104.967506999286925, 40.837232997000669 ] ] } },
{ "type": "Feature", "properties": { "edge_type": "feeder_tree", "region": "ContigUS" }, "geometry": { "type": "LineString", "coordinates": [ [ -104.964727998073414, 40.845797997403913 ], [ -104.94347199893852, 40.903149997653529 ] ] } },
{ "type": "Feature", "properties": { "edge_type": "feeder_tree", "region": "ContigUS" }, "geometry": { "type": "LineString", "coordinates": [ [ -104.935445003902572, 40.914938001687958 ], [ -104.906623995316068, 40.998214997830068 ] ] } },
{ "type": "Feature", "properties": { "edge_type": "feeder_tree", "region": "ContigUS" }, "geometry": { "type": "LineString", "coordinates": [ [ -101.59613599924387, 33.667159002956069 ], [ -101.714808999864545, 33.654501999265655 ] ] } },
{ "type": "Feature", "properties": { "edge_type": "feeder_tree", "region": "ContigUS" }, "geometry": { "type": "LineString", "coordinates": [ [ -101.41130799784554, 33.673190996793217 ], [ -101.535379999087908, 33.666795999244584 ] ] } },
{ "type": "Feature", "properties": { "edge_type": "feeder_tree", "region": "ContigUS" }, "geometry": { "type": "LineString", "coordinates": [ [ -101.098315998405809, 33.678099003441069 ], [ -101.38780000314172, 33.674376001390307 ] ] } },
{ "type": "Feature", "properties": { "edge_type": "feeder_tree", "region": "ContigUS" }, "geometry": { "type": "LineString", "coordinates": [ [ -100.844192998036249, 33.6217629996965 ], [ -101.006268002794457, 33.684247003553629 ] ] } },
{ "type": "Feature", "properties": { "edge_type": "feeder_tree", "region": "ContigUS" }, "geometry": { "type": "LineString", "coordinates": [ [ -100.520461998700981, 33.602220000555256 ], [ -100.84217699887563, 33.621926999172942 ] ] } },
{ "type": "Feature", "properties": { "edge_type": "feeder_tree", "region": "ContigUS" }, "geometry": { "type": "LineString", "coordinates": [ [ -100.331000001976889, 33.620713998580932 ], [ -100.51764700199405, 33.602135999357237 ] ] } },
{ "type": "Feature", "properties": { "edge_type": "feeder_tree", "region": "ContigUS" }, "geometry": { "type": "LineString", "coordinates": [ [ -99.99270399710268, 33.580173998824506 ], [ -100.320765001871536, 33.602345998457814 ] ] } },
{ "type": "Feature", "properties": { "edge_type": "feeder_tree", "region": "ContigUS" }, "geometry": { "type": "LineString", "coordinates": [ [ -99.792584001572209, 33.584038002697952 ], [ -99.9914899958614, 33.58032200185724 ] ] } },
{ "type": "Feature", "properties": { "edge_type": "feeder_tree", "region": "ContigUS" }, "geometry": { "type": "LineString", "coordinates": [ [ -99.497606996503265, 33.624522000244312 ], [ -99.791943996848048, 33.584022002666792 ] ] } },
{ "type": "Feature", "properties": { "edge_type": "feeder_tree", "region": "ContigUS" }, "geometry": { "type": "LineString", "coordinates": [ [ -99.260372000081659, 33.594321996312509 ], [ -99.473608000631486, 33.621279003435568 ] ] } },
{ "type": "Feature", "properties": { "edge_type": "feeder_tree", "region": "ContigUS" }, "geometry": { "type": "LineString", "coordinates": [ [ -98.953595003918252, 33.457120003009123 ], [ -99.245771996179201, 33.581984002505621 ] ] } },
{ "type": "Feature", "properties": { "edge_type": "feeder_tree", "region": "ContigUS" }, "geometry": { "type": "LineString", "coordinates": [ [ -98.844044996879077, 33.396806002908384 ], [ -98.923289996448673, 33.448842003818598 ] ] } },
{ "type": "Feature", "properties": { "edge_type": "feeder_tree", "region": "ContigUS" }, "geometry": { "type": "LineString", "coordinates": [ [ -98.764964999860879, 33.370677000810034 ], [ -98.840963002903408, 33.393415003367679 ] ] } },
{ "type": "Feature", "properties": { "edge_type": "feeder_tree", "region": "ContigUS" }, "geometry": { "type": "LineString", "coordinates": [ [ -98.420907003124924, 33.263886002321094 ], [ -98.749996003972328, 33.37058799590033 ] ] } },
{ "type": "Feature", "properties": { "edge_type": "feeder_tree", "region": "ContigUS" }, "geometry": { "type": "LineString", "coordinates": [ [ -98.268769997472859, 33.260537997383643 ], [ -98.417593001260826, 33.264281996760516 ] ] } },
{ "type": "Feature", "properties": { "edge_type": "feeder_tree", "region": "ContigUS" }, "geometry": { "type": "LineString", "coordinates": [ [ -98.163254000981155, 33.227235002975121 ], [ -98.267968996683464, 33.260174999509687 ] ] } },
{ "type": "Feature", "properties": { "edge_type": "feeder_tree", "region": "ContigUS" }, "geometry": { "type": "LineString", "coordinates": [ [ -98.194388000744382, 29.650250000661131 ], [ -98.154753000902431, 29.674219000684516 ] ] } },
{ "type": "Feature", "properties": { "edge_type": "feeder_tree", "region": "ContigUS" }, "geometry": { "type": "LineString", "coordinates": [ [ -98.099087996006688, 33.158523001573734 ], [ -98.135106001222368, 33.190070995930398 ] ] } },
{ "type": "Feature", "properties": { "edge_type": "feeder_tree", "region": "ContigUS" }, "geometry": { "type": "LineString", "coordinates": [ [ -97.863226999761565, 33.017516999647341 ], [ -98.07939800295712, 33.136916004117495 ] ] } },
{ "type": "Feature", "properties": { "edge_type": "feeder_tree", "region": "ContigUS" }, "geometry": { "type": "LineString", "coordinates": [ [ -98.054563996079239, 29.751569998712888 ], [ -98.030010003058592, 29.785753998134545 ] ] } },
{ "type": "Feature", "properties": { "edge_type": "feeder_tree", "region": "ContigUS" }, "geometry": { "type": "LineString", "coordinates": [ [ -97.909469000720392, 29.896216003491777 ], [ -97.872413998307024, 29.988076999436725 ] ] } },
{ "type": "Feature", "properties": { "edge_type": "feeder_tree", "region": "ContigUS" }, "geometry": { "type": "LineString", "coordinates": [ [ -97.843062004539235, 30.040466002242628 ], [ -97.823938004017577, 30.079296003267959 ] ] } },
{ "type": "Feature", "properties": { "edge_type": "feeder_tree", "region": "ContigUS" }, "geometry": { "type": "LineString", "coordinates": [ [ -97.683209000602616, 32.963055997403266 ], [ -97.832314003524544, 32.999280001309941 ] ] } },
{ "type": "Feature", "properties": { "edge_type": "feeder_tree", "region": "ContigUS" }, "geometry": { "type": "LineString", "coordinates": [ [ -97.177845001907414, 33.370473003582788 ], [ -97.175613999966686, 33.423880996523394 ] ] } },
{ "type": "Feature", "properties": { "edge_type": "feeder_tree", "region": "ContigUS" }, "geometry": { "type": "LineString", "coordinates": [ [ -97.166233001252479, 33.436580996952685 ], [ -97.162849999791376, 33.47424399615997 ] ] } },
{ "type": "Feature", "properties": { "edge_type": "feeder_tree", "region": "ContigUS" }, "geometry": { "type": "LineString", "coordinates": [ [ -97.162331995265973, 33.488140003272974 ], [ -97.165328002502633, 33.586319997335586 ] ] } },
{ "type": "Feature", "properties": { "edge_type": "feeder_tree", "region": "ContigUS" }, "geometry": { "type": "LineString", "coordinates": [ [ -97.143703999528455, 34.027467999776952 ], [ -97.143146002006546, 34.070996001273812 ] ] } },
{ "type": "Feature", "properties": { "edge_type": "feeder_tree", "region": "ContigUS" }, "geometry": { "type": "LineString", "coordinates": [ [ -97.142908999485158, 34.083278001419487 ], [ -97.143017003931774, 34.12946299674995 ] ] } },
{ "type": "Feature", "properties": { "edge_type": "feeder_tree", "region": "ContigUS" }, "geometry": { "type": "LineString", "coordinates": [ [ -97.14299799558033, 34.260087998841932 ], [ -97.142996998450386, 34.303631002211056 ] ] } },
{ "type": "Feature", "properties": { "edge_type": "feeder_tree", "region": "ContigUS" }, "geometry": { "type": "LineString", "coordinates": [ [ -97.131006995707025, 33.838748998235893 ], [ -97.126098996253305, 33.882268999471357 ] ] } },
{ "type": "Feature", "properties": { "edge_type": "feeder_tree", "region": "ContigUS" }, "geometry": { "type": "LineString", "coordinates": [ [ -97.12628599854601, 33.946925000957592 ], [ -97.126292996422094, 33.998701003683038 ] ] } },
{ "type": "Feature", "properties": { "edge_type": "feeder_tree", "region": "ContigUS" }, "geometry": { "type": "LineString", "coordinates": [ [ -97.089933002577737, 34.506195999202433 ], [ -97.037706002987903, 34.506097002819985 ] ] } },
{ "type": "Feature", "properties": { "edge_type": "feeder_tree", "region": "ContigUS" }, "geometry": { "type": "LineString", "coordinates": [ [ -97.050774002038494, 35.985507997296239 ], [ -97.051144000137725, 36.04345299804384 ] ] } },
{ "type": "Feature", "properties": { "edge_type": "feeder_tree", "region": "ContigUS" }, "geometry": { "type": "LineString", "coordinates": [ [ -97.018157997652139, 35.818551000294384 ], [ -97.018623998705792, 35.869344000677522 ] ] } },
{ "type": "Feature", "properties": { "edge_type": "feeder_tree", "region": "ContigUS" }, "geometry": { "type": "LineString", "coordinates": [ [ -96.999149996583142, 35.593911999692999 ], [ -97.017227998787945, 35.681057000718745 ] ] } },
{ "type": "Feature", "properties": { "edge_type": "feeder_tree", "region": "ContigUS" }, "geometry": { "type": "LineString", "coordinates": [ [ -97.016182701157078, 35.905522785218132 ], [ -97.01641499650637, 35.942013996729607 ] ] } },
{ "type": "Feature", "properties": { "edge_type": "feeder_tree", "region": "ContigUS" }, "geometry": { "type": "LineString", "coordinates": [ [ -97.012263001229485, 34.506130996057507 ], [ -96.967962996218162, 34.544362999866735 ] ] } },
{ "type": "Feature", "properties": { "edge_type": "feeder_tree", "region": "ContigUS" }, "geometry": { "type": "LineString", "coordinates": [ [ -97.000614996097923, 35.405524002381647 ], [ -97.000606003961948, 35.448999997696824 ] ] } },
{ "type": "Feature", "properties": { "edge_type": "feeder_tree", "region": "ContigUS" }, "geometry": { "type": "LineString", "coordinates": [ [ -97.000601997475783, 35.463532997048873 ], [ -96.999674001854672, 35.550400999636182 ] ] } },
{ "type": "Feature", "properties": { "edge_type": "feeder_tree", "region": "ContigUS" }, "geometry": { "type": "LineString", "coordinates": [ [ -96.967648001963781, 34.680490998620463 ], [ -96.967712995074592, 34.7385730021239 ] ] } },
{ "type": "Feature", "properties": { "edge_type": "feeder_tree", "region": "ContigUS" }, "geometry": { "type": "LineString", "coordinates": [ [ -96.967611997487197, 34.798000997946104 ], [ -96.966211002936376, 34.854706996946113 ] ] } },
{ "type": "Feature", "properties": { "edge_type": "feeder_tree", "region": "ContigUS" }, "geometry": { "type": "LineString", "coordinates": [ [ -96.967426998437574, 34.57976899705249 ], [ -96.967582999869819, 34.622316997289367 ] ] } },
{ "type": "Feature", "properties": { "edge_type": "feeder_tree", "region": "ContigUS" }, "geometry": { "type": "LineString", "coordinates": [ [ -96.966004004145447, 34.883855001749787 ], [ -96.93643900185748, 34.943798999612987 ] ] } },
{ "type": "Feature", "properties": { "edge_type": "feeder_tree", "region": "ContigUS" }, "geometry": { "type": "LineString", "coordinates": [ [ -96.931995000214329, 35.145118001722871 ], [ -96.922176998063847, 35.239048996038363 ] ] } },
{ "type": "Feature", "properties": { "edge_type": "feeder_tree", "region": "ContigUS" }, "geometry": { "type": "LineString", "coordinates": [ [ -96.931074002469273, 34.991929997270631 ], [ -96.931175000056683, 35.072857996573624 ] ] } },
{ "type": "Feature", "properties": { "edge_type": "feeder_tree", "region": "ContigUS" }, "geometry": { "type": "LineString", "coordinates": [ [ -96.687427002229526, 44.311250002728769 ], [ -96.732421997843588, 44.31151100243526 ] ] } },
{ "type": "Feature", "properties": { "edge_type": "feeder_tree", "region": "ContigUS" }, "geometry": { "type": "LineString", "coordinates": [ [ -96.484022002452349, 44.27050700219354 ], [ -96.646922002001176, 44.311071999800383 ] ] } },
{ "type": "Feature", "properties": { "edge_type": "feeder_tree", "region": "ContigUS" }, "geometry": { "type": "LineString", "coordinates": [ [ -96.428187997502206, 46.67996299826558 ], [ -96.643715995600516, 46.845160998748241 ] ] } },
{ "type": "Feature", "properties": { "edge_type": "feeder_tree", "region": "ContigUS" }, "geometry": { "type": "LineString", "coordinates": [ [ -96.588855997980346, 33.421591003615482 ], [ -96.612784997125218, 33.527145999859663 ] ] } },
{ "type": "Feature", "properties": { "edge_type": "feeder_tree", "region": "ContigUS" }, "geometry": { "type": "LineString", "coordinates": [ [ -96.611976001329793, 33.529561997201604 ], [ -96.605418003311684, 33.595233001521258 ] ] } },
{ "type": "Feature", "properties": { "edge_type": "feeder_tree", "region": "ContigUS" }, "geometry": { "type": "LineString", "coordinates": [ [ -96.592198997461821, 33.286760997916112 ], [ -96.580348000025538, 33.39995599929 ] ] } },
{ "type": "Feature", "properties": { "edge_type": "feeder_tree", "region": "ContigUS" }, "geometry": { "type": "LineString", "coordinates": [ [ -96.448541001130351, 30.539109996830337 ], [ -96.343220001937382, 30.37491199871247 ] ] } },
{ "type": "Feature", "properties": { "edge_type": "feeder_tree", "region": "ContigUS" }, "geometry": { "type": "LineString", "coordinates": [ [ -96.288076001940098, 44.265754998901443 ], [ -96.424115997201369, 44.269509996554234 ] ] } },
{ "type": "Feature", "properties": { "edge_type": "feeder_tree", "region": "ContigUS" }, "geometry": { "type": "LineString", "coordinates": [ [ -96.31962000178217, 46.562954002678367 ], [ -96.364817998684117, 46.630639000843999 ] ] } },
{ "type": "Feature", "properties": { "edge_type": "feeder_tree", "region": "ContigUS" }, "geometry": { "type": "LineString", "coordinates": [ [ -96.34364600101145, 30.368097997816829 ], [ -96.363973995542082, 30.197430001791886 ] ] } },
{ "type": "Feature", "properties": { "edge_type": "feeder_tree", "region": "ContigUS" }, "geometry": { "type": "LineString", "coordinates": [ [ -96.355164001955018, 34.054300997622562 ], [ -96.278426999844015, 34.127981999921545 ] ] } },
{ "type": "Feature", "properties": { "edge_type": "feeder_tree", "region": "ContigUS" }, "geometry": { "type": "LineString", "coordinates": [ [ -96.28064800353566, 46.482600997882962 ], [ -96.312866000352216, 46.55366699953035 ] ] } },
{ "type": "Feature", "properties": { "edge_type": "feeder_tree", "region": "ContigUS" }, "geometry": { "type": "LineString", "coordinates": [ [ -96.078983004531182, 44.245311003038296 ], [ -96.285485997279253, 44.262156998346057 ] ] } },
{ "type": "Feature", "properties": { "edge_type": "feeder_tree", "region": "ContigUS" }, "geometry": { "type": "LineString", "coordinates": [ [ -96.13771700478047, 46.344121001640865 ], [ -96.263853999299016, 46.471597996747128 ] ] } },
{ "type": "Feature", "properties": { "edge_type": "feeder_tree", "region": "ContigUS" }, "geometry": { "type": "LineString", "coordinates": [ [ -96.257149998097788, 34.161922999206951 ], [ -96.237849999645675, 34.200742998090085 ] ] } },
{ "type": "Feature", "properties": { "edge_type": "feeder_tree", "region": "ContigUS" }, "geometry": { "type": "LineString", "coordinates": [ [ -96.241686003538234, 30.543353999095707 ], [ -96.127558002148106, 30.440870996802097 ] ] } },
{ "type": "Feature", "properties": { "edge_type": "feeder_tree", "region": "ContigUS" }, "geometry": { "type": "LineString", "coordinates": [ [ -96.205557002486017, 34.271141999133732 ], [ -96.178452000670973, 34.305520997323747 ] ] } },
{ "type": "Feature", "properties": { "edge_type": "feeder_tree", "region": "ContigUS" }, "geometry": { "type": "LineString", "coordinates": [ [ -96.10924800103804, 34.408600996762637 ], [ -96.073163996598424, 34.440804004070039 ] ] } },
{ "type": "Feature", "properties": { "edge_type": "feeder_tree", "region": "ContigUS" }, "geometry": { "type": "LineString", "coordinates": [ [ -96.023840998793858, 46.21098299874091 ], [ -96.071788002161966, 46.248797998681773 ] ] } },
{ "type": "Feature", "properties": { "edge_type": "feeder_tree", "region": "ContigUS" }, "geometry": { "type": "LineString", "coordinates": [ [ -96.048621996086808, 30.342135999116703 ], [ -95.820075002036631, 30.242032001098725 ] ] } },
{ "type": "Feature", "properties": { "edge_type": "feeder_tree", "region": "ContigUS" }, "geometry": { "type": "LineString", "coordinates": [ [ -96.048314996838471, 34.489037000137799 ], [ -96.03252999829526, 34.5261129996397 ] ] } },
{ "type": "Feature", "properties": { "edge_type": "feeder_tree", "region": "ContigUS" }, "geometry": { "type": "LineString", "coordinates": [ [ -95.616924000906039, 44.238855002877088 ], [ -96.0472309997851, 44.240589997481258 ] ] } },
{ "type": "Feature", "properties": { "edge_type": "feeder_tree", "region": "ContigUS" }, "geometry": { "type": "LineString", "coordinates": [ [ -96.025123002502127, 34.545835997004268 ], [ -96.000817995528806, 34.577457997594991 ] ] } },
{ "type": "Feature", "properties": { "edge_type": "feeder_tree", "region": "ContigUS" }, "geometry": { "type": "LineString", "coordinates": [ [ -95.838207999103147, 46.038344999484416 ], [ -95.996409001232252, 46.195762999850807 ] ] } },
{ "type": "Feature", "properties": { "edge_type": "feeder_tree", "region": "ContigUS" }, "geometry": { "type": "LineString", "coordinates": [ [ -95.973225999031939, 34.606571998148375 ], [ -95.949484002179759, 34.640320002164486 ] ] } },
{ "type": "Feature", "properties": { "edge_type": "feeder_tree", "region": "ContigUS" }, "geometry": { "type": "LineString", "coordinates": [ [ -95.769832003616983, 46.011967001090582 ], [ -95.826555996468571, 46.033247998018084 ] ] } },
{ "type": "Feature", "properties": { "edge_type": "feeder_tree", "region": "ContigUS" }, "geometry": { "type": "LineString", "coordinates": [ [ -95.800512003818781, 30.225110001559401 ], [ -95.753823998304512, 30.211778997578602 ] ] } },
{ "type": "Feature", "properties": { "edge_type": "feeder_tree", "region": "ContigUS" }, "geometry": { "type": "LineString", "coordinates": [ [ -95.751097997692796, 30.214669998848507 ], [ -95.691867004512602, 30.227910000890482 ] ] } },
{ "type": "Feature", "properties": { "edge_type": "feeder_tree", "region": "ContigUS" }, "geometry": { "type": "LineString", "coordinates": [ [ -95.430448004186388, 45.860775002072337 ], [ -95.726079997878458, 45.994615997152621 ] ] } },
{ "type": "Feature", "properties": { "edge_type": "feeder_tree", "region": "ContigUS" }, "geometry": { "type": "LineString", "coordinates": [ [ -95.718548998643513, 35.014556998350457 ], [ -95.70817100471119, 35.053178998946329 ] ] } },
{ "type": "Feature", "properties": { "edge_type": "feeder_tree", "region": "ContigUS" }, "geometry": { "type": "LineString", "coordinates": [ [ -95.67987899602916, 30.223152997330722 ], [ -95.584109001717948, 30.220821999753579 ] ] } },
{ "type": "Feature", "properties": { "edge_type": "feeder_tree", "region": "ContigUS" }, "geometry": { "type": "LineString", "coordinates": [ [ -95.670533004661579, 35.134831999912677 ], [ -95.650862001997126, 35.168820001338929 ] ] } },
{ "type": "Feature", "properties": { "edge_type": "feeder_tree", "region": "ContigUS" }, "geometry": { "type": "LineString", "coordinates": [ [ -95.641929999228211, 35.184249002886027 ], [ -95.613753001852018, 35.213704997696389 ] ] } },
{ "type": "Feature", "properties": { "edge_type": "feeder_tree", "region": "ContigUS" }, "geometry": { "type": "LineString", "coordinates": [ [ -95.477114998106146, 44.225237999115095 ], [ -95.593405001839997, 44.239145999975143 ] ] } },
{ "type": "Feature", "properties": { "edge_type": "feeder_tree", "region": "ContigUS" }, "geometry": { "type": "LineString", "coordinates": [ [ -95.589465997116946, 35.313699999922378 ], [ -95.575385003853057, 35.357477003618264 ] ] } },
{ "type": "Feature", "properties": { "edge_type": "feeder_tree", "region": "ContigUS" }, "geometry": { "type": "LineString", "coordinates": [ [ -95.572815004673572, 35.366336001960661 ], [ -95.561066999084602, 35.402172999374223 ] ] } },
{ "type": "Feature", "properties": { "edge_type": "feeder_tree", "region": "ContigUS" }, "geometry": { "type": "LineString", "coordinates": [ [ -95.568187998240759, 30.220974000406819 ], [ -95.511641997579559, 30.229622002009457 ] ] } },
{ "type": "Feature", "properties": { "edge_type": "feeder_tree", "region": "ContigUS" }, "geometry": { "type": "LineString", "coordinates": [ [ -95.557686000866639, 35.4099690002733 ], [ -95.546890002866306, 35.451941999852039 ] ] } },
{ "type": "Feature", "properties": { "edge_type": "feeder_tree", "region": "ContigUS" }, "geometry": { "type": "LineString", "coordinates": [ [ -94.987639995914577, 44.24069099894453 ], [ -95.472581003237835, 44.225077000564177 ] ] } },
{ "type": "Feature", "properties": { "edge_type": "feeder_tree", "region": "ContigUS" }, "geometry": { "type": "LineString", "coordinates": [ [ -95.471368996256501, 35.613296999454285 ], [ -95.443908001077503, 35.657188996781002 ] ] } },
{ "type": "Feature", "properties": { "edge_type": "feeder_tree", "region": "ContigUS" }, "geometry": { "type": "LineString", "coordinates": [ [ -95.163017001871751, 45.832653996589627 ], [ -95.377846002881213, 45.840943998324605 ] ] } },
{ "type": "Feature", "properties": { "edge_type": "feeder_tree", "region": "ContigUS" }, "geometry": { "type": "LineString", "coordinates": [ [ -95.360143002391752, 36.11089999802801 ], [ -95.341705000336816, 36.147463997583174 ] ] } },
{ "type": "Feature", "properties": { "edge_type": "feeder_tree", "region": "ContigUS" }, "geometry": { "type": "LineString", "coordinates": [ [ -95.341520001287194, 36.195249001718551 ], [ -95.338077998478283, 36.237145000318691 ] ] } },
{ "type": "Feature", "properties": { "edge_type": "feeder_tree", "region": "ContigUS" }, "geometry": { "type": "LineString", "coordinates": [ [ -95.083632996995078, 45.789201001739272 ], [ -95.140119996308428, 45.829682999973933 ] ] } },
{ "type": "Feature", "properties": { "edge_type": "feeder_tree", "region": "ContigUS" }, "geometry": { "type": "LineString", "coordinates": [ [ -95.100511999823908, 36.656426002787363 ], [ -94.999323996539545, 36.698383996794739 ] ] } },
{ "type": "Feature", "properties": { "edge_type": "feeder_tree", "region": "ContigUS" }, "geometry": { "type": "LineString", "coordinates": [ [ -94.958566003777761, 45.722291002270012 ], [ -95.042419998558742, 45.769975997947938 ] ] } },
{ "type": "Feature", "properties": { "edge_type": "feeder_tree", "region": "ContigUS" }, "geometry": { "type": "LineString", "coordinates": [ [ -94.758450939998212, 44.282743431799119 ], [ -94.967191995445148, 44.243565999104213 ] ] } },
{ "type": "Feature", "properties": { "edge_type": "feeder_tree", "region": "ContigUS" }, "geometry": { "type": "LineString", "coordinates": [ [ -94.88418000056312, 45.697486000539975 ], [ -94.946874996293573, 45.718446001348283 ] ] } },
{ "type": "Feature", "properties": { "edge_type": "feeder_tree", "region": "ContigUS" }, "geometry": { "type": "LineString", "coordinates": [ [ -94.927329003184056, 36.728306998295594 ], [ -94.92718500324402, 36.794404999388917 ] ] } },
{ "type": "Feature", "properties": { "edge_type": "feeder_tree", "region": "ContigUS" }, "geometry": { "type": "LineString", "coordinates": [ [ -94.368349002857272, 45.588416002553579 ], [ -94.876045001080584, 45.693786001131272 ] ] } },
{ "type": "Feature", "properties": { "edge_type": "feeder_tree", "region": "ContigUS" }, "geometry": { "type": "LineString", "coordinates": [ [ -94.785513002342668, 36.960534003159921 ], [ -94.740732003395635, 36.992899999899649 ] ] } },
{ "type": "Feature", "properties": { "edge_type": "feeder_tree", "region": "ContigUS" }, "geometry": { "type": "LineString", "coordinates": [ [ -94.711189997978934, 38.070720999182257 ], [ -94.709564002398906, 38.143200002042164 ] ] } },
{ "type": "Feature", "properties": { "edge_type": "feeder_tree", "region": "ContigUS" }, "geometry": { "type": "LineString", "coordinates": [ [ -94.707534995632983, 37.938782003255135 ], [ -94.704725002542204, 37.990809997020861 ] ] } },
{ "type": "Feature", "properties": { "edge_type": "feeder_tree", "region": "ContigUS" }, "geometry": { "type": "LineString", "coordinates": [ [ -94.704938999209176, 37.996653001327417 ], [ -94.707410004044348, 38.037279002589301 ] ] } },
{ "type": "Feature", "properties": { "edge_type": "feeder_tree", "region": "ContigUS" }, "geometry": { "type": "LineString", "coordinates": [ [ -94.705014996682181, 37.895222998112303 ], [ -94.706175997321679, 37.931915002930104 ] ] } },
{ "type": "Feature", "properties": { "edge_type": "feeder_tree", "region": "ContigUS" }, "geometry": { "type": "LineString", "coordinates": [ [ -94.705461998367554, 37.555518996371099 ], [ -94.703420001962613, 37.644312000639481 ] ] } },
{ "type": "Feature", "properties": { "edge_type": "feeder_tree", "region": "ContigUS" }, "geometry": { "type": "LineString", "coordinates": [ [ -94.705016002795318, 37.236694996815565 ], [ -94.705363004023269, 37.280628003109847 ] ] } },
{ "type": "Feature", "properties": { "edge_type": "feeder_tree", "region": "ContigUS" }, "geometry": { "type": "LineString", "coordinates": [ [ -94.703543996421303, 37.673279997198243 ], [ -94.705361000780186, 37.768081000128532 ] ] } },
{ "type": "Feature", "properties": { "edge_type": "feeder_tree", "region": "ContigUS" }, "geometry": { "type": "LineString", "coordinates": [ [ -94.704469997782482, 37.177917997014042 ], [ -94.704916999467855, 37.222038002933544 ] ] } },
{ "type": "Feature", "properties": { "edge_type": "feeder_tree", "region": "ContigUS" }, "geometry": { "type": "LineString", "coordinates": [ [ -94.604379996286752, 44.323135997953294 ], [ -94.702976000650281, 44.301630996643361 ] ] } },
{ "type": "Feature", "properties": { "edge_type": "feeder_tree", "region": "ContigUS" }, "geometry": { "type": "LineString", "coordinates": [ [ -94.699611001427527, 38.220617000720807 ], [ -94.675648998179113, 38.257431000175977 ] ] } },
{ "type": "Feature", "properties": { "edge_type": "feeder_tree", "region": "ContigUS" }, "geometry": { "type": "LineString", "coordinates": [ [ -94.695064996083843, 38.567217996902457 ], [ -94.694797001685131, 38.61761199655659 ] ] } },
{ "type": "Feature", "properties": { "edge_type": "feeder_tree", "region": "ContigUS" }, "geometry": { "type": "LineString", "coordinates": [ [ -94.694829996805524, 38.623838997503221 ], [ -94.684293998197887, 38.676419999998117 ] ] } },
{ "type": "Feature", "properties": { "edge_type": "feeder_tree", "region": "ContigUS" }, "geometry": { "type": "LineString", "coordinates": [ [ -94.685284004523069, 38.522966998728421 ], [ -94.692321002216985, 38.559561997623135 ] ] } },
{ "type": "Feature", "properties": { "edge_type": "feeder_tree", "region": "ContigUS" }, "geometry": { "type": "LineString", "coordinates": [ [ -94.687808998106831, 38.406406001987548 ], [ -94.685927997767081, 38.472440000388197 ] ] } },
{ "type": "Feature", "properties": { "edge_type": "feeder_tree", "region": "ContigUS" }, "geometry": { "type": "LineString", "coordinates": [ [ -94.684609001435447, 38.348829000484997 ], [ -94.687536000091981, 38.388963002798945 ] ] } },
{ "type": "Feature", "properties": { "edge_type": "feeder_tree", "region": "ContigUS" }, "geometry": { "type": "LineString", "coordinates": [ [ -94.686706998815183, 38.479928002722851 ], [ -94.685489000070916, 38.515925001447314 ] ] } },
{ "type": "Feature", "properties": { "edge_type": "feeder_tree", "region": "ContigUS" }, "geometry": { "type": "LineString", "coordinates": [ [ -94.683211995404491, 38.681701000398796 ], [ -94.67635500212721, 38.72121000111305 ] ] } },
{ "type": "Feature", "properties": { "edge_type": "feeder_tree", "region": "ContigUS" }, "geometry": { "type": "LineString", "coordinates": [ [ -94.677473000414068, 38.298824998469236 ], [ -94.681193004853966, 38.341983997548112 ] ] } },
{ "type": "Feature", "properties": { "edge_type": "feeder_tree", "region": "ContigUS" }, "geometry": { "type": "LineString", "coordinates": [ [ -94.511162996046721, 44.326252001716036 ], [ -94.593091999988502, 44.325630003083091 ] ] } },
{ "type": "Feature", "properties": { "edge_type": "feeder_tree", "region": "ContigUS" }, "geometry": { "type": "LineString", "coordinates": [ [ -94.352076003519144, 44.271897999938552 ], [ -94.423697001272444, 44.301800998407607 ] ] } },
{ "type": "Feature", "properties": { "edge_type": "feeder_tree", "region": "ContigUS" }, "geometry": { "type": "LineString", "coordinates": [ [ -94.200607003078687, 44.274958997571453 ], [ -94.341822004045511, 44.268543001484296 ] ] } },
{ "type": "Feature", "properties": { "edge_type": "feeder_tree", "region": "ContigUS" }, "geometry": { "type": "LineString", "coordinates": [ [ -94.290125001490154, 45.519284001900864 ], [ -94.327451995805276, 45.547909002257569 ] ] } },
{ "type": "Feature", "properties": { "edge_type": "feeder_tree", "region": "ContigUS" }, "geometry": { "type": "LineString", "coordinates": [ [ -94.086436996465878, 44.196515001989624 ], [ -94.190486996312828, 44.271240002435668 ] ] } },
{ "type": "Feature", "properties": { "edge_type": "feeder_tree", "region": "ContigUS" }, "geometry": { "type": "LineString", "coordinates": [ [ -94.060751000423096, 45.413159997580664 ], [ -94.098137400327943, 45.431168087810633 ] ] } },
{ "type": "Feature", "properties": { "edge_type": "feeder_tree", "region": "ContigUS" }, "geometry": { "type": "LineString", "coordinates": [ [ -93.81998600222731, 45.306586999031381 ], [ -94.053348999262965, 45.409782997673759 ] ] } },
{ "type": "Feature", "properties": { "edge_type": "feeder_tree", "region": "ContigUS" }, "geometry": { "type": "LineString", "coordinates": [ [ -93.76795900355232, 44.138425001168471 ], [ -93.828450000699519, 44.153926001903216 ] ] } },
{ "type": "Feature", "properties": { "edge_type": "feeder_tree", "region": "ContigUS" }, "geometry": { "type": "LineString", "coordinates": [ [ -93.704427999685905, 45.257913002187905 ], [ -93.747180000850165, 45.281267997631701 ] ] } },
{ "type": "Feature", "properties": { "edge_type": "feeder_tree", "region": "ContigUS" }, "geometry": { "type": "LineString", "coordinates": [ [ -93.547029004459262, 44.085353997303677 ], [ -93.697604001528973, 44.116258002832119 ] ] } },
{ "type": "Feature", "properties": { "edge_type": "feeder_tree", "region": "ContigUS" }, "geometry": { "type": "LineString", "coordinates": [ [ -93.599238001810818, 45.219928002667871 ], [ -93.645070002690815, 45.2349949973338 ] ] } },
{ "type": "Feature", "properties": { "edge_type": "feeder_tree", "region": "ContigUS" }, "geometry": { "type": "LineString", "coordinates": [ [ -92.939905386498168, 44.051811905062912 ], [ -92.985734000729551, 44.051930003470808 ] ] } },
{ "type": "Feature", "properties": { "edge_type": "feeder_tree", "region": "ContigUS" }, "geometry": { "type": "LineString", "coordinates": [ [ -92.76844899675018, 44.024214997671145 ], [ -92.902276001292137, 44.041356996744689 ] ] } },
{ "type": "Feature", "properties": { "edge_type": "feeder_tree", "region": "ContigUS" }, "geometry": { "type": "LineString", "coordinates": [ [ -92.773161001775179, 44.961752001014489 ], [ -92.778138000825848, 44.997417000811033 ] ] } },
{ "type": "Feature", "properties": { "edge_type": "feeder_tree", "region": "ContigUS" }, "geometry": { "type": "LineString", "coordinates": [ [ -92.648278998624306, 44.028513003162438 ], [ -92.743336000094516, 44.022464998506855 ] ] } },
{ "type": "Feature", "properties": { "edge_type": "feeder_tree", "region": "ContigUS" }, "geometry": { "type": "LineString", "coordinates": [ [ -92.565897998364164, 44.960195998944265 ], [ -92.671405999849824, 44.964849997176856 ] ] } },
{ "type": "Feature", "properties": { "edge_type": "feeder_tree", "region": "ContigUS" }, "geometry": { "type": "LineString", "coordinates": [ [ -92.559543998763914, 44.031762998897925 ], [ -92.608267999937013, 44.02901399981495 ] ] } },
{ "type": "Feature", "properties": { "edge_type": "feeder_tree", "region": "ContigUS" }, "geometry": { "type": "LineString", "coordinates": [ [ -92.380273999792578, 44.938320002715123 ], [ -92.553712998322055, 44.956853999342464 ] ] } },
{ "type": "Feature", "properties": { "edge_type": "feeder_tree", "region": "ContigUS" }, "geometry": { "type": "LineString", "coordinates": [ [ -92.378783003033462, 43.95863100265867 ], [ -92.438992001046628, 43.97449600329648 ] ] } },
{ "type": "Feature", "properties": { "edge_type": "feeder_tree", "region": "ContigUS" }, "geometry": { "type": "LineString", "coordinates": [ [ -92.201567999089193, 44.93344800164013 ], [ -92.369216996286454, 44.937909001219147 ] ] } },
{ "type": "Feature", "properties": { "edge_type": "feeder_tree", "region": "ContigUS" }, "geometry": { "type": "LineString", "coordinates": [ [ -92.245058999321955, 43.955287000812177 ], [ -92.351989995099729, 43.952488999671402 ] ] } },
{ "type": "Feature", "properties": { "edge_type": "feeder_tree", "region": "ContigUS" }, "geometry": { "type": "LineString", "coordinates": [ [ -92.078690002589894, 43.952035000229756 ], [ -92.232814000802051, 43.955243000639683 ] ] } },
{ "type": "Feature", "properties": { "edge_type": "feeder_tree", "region": "ContigUS" }, "geometry": { "type": "LineString", "coordinates": [ [ -91.94270399607727, 44.907532999750138 ], [ -92.191696996336958, 44.933367001621995 ] ] } },
{ "type": "Feature", "properties": { "edge_type": "feeder_tree", "region": "ContigUS" }, "geometry": { "type": "LineString", "coordinates": [ [ -91.746340000480174, 43.940646001628863 ], [ -92.065470996740032, 43.952218001205388 ] ] } },
{ "type": "Feature", "properties": { "edge_type": "feeder_tree", "region": "ContigUS" }, "geometry": { "type": "LineString", "coordinates": [ [ -91.734777002923991, 44.88830299715702 ], [ -91.928758001634236, 44.907263002560576 ] ] } },
{ "type": "Feature", "properties": { "edge_type": "feeder_tree", "region": "ContigUS" }, "geometry": { "type": "LineString", "coordinates": [ [ -91.692430995352353, 43.955194997474869 ], [ -91.733438998240871, 43.941020999484699 ] ] } },
{ "type": "Feature", "properties": { "edge_type": "feeder_tree", "region": "ContigUS" }, "geometry": { "type": "LineString", "coordinates": [ [ -91.650496002955833, 44.854141002064793 ], [ -91.723238996498978, 44.882708998762176 ] ] } },
{ "type": "Feature", "properties": { "edge_type": "feeder_tree", "region": "ContigUS" }, "geometry": { "type": "LineString", "coordinates": [ [ -91.602126998016729, 43.915488002639002 ], [ -91.680371004865208, 43.956482998901535 ] ] } },
{ "type": "Feature", "properties": { "edge_type": "feeder_tree", "region": "ContigUS" }, "geometry": { "type": "LineString", "coordinates": [ [ -91.536452003027961, 44.780324998454702 ], [ -91.598542998510837, 44.840829999822439 ] ] } },
{ "type": "Feature", "properties": { "edge_type": "feeder_tree", "region": "ContigUS" }, "geometry": { "type": "LineString", "coordinates": [ [ -91.368097999012562, 43.915935001201909 ], [ -91.560350998442331, 43.910235000272294 ] ] } },
{ "type": "Feature", "properties": { "edge_type": "feeder_tree", "region": "ContigUS" }, "geometry": { "type": "LineString", "coordinates": [ [ -91.218516996787883, 44.59704699898699 ], [ -91.416771999956964, 44.767315997290922 ] ] } },
{ "type": "Feature", "properties": { "edge_type": "feeder_tree", "region": "ContigUS" }, "geometry": { "type": "LineString", "coordinates": [ [ -91.310502999661509, 43.861383997603212 ], [ -91.3596620010278, 43.910393000340711 ] ] } },
{ "type": "Feature", "properties": { "edge_type": "feeder_tree", "region": "ContigUS" }, "geometry": { "type": "LineString", "coordinates": [ [ -91.007195997811309, 44.389079999029164 ], [ -91.202234996330617, 44.575534002782817 ] ] } },
{ "type": "Feature", "properties": { "edge_type": "feeder_tree", "region": "ContigUS" }, "geometry": { "type": "LineString", "coordinates": [ [ -90.857879998595436, 43.659707999896199 ], [ -91.194667004472265, 43.754786001368963 ] ] } },
{ "type": "Feature", "properties": { "edge_type": "feeder_tree", "region": "ContigUS" }, "geometry": { "type": "LineString", "coordinates": [ [ -90.847891002130595, 44.310631997539772 ], [ -90.997630000047479, 44.384538998293934 ] ] } },
{ "type": "Feature", "properties": { "edge_type": "feeder_tree", "region": "ContigUS" }, "geometry": { "type": "LineString", "coordinates": [ [ -90.67340100166814, 43.50627299982483 ], [ -90.856354003472816, 43.658610002862389 ] ] } },
{ "type": "Feature", "properties": { "edge_type": "feeder_tree", "region": "ContigUS" }, "geometry": { "type": "LineString", "coordinates": [ [ -90.644984998527477, 44.19500500133389 ], [ -90.819052000288949, 44.293232002192163 ] ] } },
{ "type": "Feature", "properties": { "edge_type": "feeder_tree", "region": "ContigUS" }, "geometry": { "type": "LineString", "coordinates": [ [ -90.388477995157984, 43.387868001532681 ], [ -90.668227999205598, 43.505754998048154 ] ] } },
{ "type": "Feature", "properties": { "edge_type": "feeder_tree", "region": "ContigUS" }, "geometry": { "type": "LineString", "coordinates": [ [ -90.505167003591566, 44.025992002385557 ], [ -90.643544001997043, 44.191041000300388 ] ] } },
{ "type": "Feature", "properties": { "edge_type": "feeder_tree", "region": "ContigUS" }, "geometry": { "type": "LineString", "coordinates": [ [ -90.459092996574014, 43.992423000103138 ], [ -90.492800004872933, 44.015337999798582 ] ] } },
{ "type": "Feature", "properties": { "edge_type": "feeder_tree", "region": "ContigUS" }, "geometry": { "type": "LineString", "coordinates": [ [ -90.26430200493833, 43.922764001587943 ], [ -90.429513998533892, 43.981377999772441 ] ] } },
{ "type": "Feature", "properties": { "edge_type": "feeder_tree", "region": "ContigUS" }, "geometry": { "type": "LineString", "coordinates": [ [ -90.198693997320305, 43.191308997009209 ], [ -90.301165001442897, 43.278543000304339 ] ] } },
{ "type": "Feature", "properties": { "edge_type": "feeder_tree", "region": "ContigUS" }, "geometry": { "type": "LineString", "coordinates": [ [ -90.150535000528308, 43.884656999119521 ], [ -90.260638998603213, 43.920929999192211 ] ] } },
{ "type": "Feature", "properties": { "edge_type": "feeder_tree", "region": "ContigUS" }, "geometry": { "type": "LineString", "coordinates": [ [ -90.073616996870712, 43.189708002333553 ], [ -90.192345998466166, 43.191267002438813 ] ] } },
{ "type": "Feature", "properties": { "edge_type": "feeder_tree", "region": "ContigUS" }, "geometry": { "type": "LineString", "coordinates": [ [ -90.059370003925466, 43.799678003382269 ], [ -90.143812997088773, 43.881195999575745 ] ] } },
{ "type": "Feature", "properties": { "edge_type": "feeder_tree", "region": "ContigUS" }, "geometry": { "type": "LineString", "coordinates": [ [ -89.812638000353829, 43.653922996734238 ], [ -90.053077997062985, 43.792868000374213 ] ] } },
{ "type": "Feature", "properties": { "edge_type": "feeder_tree", "region": "ContigUS" }, "geometry": { "type": "LineString", "coordinates": [ [ -89.770881997277669, 43.16582899832887 ], [ -90.042275998316541, 43.169665998945234 ] ] } },
{ "type": "Feature", "properties": { "edge_type": "feeder_tree", "region": "ContigUS" }, "geometry": { "type": "LineString", "coordinates": [ [ -89.82102600135299, 38.556239999087708 ], [ -89.869569998109426, 38.571169996838051 ] ] } },
{ "type": "Feature", "properties": { "edge_type": "feeder_tree", "region": "ContigUS" }, "geometry": { "type": "LineString", "coordinates": [ [ -89.793985004501948, 43.589087999351761 ], [ -89.786317003202981, 43.625647002271499 ] ] } },
{ "type": "Feature", "properties": { "edge_type": "feeder_tree", "region": "ContigUS" }, "geometry": { "type": "LineString", "coordinates": [ [ -89.527319995630094, 43.517441003285249 ], [ -89.770135003203166, 43.568852002450178 ] ] } },
{ "type": "Feature", "properties": { "edge_type": "feeder_tree", "region": "ContigUS" }, "geometry": { "type": "LineString", "coordinates": [ [ -89.54329399970905, 43.096053001834143 ], [ -89.746711998108353, 43.142350000286669 ] ] } },
{ "type": "Feature", "properties": { "edge_type": "feeder_tree", "region": "ContigUS" }, "geometry": { "type": "LineString", "coordinates": [ [ -89.535850002309346, 38.442560001239521 ], [ -89.582380003148288, 38.478820000353352 ] ] } },
{ "type": "Feature", "properties": { "edge_type": "feeder_tree", "region": "ContigUS" }, "geometry": { "type": "LineString", "coordinates": [ [ -89.375129001229453, 38.391835001611817 ], [ -89.526639997909456, 38.437669996641731 ] ] } },
{ "type": "Feature", "properties": { "edge_type": "feeder_tree", "region": "ContigUS" }, "geometry": { "type": "LineString", "coordinates": [ [ -89.455707001866017, 43.340061998492381 ], [ -89.492068998953442, 43.480988998976805 ] ] } },
{ "type": "Feature", "properties": { "edge_type": "feeder_tree", "region": "ContigUS" }, "geometry": { "type": "LineString", "coordinates": [ [ -89.348383002134568, 43.197899998389772 ], [ -89.451968995187784, 43.330703000930683 ] ] } },
{ "type": "Feature", "properties": { "edge_type": "feeder_tree", "region": "ContigUS" }, "geometry": { "type": "LineString", "coordinates": [ [ -89.306748999257138, 43.045835002912391 ], [ -89.369759995355096, 43.042954001498515 ] ] } },
{ "type": "Feature", "properties": { "edge_type": "feeder_tree", "region": "ContigUS" }, "geometry": { "type": "LineString", "coordinates": [ [ -89.275139997321119, 38.390940000560725 ], [ -89.320106291761846, 38.391158198353047 ] ] } },
{ "type": "Feature", "properties": { "edge_type": "feeder_tree", "region": "ContigUS" }, "geometry": { "type": "LineString", "coordinates": [ [ -89.176159999106247, 38.389949998137787 ], [ -89.250107004624695, 38.390286001717008 ] ] } },
{ "type": "Feature", "properties": { "edge_type": "feeder_tree", "region": "ContigUS" }, "geometry": { "type": "LineString", "coordinates": [ [ -89.076777995818574, 43.02785900252205 ], [ -89.24746699973511, 43.040579002920211 ] ] } },
{ "type": "Feature", "properties": { "edge_type": "feeder_tree", "region": "ContigUS" }, "geometry": { "type": "LineString", "coordinates": [ [ -89.070932999624617, 38.361968001106241 ], [ -89.145370000197929, 38.387190000688499 ] ] } },
{ "type": "Feature", "properties": { "edge_type": "feeder_tree", "region": "ContigUS" }, "geometry": { "type": "LineString", "coordinates": [ [ -89.022333999023289, 43.008619002233566 ], [ -89.071650996081743, 43.023197002238767 ] ] } },
{ "type": "Feature", "properties": { "edge_type": "feeder_tree", "region": "ContigUS" }, "geometry": { "type": "LineString", "coordinates": [ [ -88.965978001027864, 38.340867001343661 ], [ -89.028649002757064, 38.361765000223855 ] ] } },
{ "type": "Feature", "properties": { "edge_type": "feeder_tree", "region": "ContigUS" }, "geometry": { "type": "LineString", "coordinates": [ [ -88.866034002715296, 42.943578002739692 ], [ -89.012574998220671, 43.002648997051601 ] ] } },
{ "type": "Feature", "properties": { "edge_type": "feeder_tree", "region": "ContigUS" }, "geometry": { "type": "LineString", "coordinates": [ [ -88.786023997849725, 42.850964997019268 ], [ -88.837210002738871, 42.925916997425006 ] ] } },
{ "type": "Feature", "properties": { "edge_type": "feeder_tree", "region": "ContigUS" }, "geometry": { "type": "LineString", "coordinates": [ [ -88.644260000480159, 38.342280000240727 ], [ -88.747239999025865, 38.343249997350931 ] ] } },
{ "type": "Feature", "properties": { "edge_type": "feeder_tree", "region": "ContigUS" }, "geometry": { "type": "LineString", "coordinates": [ [ -88.541853998451543, 42.697970999880731 ], [ -88.692866996087488, 42.818198002731563 ] ] } },
{ "type": "Feature", "properties": { "edge_type": "feeder_tree", "region": "ContigUS" }, "geometry": { "type": "LineString", "coordinates": [ [ -88.494663996390216, 33.482213001285274 ], [ -88.652675004836752, 33.487720999974812 ] ] } },
{ "type": "Feature", "properties": { "edge_type": "feeder_tree", "region": "ContigUS" }, "geometry": { "type": "LineString", "coordinates": [ [ -88.588180000872583, 38.346599999765679 ], [ -88.642720000622276, 38.342270002454576 ] ] } },
{ "type": "Feature", "properties": { "edge_type": "feeder_tree", "region": "ContigUS" }, "geometry": { "type": "LineString", "coordinates": [ [ -88.442739998545719, 38.36979999830703 ], [ -88.584170002292652, 38.369180002278668 ] ] } },
{ "type": "Feature", "properties": { "edge_type": "feeder_tree", "region": "ContigUS" }, "geometry": { "type": "LineString", "coordinates": [ [ -88.447117003834975, 42.615354001838277 ], [ -88.509589001779304, 42.656665997628153 ] ] } },
{ "type": "Feature", "properties": { "edge_type": "feeder_tree", "region": "ContigUS" }, "geometry": { "type": "LineString", "coordinates": [ [ -88.443384997902868, 33.496823000129829 ], [ -88.486819997160808, 33.485117997619646 ] ] } },
{ "type": "Feature", "properties": { "edge_type": "feeder_tree", "region": "ContigUS" }, "geometry": { "type": "LineString", "coordinates": [ [ -88.318122001273693, 42.498274996845133 ], [ -88.394015000242675, 42.582049002095729 ] ] } },
{ "type": "Feature", "properties": { "edge_type": "feeder_tree", "region": "ContigUS" }, "geometry": { "type": "LineString", "coordinates": [ [ -88.091640000499723, 38.378509997115472 ], [ -88.332119002058505, 38.379200002893739 ] ] } },
{ "type": "Feature", "properties": { "edge_type": "feeder_tree", "region": "ContigUS" }, "geometry": { "type": "LineString", "coordinates": [ [ -88.141773997342767, 33.400658001180531 ], [ -88.328311995783338, 33.49262899590299 ] ] } },
{ "type": "Feature", "properties": { "edge_type": "feeder_tree", "region": "ContigUS" }, "geometry": { "type": "LineString", "coordinates": [ [ -88.031513000705687, 33.386579997316083 ], [ -88.124823003527126, 33.402635996706792 ] ] } },
{ "type": "Feature", "properties": { "edge_type": "feeder_tree", "region": "ContigUS" }, "geometry": { "type": "LineString", "coordinates": [ [ -88.005330002748821, 38.379639996712363 ], [ -88.056270003997398, 38.378449998139068 ] ] } },
{ "type": "Feature", "properties": { "edge_type": "feeder_tree", "region": "ContigUS" }, "geometry": { "type": "LineString", "coordinates": [ [ -87.904257998917132, 33.316716002208111 ], [ -87.997465998038052, 33.37173299690253 ] ] } },
{ "type": "Feature", "properties": { "edge_type": "feeder_tree", "region": "ContigUS" }, "geometry": { "type": "LineString", "coordinates": [ [ -87.911579996118078, 38.392119999896487 ], [ -87.97545999547242, 38.386419996818091 ] ] } },
{ "type": "Feature", "properties": { "edge_type": "feeder_tree", "region": "ContigUS" }, "geometry": { "type": "LineString", "coordinates": [ [ -87.859605000914911, 30.944053000529237 ], [ -87.902269003113915, 30.690880997860997 ] ] } },
{ "type": "Feature", "properties": { "edge_type": "feeder_tree", "region": "ContigUS" }, "geometry": { "type": "LineString", "coordinates": [ [ -87.802389000782199, 38.408419000035153 ], [ -87.875320002731158, 38.408020001971629 ] ] } },
{ "type": "Feature", "properties": { "edge_type": "feeder_tree", "region": "ContigUS" }, "geometry": { "type": "LineString", "coordinates": [ [ -87.740828999463773, 33.270271997366322 ], [ -87.838443001491328, 33.28429399970679 ] ] } },
{ "type": "Feature", "properties": { "edge_type": "feeder_tree", "region": "ContigUS" }, "geometry": { "type": "LineString", "coordinates": [ [ -87.768131998950579, 30.962765998484684 ], [ -87.817137999257682, 30.954882998476322 ] ] } },
{ "type": "Feature", "properties": { "edge_type": "feeder_tree", "region": "ContigUS" }, "geometry": { "type": "LineString", "coordinates": [ [ -87.655762997701487, 31.019311998049474 ], [ -87.754215999254939, 30.965581999043977 ] ] } },
{ "type": "Feature", "properties": { "edge_type": "feeder_tree", "region": "ContigUS" }, "geometry": { "type": "LineString", "coordinates": [ [ -87.694639999106712, 38.568339999842621 ], [ -87.750030002744523, 38.480970997001187 ] ] } },
{ "type": "Feature", "properties": { "edge_type": "feeder_tree", "region": "ContigUS" }, "geometry": { "type": "LineString", "coordinates": [ [ -87.687140000732214, 38.729509998623563 ], [ -87.694389997963142, 38.590269999727376 ] ] } },
{ "type": "Feature", "properties": { "edge_type": "feeder_tree", "region": "ContigUS" }, "geometry": { "type": "LineString", "coordinates": [ [ -87.558929999965088, 38.711969996995755 ], [ -87.627160001251241, 38.722049996411151 ] ] } },
{ "type": "Feature", "properties": { "edge_type": "feeder_tree", "region": "ContigUS" }, "geometry": { "type": "LineString", "coordinates": [ [ -87.534544998015704, 31.083907995856084 ], [ -87.615407001029311, 31.040855998745268 ] ] } },
{ "type": "Feature", "properties": { "edge_type": "feeder_tree", "region": "ContigUS" }, "geometry": { "type": "LineString", "coordinates": [ [ -87.573552003608839, 33.330091997192731 ], [ -87.546898998112184, 33.373144997761926 ] ] } },
{ "type": "Feature", "properties": { "edge_type": "feeder_tree", "region": "ContigUS" }, "geometry": { "type": "LineString", "coordinates": [ [ -87.518202999080572, 33.398967002899923 ], [ -87.407758997653815, 33.568569998643916 ] ] } },
{ "type": "Feature", "properties": { "edge_type": "feeder_tree", "region": "ContigUS" }, "geometry": { "type": "LineString", "coordinates": [ [ -87.340034999400871, 33.034232001343163 ], [ -87.468542001167236, 33.107750002960856 ] ] } },
{ "type": "Feature", "properties": { "edge_type": "feeder_tree", "region": "ContigUS" }, "geometry": { "type": "LineString", "coordinates": [ [ -87.316807997717959, 31.198956000303603 ], [ -87.459165997085989, 31.116053001249284 ] ] } },
{ "type": "Feature", "properties": { "edge_type": "feeder_tree", "region": "ContigUS" }, "geometry": { "type": "LineString", "coordinates": [ [ -87.367822002179636, 33.617898000314803 ], [ -87.395157996786793, 33.698814003208724 ] ] } },
{ "type": "Feature", "properties": { "edge_type": "feeder_tree", "region": "ContigUS" }, "geometry": { "type": "LineString", "coordinates": [ [ -87.388536999917832, 33.713595001321906 ], [ -87.330698997299251, 33.817255998031129 ] ] } },
{ "type": "Feature", "properties": { "edge_type": "feeder_tree", "region": "ContigUS" }, "geometry": { "type": "LineString", "coordinates": [ [ -87.262868000712828, 33.023677000030361 ], [ -87.31787499864609, 33.024715000434448 ] ] } },
{ "type": "Feature", "properties": { "edge_type": "feeder_tree", "region": "ContigUS" }, "geometry": { "type": "LineString", "coordinates": [ [ -87.300875998861684, 41.292830003024768 ], [ -87.308766997946734, 41.340059999830586 ] ] } },
{ "type": "Feature", "properties": { "edge_type": "feeder_tree", "region": "ContigUS" }, "geometry": { "type": "LineString", "coordinates": [ [ -87.295337004786091, 41.246558000245244 ], [ -87.300722997802481, 41.284524996624064 ] ] } },
{ "type": "Feature", "properties": { "edge_type": "feeder_tree", "region": "ContigUS" }, "geometry": { "type": "LineString", "coordinates": [ [ -87.225686003467743, 31.260617003013039 ], [ -87.293319999512363, 31.218853001220243 ] ] } },
{ "type": "Feature", "properties": { "edge_type": "feeder_tree", "region": "ContigUS" }, "geometry": { "type": "LineString", "coordinates": [ [ -87.277153998507714, 41.174310998302147 ], [ -87.290790999442407, 41.211561002221615 ] ] } },
{ "type": "Feature", "properties": { "edge_type": "feeder_tree", "region": "ContigUS" }, "geometry": { "type": "LineString", "coordinates": [ [ -87.270520003016571, 41.018950999991802 ], [ -87.270496997162141, 41.071121002458781 ] ] } },
{ "type": "Feature", "properties": { "edge_type": "feeder_tree", "region": "ContigUS" }, "geometry": { "type": "LineString", "coordinates": [ [ -87.267612003728246, 41.086365001752917 ], [ -87.265570995470156, 41.141242997749984 ] ] } },
{ "type": "Feature", "properties": { "edge_type": "feeder_tree", "region": "ContigUS" }, "geometry": { "type": "LineString", "coordinates": [ [ -87.172985995965064, 32.953398997229826 ], [ -87.209083996156821, 32.990356997266687 ] ] } },
{ "type": "Feature", "properties": { "edge_type": "feeder_tree", "region": "ContigUS" }, "geometry": { "type": "LineString", "coordinates": [ [ -87.205335003082681, 33.843821996859702 ], [ -87.035061999991072, 33.951481998636652 ] ] } },
{ "type": "Feature", "properties": { "edge_type": "feeder_tree", "region": "ContigUS" }, "geometry": { "type": "LineString", "coordinates": [ [ -87.010334003299874, 31.414214002820099 ], [ -87.198407995112134, 31.281443998837645 ] ] } },
{ "type": "Feature", "properties": { "edge_type": "feeder_tree", "region": "ContigUS" }, "geometry": { "type": "LineString", "coordinates": [ [ -87.121653996875978, 40.769270000958272 ], [ -87.14960099858996, 40.806786999004665 ] ] } },
{ "type": "Feature", "properties": { "edge_type": "feeder_tree", "region": "ContigUS" }, "geometry": { "type": "LineString", "coordinates": [ [ -86.961431003823279, 32.848771999683407 ], [ -87.112072997246898, 32.942871000978855 ] ] } },
{ "type": "Feature", "properties": { "edge_type": "feeder_tree", "region": "ContigUS" }, "geometry": { "type": "LineString", "coordinates": [ [ -87.044752998326686, 40.669785996388676 ], [ -87.069898001955892, 40.706882999031698 ] ] } },
{ "type": "Feature", "properties": { "edge_type": "feeder_tree", "region": "ContigUS" }, "geometry": { "type": "LineString", "coordinates": [ [ -86.999865998176105, 33.962493002965154 ], [ -86.966214999835145, 33.998039001599565 ] ] } },
{ "type": "Feature", "properties": { "edge_type": "feeder_tree", "region": "ContigUS" }, "geometry": { "type": "LineString", "coordinates": [ [ -86.935368002822059, 34.003427001577123 ], [ -86.870553000987385, 34.051248997435302 ] ] } },
{ "type": "Feature", "properties": { "edge_type": "feeder_tree", "region": "ContigUS" }, "geometry": { "type": "LineString", "coordinates": [ [ -86.867498001385982, 31.558140997922742 ], [ -86.923102001690808, 31.505940996028709 ] ] } },
{ "type": "Feature", "properties": { "edge_type": "feeder_tree", "region": "ContigUS" }, "geometry": { "type": "LineString", "coordinates": [ [ -86.907205998327967, 34.579800001751536 ], [ -86.8996080027391, 34.618122000856218 ] ] } },
{ "type": "Feature", "properties": { "edge_type": "feeder_tree", "region": "ContigUS" }, "geometry": { "type": "LineString", "coordinates": [ [ -86.888444000899526, 34.249676999600574 ], [ -86.904228999442694, 34.309890002575223 ] ] } },
{ "type": "Feature", "properties": { "edge_type": "feeder_tree", "region": "ContigUS" }, "geometry": { "type": "LineString", "coordinates": [ [ -86.899661003340867, 34.322440998030167 ], [ -86.89145999565126, 34.368163001106041 ] ] } },
{ "type": "Feature", "properties": { "edge_type": "feeder_tree", "region": "ContigUS" }, "geometry": { "type": "LineString", "coordinates": [ [ -86.775004998349175, 32.807101003089173 ], [ -86.871839999328657, 32.788523002824427 ] ] } },
{ "type": "Feature", "properties": { "edge_type": "feeder_tree", "region": "ContigUS" }, "geometry": { "type": "LineString", "coordinates": [ [ -86.781273002227266, 31.644853003126926 ], [ -86.843889000111645, 31.579384998910317 ] ] } },
{ "type": "Feature", "properties": { "edge_type": "feeder_tree", "region": "ContigUS" }, "geometry": { "type": "LineString", "coordinates": [ [ -86.672150997505227, 31.799046997489747 ], [ -86.769648002950149, 31.656342999667327 ] ] } },
{ "type": "Feature", "properties": { "edge_type": "feeder_tree", "region": "ContigUS" }, "geometry": { "type": "LineString", "coordinates": [ [ -86.700773999436819, 32.830922997597959 ], [ -86.750011998649185, 32.821002997000349 ] ] } },
{ "type": "Feature", "properties": { "edge_type": "feeder_tree", "region": "ContigUS" }, "geometry": { "type": "LineString", "coordinates": [ [ -86.681772996243851, 35.989295999337465 ], [ -86.669370999161742, 35.952232996244618 ] ] } },
{ "type": "Feature", "properties": { "edge_type": "feeder_tree", "region": "ContigUS" }, "geometry": { "type": "LineString", "coordinates": [ [ -86.657987997039015, 35.924597999676877 ], [ -86.658863998171483, 35.854315003046288 ] ] } },
{ "type": "Feature", "properties": { "edge_type": "feeder_tree", "region": "ContigUS" }, "geometry": { "type": "LineString", "coordinates": [ [ -86.584466002447826, 32.802702997741825 ], [ -86.629682001588066, 32.836620996866714 ] ] } },
{ "type": "Feature", "properties": { "edge_type": "feeder_tree", "region": "ContigUS" }, "geometry": { "type": "LineString", "coordinates": [ [ -86.538947998692251, 31.963485999943114 ], [ -86.629650003597646, 31.860262000451137 ] ] } },
{ "type": "Feature", "properties": { "edge_type": "feeder_tree", "region": "ContigUS" }, "geometry": { "type": "LineString", "coordinates": [ [ -86.621963002930443, 35.701013997051625 ], [ -86.500042996799593, 35.513941003231665 ] ] } },
{ "type": "Feature", "properties": { "edge_type": "feeder_tree", "region": "ContigUS" }, "geometry": { "type": "LineString", "coordinates": [ [ -86.571311001561966, 35.081855000726996 ], [ -86.575915002140349, 35.023666999026702 ] ] } },
{ "type": "Feature", "properties": { "edge_type": "feeder_tree", "region": "ContigUS" }, "geometry": { "type": "LineString", "coordinates": [ [ -86.571875996959889, 34.932191001942314 ], [ -86.568024003055299, 34.880780001520769 ] ] } },
{ "type": "Feature", "properties": { "edge_type": "feeder_tree", "region": "ContigUS" }, "geometry": { "type": "LineString", "coordinates": [ [ -86.530756998234878, 35.318498999756997 ], [ -86.566103997865923, 35.168888000771879 ] ] } },
{ "type": "Feature", "properties": { "edge_type": "feeder_tree", "region": "ContigUS" }, "geometry": { "type": "LineString", "coordinates": [ [ -86.46530100352922, 32.105530000237763 ], [ -86.529622003822851, 31.985082997487336 ] ] } },
{ "type": "Feature", "properties": { "edge_type": "feeder_tree", "region": "ContigUS" }, "geometry": { "type": "LineString", "coordinates": [ [ -86.474426997483747, 35.444387996464656 ], [ -86.5251519959522, 35.354805996433953 ] ] } },
{ "type": "Feature", "properties": { "edge_type": "feeder_tree", "region": "ContigUS" }, "geometry": { "type": "LineString", "coordinates": [ [ -86.451142997696024, 32.674921001013054 ], [ -86.476935003925476, 32.707759002791889 ] ] } },
{ "type": "Feature", "properties": { "edge_type": "feeder_tree", "region": "ContigUS" }, "geometry": { "type": "LineString", "coordinates": [ [ -86.417456003861645, 32.195370002360271 ], [ -86.457439002061534, 32.114017996852525 ] ] } },
{ "type": "Feature", "properties": { "edge_type": "feeder_tree", "region": "ContigUS" }, "geometry": { "type": "LineString", "coordinates": [ [ -86.398101001564669, 39.983510000615297 ], [ -86.442772001805196, 40.022028000330849 ] ] } },
{ "type": "Feature", "properties": { "edge_type": "feeder_tree", "region": "ContigUS" }, "geometry": { "type": "LineString", "coordinates": [ [ -86.319846996467078, 32.635758001435335 ], [ -86.412878000527556, 32.648899998549112 ] ] } },
{ "type": "Feature", "properties": { "edge_type": "feeder_tree", "region": "ContigUS" }, "geometry": { "type": "LineString", "coordinates": [ [ -86.367819997079522, 32.250242004003056 ], [ -86.408383001525706, 32.209354998756375 ] ] } },
{ "type": "Feature", "properties": { "edge_type": "feeder_tree", "region": "ContigUS" }, "geometry": { "type": "LineString", "coordinates": [ [ -86.356201995678433, 39.949449001149375 ], [ -86.392326999227606, 39.978809001350314 ] ] } },
{ "type": "Feature", "properties": { "edge_type": "feeder_tree", "region": "ContigUS" }, "geometry": { "type": "LineString", "coordinates": [ [ -86.226879997370574, 32.562908001105967 ], [ -86.318678000821535, 32.635560997221866 ] ] } },
{ "type": "Feature", "properties": { "edge_type": "feeder_tree", "region": "ContigUS" }, "geometry": { "type": "LineString", "coordinates": [ [ -86.013865997476927, 32.573590000018775 ], [ -86.070424996760281, 32.579277999324844 ] ] } },
{ "type": "Feature", "properties": { "edge_type": "feeder_tree", "region": "ContigUS" }, "geometry": { "type": "LineString", "coordinates": [ [ -85.958417001474388, 32.407034000427743 ], [ -86.010923996955142, 32.380781998436895 ] ] } },
{ "type": "Feature", "properties": { "edge_type": "feeder_tree", "region": "ContigUS" }, "geometry": { "type": "LineString", "coordinates": [ [ -85.79651300001369, 32.444863003179549 ], [ -85.894939995339655, 32.429187999691955 ] ] } },
{ "type": "Feature", "properties": { "edge_type": "feeder_tree", "region": "ContigUS" }, "geometry": { "type": "LineString", "coordinates": [ [ -85.67004399714925, 32.56227300308511 ], [ -85.723612001795232, 32.581592996512491 ] ] } },
{ "type": "Feature", "properties": { "edge_type": "feeder_tree", "region": "ContigUS" }, "geometry": { "type": "LineString", "coordinates": [ [ -85.567300003995015, 32.59866900257866 ], [ -85.660950001185171, 32.571657996619336 ] ] } },
{ "type": "Feature", "properties": { "edge_type": "feeder_tree", "region": "ContigUS" }, "geometry": { "type": "LineString", "coordinates": [ [ -85.585715000195506, 32.514201997554778 ], [ -85.629290001890467, 32.490440001479442 ] ] } },
{ "type": "Feature", "properties": { "edge_type": "feeder_tree", "region": "ContigUS" }, "geometry": { "type": "LineString", "coordinates": [ [ -85.229986001456751, 32.802827002944198 ], [ -85.280983000810096, 32.746203002585474 ] ] } },
{ "type": "Feature", "properties": { "edge_type": "feeder_tree", "region": "ContigUS" }, "geometry": { "type": "LineString", "coordinates": [ [ -85.111588999223997, 32.92265799741714 ], [ -85.147007001695115, 32.881007996766719 ] ] } },
{ "type": "Feature", "properties": { "edge_type": "feeder_tree", "region": "ContigUS" }, "geometry": { "type": "LineString", "coordinates": [ [ -85.035871998185499, 32.984430997527809 ], [ -85.106230000581903, 32.932886001028145 ] ] } },
{ "type": "Feature", "properties": { "edge_type": "feeder_tree", "region": "ContigUS" }, "geometry": { "type": "LineString", "coordinates": [ [ -84.871606002449326, 33.155143002103678 ], [ -84.922715003752316, 33.07754200236176 ] ] } },
{ "type": "Feature", "properties": { "edge_type": "feeder_tree", "region": "ContigUS" }, "geometry": { "type": "LineString", "coordinates": [ [ -84.821318995563914, 33.214853999797398 ], [ -84.862469004132564, 33.175099002547555 ] ] } },
{ "type": "Feature", "properties": { "edge_type": "feeder_tree", "region": "ContigUS" }, "geometry": { "type": "LineString", "coordinates": [ [ -84.771457996735734, 39.816294999489919 ], [ -84.716256998633682, 39.792877996898582 ] ] } },
{ "type": "Feature", "properties": { "edge_type": "feeder_tree", "region": "ContigUS" }, "geometry": { "type": "LineString", "coordinates": [ [ -84.701041999104575, 39.784014001007996 ], [ -84.662567999902109, 39.758420001072615 ] ] } },
{ "type": "Feature", "properties": { "edge_type": "feeder_tree", "region": "ContigUS" }, "geometry": { "type": "LineString", "coordinates": [ [ -84.641828002049522, 33.496451997719056 ], [ -84.689259004135295, 33.445785002327852 ] ] } },
{ "type": "Feature", "properties": { "edge_type": "feeder_tree", "region": "ContigUS" }, "geometry": { "type": "LineString", "coordinates": [ [ -84.60407199930421, 39.743909001880887 ], [ -84.545140998513119, 39.744392002361039 ] ] } },
{ "type": "Feature", "properties": { "edge_type": "feeder_tree", "region": "ContigUS" }, "geometry": { "type": "LineString", "coordinates": [ [ -84.481883998774634, 39.744800996344942 ], [ -84.426890996593471, 39.745251002271864 ] ] } },
{ "type": "Feature", "properties": { "edge_type": "feeder_tree", "region": "ContigUS" }, "geometry": { "type": "LineString", "coordinates": [ [ -84.319932000328293, 37.538138999763959 ], [ -84.334239997864486, 37.381961997524229 ] ] } },
{ "type": "Feature", "properties": { "edge_type": "feeder_tree", "region": "ContigUS" }, "geometry": { "type": "LineString", "coordinates": [ [ -84.325206000378216, 37.84020200317606 ], [ -84.322439997786887, 37.790054002402002 ] ] } },
{ "type": "Feature", "properties": { "edge_type": "feeder_tree", "region": "ContigUS" }, "geometry": { "type": "LineString", "coordinates": [ [ -84.311610995683012, 37.674307996125172 ], [ -84.315859002897497, 37.622480001501451 ] ] } },
{ "type": "Feature", "properties": { "edge_type": "feeder_tree", "region": "ContigUS" }, "geometry": { "type": "LineString", "coordinates": [ [ -84.306244999164875, 37.337980996873661 ], [ -84.239240003482195, 37.240521000043458 ] ] } },
{ "type": "Feature", "properties": { "edge_type": "feeder_tree", "region": "ContigUS" }, "geometry": { "type": "LineString", "coordinates": [ [ -84.114128004669126, 36.5764820006832 ], [ -84.246931998782358, 36.379576999099179 ] ] } },
{ "type": "Feature", "properties": { "edge_type": "feeder_tree", "region": "ContigUS" }, "geometry": { "type": "LineString", "coordinates": [ [ -84.244201003537654, 36.377201001813773 ], [ -84.218755998536167, 36.301746998289246 ] ] } },
{ "type": "Feature", "properties": { "edge_type": "feeder_tree", "region": "ContigUS" }, "geometry": { "type": "LineString", "coordinates": [ [ -84.23397399843833, 37.237296001825371 ], [ -84.165523002609106, 37.205733001961228 ] ] } },
{ "type": "Feature", "properties": { "edge_type": "feeder_tree", "region": "ContigUS" }, "geometry": { "type": "LineString", "coordinates": [ [ -84.215499003759987, 36.295390002730095 ], [ -84.173129999317112, 36.24008400226608 ] ] } },
{ "type": "Feature", "properties": { "edge_type": "feeder_tree", "region": "ContigUS" }, "geometry": { "type": "LineString", "coordinates": [ [ -84.170115998825281, 36.788206001006081 ], [ -84.175934000644943, 36.749300998327072 ] ] } },
{ "type": "Feature", "properties": { "edge_type": "feeder_tree", "region": "ContigUS" }, "geometry": { "type": "LineString", "coordinates": [ [ -84.131463001319275, 36.91006000153115 ], [ -84.169195998210213, 36.796445003082987 ] ] } },
{ "type": "Feature", "properties": { "edge_type": "feeder_tree", "region": "ContigUS" }, "geometry": { "type": "LineString", "coordinates": [ [ -84.16042700373275, 36.719627002450984 ], [ -84.104670002368749, 36.591315997127893 ] ] } },
{ "type": "Feature", "properties": { "edge_type": "feeder_tree", "region": "ContigUS" }, "geometry": { "type": "LineString", "coordinates": [ [ -84.150114002911224, 36.225341001509683 ], [ -84.084428003560234, 36.170064002323784 ] ] } },
{ "type": "Feature", "properties": { "edge_type": "feeder_tree", "region": "ContigUS" }, "geometry": { "type": "LineString", "coordinates": [ [ -84.142725000373233, 37.188286000639543 ], [ -84.112167997500137, 37.152707999099633 ] ] } },
{ "type": "Feature", "properties": { "edge_type": "feeder_tree", "region": "ContigUS" }, "geometry": { "type": "LineString", "coordinates": [ [ -84.099803999154588, 37.088608000541512 ], [ -84.110348998881364, 36.980588996890297 ] ] } },
{ "type": "Feature", "properties": { "edge_type": "feeder_tree", "region": "ContigUS" }, "geometry": { "type": "LineString", "coordinates": [ [ -84.079095002162461, 36.164260998079271 ], [ -84.029532998593439, 36.116576996299244 ] ] } },
{ "type": "Feature", "properties": { "edge_type": "feeder_tree", "region": "ContigUS" }, "geometry": { "type": "LineString", "coordinates": [ [ -84.023441001628953, 36.107769997300316 ], [ -84.010702998697951, 36.06723999937055 ] ] } },
{ "type": "Feature", "properties": { "edge_type": "feeder_tree", "region": "ContigUS" }, "geometry": { "type": "LineString", "coordinates": [ [ -83.938610996274946, 33.978785003226839 ], [ -83.979425996124647, 33.956758000946095 ] ] } },
{ "type": "Feature", "properties": { "edge_type": "feeder_tree", "region": "ContigUS" }, "geometry": { "type": "LineString", "coordinates": [ [ -83.833066002165879, 33.969864997811015 ], [ -83.891387001963253, 33.973559996950272 ] ] } },
{ "type": "Feature", "properties": { "edge_type": "feeder_tree", "region": "ContigUS" }, "geometry": { "type": "LineString", "coordinates": [ [ -83.77242200395952, 33.954314998661346 ], [ -83.819714000738173, 33.967622000499034 ] ] } },
{ "type": "Feature", "properties": { "edge_type": "feeder_tree", "region": "ContigUS" }, "geometry": { "type": "LineString", "coordinates": [ [ -83.803785002254969, 33.610634998950033 ], [ -83.755927003965212, 33.611937998421396 ] ] } },
{ "type": "Feature", "properties": { "edge_type": "feeder_tree", "region": "ContigUS" }, "geometry": { "type": "LineString", "coordinates": [ [ -83.596403996148211, 35.870636997500895 ], [ -83.740263996637609, 35.860452003301319 ] ] } },
{ "type": "Feature", "properties": { "edge_type": "feeder_tree", "region": "ContigUS" }, "geometry": { "type": "LineString", "coordinates": [ [ -83.60692699613368, 33.956289999733158 ], [ -83.715958998647423, 33.941975000926277 ] ] } },
{ "type": "Feature", "properties": { "edge_type": "feeder_tree", "region": "ContigUS" }, "geometry": { "type": "LineString", "coordinates": [ [ -83.630645996114566, 33.592929998765321 ], [ -83.51428000389086, 33.568076998721033 ] ] } },
{ "type": "Feature", "properties": { "edge_type": "feeder_tree", "region": "ContigUS" }, "geometry": { "type": "LineString", "coordinates": [ [ -83.598412000302815, 39.928115997151025 ], [ -83.552964999387257, 39.93012800126639 ] ] } },
{ "type": "Feature", "properties": { "edge_type": "feeder_tree", "region": "ContigUS" }, "geometry": { "type": "LineString", "coordinates": [ [ -83.506588808091266, 35.643228409208298 ], [ -83.535177000305609, 35.684846001988781 ] ] } },
{ "type": "Feature", "properties": { "edge_type": "feeder_tree", "region": "ContigUS" }, "geometry": { "type": "LineString", "coordinates": [ [ -83.510365002152213, 35.714580997649364 ], [ -83.533230997871939, 35.770857002314145 ] ] } },
{ "type": "Feature", "properties": { "edge_type": "feeder_tree", "region": "ContigUS" }, "geometry": { "type": "LineString", "coordinates": [ [ -83.465769999384776, 33.555198999474243 ], [ -83.361600002582151, 33.552187001883269 ] ] } },
{ "type": "Feature", "properties": { "edge_type": "feeder_tree", "region": "ContigUS" }, "geometry": { "type": "LineString", "coordinates": [ [ -83.393007000360228, 39.938234998222271 ], [ -83.331265000365249, 39.9413189995376 ] ] } },
{ "type": "Feature", "properties": { "edge_type": "feeder_tree", "region": "ContigUS" }, "geometry": { "type": "LineString", "coordinates": [ [ -83.306885002031976, 35.513549997469454 ], [ -83.371487175009534, 35.589796740501107 ] ] } },
{ "type": "Feature", "properties": { "edge_type": "feeder_tree", "region": "ContigUS" }, "geometry": { "type": "LineString", "coordinates": [ [ -83.357804000669219, 33.551188998488847 ], [ -83.269519999997215, 33.53413600146547 ] ] } },
{ "type": "Feature", "properties": { "edge_type": "feeder_tree", "region": "ContigUS" }, "geometry": { "type": "LineString", "coordinates": [ [ -83.330181003311878, 35.423709999214807 ], [ -83.314247998342509, 35.460065001876181 ] ] } },
{ "type": "Feature", "properties": { "edge_type": "feeder_tree", "region": "ContigUS" }, "geometry": { "type": "LineString", "coordinates": [ [ -83.315821999433894, 34.077856001637208 ], [ -83.292287001372614, 34.172430998758223 ] ] } },
{ "type": "Feature", "properties": { "edge_type": "feeder_tree", "region": "ContigUS" }, "geometry": { "type": "LineString", "coordinates": [ [ -83.284565002341964, 34.199826001493747 ], [ -83.270890002670725, 34.249145999391082 ] ] } },
{ "type": "Feature", "properties": { "edge_type": "feeder_tree", "region": "ContigUS" }, "geometry": { "type": "LineString", "coordinates": [ [ -83.259112999464378, 34.328752001325427 ], [ -83.242217000510422, 34.366496002290148 ] ] } },
{ "type": "Feature", "properties": { "edge_type": "feeder_tree", "region": "ContigUS" }, "geometry": { "type": "LineString", "coordinates": [ [ -83.224153003040882, 34.393282999065612 ], [ -83.126580997252859, 34.444730996984099 ] ] } },
{ "type": "Feature", "properties": { "edge_type": "feeder_tree", "region": "ContigUS" }, "geometry": { "type": "LineString", "coordinates": [ [ -83.167670001230547, 33.547657001920228 ], [ -83.10977800088024, 33.547118999001036 ] ] } },
{ "type": "Feature", "properties": { "edge_type": "feeder_tree", "region": "ContigUS" }, "geometry": { "type": "LineString", "coordinates": [ [ -83.101980004376543, 35.114823000535587 ], [ -83.161500003549961, 35.294906999582217 ] ] } },
{ "type": "Feature", "properties": { "edge_type": "feeder_tree", "region": "ContigUS" }, "geometry": { "type": "LineString", "coordinates": [ [ -83.107021996538009, 34.875273997171391 ], [ -83.112085000294016, 34.915770996634386 ] ] } },
{ "type": "Feature", "properties": { "edge_type": "feeder_tree", "region": "ContigUS" }, "geometry": { "type": "LineString", "coordinates": [ [ -83.056159996005576, 35.014652002576703 ], [ -83.100470996395984, 35.113898000422282 ] ] } },
{ "type": "Feature", "properties": { "edge_type": "feeder_tree", "region": "ContigUS" }, "geometry": { "type": "LineString", "coordinates": [ [ -83.073858998992009, 33.544665997148961 ], [ -82.917493003460052, 33.529927001788103 ] ] } },
{ "type": "Feature", "properties": { "edge_type": "feeder_tree", "region": "ContigUS" }, "geometry": { "type": "LineString", "coordinates": [ [ -82.903090000099425, 33.529217996023199 ], [ -82.846998996129656, 33.511504002607843 ] ] } },
{ "type": "Feature", "properties": { "edge_type": "feeder_tree", "region": "ContigUS" }, "geometry": { "type": "LineString", "coordinates": [ [ -82.798110998518283, 33.499503002404353 ], [ -82.717268003856077, 33.503034996101164 ] ] } },
{ "type": "Feature", "properties": { "edge_type": "feeder_tree", "region": "ContigUS" }, "geometry": { "type": "LineString", "coordinates": [ [ -82.567493001462637, 33.504790002761183 ], [ -82.521633000095207, 33.509035998642332 ] ] } },
{ "type": "Feature", "properties": { "edge_type": "feeder_tree", "region": "ContigUS" }, "geometry": { "type": "LineString", "coordinates": [ [ -82.409761000760184, 27.694421002833014 ], [ -82.452661996497469, 27.645719997312256 ] ] } },
{ "type": "Feature", "properties": { "edge_type": "feeder_tree", "region": "ContigUS" }, "geometry": { "type": "LineString", "coordinates": [ [ -82.448861997081522, 27.264107999032277 ], [ -82.443161997957574, 27.209436003151712 ] ] } },
{ "type": "Feature", "properties": { "edge_type": "feeder_tree", "region": "ContigUS" }, "geometry": { "type": "LineString", "coordinates": [ [ -82.437924999514209, 27.19140599614957 ], [ -82.408705004194232, 27.139345997653134 ] ] } },
{ "type": "Feature", "properties": { "edge_type": "feeder_tree", "region": "ContigUS" }, "geometry": { "type": "LineString", "coordinates": [ [ -82.400408999663341, 33.506369002689958 ], [ -82.320556999473112, 33.497185004059169 ] ] } },
{ "type": "Feature", "properties": { "edge_type": "feeder_tree", "region": "ContigUS" }, "geometry": { "type": "LineString", "coordinates": [ [ -82.381715004701888, 27.835088998754109 ], [ -82.384379003592713, 27.792562997491356 ] ] } },
{ "type": "Feature", "properties": { "edge_type": "feeder_tree", "region": "ContigUS" }, "geometry": { "type": "LineString", "coordinates": [ [ -82.359631998550128, 27.781889000856875 ], [ -82.382799001755231, 27.734800003711396 ] ] } },
{ "type": "Feature", "properties": { "edge_type": "feeder_tree", "region": "ContigUS" }, "geometry": { "type": "LineString", "coordinates": [ [ -82.335464002623908, 27.111765002622281 ], [ -82.270693997401821, 27.1002550012009 ] ] } },
{ "type": "Feature", "properties": { "edge_type": "feeder_tree", "region": "ContigUS" }, "geometry": { "type": "LineString", "coordinates": [ [ -82.279479996987604, 29.511217997899362 ], [ -82.244015003643952, 29.484249997725836 ] ] } },
{ "type": "Feature", "properties": { "edge_type": "feeder_tree", "region": "ContigUS" }, "geometry": { "type": "LineString", "coordinates": [ [ -82.275735998546466, 33.492021001104881 ], [ -82.203029000496741, 33.483973996819273 ] ] } },
{ "type": "Feature", "properties": { "edge_type": "feeder_tree", "region": "ContigUS" }, "geometry": { "type": "LineString", "coordinates": [ [ -82.174071995959352, 29.785007998784103 ], [ -82.225283998092834, 29.747745003313028 ] ] } },
{ "type": "Feature", "properties": { "edge_type": "feeder_tree", "region": "ContigUS" }, "geometry": { "type": "LineString", "coordinates": [ [ -82.22244343533292, 29.450727864842886 ], [ -82.212365999728362, 29.410443000171171 ] ] } },
{ "type": "Feature", "properties": { "edge_type": "feeder_tree", "region": "ContigUS" }, "geometry": { "type": "LineString", "coordinates": [ [ -82.21967499830717, 27.994282001615684 ], [ -82.176208001058811, 28.005541999787955 ] ] } },
{ "type": "Feature", "properties": { "edge_type": "feeder_tree", "region": "ContigUS" }, "geometry": { "type": "LineString", "coordinates": [ [ -82.208159997736587, 29.402404997787126 ], [ -82.151934003929057, 29.344590997853551 ] ] } },
{ "type": "Feature", "properties": { "edge_type": "feeder_tree", "region": "ContigUS" }, "geometry": { "type": "LineString", "coordinates": [ [ -82.19515100003386, 33.483266000569664 ], [ -82.137256996440456, 33.481041996383993 ] ] } },
{ "type": "Feature", "properties": { "edge_type": "feeder_tree", "region": "ContigUS" }, "geometry": { "type": "LineString", "coordinates": [ [ -82.166645003667995, 29.83507300096494 ], [ -82.167510997568201, 29.795804001249643 ] ] } },
{ "type": "Feature", "properties": { "edge_type": "feeder_tree", "region": "ContigUS" }, "geometry": { "type": "LineString", "coordinates": [ [ -82.072324998023191, 30.043109000597461 ], [ -82.098159997622133, 29.983063997492366 ] ] } },
{ "type": "Feature", "properties": { "edge_type": "feeder_tree", "region": "ContigUS" }, "geometry": { "type": "LineString", "coordinates": [ [ -82.032745999156035, 30.152281000931431 ], [ -82.07186600382876, 30.044337003928153 ] ] } },
{ "type": "Feature", "properties": { "edge_type": "feeder_tree", "region": "ContigUS" }, "geometry": { "type": "LineString", "coordinates": [ [ -82.039515002451239, 26.677828999587604 ], [ -82.038178003881271, 26.770383999707786 ] ] } },
{ "type": "Feature", "properties": { "edge_type": "feeder_tree", "region": "ContigUS" }, "geometry": { "type": "LineString", "coordinates": [ [ -82.034429998953954, 26.802785002628227 ], [ -82.021515000962523, 26.844169004113315 ] ] } },
{ "type": "Feature", "properties": { "edge_type": "feeder_tree", "region": "ContigUS" }, "geometry": { "type": "LineString", "coordinates": [ [ -81.903650996137316, 28.138665001119751 ], [ -81.942078004467277, 28.110165000629522 ] ] } },
{ "type": "Feature", "properties": { "edge_type": "feeder_tree", "region": "ContigUS" }, "geometry": { "type": "LineString", "coordinates": [ [ -81.899061000294196, 30.241945998140146 ], [ -81.939052999613224, 30.219229999634273 ] ] } },
{ "type": "Feature", "properties": { "edge_type": "feeder_tree", "region": "ContigUS" }, "geometry": { "type": "LineString", "coordinates": [ [ -81.806977997336162, 28.651887001050884 ], [ -81.85255299919659, 28.675065998958296 ] ] } },
{ "type": "Feature", "properties": { "edge_type": "feeder_tree", "region": "ContigUS" }, "geometry": { "type": "LineString", "coordinates": [ [ -81.700117995415297, 28.576091996837178 ], [ -81.74841299714133, 28.620813999719619 ] ] } },
{ "type": "Feature", "properties": { "edge_type": "feeder_tree", "region": "ContigUS" }, "geometry": { "type": "LineString", "coordinates": [ [ -81.662547997832718, 33.670686002226461 ], [ -81.618192000829737, 33.686935002681359 ] ] } },
{ "type": "Feature", "properties": { "edge_type": "feeder_tree", "region": "ContigUS" }, "geometry": { "type": "LineString", "coordinates": [ [ -81.5220589973122, 33.755869001884328 ], [ -81.483271000985283, 33.784595997550859 ] ] } },
{ "type": "Feature", "properties": { "edge_type": "feeder_tree", "region": "ContigUS" }, "geometry": { "type": "LineString", "coordinates": [ [ -81.298443996716955, 41.248303997229847 ], [ -81.244235996329977, 41.245399001584879 ] ] } },
{ "type": "Feature", "properties": { "edge_type": "feeder_tree", "region": "ContigUS" }, "geometry": { "type": "LineString", "coordinates": [ [ -81.226878999938492, 41.244505000894009 ], [ -81.148432997915208, 41.242944999227774 ] ] } },
{ "type": "Feature", "properties": { "edge_type": "feeder_tree", "region": "ContigUS" }, "geometry": { "type": "LineString", "coordinates": [ [ -81.128384002145495, 41.242332000972446 ], [ -81.057217003953681, 41.241894998441069 ] ] } },
{ "type": "Feature", "properties": { "edge_type": "feeder_tree", "region": "ContigUS" }, "geometry": { "type": "LineString", "coordinates": [ [ -80.99285999918348, 28.462674997819597 ], [ -81.078674998263352, 28.534382000083479 ] ] } },
{ "type": "Feature", "properties": { "edge_type": "feeder_tree", "region": "ContigUS" }, "geometry": { "type": "LineString", "coordinates": [ [ -80.947484998237954, 28.401797002363729 ], [ -80.976452998154414, 28.449145002926382 ] ] } },
{ "type": "Feature", "properties": { "edge_type": "feeder_tree", "region": "ContigUS" }, "geometry": { "type": "LineString", "coordinates": [ [ -80.873438998375207, 28.369560001981295 ], [ -80.920378002162991, 28.381684002323528 ] ] } },
{ "type": "Feature", "properties": { "edge_type": "feeder_tree", "region": "ContigUS" }, "geometry": { "type": "LineString", "coordinates": [ [ -80.826839000809343, 28.360197001200056 ], [ -80.872409996183549, 28.36950099646689 ] ] } },
{ "type": "Feature", "properties": { "edge_type": "feeder_tree", "region": "ContigUS" }, "geometry": { "type": "LineString", "coordinates": [ [ -80.749443003589022, 28.296556997421906 ], [ -80.791733998332646, 28.355610999682721 ] ] } },
{ "type": "Feature", "properties": { "edge_type": "feeder_tree", "region": "ContigUS" }, "geometry": { "type": "LineString", "coordinates": [ [ -80.720501000916897, 41.022949002532876 ], [ -80.68956499882546, 40.989991998744493 ] ] } },
{ "type": "Feature", "properties": { "edge_type": "feeder_tree", "region": "ContigUS" }, "geometry": { "type": "LineString", "coordinates": [ [ -80.705775996442654, 28.14634399921534 ], [ -80.707398003502831, 28.192502999643235 ] ] } },
{ "type": "Feature", "properties": { "edge_type": "feeder_tree", "region": "ContigUS" }, "geometry": { "type": "LineString", "coordinates": [ [ -80.631399003330316, 40.949596002357715 ], [ -80.57207499858562, 40.933142997007401 ] ] } },
{ "type": "Feature", "properties": { "edge_type": "feeder_tree", "region": "ContigUS" }, "geometry": { "type": "LineString", "coordinates": [ [ -80.609577002684361, 27.953590004129026 ], [ -80.550661003758549, 27.77185900146841 ] ] } },
{ "type": "Feature", "properties": { "edge_type": "feeder_tree", "region": "ContigUS" }, "geometry": { "type": "LineString", "coordinates": [ [ -80.551207996918222, 27.762553996121778 ], [ -80.520182998731542, 27.646046997602955 ] ] } },
{ "type": "Feature", "properties": { "edge_type": "feeder_tree", "region": "ContigUS" }, "geometry": { "type": "LineString", "coordinates": [ [ -80.518902998266341, 40.911004996940072 ], [ -80.39989700115305, 40.864195001978928 ] ] } },
{ "type": "Feature", "properties": { "edge_type": "feeder_tree", "region": "ContigUS" }, "geometry": { "type": "LineString", "coordinates": [ [ -80.446712998628982, 27.513170997503085 ], [ -80.425266996828327, 27.469766001538424 ] ] } },
{ "type": "Feature", "properties": { "edge_type": "feeder_tree", "region": "ContigUS" }, "geometry": { "type": "LineString", "coordinates": [ [ -80.341529001499978, 27.227054996390468 ], [ -80.358180002926517, 27.273113996693471 ] ] } },
{ "type": "Feature", "properties": { "edge_type": "feeder_tree", "region": "ContigUS" }, "geometry": { "type": "LineString", "coordinates": [ [ -80.274598997177236, 40.792920002784633 ], [ -80.11767300088033, 40.698364997134767 ] ] } },
{ "type": "Feature", "properties": { "edge_type": "feeder_tree", "region": "ContigUS" }, "geometry": { "type": "LineString", "coordinates": [ [ -80.238403996901098, 27.058844001345292 ], [ -80.258200000137364, 27.103588003310652 ] ] } },
{ "type": "Feature", "properties": { "edge_type": "feeder_tree", "region": "ContigUS" }, "geometry": { "type": "LineString", "coordinates": [ [ -80.166620996969485, 26.956678996755755 ], [ -80.2333049976517, 27.038782003142646 ] ] } },
{ "type": "Feature", "properties": { "edge_type": "feeder_tree", "region": "ContigUS" }, "geometry": { "type": "LineString", "coordinates": [ [ -80.128471999253676, 26.883653995764671 ], [ -80.149870004068703, 26.934545999559294 ] ] } },
{ "type": "Feature", "properties": { "edge_type": "feeder_tree", "region": "ContigUS" }, "geometry": { "type": "LineString", "coordinates": [ [ -79.927821997705621, 40.252110999033825 ], [ -79.963058998630146, 40.21418300088677 ] ] } },
{ "type": "Feature", "properties": { "edge_type": "feeder_tree", "region": "ContigUS" }, "geometry": { "type": "LineString", "coordinates": [ [ -79.912735996251314, 39.787196998621624 ], [ -79.900527002208008, 39.743531002446964 ] ] } },
{ "type": "Feature", "properties": { "edge_type": "feeder_tree", "region": "ContigUS" }, "geometry": { "type": "LineString", "coordinates": [ [ -79.899692997315071, 39.84674899937702 ], [ -79.903001995563017, 39.795169999314901 ] ] } },
{ "type": "Feature", "properties": { "edge_type": "feeder_tree", "region": "ContigUS" }, "geometry": { "type": "LineString", "coordinates": [ [ -79.880139000216374, 39.952583000940258 ], [ -79.890189998402107, 39.870488996625603 ] ] } },
{ "type": "Feature", "properties": { "edge_type": "feeder_tree", "region": "ContigUS" }, "geometry": { "type": "LineString", "coordinates": [ [ -79.868561000794926, 40.009673997116124 ], [ -79.877340999634626, 39.972945997051688 ] ] } },
{ "type": "Feature", "properties": { "edge_type": "feeder_tree", "region": "ContigUS" }, "geometry": { "type": "LineString", "coordinates": [ [ -79.624254996462724, 33.899212002464509 ], [ -79.581561996646329, 33.88306799636851 ] ] } },
{ "type": "Feature", "properties": { "edge_type": "feeder_tree", "region": "ContigUS" }, "geometry": { "type": "LineString", "coordinates": [ [ -79.52275400216709, 40.40287499690163 ], [ -79.441966999496529, 40.39540200224279 ] ] } },
{ "type": "Feature", "properties": { "edge_type": "feeder_tree", "region": "ContigUS" }, "geometry": { "type": "LineString", "coordinates": [ [ -79.422123996404665, 40.39854400278621 ], [ -79.287502000802533, 40.431882001003402 ] ] } },
{ "type": "Feature", "properties": { "edge_type": "feeder_tree", "region": "ContigUS" }, "geometry": { "type": "LineString", "coordinates": [ [ -79.383727997918299, 33.892080001761705 ], [ -79.284234001664146, 33.845859999357572 ] ] } },
{ "type": "Feature", "properties": { "edge_type": "feeder_tree", "region": "ContigUS" }, "geometry": { "type": "LineString", "coordinates": [ [ -79.222795003414475, 33.838527996399648 ], [ -79.174312002265822, 33.835295002289435 ] ] } },
{ "type": "Feature", "properties": { "edge_type": "feeder_tree", "region": "ContigUS" }, "geometry": { "type": "LineString", "coordinates": [ [ -79.1754219965635, 40.450120999016995 ], [ -79.106292000143625, 40.447094997541065 ] ] } },
{ "type": "Feature", "properties": { "edge_type": "feeder_tree", "region": "ContigUS" }, "geometry": { "type": "LineString", "coordinates": [ [ -79.103511004670224, 40.446660998262281 ], [ -79.032160004558733, 40.455856999675149 ] ] } },
{ "type": "Feature", "properties": { "edge_type": "feeder_tree", "region": "ContigUS" }, "geometry": { "type": "LineString", "coordinates": [ [ -78.908659996590373, 40.435564000594361 ], [ -78.842046998748273, 40.450141998957847 ] ] } },
{ "type": "Feature", "properties": { "edge_type": "feeder_tree", "region": "ContigUS" }, "geometry": { "type": "LineString", "coordinates": [ [ -78.835548999207987, 40.449531001903736 ], [ -78.768053999487279, 40.4617250022322 ] ] } },
{ "type": "Feature", "properties": { "edge_type": "feeder_tree", "region": "ContigUS" }, "geometry": { "type": "LineString", "coordinates": [ [ -78.711191998458588, 42.558075002421724 ], [ -78.763984999559483, 42.626197001916346 ] ] } },
{ "type": "Feature", "properties": { "edge_type": "feeder_tree", "region": "ContigUS" }, "geometry": { "type": "LineString", "coordinates": [ [ -78.691205004409767, 42.510205001656075 ], [ -78.710533003349312, 42.548559999529154 ] ] } },
{ "type": "Feature", "properties": { "edge_type": "feeder_tree", "region": "ContigUS" }, "geometry": { "type": "LineString", "coordinates": [ [ -78.659071000072302, 42.284930999920249 ], [ -78.699187002833156, 42.443726999650764 ] ] } },
{ "type": "Feature", "properties": { "edge_type": "feeder_tree", "region": "ContigUS" }, "geometry": { "type": "LineString", "coordinates": [ [ -78.682683998849669, 41.496256002392833 ], [ -78.690495002958698, 41.568680001277293 ] ] } },
{ "type": "Feature", "properties": { "edge_type": "feeder_tree", "region": "ContigUS" }, "geometry": { "type": "LineString", "coordinates": [ [ -78.688430997829286, 41.575485001215817 ], [ -78.651891996698254, 41.905734997494427 ] ] } },
{ "type": "Feature", "properties": { "edge_type": "feeder_tree", "region": "ContigUS" }, "geometry": { "type": "LineString", "coordinates": [ [ -78.636532997229097, 42.214365997177644 ], [ -78.672821997216531, 42.27505200132655 ] ] } },
{ "type": "Feature", "properties": { "edge_type": "feeder_tree", "region": "ContigUS" }, "geometry": { "type": "LineString", "coordinates": [ [ -78.580587996442461, 41.434022000018416 ], [ -78.670187004926262, 41.480113998052076 ] ] } },
{ "type": "Feature", "properties": { "edge_type": "feeder_tree", "region": "ContigUS" }, "geometry": { "type": "LineString", "coordinates": [ [ -78.65023500025778, 40.465115999635266 ], [ -78.60105099877714, 40.448254999562458 ] ] } },
{ "type": "Feature", "properties": { "edge_type": "feeder_tree", "region": "ContigUS" }, "geometry": { "type": "LineString", "coordinates": [ [ -78.631946001759033, 42.033339003042087 ], [ -78.631114997239138, 42.087534002278545 ] ] } },
{ "type": "Feature", "properties": { "edge_type": "feeder_tree", "region": "ContigUS" }, "geometry": { "type": "LineString", "coordinates": [ [ -78.496349998826972, 41.269442002597032 ], [ -78.556460002495825, 41.366476998883741 ] ] } },
{ "type": "Feature", "properties": { "edge_type": "feeder_tree", "region": "ContigUS" }, "geometry": { "type": "LineString", "coordinates": [ [ -78.551919000768308, 40.4551980017186 ], [ -78.479598996943011, 40.421314997705863 ] ] } },
{ "type": "Feature", "properties": { "edge_type": "feeder_tree", "region": "ContigUS" }, "geometry": { "type": "LineString", "coordinates": [ [ -78.53614600371732, 41.113488996766804 ], [ -78.527908003404306, 41.246148002614419 ] ] } },
{ "type": "Feature", "properties": { "edge_type": "feeder_tree", "region": "ContigUS" }, "geometry": { "type": "LineString", "coordinates": [ [ -78.406099999223073, 41.038677999947708 ], [ -78.532221003729575, 41.103312001674723 ] ] } },
{ "type": "Feature", "properties": { "edge_type": "feeder_tree", "region": "ContigUS" }, "geometry": { "type": "LineString", "coordinates": [ [ -78.435265996811282, 38.132142002927829 ], [ -78.463249003001891, 38.098509003866468 ] ] } },
{ "type": "Feature", "properties": { "edge_type": "feeder_tree", "region": "ContigUS" }, "geometry": { "type": "LineString", "coordinates": [ [ -78.410056997201224, 38.170892997618445 ], [ -78.431414002906692, 38.137363003077169 ] ] } },
{ "type": "Feature", "properties": { "edge_type": "feeder_tree", "region": "ContigUS" }, "geometry": { "type": "LineString", "coordinates": [ [ -78.349963998640717, 41.022519001115029 ], [ -78.391517997558907, 41.03866099973547 ] ] } },
{ "type": "Feature", "properties": { "edge_type": "feeder_tree", "region": "ContigUS" }, "geometry": { "type": "LineString", "coordinates": [ [ -78.308315002881187, 38.321082003200324 ], [ -78.369260996719788, 38.233204001918807 ] ] } },
{ "type": "Feature", "properties": { "edge_type": "feeder_tree", "region": "ContigUS" }, "geometry": { "type": "LineString", "coordinates": [ [ -78.341715002948618, 40.452283001452969 ], [ -78.13876700310594, 40.571197000416092 ] ] } },
{ "type": "Feature", "properties": { "edge_type": "feeder_tree", "region": "ContigUS" }, "geometry": { "type": "LineString", "coordinates": [ [ -78.22965300094782, 40.902833002934656 ], [ -78.302240999171843, 40.984357999208555 ] ] } },
{ "type": "Feature", "properties": { "edge_type": "feeder_tree", "region": "ContigUS" }, "geometry": { "type": "LineString", "coordinates": [ [ -78.131294996235681, 38.443872000123243 ], [ -78.241778999642051, 38.39132499706038 ] ] } },
{ "type": "Feature", "properties": { "edge_type": "feeder_tree", "region": "ContigUS" }, "geometry": { "type": "LineString", "coordinates": [ [ -78.197207999858961, 40.74056699767808 ], [ -78.211877003358396, 40.881232000599248 ] ] } },
{ "type": "Feature", "properties": { "edge_type": "feeder_tree", "region": "ContigUS" }, "geometry": { "type": "LineString", "coordinates": [ [ -78.170321001197095, 40.613115002289298 ], [ -77.901621999909466, 40.727637001034275 ] ] } },
{ "type": "Feature", "properties": { "edge_type": "feeder_tree", "region": "ContigUS" }, "geometry": { "type": "LineString", "coordinates": [ [ -78.023732996852857, 38.453903998998591 ], [ -78.116210998024457, 38.456323003080811 ] ] } },
{ "type": "Feature", "properties": { "edge_type": "feeder_tree", "region": "ContigUS" }, "geometry": { "type": "LineString", "coordinates": [ [ -78.058132004364609, 40.498313001104606 ], [ -78.099723004889384, 40.549498000933966 ] ] } },
{ "type": "Feature", "properties": { "edge_type": "feeder_tree", "region": "ContigUS" }, "geometry": { "type": "LineString", "coordinates": [ [ -77.943685002233963, 40.443060996616893 ], [ -77.995286001834927, 40.476039001285109 ] ] } },
{ "type": "Feature", "properties": { "edge_type": "feeder_tree", "region": "ContigUS" }, "geometry": { "type": "LineString", "coordinates": [ [ -77.992936000068497, 39.943959999610499 ], [ -77.969435003240733, 40.033947997463983 ] ] } },
{ "type": "Feature", "properties": { "edge_type": "feeder_tree", "region": "ContigUS" }, "geometry": { "type": "LineString", "coordinates": [ [ -77.966450000366294, 39.893351999959741 ], [ -77.98919200162733, 39.929306001717478 ] ] } },
{ "type": "Feature", "properties": { "edge_type": "feeder_tree", "region": "ContigUS" }, "geometry": { "type": "LineString", "coordinates": [ [ -77.904015004028523, 39.833544001135778 ], [ -77.965445998288999, 39.867593998726868 ] ] } },
{ "type": "Feature", "properties": { "edge_type": "feeder_tree", "region": "ContigUS" }, "geometry": { "type": "LineString", "coordinates": [ [ -77.821917997162302, 38.526612002746155 ], [ -77.936843001838753, 38.489250999333457 ] ] } },
{ "type": "Feature", "properties": { "edge_type": "feeder_tree", "region": "ContigUS" }, "geometry": { "type": "LineString", "coordinates": [ [ -77.895217002950531, 40.083353002728906 ], [ -77.863369004233164, 40.18536399874165 ] ] } },
{ "type": "Feature", "properties": { "edge_type": "feeder_tree", "region": "ContigUS" }, "geometry": { "type": "LineString", "coordinates": [ [ -77.893051003103778, 40.242785003726475 ], [ -77.86868200014959, 40.371477003413027 ] ] } },
{ "type": "Feature", "properties": { "edge_type": "feeder_tree", "region": "ContigUS" }, "geometry": { "type": "LineString", "coordinates": [ [ -77.731160997395193, 39.791112001077842 ], [ -77.871934997422755, 39.804747001145095 ] ] } },
{ "type": "Feature", "properties": { "edge_type": "feeder_tree", "region": "ContigUS" }, "geometry": { "type": "LineString", "coordinates": [ [ -77.720127996873472, 38.604109000183591 ], [ -77.767680999157974, 38.582978999071059 ] ] } },
{ "type": "Feature", "properties": { "edge_type": "feeder_tree", "region": "ContigUS" }, "geometry": { "type": "LineString", "coordinates": [ [ -77.746652004295314, 40.779998003366671 ], [ -77.621895998846213, 40.753123997693258 ] ] } },
{ "type": "Feature", "properties": { "edge_type": "feeder_tree", "region": "ContigUS" }, "geometry": { "type": "LineString", "coordinates": [ [ -77.605892000019921, 39.536573999850454 ], [ -77.646347997149505, 39.571549997305148 ] ] } },
{ "type": "Feature", "properties": { "edge_type": "feeder_tree", "region": "ContigUS" }, "geometry": { "type": "LineString", "coordinates": [ [ -77.620409996720056, 38.687600999578756 ], [ -77.641279001630565, 38.655485999192145 ] ] } },
{ "type": "Feature", "properties": { "edge_type": "feeder_tree", "region": "ContigUS" }, "geometry": { "type": "LineString", "coordinates": [ [ -77.56192400335442, 39.511379999892981 ], [ -77.605303998767553, 39.536185997654535 ] ] } },
{ "type": "Feature", "properties": { "edge_type": "feeder_tree", "region": "ContigUS" }, "geometry": { "type": "LineString", "coordinates": [ [ -77.591246999504889, 40.701238996308014 ], [ -77.599945000125416, 40.667300996294522 ] ] } },
{ "type": "Feature", "properties": { "edge_type": "feeder_tree", "region": "ContigUS" }, "geometry": { "type": "LineString", "coordinates": [ [ -77.538785997766681, 40.579835999191083 ], [ -77.42066600003497, 40.601761997688314 ] ] } },
{ "type": "Feature", "properties": { "edge_type": "feeder_tree", "region": "ContigUS" }, "geometry": { "type": "LineString", "coordinates": [ [ -77.501291997657106, 39.455346002159764 ], [ -77.533251001194131, 39.489054003088285 ] ] } },
{ "type": "Feature", "properties": { "edge_type": "feeder_tree", "region": "ContigUS" }, "geometry": { "type": "LineString", "coordinates": [ [ -77.357380999809052, 39.323778001308341 ], [ -77.393487003989975, 39.353197999849172 ] ] } },
{ "type": "Feature", "properties": { "edge_type": "feeder_tree", "region": "ContigUS" }, "geometry": { "type": "LineString", "coordinates": [ [ -77.359048003481774, 40.552616998254528 ], [ -77.23476799733541, 40.569439998927159 ] ] } },
{ "type": "Feature", "properties": { "edge_type": "feeder_tree", "region": "ContigUS" }, "geometry": { "type": "LineString", "coordinates": [ [ -77.284828997078478, 39.231965003121502 ], [ -77.321094003064687, 39.27550200206786 ] ] } },
{ "type": "Feature", "properties": { "edge_type": "feeder_tree", "region": "ContigUS" }, "geometry": { "type": "LineString", "coordinates": [ [ -77.145219995193415, 40.54013400008953 ], [ -77.114698996796946, 40.495639999095957 ] ] } },
{ "type": "Feature", "properties": { "edge_type": "feeder_tree", "region": "ContigUS" }, "geometry": { "type": "LineString", "coordinates": [ [ -77.102684002922388, 40.494015998091157 ], [ -77.040163001879307, 40.476246999240431 ] ] } },
{ "type": "Feature", "properties": { "edge_type": "feeder_tree", "region": "ContigUS" }, "geometry": { "type": "LineString", "coordinates": [ [ -77.002116996010784, 40.376596999948617 ], [ -76.951979998794712, 40.370518000187097 ] ] } },
{ "type": "Feature", "properties": { "edge_type": "feeder_tree", "region": "ContigUS" }, "geometry": { "type": "LineString", "coordinates": [ [ -76.793524000889008, 40.12899000180073 ], [ -76.767479002126109, 40.086001000340929 ] ] } },
{ "type": "Feature", "properties": { "edge_type": "feeder_tree", "region": "ContigUS" }, "geometry": { "type": "LineString", "coordinates": [ [ -76.683490996671026, 39.823434002798855 ], [ -76.674813998661818, 39.789514999379023 ] ] } },
{ "type": "Feature", "properties": { "edge_type": "feeder_tree", "region": "ContigUS" }, "geometry": { "type": "LineString", "coordinates": [ [ -76.676446003971094, 39.585608002537015 ], [ -76.666550998234442, 39.548303999267617 ] ] } },
{ "type": "Feature", "properties": { "edge_type": "feeder_tree", "region": "ContigUS" }, "geometry": { "type": "LineString", "coordinates": [ [ -76.249399997371214, 39.559213997223772 ], [ -76.186831996472492, 39.576763997461924 ] ] } },
{ "type": "Feature", "properties": { "edge_type": "feeder_tree", "region": "ContigUS" }, "geometry": { "type": "LineString", "coordinates": [ [ -76.060699996586905, 39.595916997753513 ], [ -75.999646995431704, 39.615561996422556 ] ] } },
{ "type": "Feature", "properties": { "edge_type": "feeder_tree", "region": "ContigUS" }, "geometry": { "type": "LineString", "coordinates": [ [ -75.931977003893635, 39.643670001815117 ], [ -75.874603996215583, 39.642330002592004 ] ] } },
{ "type": "Feature", "properties": { "edge_type": "feeder_tree", "region": "ContigUS" }, "geometry": { "type": "LineString", "coordinates": [ [ -73.703294998325305, 41.132298997394415 ], [ -73.687578002249126, 41.189487001173731 ] ] } },
{ "type": "Feature", "properties": { "edge_type": "feeder_tree", "region": "ContigUS" }, "geometry": { "type": "LineString", "coordinates": [ [ -73.592840001519448, 41.554027001376866 ], [ -73.565527003783544, 41.643799998221539 ] ] } },
{ "type": "Feature", "properties": { "edge_type": "feeder_tree", "region": "ContigUS" }, "geometry": { "type": "LineString", "coordinates": [ [ -73.562914002251389, 41.647289997779971 ], [ -73.584445999774189, 41.744999001969234 ] ] } },
{ "type": "Feature", "properties": { "edge_type": "feeder_tree", "region": "ContigUS" }, "geometry": { "type": "LineString", "coordinates": [ [ -73.575382995687391, 41.435067002070781 ], [ -73.580599000502559, 41.473652000842442 ] ] } },
{ "type": "Feature", "properties": { "edge_type": "feeder_tree", "region": "ContigUS" }, "geometry": { "type": "LineString", "coordinates": [ [ -73.58030199950332, 41.758702996795542 ], [ -73.532156998463449, 41.939582997151959 ] ] } },
{ "type": "Feature", "properties": { "edge_type": "feeder_tree", "region": "ContigUS" }, "geometry": { "type": "LineString", "coordinates": [ [ -73.512530004264761, 41.952760001988757 ], [ -73.542886000109888, 42.094151996809629 ] ] } },
{ "type": "Feature", "properties": { "edge_type": "feeder_tree", "region": "ContigUS" }, "geometry": { "type": "LineString", "coordinates": [ [ -73.525389001281368, 42.125654997290525 ], [ -73.521558998134907, 42.179951997250114 ] ] } },
{ "type": "Feature", "properties": { "edge_type": "feeder_tree", "region": "ContigUS" }, "geometry": { "type": "LineString", "coordinates": [ [ -73.520153997097921, 42.181803998425544 ], [ -73.475863002188902, 42.262404001631353 ] ] } },
{ "type": "Feature", "properties": { "edge_type": "feeder_tree", "region": "ContigUS" }, "geometry": { "type": "LineString", "coordinates": [ [ -73.473465003436871, 42.263977002371327 ], [ -73.415580998092594, 42.349806996534468 ] ] } },
{ "type": "Feature", "properties": { "edge_type": "feeder_tree", "region": "ContigUS" }, "geometry": { "type": "LineString", "coordinates": [ [ -73.428510997949246, 42.361701999474739 ], [ -73.396657995615783, 42.464139999003315 ] ] } },
{ "type": "Feature", "properties": { "edge_type": "feeder_tree", "region": "ContigUS" }, "geometry": { "type": "LineString", "coordinates": [ [ -73.381469002314148, 42.473914998677898 ], [ -73.346689998454067, 42.75042799722663 ] ] } },
{ "type": "Feature", "properties": { "edge_type": "feeder_tree", "region": "ContigUS" }, "geometry": { "type": "LineString", "coordinates": [ [ -73.37615899778767, 43.027734001788041 ], [ -73.354987997244919, 43.149724001951711 ] ] } },
{ "type": "Feature", "properties": { "edge_type": "feeder_tree", "region": "ContigUS" }, "geometry": { "type": "LineString", "coordinates": [ [ -73.374226002959276, 42.951552997507221 ], [ -73.375559004026229, 43.023044001769549 ] ] } },
{ "type": "Feature", "properties": { "edge_type": "feeder_tree", "region": "ContigUS" }, "geometry": { "type": "LineString", "coordinates": [ [ -73.35341299902359, 43.150529999764935 ], [ -73.263183004901052, 43.39327100058901 ] ] } },
{ "type": "Feature", "properties": { "edge_type": "feeder_tree", "region": "ContigUS" }, "geometry": { "type": "LineString", "coordinates": [ [ -73.34148899550415, 42.856513000481854 ], [ -73.351706002354391, 42.901414000779432 ] ] } },
{ "type": "Feature", "properties": { "edge_type": "feeder_tree", "region": "ContigUS" }, "geometry": { "type": "LineString", "coordinates": [ [ -73.345944001509537, 42.751183000005383 ], [ -73.332361995436528, 42.822932000143076 ] ] } },
{ "type": "Feature", "properties": { "edge_type": "feeder_tree", "region": "ContigUS" }, "geometry": { "type": "LineString", "coordinates": [ [ -73.308171999768987, 43.900507001826277 ], [ -73.312775003217425, 43.988262998973646 ] ] } },
{ "type": "Feature", "properties": { "edge_type": "feeder_tree", "region": "ContigUS" }, "geometry": { "type": "LineString", "coordinates": [ [ -73.311480998016961, 43.994631001310545 ], [ -73.258865000959659, 44.163220003543806 ] ] } },
{ "type": "Feature", "properties": { "edge_type": "feeder_tree", "region": "ContigUS" }, "geometry": { "type": "LineString", "coordinates": [ [ -73.278984999569417, 43.606771999887407 ], [ -73.309377997021059, 43.887383997753105 ] ] } },
{ "type": "Feature", "properties": { "edge_type": "feeder_tree", "region": "ContigUS" }, "geometry": { "type": "LineString", "coordinates": [ [ -73.263700003313375, 43.393998999597173 ], [ -73.263224004010624, 43.567676999003275 ] ] } },
{ "type": "Feature", "properties": { "edge_type": "feeder_tree", "region": "ContigUS" }, "geometry": { "type": "LineString", "coordinates": [ [ -73.245318002233262, 44.183806998634374 ], [ -73.22829499946441, 44.25874700199747 ] ] } },
{ "type": "Feature", "properties": { "edge_type": "feeder_tree", "region": "ContigUS" }, "geometry": { "type": "LineString", "coordinates": [ [ -73.230926003234856, 44.263521000693437 ], [ -73.238652996898495, 44.353469998860959 ] ] } },
{ "type": "Feature", "properties": { "edge_type": "feeder_tree", "region": "ContigUS" }, "geometry": { "type": "LineString", "coordinates": [ [ -72.851316999466817, 41.432551001393193 ], [ -72.872017004322899, 41.395590997721364 ] ] } },
{ "type": "Feature", "properties": { "edge_type": "feeder_tree", "region": "ContigUS" }, "geometry": { "type": "LineString", "coordinates": [ [ -72.589710996847913, 42.024878997119238 ], [ -72.586327995386839, 42.072953002385646 ] ] } },
{ "type": "Feature", "properties": { "edge_type": "feeder_tree", "region": "ContigUS" }, "geometry": { "type": "LineString", "coordinates": [ [ -72.371819001231017, 41.798452002282993 ], [ -72.302878998493767, 41.804499996616748 ] ] } },
{ "type": "Feature", "properties": { "edge_type": "feeder_tree", "region": "ContigUS" }, "geometry": { "type": "LineString", "coordinates": [ [ -72.161327003531241, 41.864007000016727 ], [ -72.006819999614564, 41.860517002873408 ] ] } },
{ "type": "Feature", "properties": { "edge_type": "feeder_tree", "region": "ContigUS" }, "geometry": { "type": "LineString", "coordinates": [ [ -70.860809996416535, 43.129909998469905 ], [ -70.90664199729656, 43.137550997169548 ] ] } },
{ "type": "Feature", "properties": { "edge_type": "feeder_tree", "region": "ContigUS" }, "geometry": { "type": "LineString", "coordinates": [ [ -70.878730002929203, 42.898770001040468 ], [ -70.863324003604376, 42.932281997580311 ] ] } },
{ "type": "Feature", "properties": { "edge_type": "feeder_tree", "region": "ContigUS" }, "geometry": { "type": "LineString", "coordinates": [ [ -70.853647998150848, 42.974599002765366 ], [ -70.830076995612998, 43.020494997397222 ] ] } },
{ "type": "Feature", "properties": { "edge_type": "feeder_tree", "region": "ContigUS" }, "geometry": { "type": "LineString", "coordinates": [ [ -70.670596999131817, 43.149542001820159 ], [ -70.7181660004115, 43.122230999301415 ] ] } },
{ "type": "Feature", "properties": { "edge_type": "feeder_tree", "region": "ContigUS" }, "geometry": { "type": "LineString", "coordinates": [ [ -70.584700001832758, 43.310107002211979 ], [ -70.658881997646375, 43.15459100349419 ] ] } },
{ "type": "Feature", "properties": { "edge_type": "feeder_tree", "region": "ContigUS" }, "geometry": { "type": "LineString", "coordinates": [ [ -70.543675999949031, 43.384531999653433 ], [ -70.56110399918056, 43.344654996658434 ] ] } },
{ "type": "Feature", "properties": { "edge_type": "feeder_tree", "region": "ContigUS" }, "geometry": { "type": "LineString", "coordinates": [ [ -70.492216997045048, 43.4597050027823 ], [ -70.537022996106458, 43.38781300110174 ] ] } },
{ "type": "Feature", "properties": { "edge_type": "hub_backbone", "region": "ContigUS" }, "geometry": { "type": "LineString", "coordinates": [ [ -123.363961999274608, 43.12724800021472 ], [ -123.359899997222868, 43.075948998183485 ] ] } },
{ "type": "Feature", "properties": { "edge_type": "hub_backbone", "region": "ContigUS" }, "geometry": { "type": "LineString", "coordinates": [ [ -123.328082999365961, 43.361693002667771 ], [ -123.34654200403223, 43.318147000348866 ] ] } },
{ "type": "Feature", "properties": { "edge_type": "hub_backbone", "region": "ContigUS" }, "geometry": { "type": "LineString", "coordinates": [ [ -123.310044002010784, 43.00461200182977 ], [ -123.335974995581012, 42.973332000521225 ] ] } },
{ "type": "Feature", "properties": { "edge_type": "hub_backbone", "region": "ContigUS" }, "geometry": { "type": "LineString", "coordinates": [ [ -123.315907000443048, 43.51062799907416 ], [ -123.315938998433481, 43.471440000219481 ] ] } },
{ "type": "Feature", "properties": { "edge_type": "hub_backbone", "region": "ContigUS" }, "geometry": { "type": "LineString", "coordinates": [ [ -123.276650002689479, 42.927502997707798 ], [ -123.008703996222437, 42.945574003475528 ] ] } },
{ "type": "Feature", "properties": { "edge_type": "hub_backbone", "region": "ContigUS" }, "geometry": { "type": "LineString", "coordinates": [ [ -123.22506299884067, 43.605411999763085 ], [ -123.276306001834556, 43.566695998128445 ] ] } },
{ "type": "Feature", "properties": { "edge_type": "hub_backbone", "region": "ContigUS" }, "geometry": { "type": "LineString", "coordinates": [ [ -123.202169999763527, 43.670466002189762 ], [ -123.216677998214521, 43.613042999243348 ] ] } },
{ "type": "Feature", "properties": { "edge_type": "hub_backbone", "region": "ContigUS" }, "geometry": { "type": "LineString", "coordinates": [ [ -123.137698998783748, 43.753669000164763 ], [ -123.205237000857082, 43.725028000228576 ] ] } },
{ "type": "Feature", "properties": { "edge_type": "hub_backbone", "region": "ContigUS" }, "geometry": { "type": "LineString", "coordinates": [ [ -123.072748000998217, 43.765406998804949 ], [ -123.115920997620393, 43.750130998885773 ] ] } },
{ "type": "Feature", "properties": { "edge_type": "hub_backbone", "region": "ContigUS" }, "geometry": { "type": "LineString", "coordinates": [ [ -123.061645003749561, 44.551306000479002 ], [ -123.061104999482794, 44.393420999569827 ] ] } },
{ "type": "Feature", "properties": { "edge_type": "hub_backbone", "region": "ContigUS" }, "geometry": { "type": "LineString", "coordinates": [ [ -123.061070001119333, 44.384354996876091 ], [ -123.060728003507492, 44.28414100169406 ] ] } },
{ "type": "Feature", "properties": { "edge_type": "hub_backbone", "region": "ContigUS" }, "geometry": { "type": "LineString", "coordinates": [ [ -123.060707000896173, 44.275706002284672 ], [ -123.060597999319612, 44.239445001775351 ] ] } },
{ "type": "Feature", "properties": { "edge_type": "hub_backbone", "region": "ContigUS" }, "geometry": { "type": "LineString", "coordinates": [ [ -123.060462003368741, 44.200077996998886 ], [ -123.055304002771464, 44.15119200193611 ] ] } },
{ "type": "Feature", "properties": { "edge_type": "hub_backbone", "region": "ContigUS" }, "geometry": { "type": "LineString", "coordinates": [ [ -123.051934997062489, 44.70214199966545 ], [ -123.058011004014929, 44.669297997409238 ] ] } },
{ "type": "Feature", "properties": { "edge_type": "hub_backbone", "region": "ContigUS" }, "geometry": { "type": "LineString", "coordinates": [ [ -123.008245999158007, 44.839958998192699 ], [ -123.033276997594498, 44.796253997528829 ] ] } },
{ "type": "Feature", "properties": { "edge_type": "hub_backbone", "region": "ContigUS" }, "geometry": { "type": "LineString", "coordinates": [ [ -123.012696998677185, 43.914156001299702 ], [ -123.020152997569113, 43.852327001477676 ] ] } },
{ "type": "Feature", "properties": { "edge_type": "hub_backbone", "region": "ContigUS" }, "geometry": { "type": "LineString", "coordinates": [ [ -123.011725003573474, 43.965831002696554 ], [ -123.012204003249295, 43.917736000725455 ] ] } },
{ "type": "Feature", "properties": { "edge_type": "hub_backbone", "region": "ContigUS" }, "geometry": { "type": "LineString", "coordinates": [ [ -123.005034998124358, 42.942820001582959 ], [ -122.868713003729155, 42.774498996931115 ] ] } },
{ "type": "Feature", "properties": { "edge_type": "hub_backbone", "region": "ContigUS" }, "geometry": { "type": "LineString", "coordinates": [ [ -122.897475001984617, 45.134837001350363 ], [ -122.970485998909652, 45.054164998045948 ] ] } },
{ "type": "Feature", "properties": { "edge_type": "hub_backbone", "region": "ContigUS" }, "geometry": { "type": "LineString", "coordinates": [ [ -122.906592003803155, 46.359096997640322 ], [ -122.912737998499395, 46.323725000716344 ] ] } },
{ "type": "Feature", "properties": { "edge_type": "hub_backbone", "region": "ContigUS" }, "geometry": { "type": "LineString", "coordinates": [ [ -122.809711997227978, 45.231719000980654 ], [ -122.864707002652224, 45.167005997316323 ] ] } },
{ "type": "Feature", "properties": { "edge_type": "hub_backbone", "region": "ContigUS" }, "geometry": { "type": "LineString", "coordinates": [ [ -122.861953001553076, 46.851639997316241 ], [ -122.86247600071151, 46.819567999352628 ] ] } },
{ "type": "Feature", "properties": { "edge_type": "hub_backbone", "region": "ContigUS" }, "geometry": { "type": "LineString", "coordinates": [ [ -122.850958197397247, 42.72972941383906 ], [ -122.807757999788265, 42.647935997460152 ] ] } },
{ "type": "Feature", "properties": { "edge_type": "hub_backbone", "region": "ContigUS" }, "geometry": { "type": "LineString", "coordinates": [ [ -122.738732001328856, 46.871456002682756 ], [ -122.832056997032353, 46.858049999147028 ] ] } },
{ "type": "Feature", "properties": { "edge_type": "hub_backbone", "region": "ContigUS" }, "geometry": { "type": "LineString", "coordinates": [ [ -122.813968996578453, 42.523776999683058 ], [ -122.811899996816067, 42.489030000923854 ] ] } },
{ "type": "Feature", "properties": { "edge_type": "hub_backbone", "region": "ContigUS" }, "geometry": { "type": "LineString", "coordinates": [ [ -122.81188200356091, 42.615038002742665 ], [ -122.812283002520559, 42.537220002011708 ] ] } },
{ "type": "Feature", "properties": { "edge_type": "hub_backbone", "region": "ContigUS" }, "geometry": { "type": "LineString", "coordinates": [ [ -122.611655000713824, 46.939204002791982 ], [ -122.666333996787415, 46.902458998761965 ] ] } },
{ "type": "Feature", "properties": { "edge_type": "hub_backbone", "region": "ContigUS" }, "geometry": { "type": "LineString", "coordinates": [ [ -122.630933996554603, 42.129579997757396 ], [ -122.600900001823092, 42.077703996724949 ] ] } },
{ "type": "Feature", "properties": { "edge_type": "hub_backbone", "region": "ContigUS" }, "geometry": { "type": "LineString", "coordinates": [ [ -122.602606001362332, 42.063868999705676 ], [ -122.610497000447381, 42.018498996990481 ] ] } },
{ "type": "Feature", "properties": { "edge_type": "hub_backbone", "region": "ContigUS" }, "geometry": { "type": "LineString", "coordinates": [ [ -122.443410995404989, 47.067598998097338 ], [ -122.540026996101346, 47.004603002728032 ] ] } },
{ "type": "Feature", "properties": { "edge_type": "hub_backbone", "region": "ContigUS" }, "geometry": { "type": "LineString", "coordinates": [ [ -120.748749003550117, 39.243684002037035 ], [ -120.712361000235205, 39.279383996651738 ] ] } },
{ "type": "Feature", "properties": { "edge_type": "hub_backbone", "region": "ContigUS" }, "geometry": { "type": "LineString", "coordinates": [ [ -120.341536998922976, 39.341057996695334 ], [ -120.299954002387395, 39.327464997979732 ] ] } },
{ "type": "Feature", "properties": { "edge_type": "hub_backbone", "region": "ContigUS" }, "geometry": { "type": "LineString", "coordinates": [ [ -120.288558001642542, 39.33100099833117 ], [ -120.237461998961706, 39.326322001921682 ] ] } },
{ "type": "Feature", "properties": { "edge_type": "hub_backbone", "region": "ContigUS" }, "geometry": { "type": "LineString", "coordinates": [ [ -119.616414000023369, 39.528516002046771 ], [ -119.559407999054599, 39.556776997001052 ] ] } },
{ "type": "Feature", "properties": { "edge_type": "hub_backbone", "region": "ContigUS" }, "geometry": { "type": "LineString", "coordinates": [ [ -119.550715999180156, 39.560805999429199 ], [ -119.490481003922653, 39.566320002960246 ] ] } },
{ "type": "Feature", "properties": { "edge_type": "hub_backbone", "region": "ContigUS" }, "geometry": { "type": "LineString", "coordinates": [ [ -119.367236000714044, 39.592960002608606 ], [ -119.316408998545043, 39.611991999773657 ] ] } },
{ "type": "Feature", "properties": { "edge_type": "hub_backbone", "region": "ContigUS" }, "geometry": { "type": "LineString", "coordinates": [ [ -119.169547996185969, 39.647272997276701 ], [ -119.023254001451107, 39.787209996768006 ] ] } },
{ "type": "Feature", "properties": { "edge_type": "hub_backbone", "region": "ContigUS" }, "geometry": { "type": "LineString", "coordinates": [ [ -119.018137997093376, 39.793876003447515 ], [ -118.753481001359262, 39.940335002746707 ] ] } },
{ "type": "Feature", "properties": { "edge_type": "hub_backbone", "region": "ContigUS" }, "geometry": { "type": "LineString", "coordinates": [ [ -118.742023996023391, 39.944854998095323 ], [ -118.654233996892444, 40.057196998912261 ] ] } },
{ "type": "Feature", "properties": { "edge_type": "hub_backbone", "region": "ContigUS" }, "geometry": { "type": "LineString", "coordinates": [ [ -118.648589001613374, 40.063133002027378 ], [ -118.487956996628654, 40.162331999572324 ] ] } },
{ "type": "Feature", "properties": { "edge_type": "hub_backbone", "region": "ContigUS" }, "geometry": { "type": "LineString", "coordinates": [ [ -118.473323997605803, 40.181884000957041 ], [ -118.389147004581304, 40.243668003606743 ] ] } },
{ "type": "Feature", "properties": { "edge_type": "hub_backbone", "region": "ContigUS" }, "geometry": { "type": "LineString", "coordinates": [ [ -118.384303998238394, 40.246793000407372 ], [ -118.322108995811931, 40.331024998979402 ] ] } },
{ "type": "Feature", "properties": { "edge_type": "hub_backbone", "region": "ContigUS" }, "geometry": { "type": "LineString", "coordinates": [ [ -118.315775998823057, 40.339051002561952 ], [ -118.285273002664809, 40.462225002523255 ] ] } },
{ "type": "Feature", "properties": { "edge_type": "hub_backbone", "region": "ContigUS" }, "geometry": { "type": "LineString", "coordinates": [ [ -118.281709996787114, 40.499881998542989 ], [ -118.256247995660445, 40.591908999801497 ] ] } },
{ "type": "Feature", "properties": { "edge_type": "hub_backbone", "region": "ContigUS" }, "geometry": { "type": "LineString", "coordinates": [ [ -118.252571002556337, 40.597871999714783 ], [ -118.151874000439989, 40.655339998042294 ] ] } },
{ "type": "Feature", "properties": { "edge_type": "hub_backbone", "region": "ContigUS" }, "geometry": { "type": "LineString", "coordinates": [ [ -118.140045999874971, 40.658650997536675 ], [ -118.073342002694559, 40.677271997768393 ] ] } },
{ "type": "Feature", "properties": { "edge_type": "hub_backbone", "region": "ContigUS" }, "geometry": { "type": "LineString", "coordinates": [ [ -118.049117996810395, 40.702412000573815 ], [ -118.001772999429946, 40.784524998825312 ] ] } },
{ "type": "Feature", "properties": { "edge_type": "hub_backbone", "region": "ContigUS" }, "geometry": { "type": "LineString", "coordinates": [ [ -117.997976997516986, 40.791107000365649 ], [ -117.895997003545574, 40.894432001000773 ] ] } },
{ "type": "Feature", "properties": { "edge_type": "hub_backbone", "region": "ContigUS" }, "geometry": { "type": "LineString", "coordinates": [ [ -117.886652000324787, 40.898558002048418 ], [ -117.805141997580947, 40.928283999061335 ] ] } },
{ "type": "Feature", "properties": { "edge_type": "hub_backbone", "region": "ContigUS" }, "geometry": { "type": "LineString", "coordinates": [ [ -117.686909000769617, 40.988648999459748 ], [ -117.582314999152942, 41.023265000650312 ] ] } },
{ "type": "Feature", "properties": { "edge_type": "hub_backbone", "region": "ContigUS" }, "geometry": { "type": "LineString", "coordinates": [ [ -117.575938002681426, 41.016874002168969 ], [ -117.500882997125231, 40.953881000354031 ] ] } },
{ "type": "Feature", "properties": { "edge_type": "hub_backbone", "region": "ContigUS" }, "geometry": { "type": "LineString", "coordinates": [ [ -117.482171997055474, 40.944049999857434 ], [ -117.437787460575919, 40.929841858174029 ] ] } },
{ "type": "Feature", "properties": { "edge_type": "hub_backbone", "region": "ContigUS" }, "geometry": { "type": "LineString", "coordinates": [ [ -117.386937003394848, 40.921703002049632 ], [ -117.32374900325334, 40.909264002161507 ] ] } },
{ "type": "Feature", "properties": { "edge_type": "hub_backbone", "region": "ContigUS" }, "geometry": { "type": "LineString", "coordinates": [ [ -117.293676003672175, 40.895025000767426 ], [ -117.194654000234621, 40.843116999648423 ] ] } },
{ "type": "Feature", "properties": { "edge_type": "hub_backbone", "region": "ContigUS" }, "geometry": { "type": "LineString", "coordinates": [ [ -117.186424003910787, 40.836698003690252 ], [ -117.133189004740629, 40.79511200076373 ] ] } },
{ "type": "Feature", "properties": { "edge_type": "hub_backbone", "region": "ContigUS" }, "geometry": { "type": "LineString", "coordinates": [ [ -117.124634995076988, 40.788428001410708 ], [ -117.059106003271339, 40.737109000733362 ] ] } },
{ "type": "Feature", "properties": { "edge_type": "hub_backbone", "region": "ContigUS" }, "geometry": { "type": "LineString", "coordinates": [ [ -117.051489996461044, 40.731140002940158 ], [ -116.962710997118052, 40.661634996476131 ] ] } },
{ "type": "Feature", "properties": { "edge_type": "hub_backbone", "region": "ContigUS" }, "geometry": { "type": "LineString", "coordinates": [ [ -116.896323000305102, 40.615813001738978 ], [ -116.740560996037615, 40.660735999488764 ] ] } },
{ "type": "Feature", "properties": { "edge_type": "hub_backbone", "region": "ContigUS" }, "geometry": { "type": "LineString", "coordinates": [ [ -116.730278996076564, 40.664838001504052 ], [ -116.595197000166934, 40.685470002825781 ] ] } },
{ "type": "Feature", "properties": { "edge_type": "hub_backbone", "region": "ContigUS" }, "geometry": { "type": "LineString", "coordinates": [ [ -116.550025997639267, 40.697365996661233 ], [ -116.443336999015884, 40.663288997710509 ] ] } },
{ "type": "Feature", "properties": { "edge_type": "hub_backbone", "region": "ContigUS" }, "geometry": { "type": "LineString", "coordinates": [ [ -116.435844995647386, 40.66188799946206 ], [ -116.305936999330257, 40.647954997866734 ] ] } },
{ "type": "Feature", "properties": { "edge_type": "hub_backbone", "region": "ContigUS" }, "geometry": { "type": "LineString", "coordinates": [ [ -116.257094995461429, 40.658755002832386 ], [ -116.157159001138012, 40.70936800123723 ] ] } },
{ "type": "Feature", "properties": { "edge_type": "hub_backbone", "region": "ContigUS" }, "geometry": { "type": "LineString", "coordinates": [ [ -116.076587998377562, 40.724723000948671 ], [ -115.925072995211352, 40.763941002568842 ] ] } },
{ "type": "Feature", "properties": { "edge_type": "hub_backbone", "region": "ContigUS" }, "geometry": { "type": "LineString", "coordinates": [ [ -115.916332998351294, 40.768416998326359 ], [ -115.843187002605362, 40.79705700053831 ] ] } },
{ "type": "Feature", "properties": { "edge_type": "hub_backbone", "region": "ContigUS" }, "geometry": { "type": "LineString", "coordinates": [ [ -115.660171001949834, 40.936264000506966 ], [ -115.600204001091029, 40.949459999829806 ] ] } },
{ "type": "Feature", "properties": { "edge_type": "hub_backbone", "region": "ContigUS" }, "geometry": { "type": "LineString", "coordinates": [ [ -115.545439000312143, 40.949146999582908 ], [ -115.471590998121158, 40.957541001586677 ] ] } },
{ "type": "Feature", "properties": { "edge_type": "hub_backbone", "region": "ContigUS" }, "geometry": { "type": "LineString", "coordinates": [ [ -115.462466001296576, 40.959279998725698 ], [ -115.386208995991353, 41.028349999246849 ] ] } },
{ "type": "Feature", "properties": { "edge_type": "hub_backbone", "region": "ContigUS" }, "geometry": { "type": "LineString", "coordinates": [ [ -115.378658997388143, 41.031968002336306 ], [ -115.299456003041243, 41.069402001605233 ] ] } },
{ "type": "Feature", "properties": { "edge_type": "hub_backbone", "region": "ContigUS" }, "geometry": { "type": "LineString", "coordinates": [ [ -115.289014004144917, 41.074246002346598 ], [ -115.11667699592391, 41.097399999957808 ] ] } },
{ "type": "Feature", "properties": { "edge_type": "hub_backbone", "region": "ContigUS" }, "geometry": { "type": "LineString", "coordinates": [ [ -115.104935997194161, 41.099233999291357 ], [ -115.044958998086258, 41.110765002392455 ] ] } },
{ "type": "Feature", "properties": { "edge_type": "hub_backbone", "region": "ContigUS" }, "geometry": { "type": "LineString", "coordinates": [ [ -115.032885999993795, 41.110199998694519 ], [ -114.979491999018379, 41.104605003005268 ] ] } },
{ "type": "Feature", "properties": { "edge_type": "hub_backbone", "region": "ContigUS" }, "geometry": { "type": "LineString", "coordinates": [ [ -114.952646996596044, 41.098185998205992 ], [ -114.809783003177898, 41.112450996287727 ] ] } },
{ "type": "Feature", "properties": { "edge_type": "hub_backbone", "region": "ContigUS" }, "geometry": { "type": "LineString", "coordinates": [ [ -114.796453001491528, 41.112605998940452 ], [ -114.716938004280152, 41.092254998347045 ] ] } },
{ "type": "Feature", "properties": { "edge_type": "hub_backbone", "region": "ContigUS" }, "geometry": { "type": "LineString", "coordinates": [ [ -114.703367002569351, 41.087683997445389 ], [ -114.574371002878081, 41.07804099870561 ] ] } },
{ "type": "Feature", "properties": { "edge_type": "hub_backbone", "region": "ContigUS" }, "geometry": { "type": "LineString", "coordinates": [ [ -114.525393003058426, 33.603330997924274 ], [ -114.243022999602559, 33.659294997737668 ] ] } },
{ "type": "Feature", "properties": { "edge_type": "hub_backbone", "region": "ContigUS" }, "geometry": { "type": "LineString", "coordinates": [ [ -114.484676000423008, 41.02611899963005 ], [ -114.371593000219789, 40.949682997691617 ] ] } },
{ "type": "Feature", "properties": { "edge_type": "hub_backbone", "region": "ContigUS" }, "geometry": { "type": "LineString", "coordinates": [ [ -114.359123997800637, 40.942012997931513 ], [ -114.215366998141718, 40.848082003116367 ] ] } },
{ "type": "Feature", "properties": { "edge_type": "hub_backbone", "region": "ContigUS" }, "geometry": { "type": "LineString", "coordinates": [ [ -114.20544900451695, 40.838086998234544 ], [ -114.119316998956421, 40.756440999714471 ] ] } },
{ "type": "Feature", "properties": { "edge_type": "hub_backbone", "region": "ContigUS" }, "geometry": { "type": "LineString", "coordinates": [ [ -114.198082998850225, 33.665582000769703 ], [ -114.019954004020178, 33.662533998453327 ] ] } },
{ "type": "Feature", "properties": { "edge_type": "hub_backbone", "region": "ContigUS" }, "geometry": { "type": "LineString", "coordinates": [ [ -114.00664199558895, 33.660947998938376 ], [ -113.352423004098526, 33.568649002620958 ] ] } },
{ "type": "Feature", "properties": { "edge_type": "hub_backbone", "region": "ContigUS" }, "geometry": { "type": "LineString", "coordinates": [ [ -113.964075002457434, 40.74138299846377 ], [ -113.859510995588082, 40.73863299704292 ] ] } },
{ "type": "Feature", "properties": { "edge_type": "hub_backbone", "region": "ContigUS" }, "geometry": { "type": "LineString", "coordinates": [ [ -113.847365997525628, 40.73839199938331 ], [ -113.264945995978877, 40.726517003575083 ] ] } },
{ "type": "Feature", "properties": { "edge_type": "hub_backbone", "region": "ContigUS" }, "geometry": { "type": "LineString", "coordinates": [ [ -113.33256599627137, 33.565642002634782 ], [ -112.944340001955069, 33.498875002415765 ] ] } },
{ "type": "Feature", "properties": { "edge_type": "hub_backbone", "region": "ContigUS" }, "geometry": { "type": "LineString", "coordinates": [ [ -113.254005000908563, 40.726383000185251 ], [ -113.12207799607458, 40.729183998861544 ] ] } },
{ "type": "Feature", "properties": { "edge_type": "hub_backbone", "region": "ContigUS" }, "geometry": { "type": "LineString", "coordinates": [ [ -113.107750002040163, 40.733135001565827 ], [ -113.024452001537995, 40.756029996810533 ] ] } },
{ "type": "Feature", "properties": { "edge_type": "hub_backbone", "region": "ContigUS" }, "geometry": { "type": "LineString", "coordinates": [ [ -112.980269002092442, 40.770831997628008 ], [ -112.907165002586069, 40.820042999783666 ] ] } },
{ "type": "Feature", "properties": { "edge_type": "hub_backbone", "region": "ContigUS" }, "geometry": { "type": "LineString", "coordinates": [ [ -112.922741996225213, 33.494043997984768 ], [ -112.677325000465359, 33.43906399638734 ] ] } },
{ "type": "Feature", "properties": { "edge_type": "hub_backbone", "region": "ContigUS" }, "geometry": { "type": "LineString", "coordinates": [ [ -112.900111996913793, 40.822404002332625 ], [ -112.785791001468041, 40.765021003274107 ] ] } },
{ "type": "Feature", "properties": { "edge_type": "hub_backbone", "region": "ContigUS" }, "geometry": { "type": "LineString", "coordinates": [ [ -112.778170000024787, 40.760835999742007 ], [ -112.65898999924093, 40.746213002194402 ] ] } },
{ "type": "Feature", "properties": { "edge_type": "hub_backbone", "region": "ContigUS" }, "geometry": { "type": "LineString", "coordinates": [ [ -112.646440004715743, 40.745028001898561 ], [ -112.540769003921781, 40.713906997394496 ] ] } },
{ "type": "Feature", "properties": { "edge_type": "hub_backbone", "region": "ContigUS" }, "geometry": { "type": "LineString", "coordinates": [ [ -112.556482999624919, 33.444518002287303 ], [ -112.478799002524553, 33.462292996174774 ] ] } },
{ "type": "Feature", "properties": { "edge_type": "hub_backbone", "region": "ContigUS" }, "geometry": { "type": "LineString", "coordinates": [ [ -112.514011003334716, 40.704938001971854 ], [ -112.449796004244632, 40.685825999727427 ] ] } },
{ "type": "Feature", "properties": { "edge_type": "hub_backbone", "region": "ContigUS" }, "geometry": { "type": "LineString", "coordinates": [ [ -112.440373997437661, 40.683783996760887 ], [ -112.274587998341843, 40.683125999704011 ] ] } },
{ "type": "Feature", "properties": { "edge_type": "hub_backbone", "region": "ContigUS" }, "geometry": { "type": "LineString", "coordinates": [ [ -112.175197002918168, 40.751499998083631 ], [ -112.06931700009018, 40.770839998178474 ] ] } },
{ "type": "Feature", "properties": { "edge_type": "hub_backbone", "region": "ContigUS" }, "geometry": { "type": "LineString", "coordinates": [ [ -111.458564996865036, 33.351193002122358 ], [ -111.338400999485259, 33.25597000332796 ] ] } },
{ "type": "Feature", "properties": { "edge_type": "hub_backbone", "region": "ContigUS" }, "geometry": { "type": "LineString", "coordinates": [ [ -111.383221003281946, 40.463465999520743 ], [ -110.910021003671616, 40.20009899772058 ] ] } },
{ "type": "Feature", "properties": { "edge_type": "hub_backbone", "region": "ContigUS" }, "geometry": { "type": "LineString", "coordinates": [ [ -111.256469004153573, 33.264136999308413 ], [ -111.18497100372899, 33.273425003016968 ] ] } },
{ "type": "Feature", "properties": { "edge_type": "hub_backbone", "region": "ContigUS" }, "geometry": { "type": "LineString", "coordinates": [ [ -111.170943999213691, 33.280082001562356 ], [ -111.113936003985032, 33.286113000865846 ] ] } },
{ "type": "Feature", "properties": { "edge_type": "hub_backbone", "region": "ContigUS" }, "geometry": { "type": "LineString", "coordinates": [ [ -111.095231004661372, 33.291634999235711 ], [ -110.879776003662982, 33.39130600003395 ] ] } },
{ "type": "Feature", "properties": { "edge_type": "hub_backbone", "region": "ContigUS" }, "geometry": { "type": "LineString", "coordinates": [ [ -110.895924002429339, 40.19867099802498 ], [ -110.403059998030599, 40.163414000452597 ] ] } },
{ "type": "Feature", "properties": { "edge_type": "hub_backbone", "region": "ContigUS" }, "geometry": { "type": "LineString", "coordinates": [ [ -110.503363996193286, 33.787100999195694 ], [ -110.726045997551296, 33.429419998398451 ] ] } },
{ "type": "Feature", "properties": { "edge_type": "hub_backbone", "region": "ContigUS" }, "geometry": { "type": "LineString", "coordinates": [ [ -110.717092004024238, 33.366552003193881 ], [ -110.46642399610262, 33.300370001793837 ] ] } },
{ "type": "Feature", "properties": { "edge_type": "hub_backbone", "region": "ContigUS" }, "geometry": { "type": "LineString", "coordinates": [ [ -110.276752000214572, 34.000047997293002 ], [ -110.494493635819182, 33.800082863219522 ] ] } },
{ "type": "Feature", "properties": { "edge_type": "hub_backbone", "region": "ContigUS" }, "geometry": { "type": "LineString", "coordinates": [ [ -110.443523002019433, 33.294397999839276 ], [ -109.776430999794002, 32.851698997804128 ] ] } },
{ "type": "Feature", "properties": { "edge_type": "hub_backbone", "region": "ContigUS" }, "geometry": { "type": "LineString", "coordinates": [ [ -110.401380004718845, 40.163396000426715 ], [ -110.020036246339373, 40.278605329155752 ] ] } },
{ "type": "Feature", "properties": { "edge_type": "hub_backbone", "region": "ContigUS" }, "geometry": { "type": "LineString", "coordinates": [ [ -110.080642003264074, 34.204884002613838 ], [ -110.25581200144714, 34.003931002936298 ] ] } },
{ "type": "Feature", "properties": { "edge_type": "hub_backbone", "region": "ContigUS" }, "geometry": { "type": "LineString", "coordinates": [ [ -109.848683001152295, 34.283913997331041 ], [ -109.989431003935522, 34.261677998124313 ] ] } },
{ "type": "Feature", "properties": { "edge_type": "hub_backbone", "region": "ContigUS" }, "geometry": { "type": "LineString", "coordinates": [ [ -109.975754001021201, 40.302200999214776 ], [ -109.572772998500213, 40.433355997002579 ] ] } },
{ "type": "Feature", "properties": { "edge_type": "hub_backbone", "region": "ContigUS" }, "geometry": { "type": "LineString", "coordinates": [ [ -109.319178000905168, 34.174706996228736 ], [ -109.831935996771335, 34.286275998154792 ] ] } },
{ "type": "Feature", "properties": { "edge_type": "hub_backbone", "region": "ContigUS" }, "geometry": { "type": "LineString", "coordinates": [ [ -109.59637699615844, 32.8129469975418 ], [ -109.550517003774175, 32.791735996749289 ] ] } },
{ "type": "Feature", "properties": { "edge_type": "hub_backbone", "region": "ContigUS" }, "geometry": { "type": "LineString", "coordinates": [ [ -109.549927996408684, 32.79134099978647 ], [ -109.281669996060344, 32.774031997613548 ] ] } },
{ "type": "Feature", "properties": { "edge_type": "hub_backbone", "region": "ContigUS" }, "geometry": { "type": "LineString", "coordinates": [ [ -109.498444999503477, 40.414619000871546 ], [ -109.009509004448688, 40.245758001800723 ] ] } },
{ "type": "Feature", "properties": { "edge_type": "hub_backbone", "region": "ContigUS" }, "geometry": { "type": "LineString", "coordinates": [ [ -109.285721999862943, 34.133629999680757 ], [ -109.317031000426681, 34.172985002044328 ] ] } },
{ "type": "Feature", "properties": { "edge_type": "hub_backbone", "region": "ContigUS" }, "geometry": { "type": "LineString", "coordinates": [ [ -109.046914996609871, 34.166947001731074 ], [ -109.269439002275718, 34.132847997746261 ] ] } },
{ "type": "Feature", "properties": { "edge_type": "hub_backbone", "region": "ContigUS" }, "geometry": { "type": "LineString", "coordinates": [ [ -109.266328001699549, 32.770777998798302 ], [ -109.104655002014141, 32.721668997065798 ] ] } },
{ "type": "Feature", "properties": { "edge_type": "hub_backbone", "region": "ContigUS" }, "geometry": { "type": "LineString", "coordinates": [ [ -109.104314998662218, 32.721292998910229 ], [ -109.04801700488467, 32.647249997686998 ] ] } },
{ "type": "Feature", "properties": { "edge_type": "hub_backbone", "region": "ContigUS" }, "geometry": { "type": "LineString", "coordinates": [ [ -108.973769997993941, 40.242882996539151 ], [ -108.094507999016912, 40.516849000880939 ] ] } },
{ "type": "Feature", "properties": { "edge_type": "hub_backbone", "region": "ContigUS" }, "geometry": { "type": "LineString", "coordinates": [ [ -108.053104000784828, 40.510055997243228 ], [ -107.610628997988883, 40.514049997406381 ] ] } },
{ "type": "Feature", "properties": { "edge_type": "hub_backbone", "region": "ContigUS" }, "geometry": { "type": "LineString", "coordinates": [ [ -107.504666996941765, 40.511093001617134 ], [ -107.444571995138134, 40.533249000713838 ] ] } },
{ "type": "Feature", "properties": { "edge_type": "hub_backbone", "region": "ContigUS" }, "geometry": { "type": "LineString", "coordinates": [ [ -107.428832999320633, 40.526862997032147 ], [ -106.88853200107323, 40.506797998843922 ] ] } },
{ "type": "Feature", "properties": { "edge_type": "hub_backbone", "region": "ContigUS" }, "geometry": { "type": "LineString", "coordinates": [ [ -106.815268999761585, 40.429673999590563 ], [ -106.65282800339034, 40.388987998765991 ] ] } },
{ "type": "Feature", "properties": { "edge_type": "hub_backbone", "region": "ContigUS" }, "geometry": { "type": "LineString", "coordinates": [ [ -106.605895000348625, 31.998645002644079 ], [ -106.600545999955656, 31.915208002886978 ] ] } },
{ "type": "Feature", "properties": { "edge_type": "hub_backbone", "region": "ContigUS" }, "geometry": { "type": "LineString", "coordinates": [ [ -106.579518002223011, 40.379928999609156 ], [ -106.388752999179317, 40.058829998787431 ], [ -105.982165000281171, 40.108932999299846 ] ] } },
{ "type": "Feature", "properties": { "edge_type": "hub_backbone", "region": "ContigUS" }, "geometry": { "type": "LineString", "coordinates": [ [ -106.224184998827823, 31.577268002842793 ], [ -106.187012999831808, 31.534043997276061 ] ] } },
{ "type": "Feature", "properties": { "edge_type": "hub_backbone", "region": "ContigUS" }, "geometry": { "type": "LineString", "coordinates": [ [ -106.139484000531723, 31.485975003620243 ], [ -105.992114003749535, 31.390744000281572 ] ] } },
{ "type": "Feature", "properties": { "edge_type": "hub_backbone", "region": "ContigUS" }, "geometry": { "type": "LineString", "coordinates": [ [ -106.116322998072704, 38.80952900221358 ], [ -106.080229004367112, 38.520793999364159 ] ] } },
{ "type": "Feature", "properties": { "edge_type": "hub_backbone", "region": "ContigUS" }, "geometry": { "type": "LineString", "coordinates": [ [ -105.975182000318966, 38.910048002707029 ], [ -106.108992996882577, 38.811744999085818 ] ] } },
{ "type": "Feature", "properties": { "edge_type": "hub_backbone", "region": "ContigUS" }, "geometry": { "type": "LineString", "coordinates": [ [ -106.076684000727752, 38.510194998580126 ], [ -105.857381003327788, 37.472898001548259 ] ] } },
{ "type": "Feature", "properties": { "edge_type": "hub_backbone", "region": "ContigUS" }, "geometry": { "type": "LineString", "coordinates": [ [ -106.014801998295695, 37.069186996559274 ], [ -105.997271995363661, 36.995429997648451 ] ] } },
{ "type": "Feature", "properties": { "edge_type": "hub_backbone", "region": "ContigUS" }, "geometry": { "type": "LineString", "coordinates": [ [ -105.961835999637387, 37.275203003523451 ], [ -106.009179999887891, 37.090247998324529 ] ] } },
{ "type": "Feature", "properties": { "edge_type": "hub_backbone", "region": "ContigUS" }, "geometry": { "type": "LineString", "coordinates": [ [ -105.994904000342117, 39.206541002314232 ], [ -105.968724999888224, 38.91889500109545 ] ] } },
{ "type": "Feature", "properties": { "edge_type": "hub_backbone", "region": "ContigUS" }, "geometry": { "type": "LineString", "coordinates": [ [ -105.473646001527172, 39.405837001413595 ], [ -105.731622064796525, 39.449585653726459 ], [ -105.993567998902122, 39.221248001180783 ] ] } },
{ "type": "Feature", "properties": { "edge_type": "hub_backbone", "region": "ContigUS" }, "geometry": { "type": "LineString", "coordinates": [ [ -105.989202995105046, 31.389442997184236 ], [ -105.791514002430176, 31.24108299853307 ] ] } },
{ "type": "Feature", "properties": { "edge_type": "hub_backbone", "region": "ContigUS" }, "geometry": { "type": "LineString", "coordinates": [ [ -105.9296240035669, 37.356413002429449 ], [ -105.958858003622154, 37.283572998021342 ] ] } },
{ "type": "Feature", "properties": { "edge_type": "hub_backbone", "region": "ContigUS" }, "geometry": { "type": "LineString", "coordinates": [ [ -105.957832998933512, 40.090225000305885 ], [ -105.750213795546031, 39.867190512686548 ] ] } },
{ "type": "Feature", "properties": { "edge_type": "hub_backbone", "region": "ContigUS" }, "geometry": { "type": "LineString", "coordinates": [ [ -105.801234573304967, 39.776533259639422 ], [ -105.66071800348837, 39.75990599828971 ] ] } },
{ "type": "Feature", "properties": { "edge_type": "hub_backbone", "region": "ContigUS" }, "geometry": { "type": "LineString", "coordinates": [ [ -105.781908999816707, 31.232783000309915 ], [ -105.383834002489493, 31.18096499675303 ] ] } },
{ "type": "Feature", "properties": { "edge_type": "hub_backbone", "region": "ContigUS" }, "geometry": { "type": "LineString", "coordinates": [ [ -105.758650970323842, 39.840279319998523 ], [ -105.777295998119172, 39.798172999922755 ] ] } },
{ "type": "Feature", "properties": { "edge_type": "hub_backbone", "region": "ContigUS" }, "geometry": { "type": "LineString", "coordinates": [ [ -105.609841998220645, 39.765266002195986 ], [ -105.559724000372796, 39.755590997318073 ] ] } },
{ "type": "Feature", "properties": { "edge_type": "hub_backbone", "region": "ContigUS" }, "geometry": { "type": "LineString", "coordinates": [ [ -105.512327996650527, 39.741410996761623 ], [ -105.464571004931329, 39.746784996798603 ] ] } },
{ "type": "Feature", "properties": { "edge_type": "hub_backbone", "region": "ContigUS" }, "geometry": { "type": "LineString", "coordinates": [ [ -105.396952001768796, 39.744732000840152 ], [ -105.240315002481964, 39.753887001847858 ] ] } },
{ "type": "Feature", "properties": { "edge_type": "hub_backbone", "region": "ContigUS" }, "geometry": { "type": "LineString", "coordinates": [ [ -105.238960998803663, 39.575617996472054 ], [ -105.395208003493067, 39.466047997383875 ] ] } },
{ "type": "Feature", "properties": { "edge_type": "hub_backbone", "region": "ContigUS" }, "geometry": { "type": "LineString", "coordinates": [ [ -105.358093002601876, 31.173361996153499 ], [ -104.90838799907317, 31.042037998813306 ] ] } },
{ "type": "Feature", "properties": { "edge_type": "hub_backbone", "region": "ContigUS" }, "geometry": { "type": "LineString", "coordinates": [ [ -104.81737000278342, 31.039877996736582 ], [ -104.223641002327057, 31.067294003934734 ] ] } },
{ "type": "Feature", "properties": { "edge_type": "hub_backbone", "region": "ContigUS" }, "geometry": { "type": "LineString", "coordinates": [ [ -104.71491300339612, 40.000508998130329 ], [ -104.605859001141098, 40.099785002563088 ] ] } },
{ "type": "Feature", "properties": { "edge_type": "hub_backbone", "region": "ContigUS" }, "geometry": { "type": "LineString", "coordinates": [ [ -104.685980001843134, 39.740159998482753 ], [ -104.607700996631181, 39.740042997283666 ] ] } },
{ "type": "Feature", "properties": { "edge_type": "hub_backbone", "region": "ContigUS" }, "geometry": { "type": "LineString", "coordinates": [ [ -104.598337003025293, 40.103845001833108 ], [ -104.526354999308793, 40.112143001483247 ] ] } },
{ "type": "Feature", "properties": { "edge_type": "hub_backbone", "region": "ContigUS" }, "geometry": { "type": "LineString", "coordinates": [ [ -104.522408996709686, 39.738682002747915 ], [ -104.437585001084926, 39.738219001789069 ] ] } },
{ "type": "Feature", "properties": { "edge_type": "hub_backbone", "region": "ContigUS" }, "geometry": { "type": "LineString", "coordinates": [ [ -104.516676999595305, 40.115651999352586 ], [ -104.381101999274605, 40.169099998563759 ] ] } },
{ "type": "Feature", "properties": { "edge_type": "hub_backbone", "region": "ContigUS" }, "geometry": { "type": "LineString", "coordinates": [ [ -104.40543400062225, 39.737376002693757 ], [ -104.326452000818378, 39.734258001143282 ] ] } },
{ "type": "Feature", "properties": { "edge_type": "hub_backbone", "region": "ContigUS" }, "geometry": { "type": "LineString", "coordinates": [ [ -104.34977199609952, 40.17106999745166 ], [ -104.217669999448248, 40.214801997613122 ] ] } },
{ "type": "Feature", "properties": { "edge_type": "hub_backbone", "region": "ContigUS" }, "geometry": { "type": "LineString", "coordinates": [ [ -104.320780002181834, 39.733984000597083 ], [ -104.22922599912836, 39.717504999947884 ] ] } },
{ "type": "Feature", "properties": { "edge_type": "hub_backbone", "region": "ContigUS" }, "geometry": { "type": "LineString", "coordinates": [ [ -104.215222000467477, 39.71343699887057 ], [ -104.043173001109707, 39.618583999777876 ] ] } },
{ "type": "Feature", "properties": { "edge_type": "hub_backbone", "region": "ContigUS" }, "geometry": { "type": "LineString", "coordinates": [ [ -104.21166699857892, 40.2169119975595 ], [ -104.150344996911883, 40.231997000470933 ] ] } },
{ "type": "Feature", "properties": { "edge_type": "hub_backbone", "region": "ContigUS" }, "geometry": { "type": "LineString", "coordinates": [ [ -104.166945000979752, 31.060676995983997 ], [ -104.06958199722574, 31.083722002912623 ] ] } },
{ "type": "Feature", "properties": { "edge_type": "hub_backbone", "region": "ContigUS" }, "geometry": { "type": "LineString", "coordinates": [ [ -104.13134599696204, 40.232160996997699 ], [ -104.059486002427434, 40.245173002444673 ] ] } },
{ "type": "Feature", "properties": { "edge_type": "hub_backbone", "region": "ContigUS" }, "geometry": { "type": "LineString", "coordinates": [ [ -104.044177003186988, 40.247318999271727 ], [ -103.887212999170401, 40.249877997593345 ] ] } },
{ "type": "Feature", "properties": { "edge_type": "hub_backbone", "region": "ContigUS" }, "geometry": { "type": "LineString", "coordinates": [ [ -104.038161003695549, 39.610878997286214 ], [ -103.974520998252501, 39.509285000048756 ] ] } },
{ "type": "Feature", "properties": { "edge_type": "hub_backbone", "region": "ContigUS" }, "geometry": { "type": "LineString", "coordinates": [ [ -104.036590002977206, 31.086827997347495 ], [ -103.976676002720197, 31.051257999146362 ] ] } },
{ "type": "Feature", "properties": { "edge_type": "hub_backbone", "region": "ContigUS" }, "geometry": { "type": "LineString", "coordinates": [ [ -103.969223004201353, 39.501841997843755 ], [ -103.93856999837385, 39.464513000027473 ] ] } },
{ "type": "Feature", "properties": { "edge_type": "hub_backbone", "region": "ContigUS" }, "geometry": { "type": "LineString", "coordinates": [ [ -103.968338999079691, 31.047510003302538 ], [ -103.707270997484443, 31.002130996981315 ] ] } },
{ "type": "Feature", "properties": { "edge_type": "hub_backbone", "region": "ContigUS" }, "geometry": { "type": "LineString", "coordinates": [ [ -103.936202003352292, 39.460218998369498 ], [ -103.869547997417456, 39.355996000053445 ] ] } },
{ "type": "Feature", "properties": { "edge_type": "hub_backbone", "region": "ContigUS" }, "geometry": { "type": "LineString", "coordinates": [ [ -103.86469800218164, 39.353466999385013 ], [ -103.827222004310357, 39.315685003511398 ] ] } },
{ "type": "Feature", "properties": { "edge_type": "hub_backbone", "region": "ContigUS" }, "geometry": { "type": "LineString", "coordinates": [ [ -103.792596998639439, 39.28978400158956 ], [ -103.714920996545089, 39.27329599832531 ] ] } },
{ "type": "Feature", "properties": { "edge_type": "hub_backbone", "region": "ContigUS" }, "geometry": { "type": "LineString", "coordinates": [ [ -103.753283999911091, 40.262910000627407 ], [ -103.697013000507809, 40.267966998932486 ] ] } },
{ "type": "Feature", "properties": { "edge_type": "hub_backbone", "region": "ContigUS" }, "geometry": { "type": "LineString", "coordinates": [ [ -103.65644800180165, 30.992658996255386 ], [ -103.41191699644024, 30.9525009983819 ] ] } },
{ "type": "Feature", "properties": { "edge_type": "hub_backbone", "region": "ContigUS" }, "geometry": { "type": "LineString", "coordinates": [ [ -103.646780000337287, 39.262839002630685 ], [ -103.491513003723938, 39.143495001487878 ] ] } },
{ "type": "Feature", "properties": { "edge_type": "hub_backbone", "region": "ContigUS" }, "geometry": { "type": "LineString", "coordinates": [ [ -103.578223003304558, 40.273499997885438 ], [ -103.530945002278003, 40.299353002192206 ] ] } },
{ "type": "Feature", "properties": { "edge_type": "hub_backbone", "region": "ContigUS" }, "geometry": { "type": "LineString", "coordinates": [ [ -103.523862998988363, 40.30346500006938 ], [ -103.264465001438893, 40.496441003696418 ] ] } },
{ "type": "Feature", "properties": { "edge_type": "hub_backbone", "region": "ContigUS" }, "geometry": { "type": "LineString", "coordinates": [ [ -103.471178002334071, 39.134779997065216 ], [ -102.795150996966669, 38.76426700036054 ] ] } },
{ "type": "Feature", "properties": { "edge_type": "hub_backbone", "region": "ContigUS" }, "geometry": { "type": "LineString", "coordinates": [ [ -103.408053998173386, 30.952140000753005 ], [ -103.061523999472286, 30.90092100010428 ] ] } },
{ "type": "Feature", "properties": { "edge_type": "hub_backbone", "region": "ContigUS" }, "geometry": { "type": "LineString", "coordinates": [ [ -103.256349001324637, 40.505189000929199 ], [ -103.177981000017468, 40.610796000491582 ] ] } },
{ "type": "Feature", "properties": { "edge_type": "hub_backbone", "region": "ContigUS" }, "geometry": { "type": "LineString", "coordinates": [ [ -103.161885004722933, 40.630813000025256 ], [ -102.808452998165649, 40.822464000628649 ] ] } },
{ "type": "Feature", "properties": { "edge_type": "hub_backbone", "region": "ContigUS" }, "geometry": { "type": "LineString", "coordinates": [ [ -103.047627996274841, 30.900170001453485 ], [ -102.94624399856184, 30.894793001232205 ] ] } },
{ "type": "Feature", "properties": { "edge_type": "hub_backbone", "region": "ContigUS" }, "geometry": { "type": "LineString", "coordinates": [ [ -102.840992996095792, 30.892081003347194 ], [ -102.657689004543286, 30.878902000238334 ] ] } },
{ "type": "Feature", "properties": { "edge_type": "hub_backbone", "region": "ContigUS" }, "geometry": { "type": "LineString", "coordinates": [ [ -102.800559995837503, 40.824688997680354 ], [ -102.695159001668458, 40.853756996287217 ] ] } },
{ "type": "Feature", "properties": { "edge_type": "hub_backbone", "region": "ContigUS" }, "geometry": { "type": "LineString", "coordinates": [ [ -102.778743995937631, 38.76280399992617 ], [ -102.785449003251983, 38.478218998690522 ] ] } },
{ "type": "Feature", "properties": { "edge_type": "hub_backbone", "region": "ContigUS" }, "geometry": { "type": "LineString", "coordinates": [ [ -102.784507002895609, 38.477987997584201 ], [ -102.733765996448767, 38.473398996792831 ] ] } },
{ "type": "Feature", "properties": { "edge_type": "hub_backbone", "region": "ContigUS" }, "geometry": { "type": "LineString", "coordinates": [ [ -102.73168300093424, 38.471992997001671 ], [ -102.72369500176481, 38.157755000946452 ] ] } },
{ "type": "Feature", "properties": { "edge_type": "hub_backbone", "region": "ContigUS" }, "geometry": { "type": "LineString", "coordinates": [ [ -102.722875998737095, 38.115509000769016 ], [ -102.618338995225244, 38.105830998616412 ] ] } },
{ "type": "Feature", "properties": { "edge_type": "hub_backbone", "region": "ContigUS" }, "geometry": { "type": "LineString", "coordinates": [ [ -102.651809001002732, 40.865622999015734 ], [ -102.522012997652013, 40.901391998087433 ] ] } },
{ "type": "Feature", "properties": { "edge_type": "hub_backbone", "region": "ContigUS" }, "geometry": { "type": "LineString", "coordinates": [ [ -102.642553999990255, 30.876999998027859 ], [ -102.099038003206189, 30.871222003797161 ] ] } },
{ "type": "Feature", "properties": { "edge_type": "hub_backbone", "region": "ContigUS" }, "geometry": { "type": "LineString", "coordinates": [ [ -102.616612999187765, 38.056195997137259 ], [ -102.51734299784971, 36.828020998817358 ] ] } },
{ "type": "Feature", "properties": { "edge_type": "hub_backbone", "region": "ContigUS" }, "geometry": { "type": "LineString", "coordinates": [ [ -102.517383996959268, 36.82281699984982 ], [ -102.517623002723752, 36.77177399648982 ] ] } },
{ "type": "Feature", "properties": { "edge_type": "hub_backbone", "region": "ContigUS" }, "geometry": { "type": "LineString", "coordinates": [ [ -102.513126000478863, 40.904163001776681 ], [ -102.392299998633618, 40.926235997476404 ] ] } },
{ "type": "Feature", "properties": { "edge_type": "hub_backbone", "region": "ContigUS" }, "geometry": { "type": "LineString", "coordinates": [ [ -102.382915999546327, 40.926190997971695 ], [ -102.250620002726251, 40.965465997380186 ] ] } },
{ "type": "Feature", "properties": { "edge_type": "hub_backbone", "region": "ContigUS" }, "geometry": { "type": "LineString", "coordinates": [ [ -102.329214002192586, 36.574324997250585 ], [ -102.251092004525958, 36.506131001668656 ] ] } },
{ "type": "Feature", "properties": { "edge_type": "hub_backbone", "region": "ContigUS" }, "geometry": { "type": "LineString", "coordinates": [ [ -102.243919001898036, 36.500224002868293 ], [ -102.167701998572412, 36.429277003071704 ] ] } },
{ "type": "Feature", "properties": { "edge_type": "hub_backbone", "region": "ContigUS" }, "geometry": { "type": "LineString", "coordinates": [ [ -102.243481001331816, 40.97130599852445 ], [ -102.190139003828193, 41.002319001114003 ] ] } },
{ "type": "Feature", "properties": { "edge_type": "hub_backbone", "region": "ContigUS" }, "geometry": { "type": "LineString", "coordinates": [ [ -102.162669995676879, 36.424212997587468 ], [ -102.073370997548494, 36.332006002183185 ] ] } },
{ "type": "Feature", "properties": { "edge_type": "hub_backbone", "region": "ContigUS" }, "geometry": { "type": "LineString", "coordinates": [ [ -102.146357003342303, 41.03146499633997 ], [ -102.07844000205057, 41.046361002734272 ] ] } },
{ "type": "Feature", "properties": { "edge_type": "hub_backbone", "region": "ContigUS" }, "geometry": { "type": "LineString", "coordinates": [ [ -102.088134000759254, 30.865682999824497 ], [ -101.847141001161205, 30.740424996290649 ] ] } },
{ "type": "Feature", "properties": { "edge_type": "hub_backbone", "region": "ContigUS" }, "geometry": { "type": "LineString", "coordinates": [ [ -102.073070996176241, 36.33167399857097 ], [ -102.00799300355898, 36.061238999709701 ] ] } },
{ "type": "Feature", "properties": { "edge_type": "hub_backbone", "region": "ContigUS" }, "geometry": { "type": "LineString", "coordinates": [ [ -102.055638999441697, 41.05328899683537 ], [ -101.730199000194133, 41.114771997851378 ] ] } },
{ "type": "Feature", "properties": { "edge_type": "hub_backbone", "region": "ContigUS" }, "geometry": { "type": "LineString", "coordinates": [ [ -101.995464999791977, 36.023867998338709 ], [ -101.994250998550712, 35.986641000690369 ] ] } },
{ "type": "Feature", "properties": { "edge_type": "hub_backbone", "region": "ContigUS" }, "geometry": { "type": "LineString", "coordinates": [ [ -101.994228998809405, 35.986522003825144 ], [ -101.981010001942693, 35.916069996472821 ] ] } },
{ "type": "Feature", "properties": { "edge_type": "hub_backbone", "region": "ContigUS" }, "geometry": { "type": "LineString", "coordinates": [ [ -101.973430996738955, 35.842017002984797 ], [ -101.959601998878554, 35.652364002836194 ] ] } },
{ "type": "Feature", "properties": { "edge_type": "hub_backbone", "region": "ContigUS" }, "geometry": { "type": "LineString", "coordinates": [ [ -101.959877997266446, 35.620001999432532 ], [ -101.831545996300605, 35.335747997519341 ] ] } },
{ "type": "Feature", "properties": { "edge_type": "hub_backbone", "region": "ContigUS" }, "geometry": { "type": "LineString", "coordinates": [ [ -101.80911599790403, 30.717641001703328 ], [ -101.562362003574236, 30.728973997668888 ] ] } },
{ "type": "Feature", "properties": { "edge_type": "hub_backbone", "region": "ContigUS" }, "geometry": { "type": "LineString", "coordinates": [ [ -101.696452996028739, 41.116794999581955 ], [ -101.133080000400639, 41.138403999969043 ] ] } },
{ "type": "Feature", "properties": { "edge_type": "hub_backbone", "region": "ContigUS" }, "geometry": { "type": "LineString", "coordinates": [ [ -101.614108000245182, 35.183142003872049 ], [ -101.36368199846109, 35.11174100015824 ] ] } },
{ "type": "Feature", "properties": { "edge_type": "hub_backbone", "region": "ContigUS" }, "geometry": { "type": "LineString", "coordinates": [ [ -101.548194996621859, 30.727073998826622 ], [ -101.20680999989591, 30.705657001890561 ] ] } },
{ "type": "Feature", "properties": { "edge_type": "hub_backbone", "region": "ContigUS" }, "geometry": { "type": "LineString", "coordinates": [ [ -101.341950000023417, 35.104280000426556 ], [ -101.09524599693917, 35.030619001768457 ] ] } },
{ "type": "Feature", "properties": { "edge_type": "hub_backbone", "region": "ContigUS" }, "geometry": { "type": "LineString", "coordinates": [ [ -101.161134000448158, 30.710418997366858 ], [ -100.66317999791913, 30.584992000558895 ] ] } },
{ "type": "Feature", "properties": { "edge_type": "hub_backbone", "region": "ContigUS" }, "geometry": { "type": "LineString", "coordinates": [ [ -101.120469001284548, 41.138946002220926 ], [ -100.792216996719958, 41.112330003001219 ] ] } },
{ "type": "Feature", "properties": { "edge_type": "hub_backbone", "region": "ContigUS" }, "geometry": { "type": "LineString", "coordinates": [ [ -101.086888996800482, 35.027019002104652 ], [ -100.898334002069348, 34.943088996438917 ] ] } },
{ "type": "Feature", "properties": { "edge_type": "hub_backbone", "region": "ContigUS" }, "geometry": { "type": "LineString", "coordinates": [ [ -100.879877997776106, 34.934324000924576 ], [ -100.562781002915145, 34.754834998029708 ] ] } },
{ "type": "Feature", "properties": { "edge_type": "hub_backbone", "region": "ContigUS" }, "geometry": { "type": "LineString", "coordinates": [ [ -100.715647000403436, 41.103433999856854 ], [ -100.534249997451795, 41.052557997003269 ] ] } },
{ "type": "Feature", "properties": { "edge_type": "hub_backbone", "region": "ContigUS" }, "geometry": { "type": "LineString", "coordinates": [ [ -100.641216000576193, 30.577151000468362 ], [ -100.586776001283951, 30.572470997644022 ] ] } },
{ "type": "Feature", "properties": { "edge_type": "hub_backbone", "region": "ContigUS" }, "geometry": { "type": "LineString", "coordinates": [ [ -100.575858003084903, 30.571451996331007 ], [ -100.134184998208283, 30.463181999285954 ] ] } },
{ "type": "Feature", "properties": { "edge_type": "hub_backbone", "region": "ContigUS" }, "geometry": { "type": "LineString", "coordinates": [ [ -100.533822004117837, 34.724154999039506 ], [ -100.439163001234263, 34.545838002181675 ] ] } },
{ "type": "Feature", "properties": { "edge_type": "hub_backbone", "region": "ContigUS" }, "geometry": { "type": "LineString", "coordinates": [ [ -100.517961996248431, 41.050463998491971 ], [ -100.17328300313973, 40.916817998938519 ] ] } },
{ "type": "Feature", "properties": { "edge_type": "hub_backbone", "region": "ContigUS" }, "geometry": { "type": "LineString", "coordinates": [ [ -100.403127002763412, 34.52087099892529 ], [ -100.236906003474417, 34.438165001259925 ] ] } },
{ "type": "Feature", "properties": { "edge_type": "hub_backbone", "region": "ContigUS" }, "geometry": { "type": "LineString", "coordinates": [ [ -100.17719699876524, 34.416642001151303 ], [ -99.997303003048088, 34.36665200074814 ] ] } },
{ "type": "Feature", "properties": { "edge_type": "hub_backbone", "region": "ContigUS" }, "geometry": { "type": "LineString", "coordinates": [ [ -100.160347999666939, 40.925789001036861 ], [ -99.995386995361756, 40.860963999098715 ] ] } },
{ "type": "Feature", "properties": { "edge_type": "hub_backbone", "region": "ContigUS" }, "geometry": { "type": "LineString", "coordinates": [ [ -100.116415998494887, 30.468724001486045 ], [ -99.777388001411367, 30.509783997743195 ] ] } },
{ "type": "Feature", "properties": { "edge_type": "hub_backbone", "region": "ContigUS" }, "geometry": { "type": "LineString", "coordinates": [ [ -99.977751000209338, 40.854377002241229 ], [ -99.882355998630288, 40.818713003470855 ] ] } },
{ "type": "Feature", "properties": { "edge_type": "hub_backbone", "region": "ContigUS" }, "geometry": { "type": "LineString", "coordinates": [ [ -99.969882000865567, 34.357242997592571 ], [ -99.879766002952579, 34.333291999700243 ] ] } },
{ "type": "Feature", "properties": { "edge_type": "hub_backbone", "region": "ContigUS" }, "geometry": { "type": "LineString", "coordinates": [ [ -99.844085997845696, 40.804044000823758 ], [ -99.786807995992064, 40.786232001066892 ] ] } },
{ "type": "Feature", "properties": { "edge_type": "hub_backbone", "region": "ContigUS" }, "geometry": { "type": "LineString", "coordinates": [ [ -99.825407004749508, 34.316930003240572 ], [ -99.76007900200554, 34.293043996303105 ] ] } },
{ "type": "Feature", "properties": { "edge_type": "hub_backbone", "region": "ContigUS" }, "geometry": { "type": "LineString", "coordinates": [ [ -99.720682001814936, 34.285721002843921 ], [ -99.516669004287166, 34.25675700147854 ] ] } },
{ "type": "Feature", "properties": { "edge_type": "hub_backbone", "region": "ContigUS" }, "geometry": { "type": "LineString", "coordinates": [ [ -99.710913002763206, 40.769605997130611 ], [ -99.547757001324683, 40.739604996873346 ] ] } },
{ "type": "Feature", "properties": { "edge_type": "hub_backbone", "region": "ContigUS" }, "geometry": { "type": "LineString", "coordinates": [ [ -99.703467999250392, 30.432515001639544 ], [ -99.571288001882948, 30.320841997439871 ] ] } },
{ "type": "Feature", "properties": { "edge_type": "hub_backbone", "region": "ContigUS" }, "geometry": { "type": "LineString", "coordinates": [ [ -99.522302995204029, 30.288505001365358 ], [ -99.39149699801311, 30.210336997299219 ] ] } },
{ "type": "Feature", "properties": { "edge_type": "hub_backbone", "region": "ContigUS" }, "geometry": { "type": "LineString", "coordinates": [ [ -99.500379996970679, 40.733596000471728 ], [ -99.427017004184748, 40.724225000592519 ] ] } },
{ "type": "Feature", "properties": { "edge_type": "hub_backbone", "region": "ContigUS" }, "geometry": { "type": "LineString", "coordinates": [ [ -99.474568003226125, 34.249838999626718 ], [ -99.380513997720115, 34.212223000008777 ] ] } },
{ "type": "Feature", "properties": { "edge_type": "hub_backbone", "region": "ContigUS" }, "geometry": { "type": "LineString", "coordinates": [ [ -99.383875996569856, 40.718968000025846 ], [ -99.147570999012416, 40.698724997866989 ] ] } },
{ "type": "Feature", "properties": { "edge_type": "hub_backbone", "region": "ContigUS" }, "geometry": { "type": "LineString", "coordinates": [ [ -99.263520999394373, 30.171695996970726 ], [ -99.229419998994985, 30.134719998777054 ] ] } },
{ "type": "Feature", "properties": { "edge_type": "hub_backbone", "region": "ContigUS" }, "geometry": { "type": "LineString", "coordinates": [ [ -99.227097997715987, 34.148194997574826 ], [ -99.160685997918662, 34.130446000723389 ] ] } },
{ "type": "Feature", "properties": { "edge_type": "hub_backbone", "region": "ContigUS" }, "geometry": { "type": "LineString", "coordinates": [ [ -99.199860997453115, 30.116022997426519 ], [ -99.154888998710362, 30.090978001903988 ] ] } },
{ "type": "Feature", "properties": { "edge_type": "hub_backbone", "region": "ContigUS" }, "geometry": { "type": "LineString", "coordinates": [ [ -99.132099997593627, 34.126624999038953 ], [ -99.029453004523745, 34.079958002070498 ] ] } },
{ "type": "Feature", "properties": { "edge_type": "hub_backbone", "region": "ContigUS" }, "geometry": { "type": "LineString", "coordinates": [ [ -99.104823004334307, 30.070381002786768 ], [ -98.920415001263919, 29.986837001762666 ] ] } },
{ "type": "Feature", "properties": { "edge_type": "hub_backbone", "region": "ContigUS" }, "geometry": { "type": "LineString", "coordinates": [ [ -99.012474001237507, 34.071914999532225 ], [ -98.967239002729016, 34.051460002681047 ] ] } },
{ "type": "Feature", "properties": { "edge_type": "hub_backbone", "region": "ContigUS" }, "geometry": { "type": "LineString", "coordinates": [ [ -99.012193996363436, 40.710989999319395 ], [ -98.950356999527187, 40.724950003456293 ] ] } },
{ "type": "Feature", "properties": { "edge_type": "hub_backbone", "region": "ContigUS" }, "geometry": { "type": "LineString", "coordinates": [ [ -98.912380002238805, 34.044328002243603 ], [ -98.69635800259941, 33.965788000094371 ] ] } },
{ "type": "Feature", "properties": { "edge_type": "hub_backbone", "region": "ContigUS" }, "geometry": { "type": "LineString", "coordinates": [ [ -98.912376004735791, 40.733496999381302 ], [ -98.846670997033371, 40.749432998094804 ] ] } },
{ "type": "Feature", "properties": { "edge_type": "hub_backbone", "region": "ContigUS" }, "geometry": { "type": "LineString", "coordinates": [ [ -98.887739995529699, 29.958830001319637 ], [ -98.758570001151071, 29.824091998272507 ] ] } },
{ "type": "Feature", "properties": { "edge_type": "hub_backbone", "region": "ContigUS" }, "geometry": { "type": "LineString", "coordinates": [ [ -98.845474000900452, 40.749761996575053 ], [ -98.740838003044232, 40.778589997309147 ] ] } },
{ "type": "Feature", "properties": { "edge_type": "hub_backbone", "region": "ContigUS" }, "geometry": { "type": "LineString", "coordinates": [ [ -98.687238000407831, 29.738640999831585 ], [ -98.650708000395966, 29.697748999953529 ] ] } },
{ "type": "Feature", "properties": { "edge_type": "hub_backbone", "region": "ContigUS" }, "geometry": { "type": "LineString", "coordinates": [ [ -98.683753004229416, 40.795336001941926 ], [ -98.607424996084106, 40.818024999881359 ] ] } },
{ "type": "Feature", "properties": { "edge_type": "hub_backbone", "region": "ContigUS" }, "geometry": { "type": "LineString", "coordinates": [ [ -98.654116999101376, 33.948889003221666 ], [ -98.609898004162375, 33.942046999060238 ] ] } },
{ "type": "Feature", "properties": { "edge_type": "hub_backbone", "region": "ContigUS" }, "geometry": { "type": "LineString", "coordinates": [ [ -98.588136001994229, 40.823787001605915 ], [ -98.428550004309486, 40.887819002216268 ] ] } },
{ "type": "Feature", "properties": { "edge_type": "hub_backbone", "region": "ContigUS" }, "geometry": { "type": "LineString", "coordinates": [ [ -98.397318995478756, 33.878230996715928 ], [ -98.229390002390602, 33.822585995965973 ] ] } },
{ "type": "Feature", "properties": { "edge_type": "hub_backbone", "region": "ContigUS" }, "geometry": { "type": "LineString", "coordinates": [ [ -98.317162996413231, 29.458787002743318 ], [ -98.360744995984263, 29.445100998425591 ] ] } },
{ "type": "Feature", "properties": { "edge_type": "hub_backbone", "region": "ContigUS" }, "geometry": { "type": "LineString", "coordinates": [ [ -98.223650001287027, 29.487956000669961 ], [ -98.288988002280135, 29.466252002585385 ] ] } },
{ "type": "Feature", "properties": { "edge_type": "hub_backbone", "region": "ContigUS" }, "geometry": { "type": "LineString", "coordinates": [ [ -98.26376199756173, 40.958263002344545 ], [ -98.168318001867135, 41.016095999020919 ] ] } },
{ "type": "Feature", "properties": { "edge_type": "hub_backbone", "region": "ContigUS" }, "geometry": { "type": "LineString", "coordinates": [ [ -98.194388000744382, 29.650250000661131 ], [ -98.154753000902431, 29.674219000684516 ] ] } },
{ "type": "Feature", "properties": { "edge_type": "hub_backbone", "region": "ContigUS" }, "geometry": { "type": "LineString", "coordinates": [ [ -98.18398400058463, 33.795331001362648 ], [ -98.01408800245143, 33.636372000798907 ] ] } },
{ "type": "Feature", "properties": { "edge_type": "hub_backbone", "region": "ContigUS" }, "geometry": { "type": "LineString", "coordinates": [ [ -98.112297003607409, 29.529068999911814 ], [ -98.182889996298996, 29.502374003044554 ] ] } },
{ "type": "Feature", "properties": { "edge_type": "hub_backbone", "region": "ContigUS" }, "geometry": { "type": "LineString", "coordinates": [ [ -98.149839000702627, 41.027300000520192 ], [ -98.021366000169792, 41.104758000284647 ] ] } },
{ "type": "Feature", "properties": { "edge_type": "hub_backbone", "region": "ContigUS" }, "geometry": { "type": "LineString", "coordinates": [ [ -98.054563996079239, 29.751569998712888 ], [ -98.030010003058592, 29.785753998134545 ] ] } },
{ "type": "Feature", "properties": { "edge_type": "hub_backbone", "region": "ContigUS" }, "geometry": { "type": "LineString", "coordinates": [ [ -98.001675001007115, 41.115974999663408 ], [ -97.876971996159725, 41.191145000069767 ] ] } },
{ "type": "Feature", "properties": { "edge_type": "hub_backbone", "region": "ContigUS" }, "geometry": { "type": "LineString", "coordinates": [ [ -97.975257003771915, 33.617425001485792 ], [ -97.900274995315726, 33.579895003137494 ] ] } },
{ "type": "Feature", "properties": { "edge_type": "hub_backbone", "region": "ContigUS" }, "geometry": { "type": "LineString", "coordinates": [ [ -97.909469000720392, 29.896216003491777 ], [ -97.872413998307024, 29.988076999436725 ] ] } },
{ "type": "Feature", "properties": { "edge_type": "hub_backbone", "region": "ContigUS" }, "geometry": { "type": "LineString", "coordinates": [ [ -97.6661120036038, 29.651653002146119 ], [ -97.881365997574164, 29.607509998910093 ] ] } },
{ "type": "Feature", "properties": { "edge_type": "hub_backbone", "region": "ContigUS" }, "geometry": { "type": "LineString", "coordinates": [ [ -97.843062004539235, 30.040466002242628 ], [ -97.823938004017577, 30.079296003267959 ] ] } },
{ "type": "Feature", "properties": { "edge_type": "hub_backbone", "region": "ContigUS" }, "geometry": { "type": "LineString", "coordinates": [ [ -97.82579999600587, 33.528048001364269 ], [ -97.774748998920813, 33.450761998354757 ] ] } },
{ "type": "Feature", "properties": { "edge_type": "hub_backbone", "region": "ContigUS" }, "geometry": { "type": "LineString", "coordinates": [ [ -97.752866002667062, 33.42635699697918 ], [ -97.705814996929647, 33.369127001501525 ] ] } },
{ "type": "Feature", "properties": { "edge_type": "hub_backbone", "region": "ContigUS" }, "geometry": { "type": "LineString", "coordinates": [ [ -97.752093002365072, 41.177261999205982 ], [ -97.195859996278202, 41.192046997270431 ] ] } },
{ "type": "Feature", "properties": { "edge_type": "hub_backbone", "region": "ContigUS" }, "geometry": { "type": "LineString", "coordinates": [ [ -97.683008999687758, 33.345827997418155 ], [ -97.608518998512665, 33.25484099905929 ] ] } },
{ "type": "Feature", "properties": { "edge_type": "hub_backbone", "region": "ContigUS" }, "geometry": { "type": "LineString", "coordinates": [ [ -97.644118002530377, 30.72374599943533 ], [ -97.604885995908035, 30.824855999325443 ] ] } },
{ "type": "Feature", "properties": { "edge_type": "hub_backbone", "region": "ContigUS" }, "geometry": { "type": "LineString", "coordinates": [ [ -97.589496004561553, 30.856820001790005 ], [ -97.534125997421981, 30.957878999678929 ] ] } },
{ "type": "Feature", "properties": { "edge_type": "hub_backbone", "region": "ContigUS" }, "geometry": { "type": "LineString", "coordinates": [ [ -97.562676002253582, 33.198871996632704 ], [ -97.477613997994283, 33.058788998639884 ] ] } },
{ "type": "Feature", "properties": { "edge_type": "hub_backbone", "region": "ContigUS" }, "geometry": { "type": "LineString", "coordinates": [ [ -97.528568003978123, 30.963642002983381 ], [ -97.497081002240861, 30.994739999263558 ] ] } },
{ "type": "Feature", "properties": { "edge_type": "hub_backbone", "region": "ContigUS" }, "geometry": { "type": "LineString", "coordinates": [ [ -97.423598003516148, 29.657445998127375 ], [ -97.499275002575033, 29.650000998916148 ] ] } },
{ "type": "Feature", "properties": { "edge_type": "hub_backbone", "region": "ContigUS" }, "geometry": { "type": "LineString", "coordinates": [ [ -97.457559001478486, 33.046225997378642 ], [ -97.320012998609712, 33.033123998734347 ] ] } },
{ "type": "Feature", "properties": { "edge_type": "hub_backbone", "region": "ContigUS" }, "geometry": { "type": "LineString", "coordinates": [ [ -97.301225003936949, 29.669356000367248 ], [ -97.405191002321644, 29.659529000417457 ] ] } },
{ "type": "Feature", "properties": { "edge_type": "hub_backbone", "region": "ContigUS" }, "geometry": { "type": "LineString", "coordinates": [ [ -97.302920996243913, 31.206986995895011 ], [ -97.276004999964641, 31.254651997986418 ] ] } },
{ "type": "Feature", "properties": { "edge_type": "hub_backbone", "region": "ContigUS" }, "geometry": { "type": "LineString", "coordinates": [ [ -97.250734995763651, 31.297834997459233 ], [ -97.21373799756816, 31.380562999875213 ] ] } },
{ "type": "Feature", "properties": { "edge_type": "hub_backbone", "region": "ContigUS" }, "geometry": { "type": "LineString", "coordinates": [ [ -97.194938998533175, 29.692096996673406 ], [ -97.244690995784779, 29.691612996690534 ] ] } },
{ "type": "Feature", "properties": { "edge_type": "hub_backbone", "region": "ContigUS" }, "geometry": { "type": "LineString", "coordinates": [ [ -97.19432700327954, 31.421883003161575 ], [ -97.17262199921619, 31.457576997972257 ] ] } },
{ "type": "Feature", "properties": { "edge_type": "hub_backbone", "region": "ContigUS" }, "geometry": { "type": "LineString", "coordinates": [ [ -97.090359001651763, 31.900003002715831 ], [ -97.111922000035008, 31.949180003560279 ] ] } },
{ "type": "Feature", "properties": { "edge_type": "hub_backbone", "region": "ContigUS" }, "geometry": { "type": "LineString", "coordinates": [ [ -97.099574997814585, 31.68509100331605 ], [ -97.1027100013752, 31.787473000594531 ] ] } },
{ "type": "Feature", "properties": { "edge_type": "hub_backbone", "region": "ContigUS" }, "geometry": { "type": "LineString", "coordinates": [ [ -96.910770001939895, 29.692180004207721 ], [ -97.099893998555146, 29.696818999548508 ] ] } },
{ "type": "Feature", "properties": { "edge_type": "hub_backbone", "region": "ContigUS" }, "geometry": { "type": "LineString", "coordinates": [ [ -97.091799998182168, 32.046187999447859 ], [ -96.982926997473712, 32.101310000058888 ] ] } },
{ "type": "Feature", "properties": { "edge_type": "hub_backbone", "region": "ContigUS" }, "geometry": { "type": "LineString", "coordinates": [ [ -97.090303000676954, 31.837482000393209 ], [ -97.08359599910267, 31.884474996817147 ] ] } },
{ "type": "Feature", "properties": { "edge_type": "hub_backbone", "region": "ContigUS" }, "geometry": { "type": "LineString", "coordinates": [ [ -97.061854002415899, 41.206371000067719 ], [ -97.005547995666006, 41.206135003067914 ] ] } },
{ "type": "Feature", "properties": { "edge_type": "hub_backbone", "region": "ContigUS" }, "geometry": { "type": "LineString", "coordinates": [ [ -96.908692001058327, 41.205949997693914 ], [ -96.832618000542766, 41.205922997706097 ] ] } },
{ "type": "Feature", "properties": { "edge_type": "hub_backbone", "region": "ContigUS" }, "geometry": { "type": "LineString", "coordinates": [ [ -96.891198999732865, 32.182869002431573 ], [ -96.856976996264706, 32.316363002673093 ] ] } },
{ "type": "Feature", "properties": { "edge_type": "hub_backbone", "region": "ContigUS" }, "geometry": { "type": "LineString", "coordinates": [ [ -96.840252000608203, 32.420544999102297 ], [ -96.834840998494329, 32.459361998551309 ] ] } },
{ "type": "Feature", "properties": { "edge_type": "hub_backbone", "region": "ContigUS" }, "geometry": { "type": "LineString", "coordinates": [ [ -96.813081996699239, 41.205998002901303 ], [ -96.717071999493555, 41.205437002778808 ] ] } },
{ "type": "Feature", "properties": { "edge_type": "hub_backbone", "region": "ContigUS" }, "geometry": { "type": "LineString", "coordinates": [ [ -96.575984999471544, 29.693606003163126 ], [ -96.776190999707268, 29.691736997424218 ] ] } },
{ "type": "Feature", "properties": { "edge_type": "hub_backbone", "region": "ContigUS" }, "geometry": { "type": "LineString", "coordinates": [ [ -96.698010000692804, 41.205477999806348 ], [ -96.636133001876942, 41.20654000040318 ] ] } },
{ "type": "Feature", "properties": { "edge_type": "hub_backbone", "region": "ContigUS" }, "geometry": { "type": "LineString", "coordinates": [ [ -96.664632000366709, 32.446337001797467 ], [ -96.66419000229746, 32.485391998018365 ] ] } },
{ "type": "Feature", "properties": { "edge_type": "hub_backbone", "region": "ContigUS" }, "geometry": { "type": "LineString", "coordinates": [ [ -96.638339003703294, 32.366829003165158 ], [ -96.660017004409227, 32.41669300293939 ] ] } },
{ "type": "Feature", "properties": { "edge_type": "hub_backbone", "region": "ContigUS" }, "geometry": { "type": "LineString", "coordinates": [ [ -96.588855997980346, 33.421591003615482 ], [ -96.612784997125218, 33.527145999859663 ] ] } },
{ "type": "Feature", "properties": { "edge_type": "hub_backbone", "region": "ContigUS" }, "geometry": { "type": "LineString", "coordinates": [ [ -96.611976001329793, 33.529561997201604 ], [ -96.605418003311684, 33.595233001521258 ] ] } },
{ "type": "Feature", "properties": { "edge_type": "hub_backbone", "region": "ContigUS" }, "geometry": { "type": "LineString", "coordinates": [ [ -96.596701003322863, 41.234608001867976 ], [ -96.502884997468172, 41.234209001568431 ] ] } },
{ "type": "Feature", "properties": { "edge_type": "hub_backbone", "region": "ContigUS" }, "geometry": { "type": "LineString", "coordinates": [ [ -96.592198997461821, 33.286760997916112 ], [ -96.580348000025538, 33.39995599929 ] ] } },
{ "type": "Feature", "properties": { "edge_type": "hub_backbone", "region": "ContigUS" }, "geometry": { "type": "LineString", "coordinates": [ [ -96.482470001102286, 32.21701099927288 ], [ -96.508105996916356, 32.265637000981123 ] ] } },
{ "type": "Feature", "properties": { "edge_type": "hub_backbone", "region": "ContigUS" }, "geometry": { "type": "LineString", "coordinates": [ [ -96.483544997036489, 41.234049996605357 ], [ -96.425701999784934, 41.233839000468805 ] ] } },
{ "type": "Feature", "properties": { "edge_type": "hub_backbone", "region": "ContigUS" }, "geometry": { "type": "LineString", "coordinates": [ [ -96.302042001864507, 29.747240002699893 ], [ -96.482285002052691, 29.713833996786633 ] ] } },
{ "type": "Feature", "properties": { "edge_type": "hub_backbone", "region": "ContigUS" }, "geometry": { "type": "LineString", "coordinates": [ [ -96.424615002358536, 31.937422995901294 ], [ -96.434061003166718, 32.008763997573958 ] ] } },
{ "type": "Feature", "properties": { "edge_type": "hub_backbone", "region": "ContigUS" }, "geometry": { "type": "LineString", "coordinates": [ [ -96.382502996935273, 31.904222502060318 ], [ -96.4180619989734, 31.92762400385223 ] ] } },
{ "type": "Feature", "properties": { "edge_type": "hub_backbone", "region": "ContigUS" }, "geometry": { "type": "LineString", "coordinates": [ [ -96.355164001955018, 34.054300997622562 ], [ -96.278426999844015, 34.127981999921545 ] ] } },
{ "type": "Feature", "properties": { "edge_type": "hub_backbone", "region": "ContigUS" }, "geometry": { "type": "LineString", "coordinates": [ [ -96.180396996991561, 31.726965001885969 ], [ -96.319808001204834, 31.86397299734374 ] ] } },
{ "type": "Feature", "properties": { "edge_type": "hub_backbone", "region": "ContigUS" }, "geometry": { "type": "LineString", "coordinates": [ [ -96.230372001012455, 29.75718100172854 ], [ -96.296376003974046, 29.748387003771409 ] ] } },
{ "type": "Feature", "properties": { "edge_type": "hub_backbone", "region": "ContigUS" }, "geometry": { "type": "LineString", "coordinates": [ [ -96.257149998097788, 34.161922999206951 ], [ -96.237849999645675, 34.200742998090085 ] ] } },
{ "type": "Feature", "properties": { "edge_type": "hub_backbone", "region": "ContigUS" }, "geometry": { "type": "LineString", "coordinates": [ [ -96.205557002486017, 34.271141999133732 ], [ -96.178452000670973, 34.305520997323747 ] ] } },
{ "type": "Feature", "properties": { "edge_type": "hub_backbone", "region": "ContigUS" }, "geometry": { "type": "LineString", "coordinates": [ [ -96.091686997245503, 31.482975001590287 ], [ -96.175210995906866, 31.710413000589629 ] ] } },
{ "type": "Feature", "properties": { "edge_type": "hub_backbone", "region": "ContigUS" }, "geometry": { "type": "LineString", "coordinates": [ [ -96.10924800103804, 34.408600996762637 ], [ -96.073163996598424, 34.440804004070039 ] ] } },
{ "type": "Feature", "properties": { "edge_type": "hub_backbone", "region": "ContigUS" }, "geometry": { "type": "LineString", "coordinates": [ [ -96.043180002095625, 29.769711997520801 ], [ -96.109051000496237, 29.776068999637616 ] ] } },
{ "type": "Feature", "properties": { "edge_type": "hub_backbone", "region": "ContigUS" }, "geometry": { "type": "LineString", "coordinates": [ [ -95.987608996911192, 31.261987000491391 ], [ -96.071497001908838, 31.445971000115435 ] ] } },
{ "type": "Feature", "properties": { "edge_type": "hub_backbone", "region": "ContigUS" }, "geometry": { "type": "LineString", "coordinates": [ [ -96.048314996838471, 34.489037000137799 ], [ -96.03252999829526, 34.5261129996397 ] ] } },
{ "type": "Feature", "properties": { "edge_type": "hub_backbone", "region": "ContigUS" }, "geometry": { "type": "LineString", "coordinates": [ [ -95.984634001269001, 29.78189399860663 ], [ -96.035907996140224, 29.771221996917404 ] ] } },
{ "type": "Feature", "properties": { "edge_type": "hub_backbone", "region": "ContigUS" }, "geometry": { "type": "LineString", "coordinates": [ [ -96.025123002502127, 34.545835997004268 ], [ -96.000817995528806, 34.577457997594991 ] ] } },
{ "type": "Feature", "properties": { "edge_type": "hub_backbone", "region": "ContigUS" }, "geometry": { "type": "LineString", "coordinates": [ [ -95.960996999507259, 31.092387998068876 ], [ -95.988421999192767, 31.253815996655234 ] ] } },
{ "type": "Feature", "properties": { "edge_type": "hub_backbone", "region": "ContigUS" }, "geometry": { "type": "LineString", "coordinates": [ [ -95.973225999031939, 34.606571998148375 ], [ -95.949484002179759, 34.640320002164486 ] ] } },
{ "type": "Feature", "properties": { "edge_type": "hub_backbone", "region": "ContigUS" }, "geometry": { "type": "LineString", "coordinates": [ [ -95.926470000033817, 31.019052996894406 ], [ -95.959015001580127, 31.086605998899454 ] ] } },
{ "type": "Feature", "properties": { "edge_type": "hub_backbone", "region": "ContigUS" }, "geometry": { "type": "LineString", "coordinates": [ [ -95.862753997117736, 29.777372999378613 ], [ -95.95132200016684, 29.778887000041429 ] ] } },
{ "type": "Feature", "properties": { "edge_type": "hub_backbone", "region": "ContigUS" }, "geometry": { "type": "LineString", "coordinates": [ [ -95.887263002508973, 30.970075000022881 ], [ -95.918388001153048, 31.008078000793752 ] ] } },
{ "type": "Feature", "properties": { "edge_type": "hub_backbone", "region": "ContigUS" }, "geometry": { "type": "LineString", "coordinates": [ [ -95.77232499921034, 30.888331000841315 ], [ -95.877883998054685, 30.960450997637423 ] ] } },
{ "type": "Feature", "properties": { "edge_type": "hub_backbone", "region": "ContigUS" }, "geometry": { "type": "LineString", "coordinates": [ [ -95.774493002300176, 41.296048998710276 ], [ -95.680086003803225, 41.371868000127783 ] ] } },
{ "type": "Feature", "properties": { "edge_type": "hub_backbone", "region": "ContigUS" }, "geometry": { "type": "LineString", "coordinates": [ [ -95.65346000166403, 30.778653997293947 ], [ -95.771865996032744, 30.887763002767212 ] ] } },
{ "type": "Feature", "properties": { "edge_type": "hub_backbone", "region": "ContigUS" }, "geometry": { "type": "LineString", "coordinates": [ [ -95.718548998643513, 35.014556998350457 ], [ -95.70817100471119, 35.053178998946329 ] ] } },
{ "type": "Feature", "properties": { "edge_type": "hub_backbone", "region": "ContigUS" }, "geometry": { "type": "LineString", "coordinates": [ [ -95.672706999514375, 41.37908500118418 ], [ -95.622610004277874, 41.435783997163043 ] ] } },
{ "type": "Feature", "properties": { "edge_type": "hub_backbone", "region": "ContigUS" }, "geometry": { "type": "LineString", "coordinates": [ [ -95.670533004661579, 35.134831999912677 ], [ -95.650862001997126, 35.168820001338929 ] ] } },
{ "type": "Feature", "properties": { "edge_type": "hub_backbone", "region": "ContigUS" }, "geometry": { "type": "LineString", "coordinates": [ [ -95.641929999228211, 35.184249002886027 ], [ -95.613753001852018, 35.213704997696389 ] ] } },
{ "type": "Feature", "properties": { "edge_type": "hub_backbone", "region": "ContigUS" }, "geometry": { "type": "LineString", "coordinates": [ [ -95.589465997116946, 35.313699999922378 ], [ -95.575385003853057, 35.357477003618264 ] ] } },
{ "type": "Feature", "properties": { "edge_type": "hub_backbone", "region": "ContigUS" }, "geometry": { "type": "LineString", "coordinates": [ [ -95.572815004673572, 35.366336001960661 ], [ -95.561066999084602, 35.402172999374223 ] ] } },
{ "type": "Feature", "properties": { "edge_type": "hub_backbone", "region": "ContigUS" }, "geometry": { "type": "LineString", "coordinates": [ [ -95.557686000866639, 35.4099690002733 ], [ -95.546890002866306, 35.451941999852039 ] ] } },
{ "type": "Feature", "properties": { "edge_type": "hub_backbone", "region": "ContigUS" }, "geometry": { "type": "LineString", "coordinates": [ [ -95.541147998519691, 41.498551002916813 ], [ -95.460569000753154, 41.498861996719306 ] ] } },
{ "type": "Feature", "properties": { "edge_type": "hub_backbone", "region": "ContigUS" }, "geometry": { "type": "LineString", "coordinates": [ [ -95.498867002025179, 30.552129002255043 ], [ -95.508905001588758, 30.640557997660142 ] ] } },
{ "type": "Feature", "properties": { "edge_type": "hub_backbone", "region": "ContigUS" }, "geometry": { "type": "LineString", "coordinates": [ [ -95.491881998819906, 30.421043000418415 ], [ -95.491402002014141, 30.508658996736045 ] ] } },
{ "type": "Feature", "properties": { "edge_type": "hub_backbone", "region": "ContigUS" }, "geometry": { "type": "LineString", "coordinates": [ [ -95.471368996256501, 35.613296999454285 ], [ -95.443908001077503, 35.657188996781002 ] ] } },
{ "type": "Feature", "properties": { "edge_type": "hub_backbone", "region": "ContigUS" }, "geometry": { "type": "LineString", "coordinates": [ [ -95.446587998963551, 41.498667002575445 ], [ -95.343263002432991, 41.497624000674577 ] ] } },
{ "type": "Feature", "properties": { "edge_type": "hub_backbone", "region": "ContigUS" }, "geometry": { "type": "LineString", "coordinates": [ [ -95.360143002391752, 36.11089999802801 ], [ -95.341705000336816, 36.147463997583174 ] ] } },
{ "type": "Feature", "properties": { "edge_type": "hub_backbone", "region": "ContigUS" }, "geometry": { "type": "LineString", "coordinates": [ [ -95.341520001287194, 36.195249001718551 ], [ -95.338077998478283, 36.237145000318691 ] ] } },
{ "type": "Feature", "properties": { "edge_type": "hub_backbone", "region": "ContigUS" }, "geometry": { "type": "LineString", "coordinates": [ [ -95.330049997329212, 41.497660999203774 ], [ -95.232341995590332, 41.49734800134128 ] ] } },
{ "type": "Feature", "properties": { "edge_type": "hub_backbone", "region": "ContigUS" }, "geometry": { "type": "LineString", "coordinates": [ [ -95.233989999894831, 30.112951998465995 ], [ -95.215551000709922, 30.155037997080516 ] ] } },
{ "type": "Feature", "properties": { "edge_type": "hub_backbone", "region": "ContigUS" }, "geometry": { "type": "LineString", "coordinates": [ [ -95.217980000322413, 41.497292997798809 ], [ -95.155270002726738, 41.498302000917903 ] ] } },
{ "type": "Feature", "properties": { "edge_type": "hub_backbone", "region": "ContigUS" }, "geometry": { "type": "LineString", "coordinates": [ [ -95.188051000681313, 30.196493000603866 ], [ -95.165023999913231, 30.232498003960149 ] ] } },
{ "type": "Feature", "properties": { "edge_type": "hub_backbone", "region": "ContigUS" }, "geometry": { "type": "LineString", "coordinates": [ [ -95.100511999823908, 36.656426002787363 ], [ -94.999323996539545, 36.698383996794739 ] ] } },
{ "type": "Feature", "properties": { "edge_type": "hub_backbone", "region": "ContigUS" }, "geometry": { "type": "LineString", "coordinates": [ [ -95.061273004308632, 30.390663003252701 ], [ -95.029270001289007, 30.445543002828664 ] ] } },
{ "type": "Feature", "properties": { "edge_type": "hub_backbone", "region": "ContigUS" }, "geometry": { "type": "LineString", "coordinates": [ [ -94.999082996515156, 41.497279998789658 ], [ -94.952436996223597, 41.497201002167053 ] ] } },
{ "type": "Feature", "properties": { "edge_type": "hub_backbone", "region": "ContigUS" }, "geometry": { "type": "LineString", "coordinates": [ [ -94.973556999407634, 30.534422000242493 ], [ -94.949988997242826, 30.57079599634131 ] ] } },
{ "type": "Feature", "properties": { "edge_type": "hub_backbone", "region": "ContigUS" }, "geometry": { "type": "LineString", "coordinates": [ [ -94.947552002624306, 30.62095799869325 ], [ -94.950638003086127, 30.679848000339064 ] ] } },
{ "type": "Feature", "properties": { "edge_type": "hub_backbone", "region": "ContigUS" }, "geometry": { "type": "LineString", "coordinates": [ [ -94.940143003588062, 41.497175999894225 ], [ -94.873065001822283, 41.497463996426312 ] ] } },
{ "type": "Feature", "properties": { "edge_type": "hub_backbone", "region": "ContigUS" }, "geometry": { "type": "LineString", "coordinates": [ [ -94.924883995593206, 36.726057000002491 ], [ -94.880193995984428, 36.800999996851459 ] ] } },
{ "type": "Feature", "properties": { "edge_type": "hub_backbone", "region": "ContigUS" }, "geometry": { "type": "LineString", "coordinates": [ [ -94.910965004507631, 30.709929003612249 ], [ -94.743593999958236, 30.705245001724109 ] ] } },
{ "type": "Feature", "properties": { "edge_type": "hub_backbone", "region": "ContigUS" }, "geometry": { "type": "LineString", "coordinates": [ [ -94.866680998491532, 41.497357999533683 ], [ -94.766248999384004, 41.496998998867056 ] ] } },
{ "type": "Feature", "properties": { "edge_type": "hub_backbone", "region": "ContigUS" }, "geometry": { "type": "LineString", "coordinates": [ [ -94.787801002388179, 36.910289001379986 ], [ -94.617969997365805, 36.995888000165351 ] ] } },
{ "type": "Feature", "properties": { "edge_type": "hub_backbone", "region": "ContigUS" }, "geometry": { "type": "LineString", "coordinates": [ [ -94.749690003408887, 41.496760998433977 ], [ -94.70048100181387, 41.496917996867204 ] ] } },
{ "type": "Feature", "properties": { "edge_type": "hub_backbone", "region": "ContigUS" }, "geometry": { "type": "LineString", "coordinates": [ [ -94.670142002093939, 30.719690997441827 ], [ -94.414892002318382, 30.775355001878765 ] ] } },
{ "type": "Feature", "properties": { "edge_type": "hub_backbone", "region": "ContigUS" }, "geometry": { "type": "LineString", "coordinates": [ [ -94.641116995089561, 41.493154000295327 ], [ -94.52325999712356, 41.496189001223243 ] ] } },
{ "type": "Feature", "properties": { "edge_type": "hub_backbone", "region": "ContigUS" }, "geometry": { "type": "LineString", "coordinates": [ [ -94.517111999184252, 41.496179002850361 ], [ -94.459394002504482, 41.495947001141431 ] ] } },
{ "type": "Feature", "properties": { "edge_type": "hub_backbone", "region": "ContigUS" }, "geometry": { "type": "LineString", "coordinates": [ [ -94.407752003793973, 41.495977003091291 ], [ -94.321635000098723, 41.493016997193806 ] ] } },
{ "type": "Feature", "properties": { "edge_type": "hub_backbone", "region": "ContigUS" }, "geometry": { "type": "LineString", "coordinates": [ [ -94.407128995194981, 30.776370002166935 ], [ -94.262286004222787, 30.843418999258567 ] ] } },
{ "type": "Feature", "properties": { "edge_type": "hub_backbone", "region": "ContigUS" }, "geometry": { "type": "LineString", "coordinates": [ [ -94.362681998853745, 37.082047998525525 ], [ -94.316639998809748, 37.081783001808255 ] ] } },
{ "type": "Feature", "properties": { "edge_type": "hub_backbone", "region": "ContigUS" }, "geometry": { "type": "LineString", "coordinates": [ [ -94.31550600152768, 41.493001998899445 ], [ -94.244362997337106, 41.493351002724722 ] ] } },
{ "type": "Feature", "properties": { "edge_type": "hub_backbone", "region": "ContigUS" }, "geometry": { "type": "LineString", "coordinates": [ [ -94.308547004549894, 37.081729001903838 ], [ -94.242800997737916, 37.081265998623003 ] ] } },
{ "type": "Feature", "properties": { "edge_type": "hub_backbone", "region": "ContigUS" }, "geometry": { "type": "LineString", "coordinates": [ [ -94.236102000152812, 37.081163000325724 ], [ -94.170782001397995, 37.079678998054078 ] ] } },
{ "type": "Feature", "properties": { "edge_type": "hub_backbone", "region": "ContigUS" }, "geometry": { "type": "LineString", "coordinates": [ [ -94.192169998980788, 41.51650400007108 ], [ -94.127507998205303, 41.517658997746068 ] ] } },
{ "type": "Feature", "properties": { "edge_type": "hub_backbone", "region": "ContigUS" }, "geometry": { "type": "LineString", "coordinates": [ [ -94.166970997619828, 30.852935997585668 ], [ -94.044096998623544, 30.894374002221024 ] ] } },
{ "type": "Feature", "properties": { "edge_type": "hub_backbone", "region": "ContigUS" }, "geometry": { "type": "LineString", "coordinates": [ [ -94.16374699796404, 37.079511002321937 ], [ -94.110160002932972, 37.078250001185467 ] ] } },
{ "type": "Feature", "properties": { "edge_type": "hub_backbone", "region": "ContigUS" }, "geometry": { "type": "LineString", "coordinates": [ [ -94.071002996653689, 41.520814002547965 ], [ -94.019106002166637, 41.539535999115557 ] ] } },
{ "type": "Feature", "properties": { "edge_type": "hub_backbone", "region": "ContigUS" }, "geometry": { "type": "LineString", "coordinates": [ [ -94.037558997103631, 37.076470000929497 ], [ -93.95279800032975, 37.074820996897195 ] ] } },
{ "type": "Feature", "properties": { "edge_type": "hub_backbone", "region": "ContigUS" }, "geometry": { "type": "LineString", "coordinates": [ [ -94.006026001623823, 41.540933998593751 ], [ -93.961586003158629, 41.545989998363545 ] ] } },
{ "type": "Feature", "properties": { "edge_type": "hub_backbone", "region": "ContigUS" }, "geometry": { "type": "LineString", "coordinates": [ [ -93.964916004017923, 30.935835998940934 ], [ -93.869719000110678, 30.966216002520671 ] ] } },
{ "type": "Feature", "properties": { "edge_type": "hub_backbone", "region": "ContigUS" }, "geometry": { "type": "LineString", "coordinates": [ [ -93.949778996221809, 41.548926001807288 ], [ -93.889037000801082, 41.561187996957599 ] ] } },
{ "type": "Feature", "properties": { "edge_type": "hub_backbone", "region": "ContigUS" }, "geometry": { "type": "LineString", "coordinates": [ [ -93.947508001284618, 37.074778000858622 ], [ -93.852116997208626, 37.086020996425901 ] ] } },
{ "type": "Feature", "properties": { "edge_type": "hub_backbone", "region": "ContigUS" }, "geometry": { "type": "LineString", "coordinates": [ [ -93.876178003784503, 41.563507002696561 ], [ -93.832606999592542, 41.580006997006251 ] ] } },
{ "type": "Feature", "properties": { "edge_type": "hub_backbone", "region": "ContigUS" }, "geometry": { "type": "LineString", "coordinates": [ [ -93.861890002746549, 30.967283996307337 ], [ -93.670054001271666, 30.998375000003744 ] ] } },
{ "type": "Feature", "properties": { "edge_type": "hub_backbone", "region": "ContigUS" }, "geometry": { "type": "LineString", "coordinates": [ [ -93.757428996707674, 37.118160000565574 ], [ -93.648323997093925, 37.183412000520967 ] ] } },
{ "type": "Feature", "properties": { "edge_type": "hub_backbone", "region": "ContigUS" }, "geometry": { "type": "LineString", "coordinates": [ [ -93.664017996298838, 31.001460002863105 ], [ -93.519534996193585, 31.064309996729808 ] ] } },
{ "type": "Feature", "properties": { "edge_type": "hub_backbone", "region": "ContigUS" }, "geometry": { "type": "LineString", "coordinates": [ [ -93.566817003706319, 37.185850002474098 ], [ -93.481874996402681, 37.188107003043747 ] ] } },
{ "type": "Feature", "properties": { "edge_type": "hub_backbone", "region": "ContigUS" }, "geometry": { "type": "LineString", "coordinates": [ [ -93.488215997380763, 31.069915996080933 ], [ -93.303414002209919, 31.145467998443152 ] ] } },
{ "type": "Feature", "properties": { "edge_type": "hub_backbone", "region": "ContigUS" }, "geometry": { "type": "LineString", "coordinates": [ [ -93.44406900241178, 41.671895001833335 ], [ -93.373854999955412, 41.680384001038192 ] ] } },
{ "type": "Feature", "properties": { "edge_type": "hub_backbone", "region": "ContigUS" }, "geometry": { "type": "LineString", "coordinates": [ [ -93.348370999087436, 41.680848001649863 ], [ -93.269160000751341, 41.687400996310807 ] ] } },
{ "type": "Feature", "properties": { "edge_type": "hub_backbone", "region": "ContigUS" }, "geometry": { "type": "LineString", "coordinates": [ [ -93.25266800113009, 31.142170001481535 ], [ -93.194038995971255, 31.149925996712231 ] ] } },
{ "type": "Feature", "properties": { "edge_type": "hub_backbone", "region": "ContigUS" }, "geometry": { "type": "LineString", "coordinates": [ [ -93.239894002705682, 41.693533997788784 ], [ -93.184569001161819, 41.69241799818198 ] ] } },
{ "type": "Feature", "properties": { "edge_type": "hub_backbone", "region": "ContigUS" }, "geometry": { "type": "LineString", "coordinates": [ [ -93.178515002933864, 37.251669003205549 ], [ -93.117337001206863, 37.27275700181999 ] ] } },
{ "type": "Feature", "properties": { "edge_type": "hub_backbone", "region": "ContigUS" }, "geometry": { "type": "LineString", "coordinates": [ [ -93.175612995408514, 41.688921998438595 ], [ -93.085332003927306, 41.682489001510518 ] ] } },
{ "type": "Feature", "properties": { "edge_type": "hub_backbone", "region": "ContigUS" }, "geometry": { "type": "LineString", "coordinates": [ [ -93.172277002786259, 31.159880000449824 ], [ -92.726340997813082, 31.272135002348691 ] ] } },
{ "type": "Feature", "properties": { "edge_type": "hub_backbone", "region": "ContigUS" }, "geometry": { "type": "LineString", "coordinates": [ [ -93.076673996303199, 37.270218002048694 ], [ -93.004050999715716, 37.30233200144891 ] ] } },
{ "type": "Feature", "properties": { "edge_type": "hub_backbone", "region": "ContigUS" }, "geometry": { "type": "LineString", "coordinates": [ [ -92.994977997379806, 41.682370996960195 ], [ -92.911785998081157, 41.681916997107315 ] ] } },
{ "type": "Feature", "properties": { "edge_type": "hub_backbone", "region": "ContigUS" }, "geometry": { "type": "LineString", "coordinates": [ [ -92.984585001582232, 37.303250003142686 ], [ -92.933007995982564, 37.340465001674673 ] ] } },
{ "type": "Feature", "properties": { "edge_type": "hub_backbone", "region": "ContigUS" }, "geometry": { "type": "LineString", "coordinates": [ [ -92.927478003026124, 37.34536699832465 ], [ -92.882798998796432, 37.42343000000573 ] ] } },
{ "type": "Feature", "properties": { "edge_type": "hub_backbone", "region": "ContigUS" }, "geometry": { "type": "LineString", "coordinates": [ [ -92.894116998825169, 41.683144003673853 ], [ -92.801478001588407, 41.695309001721988 ] ] } },
{ "type": "Feature", "properties": { "edge_type": "hub_backbone", "region": "ContigUS" }, "geometry": { "type": "LineString", "coordinates": [ [ -92.879339999862324, 37.430181002261932 ], [ -92.851853995585827, 37.484114002131086 ] ] } },
{ "type": "Feature", "properties": { "edge_type": "hub_backbone", "region": "ContigUS" }, "geometry": { "type": "LineString", "coordinates": [ [ -92.84159500147922, 37.504164002549096 ], [ -92.792630000281704, 37.557184998497597 ] ] } },
{ "type": "Feature", "properties": { "edge_type": "hub_backbone", "region": "ContigUS" }, "geometry": { "type": "LineString", "coordinates": [ [ -92.7900720025944, 37.558564000088666 ], [ -92.718505999702813, 37.597786000540161 ] ] } },
{ "type": "Feature", "properties": { "edge_type": "hub_backbone", "region": "ContigUS" }, "geometry": { "type": "LineString", "coordinates": [ [ -92.719237003765286, 41.695782003630441 ], [ -92.559443001176518, 41.696604001933252 ] ] } },
{ "type": "Feature", "properties": { "edge_type": "hub_backbone", "region": "ContigUS" }, "geometry": { "type": "LineString", "coordinates": [ [ -92.712286001793515, 37.601210998099617 ], [ -92.676607002799742, 37.637755002536437 ] ] } },
{ "type": "Feature", "properties": { "edge_type": "hub_backbone", "region": "ContigUS" }, "geometry": { "type": "LineString", "coordinates": [ [ -92.689778999810798, 31.272123001629161 ], [ -92.541226002647775, 31.295992000978018 ] ] } },
{ "type": "Feature", "properties": { "edge_type": "hub_backbone", "region": "ContigUS" }, "geometry": { "type": "LineString", "coordinates": [ [ -92.623066001511205, 37.701618003181963 ], [ -92.588856996665257, 37.741851997638349 ] ] } },
{ "type": "Feature", "properties": { "edge_type": "hub_backbone", "region": "ContigUS" }, "geometry": { "type": "LineString", "coordinates": [ [ -92.583964996206745, 37.746478997207632 ], [ -92.509798999388337, 37.757339000192729 ] ] } },
{ "type": "Feature", "properties": { "edge_type": "hub_backbone", "region": "ContigUS" }, "geometry": { "type": "LineString", "coordinates": [ [ -92.544851001263254, 41.696462003597262 ], [ -92.450423000154956, 41.695520996782044 ] ] } },
{ "type": "Feature", "properties": { "edge_type": "hub_backbone", "region": "ContigUS" }, "geometry": { "type": "LineString", "coordinates": [ [ -92.505937995381444, 37.755790999775542 ], [ -92.412353997415195, 37.767847002683325 ] ] } },
{ "type": "Feature", "properties": { "edge_type": "hub_backbone", "region": "ContigUS" }, "geometry": { "type": "LineString", "coordinates": [ [ -92.440792997427138, 41.696126002223757 ], [ -92.363948996982643, 41.695671998817296 ] ] } },
{ "type": "Feature", "properties": { "edge_type": "hub_backbone", "region": "ContigUS" }, "geometry": { "type": "LineString", "coordinates": [ [ -92.406953002533555, 37.768439003708899 ], [ -92.32548399889933, 37.779189999013091 ] ] } },
{ "type": "Feature", "properties": { "edge_type": "hub_backbone", "region": "ContigUS" }, "geometry": { "type": "LineString", "coordinates": [ [ -92.350567000807644, 41.695593003171695 ], [ -92.299805997862578, 41.695795002967273 ] ] } },
{ "type": "Feature", "properties": { "edge_type": "hub_backbone", "region": "ContigUS" }, "geometry": { "type": "LineString", "coordinates": [ [ -92.296662002165988, 31.366896996565238 ], [ -92.163513001084709, 31.42950799928024 ] ] } },
{ "type": "Feature", "properties": { "edge_type": "hub_backbone", "region": "ContigUS" }, "geometry": { "type": "LineString", "coordinates": [ [ -92.279555995064896, 41.696055002567277 ], [ -92.014798001743387, 41.687143001115658 ] ] } },
{ "type": "Feature", "properties": { "edge_type": "hub_backbone", "region": "ContigUS" }, "geometry": { "type": "LineString", "coordinates": [ [ -92.218018999600901, 37.806744001961732 ], [ -92.170875000265269, 37.824509001641246 ] ] } },
{ "type": "Feature", "properties": { "edge_type": "hub_backbone", "region": "ContigUS" }, "geometry": { "type": "LineString", "coordinates": [ [ -92.160686002885598, 31.430808002393583 ], [ -91.822689002253668, 31.628905996818922 ] ] } },
{ "type": "Feature", "properties": { "edge_type": "hub_backbone", "region": "ContigUS" }, "geometry": { "type": "LineString", "coordinates": [ [ -92.096350997856689, 37.836888999777628 ], [ -92.022795002031984, 37.866945001931327 ] ] } },
{ "type": "Feature", "properties": { "edge_type": "hub_backbone", "region": "ContigUS" }, "geometry": { "type": "LineString", "coordinates": [ [ -92.017703000658599, 37.871143001630877 ], [ -91.989955002729516, 37.906697000071354 ] ] } },
{ "type": "Feature", "properties": { "edge_type": "hub_backbone", "region": "ContigUS" }, "geometry": { "type": "LineString", "coordinates": [ [ -92.00203300443809, 41.687131999165359 ], [ -91.951589996120475, 41.687192000022662 ] ] } },
{ "type": "Feature", "properties": { "edge_type": "hub_backbone", "region": "ContigUS" }, "geometry": { "type": "LineString", "coordinates": [ [ -91.984481998894708, 37.908472002160615 ], [ -91.939914996614633, 37.94298700092537 ] ] } },
{ "type": "Feature", "properties": { "edge_type": "hub_backbone", "region": "ContigUS" }, "geometry": { "type": "LineString", "coordinates": [ [ -91.895893002217448, 41.687456998667479 ], [ -91.834007002282405, 41.687319998086728 ] ] } },
{ "type": "Feature", "properties": { "edge_type": "hub_backbone", "region": "ContigUS" }, "geometry": { "type": "LineString", "coordinates": [ [ -91.883369004936611, 37.945021001715915 ], [ -91.803240000245381, 37.940456997639629 ] ] } },
{ "type": "Feature", "properties": { "edge_type": "hub_backbone", "region": "ContigUS" }, "geometry": { "type": "LineString", "coordinates": [ [ -91.803806001756456, 41.687712000636431 ], [ -91.755929004098434, 41.69175300156207 ] ] } },
{ "type": "Feature", "properties": { "edge_type": "hub_backbone", "region": "ContigUS" }, "geometry": { "type": "LineString", "coordinates": [ [ -91.790411995106069, 31.617130004127734 ], [ -91.563121995666663, 31.630082002729264 ] ] } },
{ "type": "Feature", "properties": { "edge_type": "hub_backbone", "region": "ContigUS" }, "geometry": { "type": "LineString", "coordinates": [ [ -91.763155995474946, 37.962675997265109 ], [ -91.72183899907813, 37.978303002075776 ] ] } },
{ "type": "Feature", "properties": { "edge_type": "hub_backbone", "region": "ContigUS" }, "geometry": { "type": "LineString", "coordinates": [ [ -91.715841998954943, 37.979908999725815 ], [ -91.62072499900691, 38.003470997433318 ] ] } },
{ "type": "Feature", "properties": { "edge_type": "hub_backbone", "region": "ContigUS" }, "geometry": { "type": "LineString", "coordinates": [ [ -91.711434756373237, 41.695127056345832 ], [ -91.666481999543848, 41.693914002468212 ] ] } },
{ "type": "Feature", "properties": { "edge_type": "hub_backbone", "region": "ContigUS" }, "geometry": { "type": "LineString", "coordinates": [ [ -91.616880002978363, 38.005966998991099 ], [ -91.545355996326336, 38.025553998298925 ] ] } },
{ "type": "Feature", "properties": { "edge_type": "hub_backbone", "region": "ContigUS" }, "geometry": { "type": "LineString", "coordinates": [ [ -91.55160999546915, 31.618254997747748 ], [ -91.466695000506093, 31.575364001525557 ] ] } },
{ "type": "Feature", "properties": { "edge_type": "hub_backbone", "region": "ContigUS" }, "geometry": { "type": "LineString", "coordinates": [ [ -91.482118004939238, 38.044704997473673 ], [ -91.410768001957734, 38.070487997983854 ] ] } },
{ "type": "Feature", "properties": { "edge_type": "hub_backbone", "region": "ContigUS" }, "geometry": { "type": "LineString", "coordinates": [ [ -91.445561001569928, 41.671672997943809 ], [ -91.366276997150692, 41.666123000828016 ] ] } },
{ "type": "Feature", "properties": { "edge_type": "hub_backbone", "region": "ContigUS" }, "geometry": { "type": "LineString", "coordinates": [ [ -91.36661400012953, 38.094450002021269 ], [ -91.318806999198472, 38.117883002284394 ] ] } },
{ "type": "Feature", "properties": { "edge_type": "hub_backbone", "region": "ContigUS" }, "geometry": { "type": "LineString", "coordinates": [ [ -91.34607800069486, 41.664024001499293 ], [ -91.2657419972127, 41.663475999202483 ] ] } },
{ "type": "Feature", "properties": { "edge_type": "hub_backbone", "region": "ContigUS" }, "geometry": { "type": "LineString", "coordinates": [ [ -91.311360998555685, 38.12130600214455 ], [ -91.253439003458041, 38.152729001203852 ] ] } },
{ "type": "Feature", "properties": { "edge_type": "hub_backbone", "region": "ContigUS" }, "geometry": { "type": "LineString", "coordinates": [ [ -91.248511995652933, 41.663443001340056 ], [ -91.160905998441621, 41.646335000752302 ] ] } },
{ "type": "Feature", "properties": { "edge_type": "hub_backbone", "region": "ContigUS" }, "geometry": { "type": "LineString", "coordinates": [ [ -91.243869996338006, 38.158735000659483 ], [ -91.199172001723213, 38.184496996673289 ] ] } },
{ "type": "Feature", "properties": { "edge_type": "hub_backbone", "region": "ContigUS" }, "geometry": { "type": "LineString", "coordinates": [ [ -91.233289001117797, 31.629550002079142 ], [ -91.05729000165789, 31.843769002769566 ] ] } },
{ "type": "Feature", "properties": { "edge_type": "hub_backbone", "region": "ContigUS" }, "geometry": { "type": "LineString", "coordinates": [ [ -91.15332100147495, 38.226484996528391 ], [ -91.10789099668456, 38.272704997191489 ] ] } },
{ "type": "Feature", "properties": { "edge_type": "hub_backbone", "region": "ContigUS" }, "geometry": { "type": "LineString", "coordinates": [ [ -91.10665699894507, 41.644849000261992 ], [ -91.040895002121033, 41.637399000601874 ] ] } },
{ "type": "Feature", "properties": { "edge_type": "hub_backbone", "region": "ContigUS" }, "geometry": { "type": "LineString", "coordinates": [ [ -91.105773002806586, 38.277852000608377 ], [ -91.010737003947725, 38.339183001980722 ] ] } },
{ "type": "Feature", "properties": { "edge_type": "hub_backbone", "region": "ContigUS" }, "geometry": { "type": "LineString", "coordinates": [ [ -91.041394995425051, 31.863061001788427 ], [ -90.994660996168236, 31.929871995960813 ] ] } },
{ "type": "Feature", "properties": { "edge_type": "hub_backbone", "region": "ContigUS" }, "geometry": { "type": "LineString", "coordinates": [ [ -90.957970997221096, 38.384210996781306 ], [ -90.916050000576703, 38.424844999579044 ] ] } },
{ "type": "Feature", "properties": { "edge_type": "hub_backbone", "region": "ContigUS" }, "geometry": { "type": "LineString", "coordinates": [ [ -90.957772999549334, 31.965636000492971 ], [ -90.633025996644577, 32.042670000771238 ] ] } },
{ "type": "Feature", "properties": { "edge_type": "hub_backbone", "region": "ContigUS" }, "geometry": { "type": "LineString", "coordinates": [ [ -90.904867996498822, 38.442226998768511 ], [ -90.851991002918865, 38.471016996921747 ] ] } },
{ "type": "Feature", "properties": { "edge_type": "hub_backbone", "region": "ContigUS" }, "geometry": { "type": "LineString", "coordinates": [ [ -90.859898000999138, 41.632986001450902 ], [ -90.687007001742401, 41.603713997474756 ] ] } },
{ "type": "Feature", "properties": { "edge_type": "hub_backbone", "region": "ContigUS" }, "geometry": { "type": "LineString", "coordinates": [ [ -90.817521001550205, 38.484522002388886 ], [ -90.759504000628155, 38.485099001386438 ] ] } },
{ "type": "Feature", "properties": { "edge_type": "hub_backbone", "region": "ContigUS" }, "geometry": { "type": "LineString", "coordinates": [ [ -90.626670002784365, 32.048851003217109 ], [ -90.622225004011256, 32.096834996619812 ] ] } },
{ "type": "Feature", "properties": { "edge_type": "hub_backbone", "region": "ContigUS" }, "geometry": { "type": "LineString", "coordinates": [ [ -90.606425003602851, 32.111637003813435 ], [ -90.437955000134835, 32.244296001692341 ] ] } },
{ "type": "Feature", "properties": { "edge_type": "hub_backbone", "region": "ContigUS" }, "geometry": { "type": "LineString", "coordinates": [ [ -90.507045003558247, 41.596359999920807 ], [ -90.459010998354884, 41.597167003668524 ] ] } },
{ "type": "Feature", "properties": { "edge_type": "hub_backbone", "region": "ContigUS" }, "geometry": { "type": "LineString", "coordinates": [ [ -90.32227000276167, 41.53500000156005 ], [ -90.252970000174315, 41.547750001559713 ] ] } },
{ "type": "Feature", "properties": { "edge_type": "hub_backbone", "region": "ContigUS" }, "geometry": { "type": "LineString", "coordinates": [ [ -90.236979997100136, 41.559989997689904 ], [ -90.192413003803225, 41.605496999290381 ] ] } },
{ "type": "Feature", "properties": { "edge_type": "hub_backbone", "region": "ContigUS" }, "geometry": { "type": "LineString", "coordinates": [ [ -90.14250000150318, 41.664729999395917 ], [ -90.103040002461711, 41.68880000081171 ] ] } },
{ "type": "Feature", "properties": { "edge_type": "hub_backbone", "region": "ContigUS" }, "geometry": { "type": "LineString", "coordinates": [ [ -90.089629996816143, 41.688849997997558 ], [ -89.9737500021443, 41.720570001316112 ] ] } },
{ "type": "Feature", "properties": { "edge_type": "hub_backbone", "region": "ContigUS" }, "geometry": { "type": "LineString", "coordinates": [ [ -89.935722995644056, 32.272225002701454 ], [ -89.675381003478279, 32.309670002031474 ] ] } },
{ "type": "Feature", "properties": { "edge_type": "hub_backbone", "region": "ContigUS" }, "geometry": { "type": "LineString", "coordinates": [ [ -89.920387002029301, 41.728194999424744 ], [ -89.789395996805638, 41.761328999740506 ] ] } },
{ "type": "Feature", "properties": { "edge_type": "hub_backbone", "region": "ContigUS" }, "geometry": { "type": "LineString", "coordinates": [ [ -89.905439996898934, 38.757971001759039 ], [ -89.895867001259035, 38.792879000527087 ] ] } },
{ "type": "Feature", "properties": { "edge_type": "hub_backbone", "region": "ContigUS" }, "geometry": { "type": "LineString", "coordinates": [ [ -89.836090003066005, 38.892229997526719 ], [ -89.804850002099215, 38.928079998253637 ] ] } },
{ "type": "Feature", "properties": { "edge_type": "hub_backbone", "region": "ContigUS" }, "geometry": { "type": "LineString", "coordinates": [ [ -89.799069999016069, 38.93336000231843 ], [ -89.765369997576357, 38.958360001590854 ] ] } },
{ "type": "Feature", "properties": { "edge_type": "hub_backbone", "region": "ContigUS" }, "geometry": { "type": "LineString", "coordinates": [ [ -89.758880002025251, 41.752139998940017 ], [ -89.708729997203875, 41.751239998008657 ] ] } },
{ "type": "Feature", "properties": { "edge_type": "hub_backbone", "region": "ContigUS" }, "geometry": { "type": "LineString", "coordinates": [ [ -89.750667001826599, 39.027066999916975 ], [ -89.755562999788125, 39.06858199909253 ] ] } },
{ "type": "Feature", "properties": { "edge_type": "hub_backbone", "region": "ContigUS" }, "geometry": { "type": "LineString", "coordinates": [ [ -89.755450000708507, 39.075829997465405 ], [ -89.699859996155851, 39.14774999992617 ] ] } },
{ "type": "Feature", "properties": { "edge_type": "hub_backbone", "region": "ContigUS" }, "geometry": { "type": "LineString", "coordinates": [ [ -89.670559996876662, 39.190180000173669 ], [ -89.641400000034551, 39.23383999692286 ] ] } },
{ "type": "Feature", "properties": { "edge_type": "hub_backbone", "region": "ContigUS" }, "geometry": { "type": "LineString", "coordinates": [ [ -89.661056000833739, 32.311226001412706 ], [ -89.496936996427536, 32.337907998228104 ] ] } },
{ "type": "Feature", "properties": { "edge_type": "hub_backbone", "region": "ContigUS" }, "geometry": { "type": "LineString", "coordinates": [ [ -89.641650001178121, 39.28270999878189 ], [ -89.642360002629246, 39.31750999934728 ] ] } },
{ "type": "Feature", "properties": { "edge_type": "hub_backbone", "region": "ContigUS" }, "geometry": { "type": "LineString", "coordinates": [ [ -89.635636004929751, 39.321689003069324 ], [ -89.577460002202372, 39.319619998919762 ] ] } },
{ "type": "Feature", "properties": { "edge_type": "hub_backbone", "region": "ContigUS" }, "geometry": { "type": "LineString", "coordinates": [ [ -89.63147000491756, 41.758109999033486 ], [ -89.328229999421239, 41.7578299996322 ] ] } },
{ "type": "Feature", "properties": { "edge_type": "hub_backbone", "region": "ContigUS" }, "geometry": { "type": "LineString", "coordinates": [ [ -89.568170002826434, 39.32659000002937 ], [ -89.332139997543763, 39.5214769988131 ] ] } },
{ "type": "Feature", "properties": { "edge_type": "hub_backbone", "region": "ContigUS" }, "geometry": { "type": "LineString", "coordinates": [ [ -89.453112002572155, 32.327692996186052 ], [ -89.34902200074562, 32.323688004025669 ] ] } },
{ "type": "Feature", "properties": { "edge_type": "hub_backbone", "region": "ContigUS" }, "geometry": { "type": "LineString", "coordinates": [ [ -89.302700004810717, 41.757939998585378 ], [ -89.034440001219281, 41.760220000224223 ] ] } },
{ "type": "Feature", "properties": { "edge_type": "hub_backbone", "region": "ContigUS" }, "geometry": { "type": "LineString", "coordinates": [ [ -89.284585000999357, 32.339881998313714 ], [ -89.143071004773333, 32.341009998546262 ] ] } },
{ "type": "Feature", "properties": { "edge_type": "hub_backbone", "region": "ContigUS" }, "geometry": { "type": "LineString", "coordinates": [ [ -89.250902004667992, 39.582211998078535 ], [ -89.195840002889838, 39.634680000764213 ] ] } },
{ "type": "Feature", "properties": { "edge_type": "hub_backbone", "region": "ContigUS" }, "geometry": { "type": "LineString", "coordinates": [ [ -89.189249997898159, 39.640599999988538 ], [ -89.139689997572191, 39.687580000680313 ] ] } },
{ "type": "Feature", "properties": { "edge_type": "hub_backbone", "region": "ContigUS" }, "geometry": { "type": "LineString", "coordinates": [ [ -89.133175001906736, 32.339590004090567 ], [ -89.088569982923843, 32.344959512748765 ] ] } },
{ "type": "Feature", "properties": { "edge_type": "hub_backbone", "region": "ContigUS" }, "geometry": { "type": "LineString", "coordinates": [ [ -89.096260001930403, 39.724720002508441 ], [ -89.032170003412091, 39.779380001521616 ] ] } },
{ "type": "Feature", "properties": { "edge_type": "hub_backbone", "region": "ContigUS" }, "geometry": { "type": "LineString", "coordinates": [ [ -89.016703996626305, 32.343216002795806 ], [ -88.931222003022214, 32.34226300025778 ] ] } },
{ "type": "Feature", "properties": { "edge_type": "hub_backbone", "region": "ContigUS" }, "geometry": { "type": "LineString", "coordinates": [ [ -89.0004499966564, 41.760790001378552 ], [ -88.527880003521148, 41.764479997102683 ] ] } },
{ "type": "Feature", "properties": { "edge_type": "hub_backbone", "region": "ContigUS" }, "geometry": { "type": "LineString", "coordinates": [ [ -88.879102998895846, 32.346023001728391 ], [ -88.799359003152233, 32.346074001528045 ] ] } },
{ "type": "Feature", "properties": { "edge_type": "hub_backbone", "region": "ContigUS" }, "geometry": { "type": "LineString", "coordinates": [ [ -88.868880000282672, 39.913316000041583 ], [ -88.836710000451731, 39.937930002635447 ] ] } },
{ "type": "Feature", "properties": { "edge_type": "hub_backbone", "region": "ContigUS" }, "geometry": { "type": "LineString", "coordinates": [ [ -88.819880000721668, 39.958465000374098 ], [ -88.785147996717271, 39.99022399653073 ] ] } },
{ "type": "Feature", "properties": { "edge_type": "hub_backbone", "region": "ContigUS" }, "geometry": { "type": "LineString", "coordinates": [ [ -88.745166004630477, 40.054879997806168 ], [ -88.745299997338293, 40.09884000292449 ] ] } },
{ "type": "Feature", "properties": { "edge_type": "hub_backbone", "region": "ContigUS" }, "geometry": { "type": "LineString", "coordinates": [ [ -88.745120001904795, 40.128169996824006 ], [ -88.74457999763807, 40.21000000297748 ] ] } },
{ "type": "Feature", "properties": { "edge_type": "hub_backbone", "region": "ContigUS" }, "geometry": { "type": "LineString", "coordinates": [ [ -88.715539997751577, 40.223509999984415 ], [ -88.642550003437918, 40.241779998367456 ] ] } },
{ "type": "Feature", "properties": { "edge_type": "hub_backbone", "region": "ContigUS" }, "geometry": { "type": "LineString", "coordinates": [ [ -88.631417002458775, 32.384306998822375 ], [ -88.453551995541261, 32.423657001176046 ] ] } },
{ "type": "Feature", "properties": { "edge_type": "hub_backbone", "region": "ContigUS" }, "geometry": { "type": "LineString", "coordinates": [ [ -88.602979996706736, 40.281709996935263 ], [ -88.459979998354598, 40.395260000288111 ] ] } },
{ "type": "Feature", "properties": { "edge_type": "hub_backbone", "region": "ContigUS" }, "geometry": { "type": "LineString", "coordinates": [ [ -88.455929997795081, 40.39870999655966 ], [ -88.384890003418093, 40.456880002420171 ] ] } },
{ "type": "Feature", "properties": { "edge_type": "hub_backbone", "region": "ContigUS" }, "geometry": { "type": "LineString", "coordinates": [ [ -88.449846004819776, 32.428781998348512 ], [ -88.403830002020115, 32.448896997091126 ] ] } },
{ "type": "Feature", "properties": { "edge_type": "hub_backbone", "region": "ContigUS" }, "geometry": { "type": "LineString", "coordinates": [ [ -88.384158999355648, 32.456782001473805 ], [ -88.308875004250382, 32.516846000453853 ] ] } },
{ "type": "Feature", "properties": { "edge_type": "hub_backbone", "region": "ContigUS" }, "geometry": { "type": "LineString", "coordinates": [ [ -88.365895998101223, 40.45685100052566 ], [ -88.196080003927236, 40.603879999836046 ] ] } },
{ "type": "Feature", "properties": { "edge_type": "hub_backbone", "region": "ContigUS" }, "geometry": { "type": "LineString", "coordinates": [ [ -88.290584002508552, 32.52971399971598 ], [ -88.164040996431041, 32.680636997171369 ] ] } },
{ "type": "Feature", "properties": { "edge_type": "hub_backbone", "region": "ContigUS" }, "geometry": { "type": "LineString", "coordinates": [ [ -88.1768600004512, 40.617890000240749 ], [ -88.121309997878129, 40.667230003497082 ] ] } },
{ "type": "Feature", "properties": { "edge_type": "hub_backbone", "region": "ContigUS" }, "geometry": { "type": "LineString", "coordinates": [ [ -88.106229997169905, 40.676949998712388 ], [ -88.032878996893004, 40.714750002533314 ] ] } },
{ "type": "Feature", "properties": { "edge_type": "hub_backbone", "region": "ContigUS" }, "geometry": { "type": "LineString", "coordinates": [ [ -88.099217002460392, 32.737214997663479 ], [ -87.944778001010704, 32.852728997017302 ] ] } },
{ "type": "Feature", "properties": { "edge_type": "hub_backbone", "region": "ContigUS" }, "geometry": { "type": "LineString", "coordinates": [ [ -88.00646400003086, 40.755235998690303 ], [ -87.970169996427288, 40.880969996769181 ] ] } },
{ "type": "Feature", "properties": { "edge_type": "hub_backbone", "region": "ContigUS" }, "geometry": { "type": "LineString", "coordinates": [ [ -87.964409998825502, 40.888880002871176 ], [ -87.939272999185491, 40.921266000477438 ] ] } },
{ "type": "Feature", "properties": { "edge_type": "hub_backbone", "region": "ContigUS" }, "geometry": { "type": "LineString", "coordinates": [ [ -87.926590000099353, 40.935230002725 ], [ -87.906621996435646, 40.996063999461462 ] ] } },
{ "type": "Feature", "properties": { "edge_type": "hub_backbone", "region": "ContigUS" }, "geometry": { "type": "LineString", "coordinates": [ [ -87.919869002772913, 32.871479997643846 ], [ -87.796408996784194, 32.98201900364738 ] ] } },
{ "type": "Feature", "properties": { "edge_type": "hub_backbone", "region": "ContigUS" }, "geometry": { "type": "LineString", "coordinates": [ [ -87.905143998298712, 41.003195996286856 ], [ -87.890939998722956, 41.047449998015686 ] ] } },
{ "type": "Feature", "properties": { "edge_type": "hub_backbone", "region": "ContigUS" }, "geometry": { "type": "LineString", "coordinates": [ [ -87.785430002977364, 41.339449997510322 ], [ -87.754885998726436, 41.398620996854653 ] ] } },
{ "type": "Feature", "properties": { "edge_type": "hub_backbone", "region": "ContigUS" }, "geometry": { "type": "LineString", "coordinates": [ [ -87.752184001099096, 33.01757499918326 ], [ -87.631138001840753, 33.138075000906483 ] ] } },
{ "type": "Feature", "properties": { "edge_type": "hub_backbone", "region": "ContigUS" }, "geometry": { "type": "LineString", "coordinates": [ [ -87.553709000516932, 37.791967999182944 ], [ -87.474974998613575, 37.503414998127063 ] ] } },
{ "type": "Feature", "properties": { "edge_type": "hub_backbone", "region": "ContigUS" }, "geometry": { "type": "LineString", "coordinates": [ [ -87.475922002586088, 37.478374998259468 ], [ -87.476004000805219, 37.395495996815114 ] ] } },
{ "type": "Feature", "properties": { "edge_type": "hub_backbone", "region": "ContigUS" }, "geometry": { "type": "LineString", "coordinates": [ [ -87.470771996994856, 36.812763997272178 ], [ -87.456478004193912, 36.708079997774256 ] ] } },
{ "type": "Feature", "properties": { "edge_type": "hub_backbone", "region": "ContigUS" }, "geometry": { "type": "LineString", "coordinates": [ [ -87.441747996103572, 37.192169997984813 ], [ -87.468971000614332, 36.89466800133011 ] ] } },
{ "type": "Feature", "properties": { "edge_type": "hub_backbone", "region": "ContigUS" }, "geometry": { "type": "LineString", "coordinates": [ [ -87.460433996058995, 37.29109400263215 ], [ -87.441221996572111, 37.212572000217314 ] ] } },
{ "type": "Feature", "properties": { "edge_type": "hub_backbone", "region": "ContigUS" }, "geometry": { "type": "LineString", "coordinates": [ [ -87.440531003472415, 40.209232998263545 ], [ -87.444511995451833, 40.172470998415911 ] ] } },
{ "type": "Feature", "properties": { "edge_type": "hub_backbone", "region": "ContigUS" }, "geometry": { "type": "LineString", "coordinates": [ [ -87.420507995963888, 41.628650999169359 ], [ -87.389744003283027, 41.603885997815503 ] ] } },
{ "type": "Feature", "properties": { "edge_type": "hub_backbone", "region": "ContigUS" }, "geometry": { "type": "LineString", "coordinates": [ [ -87.397843995418953, 36.678654002777435 ], [ -87.339705003281253, 36.641614000207817 ] ] } },
{ "type": "Feature", "properties": { "edge_type": "hub_backbone", "region": "ContigUS" }, "geometry": { "type": "LineString", "coordinates": [ [ -87.370232999553807, 33.180846997352191 ], [ -87.301304998308751, 33.188741995954622 ] ] } },
{ "type": "Feature", "properties": { "edge_type": "hub_backbone", "region": "ContigUS" }, "geometry": { "type": "LineString", "coordinates": [ [ -87.264487995546773, 33.189712997949499 ], [ -87.162817004066767, 33.233891997335839 ] ] } },
{ "type": "Feature", "properties": { "edge_type": "hub_backbone", "region": "ContigUS" }, "geometry": { "type": "LineString", "coordinates": [ [ -87.208616000843222, 36.514650996333472 ], [ -87.132234003949364, 36.470827998730584 ] ] } },
{ "type": "Feature", "properties": { "edge_type": "hub_backbone", "region": "ContigUS" }, "geometry": { "type": "LineString", "coordinates": [ [ -87.128091000808439, 33.251663996680861 ], [ -87.095455997053861, 33.27950400024617 ] ] } },
{ "type": "Feature", "properties": { "edge_type": "hub_backbone", "region": "ContigUS" }, "geometry": { "type": "LineString", "coordinates": [ [ -87.087523001729252, 33.285368998319043 ], [ -87.0481049989273, 33.324265997922275 ] ] } },
{ "type": "Feature", "properties": { "edge_type": "hub_backbone", "region": "ContigUS" }, "geometry": { "type": "LineString", "coordinates": [ [ -87.070653997149563, 36.430733997225055 ], [ -87.031900002056176, 36.405416000727463 ] ] } },
{ "type": "Feature", "properties": { "edge_type": "hub_backbone", "region": "ContigUS" }, "geometry": { "type": "LineString", "coordinates": [ [ -86.971836998242949, 36.368570000534753 ], [ -86.931537002545639, 36.348194999290726 ] ] } },
{ "type": "Feature", "properties": { "edge_type": "hub_backbone", "region": "ContigUS" }, "geometry": { "type": "LineString", "coordinates": [ [ -86.917574002994314, 36.339761003414921 ], [ -86.873824000498828, 36.324755001269999 ] ] } },
{ "type": "Feature", "properties": { "edge_type": "hub_backbone", "region": "ContigUS" }, "geometry": { "type": "LineString", "coordinates": [ [ -86.861291002098852, 36.322752003347411 ], [ -86.802494002998714, 36.279433001524986 ] ] } },
{ "type": "Feature", "properties": { "edge_type": "hub_backbone", "region": "ContigUS" }, "geometry": { "type": "LineString", "coordinates": [ [ -86.847103998648251, 35.802636003074035 ], [ -86.837368003700078, 35.746613999212613 ] ] } },
{ "type": "Feature", "properties": { "edge_type": "hub_backbone", "region": "ContigUS" }, "geometry": { "type": "LineString", "coordinates": [ [ -86.835495995496359, 35.724681000542589 ], [ -86.825318002478895, 35.63803100191447 ] ] } },
{ "type": "Feature", "properties": { "edge_type": "hub_backbone", "region": "ContigUS" }, "geometry": { "type": "LineString", "coordinates": [ [ -86.834289998244273, 35.566709003800916 ], [ -86.806065003882452, 35.491980002980519 ] ] } },
{ "type": "Feature", "properties": { "edge_type": "hub_backbone", "region": "ContigUS" }, "geometry": { "type": "LineString", "coordinates": [ [ -86.783254003024425, 36.033289999530574 ], [ -86.79672399816468, 35.997575000624046 ] ] } },
{ "type": "Feature", "properties": { "edge_type": "hub_backbone", "region": "ContigUS" }, "geometry": { "type": "LineString", "coordinates": [ [ -86.751472003530978, 35.43853899740126 ], [ -86.665358000208784, 35.334997999100459 ] ] } },
{ "type": "Feature", "properties": { "edge_type": "hub_backbone", "region": "ContigUS" }, "geometry": { "type": "LineString", "coordinates": [ [ -86.637966004626776, 35.30616699909168 ], [ -86.580266998332107, 35.173887000296347 ] ] } },
{ "type": "Feature", "properties": { "edge_type": "hub_backbone", "region": "ContigUS" }, "geometry": { "type": "LineString", "coordinates": [ [ -86.571311001561966, 35.081855000726996 ], [ -86.575915002140349, 35.023666999026702 ] ] } },
{ "type": "Feature", "properties": { "edge_type": "hub_backbone", "region": "ContigUS" }, "geometry": { "type": "LineString", "coordinates": [ [ -86.571875996959889, 34.932191001942314 ], [ -86.568024003055299, 34.880780001520769 ] ] } },
{ "type": "Feature", "properties": { "edge_type": "hub_backbone", "region": "ContigUS" }, "geometry": { "type": "LineString", "coordinates": [ [ -86.430277999271695, 34.734945001139145 ], [ -86.381547000222511, 34.698586002495773 ] ] } },
{ "type": "Feature", "properties": { "edge_type": "hub_backbone", "region": "ContigUS" }, "geometry": { "type": "LineString", "coordinates": [ [ -86.330566996994321, 34.680097999370204 ], [ -86.313047001294564, 34.629047996792238 ] ] } },
{ "type": "Feature", "properties": { "edge_type": "hub_backbone", "region": "ContigUS" }, "geometry": { "type": "LineString", "coordinates": [ [ -86.270542000900818, 34.608864997820618 ], [ -86.165788000348883, 34.621527000263377 ] ] } },
{ "type": "Feature", "properties": { "edge_type": "hub_backbone", "region": "ContigUS" }, "geometry": { "type": "LineString", "coordinates": [ [ -86.091899996178284, 33.58807400185318 ], [ -86.031692004278241, 33.583343996748745 ] ] } },
{ "type": "Feature", "properties": { "edge_type": "hub_backbone", "region": "ContigUS" }, "geometry": { "type": "LineString", "coordinates": [ [ -86.000011999502178, 33.576543002899967 ], [ -85.934457998599015, 33.582841000594222 ] ] } },
{ "type": "Feature", "properties": { "edge_type": "hub_backbone", "region": "ContigUS" }, "geometry": { "type": "LineString", "coordinates": [ [ -85.935013094562535, 34.634250281585111 ], [ -85.775598001360621, 34.637178999191228 ] ] } },
{ "type": "Feature", "properties": { "edge_type": "hub_backbone", "region": "ContigUS" }, "geometry": { "type": "LineString", "coordinates": [ [ -85.729853002315892, 34.607325997076835 ], [ -85.655291001170767, 34.610278000623723 ] ] } },
{ "type": "Feature", "properties": { "edge_type": "hub_backbone", "region": "ContigUS" }, "geometry": { "type": "LineString", "coordinates": [ [ -85.656883004500472, 33.619080003530541 ], [ -85.60098300032638, 33.622438003202888 ] ] } },
{ "type": "Feature", "properties": { "edge_type": "hub_backbone", "region": "ContigUS" }, "geometry": { "type": "LineString", "coordinates": [ [ -85.590365003499585, 33.620790000032144 ], [ -85.512798002981853, 33.642408000072223 ] ] } },
{ "type": "Feature", "properties": { "edge_type": "hub_backbone", "region": "ContigUS" }, "geometry": { "type": "LineString", "coordinates": [ [ -85.590196003445215, 34.579068999286029 ], [ -85.514686998327591, 34.52939100024355 ] ] } },
{ "type": "Feature", "properties": { "edge_type": "hub_backbone", "region": "ContigUS" }, "geometry": { "type": "LineString", "coordinates": [ [ -85.491583002956503, 33.647571002661074 ], [ -85.296396995140924, 33.681220996951886 ] ] } },
{ "type": "Feature", "properties": { "edge_type": "hub_backbone", "region": "ContigUS" }, "geometry": { "type": "LineString", "coordinates": [ [ -85.476488997513016, 34.48303999911014 ], [ -85.386766003553674, 34.469555001836724 ] ] } },
{ "type": "Feature", "properties": { "edge_type": "hub_backbone", "region": "ContigUS" }, "geometry": { "type": "LineString", "coordinates": [ [ -85.269080997031949, 34.465776998425596 ], [ -85.189631001914535, 34.392245998205787 ] ] } },
{ "type": "Feature", "properties": { "edge_type": "hub_backbone", "region": "ContigUS" }, "geometry": { "type": "LineString", "coordinates": [ [ -85.255837000050903, 33.685187002161221 ], [ -85.195619000918597, 33.689416001648404 ] ] } },
{ "type": "Feature", "properties": { "edge_type": "hub_backbone", "region": "ContigUS" }, "geometry": { "type": "LineString", "coordinates": [ [ -85.144847002594432, 33.685279996836634 ], [ -85.100358001030472, 33.690640000732358 ] ] } },
{ "type": "Feature", "properties": { "edge_type": "hub_backbone", "region": "ContigUS" }, "geometry": { "type": "LineString", "coordinates": [ [ -85.113510998673291, 34.37746799620966 ], [ -84.940356999650803, 34.376750002729402 ] ] } },
{ "type": "Feature", "properties": { "edge_type": "hub_backbone", "region": "ContigUS" }, "geometry": { "type": "LineString", "coordinates": [ [ -84.932355004729246, 34.376931998396088 ], [ -84.860285999177464, 34.260685000107138 ] ] } },
{ "type": "Feature", "properties": { "edge_type": "hub_backbone", "region": "ContigUS" }, "geometry": { "type": "LineString", "coordinates": [ [ -84.768019003282973, 40.979362000170141 ], [ -84.726739996639523, 40.953277001642363 ] ] } },
{ "type": "Feature", "properties": { "edge_type": "hub_backbone", "region": "ContigUS" }, "geometry": { "type": "LineString", "coordinates": [ [ -84.705482003244711, 33.753874998145108 ], [ -84.654782004890592, 33.767905001931844 ] ] } },
{ "type": "Feature", "properties": { "edge_type": "hub_backbone", "region": "ContigUS" }, "geometry": { "type": "LineString", "coordinates": [ [ -84.703468995473969, 40.937549000096006 ], [ -84.629111998859869, 40.894987001354018 ] ] } },
{ "type": "Feature", "properties": { "edge_type": "hub_backbone", "region": "ContigUS" }, "geometry": { "type": "LineString", "coordinates": [ [ -84.675535998495292, 34.034402996407572 ], [ -84.625211998986472, 34.022092001002505 ] ] } },
{ "type": "Feature", "properties": { "edge_type": "hub_backbone", "region": "ContigUS" }, "geometry": { "type": "LineString", "coordinates": [ [ -84.520873002129491, 40.875026002047299 ], [ -84.448467999712022, 40.872232998759181 ] ] } },
{ "type": "Feature", "properties": { "edge_type": "hub_backbone", "region": "ContigUS" }, "geometry": { "type": "LineString", "coordinates": [ [ -84.431782997051968, 40.873123997131671 ], [ -84.355426997402418, 40.873241001379128 ] ] } },
{ "type": "Feature", "properties": { "edge_type": "hub_backbone", "region": "ContigUS" }, "geometry": { "type": "LineString", "coordinates": [ [ -84.269771997257763, 40.837557999403671 ], [ -84.180932999436948, 40.834948998009317 ] ] } },
{ "type": "Feature", "properties": { "edge_type": "hub_backbone", "region": "ContigUS" }, "geometry": { "type": "LineString", "coordinates": [ [ -84.1258889998971, 33.355347000705933 ], [ -84.158759002930026, 33.409454997521976 ] ] } },
{ "type": "Feature", "properties": { "edge_type": "hub_backbone", "region": "ContigUS" }, "geometry": { "type": "LineString", "coordinates": [ [ -84.064491997886975, 33.212556997960355 ], [ -84.091637998811564, 33.256336000915127 ] ] } },
{ "type": "Feature", "properties": { "edge_type": "hub_backbone", "region": "ContigUS" }, "geometry": { "type": "LineString", "coordinates": [ [ -84.045372003851512, 40.824950000593986 ], [ -83.989246001518239, 40.82475700155959 ] ] } },
{ "type": "Feature", "properties": { "edge_type": "hub_backbone", "region": "ContigUS" }, "geometry": { "type": "LineString", "coordinates": [ [ -84.003271002790484, 33.115789000656761 ], [ -84.038399002138434, 33.162935999334103 ] ] } },
{ "type": "Feature", "properties": { "edge_type": "hub_backbone", "region": "ContigUS" }, "geometry": { "type": "LineString", "coordinates": [ [ -83.956319000380532, 33.057626998404402 ], [ -84.002219003727546, 33.109364997635318 ] ] } },
{ "type": "Feature", "properties": { "edge_type": "hub_backbone", "region": "ContigUS" }, "geometry": { "type": "LineString", "coordinates": [ [ -83.951878996240396, 40.828764002272656 ], [ -83.831571996050542, 40.82732400183562 ] ] } },
{ "type": "Feature", "properties": { "edge_type": "hub_backbone", "region": "ContigUS" }, "geometry": { "type": "LineString", "coordinates": [ [ -83.847774001531775, 32.993367996998906 ], [ -83.905301995545813, 33.025708995909071 ] ] } },
{ "type": "Feature", "properties": { "edge_type": "hub_backbone", "region": "ContigUS" }, "geometry": { "type": "LineString", "coordinates": [ [ -83.8862450003612, 34.078237998019901 ], [ -83.833013001564112, 34.090416998037199 ] ] } },
{ "type": "Feature", "properties": { "edge_type": "hub_backbone", "region": "ContigUS" }, "geometry": { "type": "LineString", "coordinates": [ [ -83.791981004674341, 32.90768099648389 ], [ -83.812436003019869, 32.94760599728675 ] ] } },
{ "type": "Feature", "properties": { "edge_type": "hub_backbone", "region": "ContigUS" }, "geometry": { "type": "LineString", "coordinates": [ [ -83.785688997811846, 40.826159997661016 ], [ -83.662909995656875, 40.827093997736768 ] ] } },
{ "type": "Feature", "properties": { "edge_type": "hub_backbone", "region": "ContigUS" }, "geometry": { "type": "LineString", "coordinates": [ [ -83.768092995655891, 32.340127003448629 ], [ -83.760889001150659, 32.418851001587811 ] ] } },
{ "type": "Feature", "properties": { "edge_type": "hub_backbone", "region": "ContigUS" }, "geometry": { "type": "LineString", "coordinates": [ [ -83.760269999037817, 32.126163999574295 ], [ -83.748084998995736, 32.189378004087402 ] ] } },
{ "type": "Feature", "properties": { "edge_type": "hub_backbone", "region": "ContigUS" }, "geometry": { "type": "LineString", "coordinates": [ [ -83.7472809978333, 32.193735996282612 ], [ -83.741740997644612, 32.244785001059874 ] ] } },
{ "type": "Feature", "properties": { "edge_type": "hub_backbone", "region": "ContigUS" }, "geometry": { "type": "LineString", "coordinates": [ [ -83.714315000829103, 31.837515999243351 ], [ -83.736465003334771, 31.904124003396014 ] ] } },
{ "type": "Feature", "properties": { "edge_type": "hub_backbone", "region": "ContigUS" }, "geometry": { "type": "LineString", "coordinates": [ [ -83.654129996817161, 31.739195000812341 ], [ -83.704145999947656, 31.804642002663456 ] ] } },
{ "type": "Feature", "properties": { "edge_type": "hub_backbone", "region": "ContigUS" }, "geometry": { "type": "LineString", "coordinates": [ [ -83.651709998323824, 40.827082000279091 ], [ -83.528413997756516, 40.824596997919073 ] ] } },
{ "type": "Feature", "properties": { "edge_type": "hub_backbone", "region": "ContigUS" }, "geometry": { "type": "LineString", "coordinates": [ [ -83.641666995144107, 34.155843002749705 ], [ -83.598581000357214, 34.183078000287075 ] ] } },
{ "type": "Feature", "properties": { "edge_type": "hub_backbone", "region": "ContigUS" }, "geometry": { "type": "LineString", "coordinates": [ [ -83.577666001704159, 31.628400997568619 ], [ -83.604900998723949, 31.662297002253851 ] ] } },
{ "type": "Feature", "properties": { "edge_type": "hub_backbone", "region": "ContigUS" }, "geometry": { "type": "LineString", "coordinates": [ [ -83.515039996587532, 31.508850003982303 ], [ -83.53307099893668, 31.548095998059448 ] ] } },
{ "type": "Feature", "properties": { "edge_type": "hub_backbone", "region": "ContigUS" }, "geometry": { "type": "LineString", "coordinates": [ [ -83.490639004626075, 31.360715000088462 ], [ -83.504249999333311, 31.413642002116802 ] ] } },
{ "type": "Feature", "properties": { "edge_type": "hub_backbone", "region": "ContigUS" }, "geometry": { "type": "LineString", "coordinates": [ [ -83.472014000278435, 31.268953998125387 ], [ -83.481748000966718, 31.326666003226414 ] ] } },
{ "type": "Feature", "properties": { "edge_type": "hub_backbone", "region": "ContigUS" }, "geometry": { "type": "LineString", "coordinates": [ [ -83.478668998380954, 40.826307000699444 ], [ -83.422476996823775, 40.823322998153522 ] ] } },
{ "type": "Feature", "properties": { "edge_type": "hub_backbone", "region": "ContigUS" }, "geometry": { "type": "LineString", "coordinates": [ [ -83.397427996148963, 31.041950002764992 ], [ -83.424310997307828, 31.106491000003299 ] ] } },
{ "type": "Feature", "properties": { "edge_type": "hub_backbone", "region": "ContigUS" }, "geometry": { "type": "LineString", "coordinates": [ [ -83.419088003599754, 40.823300001150344 ], [ -83.339502003548318, 40.828203002082049 ] ] } },
{ "type": "Feature", "properties": { "edge_type": "hub_backbone", "region": "ContigUS" }, "geometry": { "type": "LineString", "coordinates": [ [ -83.35812699891278, 30.898486996938551 ], [ -83.386700000615647, 30.988160997709084 ] ] } },
{ "type": "Feature", "properties": { "edge_type": "hub_backbone", "region": "ContigUS" }, "geometry": { "type": "LineString", "coordinates": [ [ -83.381664000217128, 34.31102699803651 ], [ -83.32322700096708, 34.344737000738284 ] ] } },
{ "type": "Feature", "properties": { "edge_type": "hub_backbone", "region": "ContigUS" }, "geometry": { "type": "LineString", "coordinates": [ [ -83.239030002461178, 30.694385001699647 ], [ -83.271513002286554, 30.747677000740403 ] ] } },
{ "type": "Feature", "properties": { "edge_type": "hub_backbone", "region": "ContigUS" }, "geometry": { "type": "LineString", "coordinates": [ [ -83.224153003040882, 34.393282999065612 ], [ -83.126580997252859, 34.444730996984099 ] ] } },
{ "type": "Feature", "properties": { "edge_type": "hub_backbone", "region": "ContigUS" }, "geometry": { "type": "LineString", "coordinates": [ [ -83.191441004683242, 30.646247001348641 ], [ -83.220655996387094, 30.678238997004918 ] ] } },
{ "type": "Feature", "properties": { "edge_type": "hub_backbone", "region": "ContigUS" }, "geometry": { "type": "LineString", "coordinates": [ [ -83.124038998560778, 30.598855998595567 ], [ -83.171955001068397, 30.626055003228092 ] ] } },
{ "type": "Feature", "properties": { "edge_type": "hub_backbone", "region": "ContigUS" }, "geometry": { "type": "LineString", "coordinates": [ [ -83.063038998007329, 30.521263998655098 ], [ -83.115560995353292, 30.590314001601868 ] ] } },
{ "type": "Feature", "properties": { "edge_type": "hub_backbone", "region": "ContigUS" }, "geometry": { "type": "LineString", "coordinates": [ [ -82.937385000667575, 30.451490997379146 ], [ -83.053724995646988, 30.514855001092563 ] ] } },
{ "type": "Feature", "properties": { "edge_type": "hub_backbone", "region": "ContigUS" }, "geometry": { "type": "LineString", "coordinates": [ [ -82.832981001716647, 30.346872003905396 ], [ -82.92879800486665, 30.446283999253321 ] ] } },
{ "type": "Feature", "properties": { "edge_type": "hub_backbone", "region": "ContigUS" }, "geometry": { "type": "LineString", "coordinates": [ [ -82.758187998796217, 30.273792001130587 ], [ -82.794655997087176, 30.305901004090394 ] ] } },
{ "type": "Feature", "properties": { "edge_type": "hub_backbone", "region": "ContigUS" }, "geometry": { "type": "LineString", "coordinates": [ [ -82.712747995756743, 30.221598999909254 ], [ -82.750294996468071, 30.259723999721871 ] ] } },
{ "type": "Feature", "properties": { "edge_type": "hub_backbone", "region": "ContigUS" }, "geometry": { "type": "LineString", "coordinates": [ [ -82.601376995838805, 30.002120998509223 ], [ -82.640375000312829, 30.091219003416754 ] ] } },
{ "type": "Feature", "properties": { "edge_type": "hub_backbone", "region": "ContigUS" }, "geometry": { "type": "LineString", "coordinates": [ [ -82.513819004596272, 29.801705998103142 ], [ -82.577230999653906, 29.975286998876221 ] ] } },
{ "type": "Feature", "properties": { "edge_type": "hub_backbone", "region": "ContigUS" }, "geometry": { "type": "LineString", "coordinates": [ [ -82.465982997064728, 29.716606998784979 ], [ -82.493447998729849, 29.753360002907481 ] ] } },
{ "type": "Feature", "properties": { "edge_type": "hub_backbone", "region": "ContigUS" }, "geometry": { "type": "LineString", "coordinates": [ [ -82.314437002021222, 29.528384001125666 ], [ -82.371137000871585, 29.59981600194287 ] ] } },
{ "type": "Feature", "properties": { "edge_type": "hub_backbone", "region": "ContigUS" }, "geometry": { "type": "LineString", "coordinates": [ [ -82.19495199624896, 29.272478997047788 ], [ -82.287181002390085, 29.484320000138787 ] ] } },
{ "type": "Feature", "properties": { "edge_type": "hub_backbone", "region": "ContigUS" }, "geometry": { "type": "LineString", "coordinates": [ [ -82.18432799867611, 29.218526996238477 ], [ -82.191461996454407, 29.262809999840218 ] ] } },
{ "type": "Feature", "properties": { "edge_type": "hub_backbone", "region": "ContigUS" }, "geometry": { "type": "LineString", "coordinates": [ [ -82.161592995291116, 29.039297998471781 ], [ -82.184853001077585, 29.095787998699468 ] ] } },
{ "type": "Feature", "properties": { "edge_type": "hub_backbone", "region": "ContigUS" }, "geometry": { "type": "LineString", "coordinates": [ [ -82.184732995138774, 40.785002999516699 ], [ -82.00849599602752, 40.799268997550236 ] ] } },
{ "type": "Feature", "properties": { "edge_type": "hub_backbone", "region": "ContigUS" }, "geometry": { "type": "LineString", "coordinates": [ [ -82.123528996167451, 28.960005001823056 ], [ -82.145806002487987, 28.997370996987506 ] ] } },
{ "type": "Feature", "properties": { "edge_type": "hub_backbone", "region": "ContigUS" }, "geometry": { "type": "LineString", "coordinates": [ [ -82.100249002865922, 28.894444998958161 ], [ -82.121814004492251, 28.956729997133941 ] ] } },
{ "type": "Feature", "properties": { "edge_type": "hub_backbone", "region": "ContigUS" }, "geometry": { "type": "LineString", "coordinates": [ [ -82.049390999836461, 28.847181003423305 ], [ -82.089183995370647, 28.872624001171427 ] ] } },
{ "type": "Feature", "properties": { "edge_type": "hub_backbone", "region": "ContigUS" }, "geometry": { "type": "LineString", "coordinates": [ [ -81.998929001133732, 28.799595000019412 ], [ -82.036589998054623, 28.832742997502571 ] ] } },
{ "type": "Feature", "properties": { "edge_type": "hub_backbone", "region": "ContigUS" }, "geometry": { "type": "LineString", "coordinates": [ [ -81.953989000381355, 28.769973997862856 ], [ -81.998783995080572, 28.799457003287159 ] ] } },
{ "type": "Feature", "properties": { "edge_type": "hub_backbone", "region": "ContigUS" }, "geometry": { "type": "LineString", "coordinates": [ [ -81.879946998021651, 28.69971399578138 ], [ -81.924626999381317, 28.742121003908604 ] ] } },
{ "type": "Feature", "properties": { "edge_type": "hub_backbone", "region": "ContigUS" }, "geometry": { "type": "LineString", "coordinates": [ [ -81.892303001361199, 40.762258997188816 ], [ -81.847351996246644, 40.755457997662809 ] ] } },
{ "type": "Feature", "properties": { "edge_type": "hub_backbone", "region": "ContigUS" }, "geometry": { "type": "LineString", "coordinates": [ [ -81.806977997336162, 28.651887001050884 ], [ -81.85255299919659, 28.675065998958296 ] ] } },
{ "type": "Feature", "properties": { "edge_type": "hub_backbone", "region": "ContigUS" }, "geometry": { "type": "LineString", "coordinates": [ [ -81.809641996227001, 40.733735999905832 ], [ -81.708692001577205, 40.696620002244877 ] ] } },
{ "type": "Feature", "properties": { "edge_type": "hub_backbone", "region": "ContigUS" }, "geometry": { "type": "LineString", "coordinates": [ [ -81.756264003229944, 35.072914996687672 ], [ -81.708383996215716, 35.081395997895896 ] ] } },
{ "type": "Feature", "properties": { "edge_type": "hub_backbone", "region": "ContigUS" }, "geometry": { "type": "LineString", "coordinates": [ [ -81.700117995415297, 28.576091996837178 ], [ -81.74841299714133, 28.620813999719619 ] ] } },
{ "type": "Feature", "properties": { "edge_type": "hub_backbone", "region": "ContigUS" }, "geometry": { "type": "LineString", "coordinates": [ [ -81.696945002101359, 40.692470996555898 ], [ -81.648998995863209, 40.667947000704842 ] ] } },
{ "type": "Feature", "properties": { "edge_type": "hub_backbone", "region": "ContigUS" }, "geometry": { "type": "LineString", "coordinates": [ [ -81.261602999953723, 40.390139998994442 ], [ -81.224781002558743, 40.361043999527709 ] ] } },
{ "type": "Feature", "properties": { "edge_type": "hub_backbone", "region": "ContigUS" }, "geometry": { "type": "LineString", "coordinates": [ [ -81.203292995535378, 40.351001000045393 ], [ -81.144785999558437, 40.324476002853224 ] ] } },
{ "type": "Feature", "properties": { "edge_type": "hub_backbone", "region": "ContigUS" }, "geometry": { "type": "LineString", "coordinates": [ [ -81.176182001957415, 35.504278996812005 ], [ -81.077037998321131, 35.551314001301719 ] ] } },
{ "type": "Feature", "properties": { "edge_type": "hub_backbone", "region": "ContigUS" }, "geometry": { "type": "LineString", "coordinates": [ [ -81.063406998132507, 35.558782997896273 ], [ -80.943505003388481, 35.604911999219368 ] ] } },
{ "type": "Feature", "properties": { "edge_type": "hub_backbone", "region": "ContigUS" }, "geometry": { "type": "LineString", "coordinates": [ [ -80.964861002980811, 40.237872996532111 ], [ -80.921490996833697, 40.207680000323862 ] ] } },
{ "type": "Feature", "properties": { "edge_type": "hub_backbone", "region": "ContigUS" }, "geometry": { "type": "LineString", "coordinates": [ [ -80.92260600373065, 35.602531997086047 ], [ -80.869201995522971, 35.595133997032406 ] ] } },
{ "type": "Feature", "properties": { "edge_type": "hub_backbone", "region": "ContigUS" }, "geometry": { "type": "LineString", "coordinates": [ [ -80.860035999588845, 35.597288000501024 ], [ -80.864179999859715, 35.649725997751339 ] ] } },
{ "type": "Feature", "properties": { "edge_type": "hub_backbone", "region": "ContigUS" }, "geometry": { "type": "LineString", "coordinates": [ [ -80.858151998876068, 35.728022999952948 ], [ -80.862189997943403, 35.764735997749895 ] ] } },
{ "type": "Feature", "properties": { "edge_type": "hub_backbone", "region": "ContigUS" }, "geometry": { "type": "LineString", "coordinates": [ [ -80.826572003540591, 35.816190998210395 ], [ -80.773438999087801, 35.844967003186653 ] ] } },
{ "type": "Feature", "properties": { "edge_type": "hub_backbone", "region": "ContigUS" }, "geometry": { "type": "LineString", "coordinates": [ [ -80.705493997308679, 35.870205996051105 ], [ -80.621518002328969, 35.907623001896724 ] ] } },
{ "type": "Feature", "properties": { "edge_type": "hub_backbone", "region": "ContigUS" }, "geometry": { "type": "LineString", "coordinates": [ [ -80.585914003678255, 35.925245999159365 ], [ -80.535158004349327, 35.954617998213969 ] ] } },
{ "type": "Feature", "properties": { "edge_type": "hub_backbone", "region": "ContigUS" }, "geometry": { "type": "LineString", "coordinates": [ [ -80.529219996590882, 35.958474997249624 ], [ -80.471624997239815, 35.998677001369792 ] ] } },
{ "type": "Feature", "properties": { "edge_type": "hub_backbone", "region": "ContigUS" }, "geometry": { "type": "LineString", "coordinates": [ [ -80.463261996355001, 39.894470000204343 ], [ -80.281098002830646, 39.874986998321717 ] ] } },
{ "type": "Feature", "properties": { "edge_type": "hub_backbone", "region": "ContigUS" }, "geometry": { "type": "LineString", "coordinates": [ [ -80.373299996631161, 36.042750997810437 ], [ -80.333970998907589, 36.067045998398896 ] ] } },
{ "type": "Feature", "properties": { "edge_type": "hub_backbone", "region": "ContigUS" }, "geometry": { "type": "LineString", "coordinates": [ [ -80.18578899697377, 36.116743996054048 ], [ -80.155805999600943, 36.146562998813941 ] ] } },
{ "type": "Feature", "properties": { "edge_type": "hub_backbone", "region": "ContigUS" }, "geometry": { "type": "LineString", "coordinates": [ [ -80.161978000524641, 39.885922000415327 ], [ -80.066319999179868, 39.732168998395629 ] ] } },
{ "type": "Feature", "properties": { "edge_type": "hub_backbone", "region": "ContigUS" }, "geometry": { "type": "LineString", "coordinates": [ [ -80.119744003885799, 36.180960001803911 ], [ -80.057393000027062, 36.217740002776608 ] ] } },
{ "type": "Feature", "properties": { "edge_type": "hub_backbone", "region": "ContigUS" }, "geometry": { "type": "LineString", "coordinates": [ [ -80.035981996589911, 36.22870799975302 ], [ -79.989670996034093, 36.244988997668941 ] ] } },
{ "type": "Feature", "properties": { "edge_type": "hub_backbone", "region": "ContigUS" }, "geometry": { "type": "LineString", "coordinates": [ [ -79.979328000465259, 36.23727700067063 ], [ -79.923333996579856, 36.244948998678012 ] ] } },
{ "type": "Feature", "properties": { "edge_type": "hub_backbone", "region": "ContigUS" }, "geometry": { "type": "LineString", "coordinates": [ [ -79.895298995900632, 36.253182997903579 ], [ -79.704979000282407, 36.332031996782547 ] ] } },
{ "type": "Feature", "properties": { "edge_type": "hub_backbone", "region": "ContigUS" }, "geometry": { "type": "LineString", "coordinates": [ [ -79.843224000240042, 39.661133001524917 ], [ -79.642858001069044, 39.655198002442987 ] ] } },
{ "type": "Feature", "properties": { "edge_type": "hub_backbone", "region": "ContigUS" }, "geometry": { "type": "LineString", "coordinates": [ [ -79.647293998723001, 36.388092997269858 ], [ -79.574017001659229, 36.433990999596986 ] ] } },
{ "type": "Feature", "properties": { "edge_type": "hub_backbone", "region": "ContigUS" }, "geometry": { "type": "LineString", "coordinates": [ [ -79.619700996113039, 39.662252000436233 ], [ -79.574278995311843, 39.657828000151724 ] ] } },
{ "type": "Feature", "properties": { "edge_type": "hub_backbone", "region": "ContigUS" }, "geometry": { "type": "LineString", "coordinates": [ [ -79.464559000071446, 39.660965002478648 ], [ -79.417747997228503, 39.662032000060378 ] ] } },
{ "type": "Feature", "properties": { "edge_type": "hub_backbone", "region": "ContigUS" }, "geometry": { "type": "LineString", "coordinates": [ [ -79.39673299811804, 39.662000998159385 ], [ -79.256655003789447, 39.693450000784871 ] ] } },
{ "type": "Feature", "properties": { "edge_type": "hub_backbone", "region": "ContigUS" }, "geometry": { "type": "LineString", "coordinates": [ [ -79.384562002811222, 36.722279000465868 ], [ -79.393818000953672, 36.789019998808079 ] ] } },
{ "type": "Feature", "properties": { "edge_type": "hub_backbone", "region": "ContigUS" }, "geometry": { "type": "LineString", "coordinates": [ [ -79.393727001615389, 36.849216996793707 ], [ -79.376381997732963, 36.924867001414484 ] ] } },
{ "type": "Feature", "properties": { "edge_type": "hub_backbone", "region": "ContigUS" }, "geometry": { "type": "LineString", "coordinates": [ [ -79.35398300019682, 36.979958997639734 ], [ -79.334470002207709, 37.079946997812627 ] ] } },
{ "type": "Feature", "properties": { "edge_type": "hub_backbone", "region": "ContigUS" }, "geometry": { "type": "LineString", "coordinates": [ [ -79.242274997300086, 39.684440999044241 ], [ -79.171070000371756, 39.693784997181645 ] ] } },
{ "type": "Feature", "properties": { "edge_type": "hub_backbone", "region": "ContigUS" }, "geometry": { "type": "LineString", "coordinates": [ [ -79.230559995814659, 37.147356001098338 ], [ -79.203913000047251, 37.18473400129011 ] ] } },
{ "type": "Feature", "properties": { "edge_type": "hub_backbone", "region": "ContigUS" }, "geometry": { "type": "LineString", "coordinates": [ [ -79.159367000378495, 39.692945000874325 ], [ -79.111249002696084, 39.690611002803003 ] ] } },
{ "type": "Feature", "properties": { "edge_type": "hub_backbone", "region": "ContigUS" }, "geometry": { "type": "LineString", "coordinates": [ [ -79.0941060029716, 39.691345999059742 ], [ -78.999797001689004, 39.687549998785464 ] ] } },
{ "type": "Feature", "properties": { "edge_type": "hub_backbone", "region": "ContigUS" }, "geometry": { "type": "LineString", "coordinates": [ [ -78.960329995788285, 37.6558590021165 ], [ -78.93276299940581, 37.708306999948547 ] ] } },
{ "type": "Feature", "properties": { "edge_type": "hub_backbone", "region": "ContigUS" }, "geometry": { "type": "LineString", "coordinates": [ [ -78.908792004021407, 37.71640500260019 ], [ -78.876091998172825, 37.752830000707227 ] ] } },
{ "type": "Feature", "properties": { "edge_type": "hub_backbone", "region": "ContigUS" }, "geometry": { "type": "LineString", "coordinates": [ [ -78.871292003165735, 37.764159002330977 ], [ -78.754776998402676, 37.850133999047323 ] ] } },
{ "type": "Feature", "properties": { "edge_type": "hub_backbone", "region": "ContigUS" }, "geometry": { "type": "LineString", "coordinates": [ [ -78.731955999295565, 37.865238001856461 ], [ -78.658912995396975, 37.956695002204242 ] ] } },
{ "type": "Feature", "properties": { "edge_type": "hub_backbone", "region": "ContigUS" }, "geometry": { "type": "LineString", "coordinates": [ [ -78.690520003073047, 39.675387000220553 ], [ -78.611248997275965, 39.714260002339337 ] ] } },
{ "type": "Feature", "properties": { "edge_type": "hub_backbone", "region": "ContigUS" }, "geometry": { "type": "LineString", "coordinates": [ [ -78.616261003673273, 37.967889997683287 ], [ -78.582710212402276, 37.992222009959129 ] ] } },
{ "type": "Feature", "properties": { "edge_type": "hub_backbone", "region": "ContigUS" }, "geometry": { "type": "LineString", "coordinates": [ [ -78.547342003547328, 39.695920001117969 ], [ -78.457750999052706, 39.675206002722234 ] ] } },
{ "type": "Feature", "properties": { "edge_type": "hub_backbone", "region": "ContigUS" }, "geometry": { "type": "LineString", "coordinates": [ [ -78.463249003001891, 38.098509003866468 ], [ -78.435265996811282, 38.132142002927829 ] ] } },
{ "type": "Feature", "properties": { "edge_type": "hub_backbone", "region": "ContigUS" }, "geometry": { "type": "LineString", "coordinates": [ [ -78.431414002906692, 38.137363003077169 ], [ -78.410056997201224, 38.170892997618445 ] ] } },
{ "type": "Feature", "properties": { "edge_type": "hub_backbone", "region": "ContigUS" }, "geometry": { "type": "LineString", "coordinates": [ [ -78.414172763422727, 39.670136096241677 ], [ -78.321512997136566, 39.70331200002537 ] ] } },
{ "type": "Feature", "properties": { "edge_type": "hub_backbone", "region": "ContigUS" }, "geometry": { "type": "LineString", "coordinates": [ [ -78.369260996719788, 38.233204001918807 ], [ -78.308315002881187, 38.321082003200324 ] ] } },
{ "type": "Feature", "properties": { "edge_type": "hub_backbone", "region": "ContigUS" }, "geometry": { "type": "LineString", "coordinates": [ [ -78.246717999956218, 39.697928003168123 ], [ -78.199949002335956, 39.712155999267402 ] ] } },
{ "type": "Feature", "properties": { "edge_type": "hub_backbone", "region": "ContigUS" }, "geometry": { "type": "LineString", "coordinates": [ [ -78.241778999642051, 38.39132499706038 ], [ -78.131294996235681, 38.443872000123243 ] ] } },
{ "type": "Feature", "properties": { "edge_type": "hub_backbone", "region": "ContigUS" }, "geometry": { "type": "LineString", "coordinates": [ [ -78.116210998024457, 38.456323003080811 ], [ -78.023732996852857, 38.453903998998591 ] ] } },
{ "type": "Feature", "properties": { "edge_type": "hub_backbone", "region": "ContigUS" }, "geometry": { "type": "LineString", "coordinates": [ [ -78.098304996247094, 39.630611000286514 ], [ -78.068011999252874, 39.599434000167669 ] ] } },
{ "type": "Feature", "properties": { "edge_type": "hub_backbone", "region": "ContigUS" }, "geometry": { "type": "LineString", "coordinates": [ [ -77.993894996550068, 39.552453999212737 ], [ -77.969266003186334, 39.50807100188829 ] ] } },
{ "type": "Feature", "properties": { "edge_type": "hub_backbone", "region": "ContigUS" }, "geometry": { "type": "LineString", "coordinates": [ [ -77.936843001838753, 38.489250999333457 ], [ -77.821917997162302, 38.526612002746155 ] ] } },
{ "type": "Feature", "properties": { "edge_type": "hub_backbone", "region": "ContigUS" }, "geometry": { "type": "LineString", "coordinates": [ [ -77.811165001514652, 39.25310099931972 ], [ -77.744966998384314, 39.219825999004868 ] ] } },
{ "type": "Feature", "properties": { "edge_type": "hub_backbone", "region": "ContigUS" }, "geometry": { "type": "LineString", "coordinates": [ [ -77.767680999157974, 38.582978999071059 ], [ -77.720127996873472, 38.604109000183591 ] ] } },
{ "type": "Feature", "properties": { "edge_type": "hub_backbone", "region": "ContigUS" }, "geometry": { "type": "LineString", "coordinates": [ [ -77.68000300197663, 39.187372996653103 ], [ -77.63826800151179, 39.16034199943234 ] ] } },
{ "type": "Feature", "properties": { "edge_type": "hub_backbone", "region": "ContigUS" }, "geometry": { "type": "LineString", "coordinates": [ [ -77.641279001630565, 38.655485999192145 ], [ -77.620409996720056, 38.687600999578756 ] ] } },
{ "type": "Feature", "properties": { "edge_type": "hub_backbone", "region": "ContigUS" }, "geometry": { "type": "LineString", "coordinates": [ [ -76.013167996913765, 39.584376999401023 ], [ -75.960482003129513, 39.603749002552668 ] ] } },
{ "type": "Feature", "properties": { "edge_type": "hub_backbone", "region": "ContigUS" }, "geometry": { "type": "LineString", "coordinates": [ [ -75.93224199791932, 39.612110000088826 ], [ -75.86078399947435, 39.607293996837996 ] ] } },
{ "type": "Feature", "properties": { "edge_type": "hub_backbone", "region": "ContigUS" }, "geometry": { "type": "LineString", "coordinates": [ [ -74.398791002199204, 40.504090001134117 ], [ -74.361094997931701, 40.523307002127446 ] ] } },
{ "type": "Feature", "properties": { "edge_type": "spoke", "region": "ContigUS" }, "geometry": { "type": "LineString", "coordinates": [ [ -123.061104999482794, 44.393420999569827 ], [ -123.061645003749561, 44.551306000479002 ] ] } },
{ "type": "Feature", "properties": { "edge_type": "spoke", "region": "ContigUS" }, "geometry": { "type": "LineString", "coordinates": [ [ -123.060728003507492, 44.28414100169406 ], [ -123.061070001119333, 44.384354996876091 ] ] } },
{ "type": "Feature", "properties": { "edge_type": "spoke", "region": "ContigUS" }, "geometry": { "type": "LineString", "coordinates": [ [ -123.060597999319612, 44.239445001775351 ], [ -123.060707000896173, 44.275706002284672 ] ] } },
{ "type": "Feature", "properties": { "edge_type": "spoke", "region": "ContigUS" }, "geometry": { "type": "LineString", "coordinates": [ [ -123.055304002771464, 44.15119200193611 ], [ -123.060462003368741, 44.200077996998886 ] ] } },
{ "type": "Feature", "properties": { "edge_type": "spoke", "region": "ContigUS" }, "geometry": { "type": "LineString", "coordinates": [ [ -123.058011004014929, 44.669297997409238 ], [ -123.051934997062489, 44.70214199966545 ] ] } },
{ "type": "Feature", "properties": { "edge_type": "spoke", "region": "ContigUS" }, "geometry": { "type": "LineString", "coordinates": [ [ -123.033276997594498, 44.796253997528829 ], [ -123.008245999158007, 44.839958998192699 ] ] } },
{ "type": "Feature", "properties": { "edge_type": "spoke", "region": "ContigUS" }, "geometry": { "type": "LineString", "coordinates": [ [ -122.970485998909652, 45.054164998045948 ], [ -122.897475001984617, 45.134837001350363 ] ] } },
{ "type": "Feature", "properties": { "edge_type": "spoke", "region": "ContigUS" }, "geometry": { "type": "LineString", "coordinates": [ [ -122.912737998499395, 46.323725000716344 ], [ -122.906592003803155, 46.359096997640322 ] ] } },
{ "type": "Feature", "properties": { "edge_type": "spoke", "region": "ContigUS" }, "geometry": { "type": "LineString", "coordinates": [ [ -122.864707002652224, 45.167005997316323 ], [ -122.809711997227978, 45.231719000980654 ] ] } },
{ "type": "Feature", "properties": { "edge_type": "spoke", "region": "ContigUS" }, "geometry": { "type": "LineString", "coordinates": [ [ -122.86247600071151, 46.819567999352628 ], [ -122.861953001553076, 46.851639997316241 ] ] } },
{ "type": "Feature", "properties": { "edge_type": "spoke", "region": "ContigUS" }, "geometry": { "type": "LineString", "coordinates": [ [ -122.832056997032353, 46.858049999147028 ], [ -122.738732001328856, 46.871456002682756 ] ] } },
{ "type": "Feature", "properties": { "edge_type": "spoke", "region": "ContigUS" }, "geometry": { "type": "LineString", "coordinates": [ [ -122.666333996787415, 46.902458998761965 ], [ -122.611655000713824, 46.939204002791982 ] ] } },
{ "type": "Feature", "properties": { "edge_type": "spoke", "region": "ContigUS" }, "geometry": { "type": "LineString", "coordinates": [ [ -122.540026996101346, 47.004603002728032 ], [ -122.443410995404989, 47.067598998097338 ] ] } },
{ "type": "Feature", "properties": { "edge_type": "spoke_fallback", "region": "ContigUS" }, "geometry": { "type": "LineString", "coordinates": [ [ -117.793334002497318, 34.122304002688807 ], [ -117.871718999929669, 34.12874699597986 ] ] } },
{ "type": "Feature", "properties": { "edge_type": "spoke_fallback", "region": "ContigUS" }, "geometry": { "type": "LineString", "coordinates": [ [ -116.138040004232522, 43.501847998319612 ], [ -116.097132998931372, 43.46773300001275 ] ] } },
{ "type": "Feature", "properties": { "edge_type": "spoke_fallback", "region": "ContigUS" }, "geometry": { "type": "LineString", "coordinates": [ [ -116.089251000965461, 43.460300999263985 ], [ -116.000206998613621, 43.388029999544614 ] ] } },
{ "type": "Feature", "properties": { "edge_type": "spoke_fallback", "region": "ContigUS" }, "geometry": { "type": "LineString", "coordinates": [ [ -115.949851998244398, 43.341371999838088 ], [ -115.851592996859679, 43.249970998102626 ] ] } },
{ "type": "Feature", "properties": { "edge_type": "spoke_fallback", "region": "ContigUS" }, "geometry": { "type": "LineString", "coordinates": [ [ -115.837791002356724, 43.23715399865155 ], [ -115.758330002877088, 43.175724001606419 ] ] } },
{ "type": "Feature", "properties": { "edge_type": "spoke_fallback", "region": "ContigUS" }, "geometry": { "type": "LineString", "coordinates": [ [ -115.652446999676059, 43.126089999994527 ], [ -115.617568004341692, 43.091841998893216 ] ] } },
{ "type": "Feature", "properties": { "edge_type": "spoke_fallback", "region": "ContigUS" }, "geometry": { "type": "LineString", "coordinates": [ [ -115.610452996948524, 43.082643000152657 ], [ -115.469674002288016, 42.958439999465476 ] ] } },
{ "type": "Feature", "properties": { "edge_type": "spoke_fallback", "region": "ContigUS" }, "geometry": { "type": "LineString", "coordinates": [ [ -115.3313059960185, 35.776359997508479 ], [ -115.387287001281749, 35.617270000064693 ] ] } },
{ "type": "Feature", "properties": { "edge_type": "spoke_fallback", "region": "ContigUS" }, "geometry": { "type": "LineString", "coordinates": [ [ -115.19578599954265, 35.926351002834096 ], [ -115.325323997760549, 35.784487996964295 ] ] } },
{ "type": "Feature", "properties": { "edge_type": "spoke_fallback", "region": "ContigUS" }, "geometry": { "type": "LineString", "coordinates": [ [ -115.278476999424186, 42.960519002598787 ], [ -115.219908998856283, 42.973602999450279 ] ] } },
{ "type": "Feature", "properties": { "edge_type": "spoke_fallback", "region": "ContigUS" }, "geometry": { "type": "LineString", "coordinates": [ [ -115.208099997659502, 42.973852997548917 ], [ -115.155431000000448, 42.954207001223637 ] ] } },
{ "type": "Feature", "properties": { "edge_type": "spoke_fallback", "region": "ContigUS" }, "geometry": { "type": "LineString", "coordinates": [ [ -115.142941003953112, 42.953235001268688 ], [ -115.011799000913314, 42.937930999045477 ] ] } },
{ "type": "Feature", "properties": { "edge_type": "spoke_fallback", "region": "ContigUS" }, "geometry": { "type": "LineString", "coordinates": [ [ -114.927944000019224, 42.9197730002738 ], [ -114.848418995575528, 42.862846997182814 ] ] } },
{ "type": "Feature", "properties": { "edge_type": "spoke_fallback", "region": "ContigUS" }, "geometry": { "type": "LineString", "coordinates": [ [ -114.840824997489733, 42.854273997273232 ], [ -114.72895699565774, 42.779033999507156 ] ] } },
{ "type": "Feature", "properties": { "edge_type": "spoke_fallback", "region": "ContigUS" }, "geometry": { "type": "LineString", "coordinates": [ [ -114.695859000205672, 42.764505996684981 ], [ -114.551692997597897, 42.727474997018845 ] ] } },
{ "type": "Feature", "properties": { "edge_type": "spoke_fallback", "region": "ContigUS" }, "geometry": { "type": "LineString", "coordinates": [ [ -114.49286300337738, 42.665976003321276 ], [ -114.452724003745246, 42.644361003120771 ] ] } },
{ "type": "Feature", "properties": { "edge_type": "spoke_fallback", "region": "ContigUS" }, "geometry": { "type": "LineString", "coordinates": [ [ -114.439284003352341, 42.639578001564182 ], [ -114.303021001321795, 42.57892099781175 ] ] } },
{ "type": "Feature", "properties": { "edge_type": "spoke_fallback", "region": "ContigUS" }, "geometry": { "type": "LineString", "coordinates": [ [ -114.288952997696938, 42.576493001690729 ], [ -114.177461003693381, 42.575935000289086 ] ] } },
{ "type": "Feature", "properties": { "edge_type": "spoke_fallback", "region": "ContigUS" }, "geometry": { "type": "LineString", "coordinates": [ [ -114.147943001261069, 42.574336002334618 ], [ -114.076890996408778, 42.575965998292943 ] ] } },
{ "type": "Feature", "properties": { "edge_type": "spoke_fallback", "region": "ContigUS" }, "geometry": { "type": "LineString", "coordinates": [ [ -114.049769995598538, 42.575964999424521 ], [ -113.936898997802359, 42.576387003373469 ] ] } },
{ "type": "Feature", "properties": { "edge_type": "spoke_fallback", "region": "ContigUS" }, "geometry": { "type": "LineString", "coordinates": [ [ -113.926829000248361, 42.576511001012669 ], [ -113.833132003202522, 42.568686997957244 ] ] } },
{ "type": "Feature", "properties": { "edge_type": "spoke_fallback", "region": "ContigUS" }, "geometry": { "type": "LineString", "coordinates": [ [ -113.724115999684003, 42.568685998972228 ], [ -113.630810003348728, 42.568690001527976 ] ] } },
{ "type": "Feature", "properties": { "edge_type": "spoke_fallback", "region": "ContigUS" }, "geometry": { "type": "LineString", "coordinates": [ [ -113.618691002530596, 42.568643002906796 ], [ -113.535897998948542, 42.56863700237647 ] ] } },
{ "type": "Feature", "properties": { "edge_type": "spoke_fallback", "region": "ContigUS" }, "geometry": { "type": "LineString", "coordinates": [ [ -113.507822996289718, 42.564810001922922 ], [ -113.425534001480955, 42.517696001232039 ] ] } },
{ "type": "Feature", "properties": { "edge_type": "spoke_fallback", "region": "ContigUS" }, "geometry": { "type": "LineString", "coordinates": [ [ -113.419321998577686, 42.513332001150765 ], [ -113.323475997810263, 42.418584997599105 ] ] } },
{ "type": "Feature", "properties": { "edge_type": "spoke_fallback", "region": "ContigUS" }, "geometry": { "type": "LineString", "coordinates": [ [ -113.407875000474107, 37.168268997873248 ], [ -113.288131998552259, 37.176569000277226 ] ] } },
{ "type": "Feature", "properties": { "edge_type": "spoke_fallback", "region": "ContigUS" }, "geometry": { "type": "LineString", "coordinates": [ [ -113.315926996337026, 42.412186998363765 ], [ -113.217355003941037, 42.330685999084402 ] ] } },
{ "type": "Feature", "properties": { "edge_type": "spoke_fallback", "region": "ContigUS" }, "geometry": { "type": "LineString", "coordinates": [ [ -113.255660003089119, 37.148489996684255 ], [ -112.998803995248593, 37.000149000362931 ] ] } },
{ "type": "Feature", "properties": { "edge_type": "spoke_fallback", "region": "ContigUS" }, "geometry": { "type": "LineString", "coordinates": [ [ -113.208761001280948, 42.324583997020049 ], [ -113.093321998565187, 42.244868000092367 ] ] } },
{ "type": "Feature", "properties": { "edge_type": "spoke_fallback", "region": "ContigUS" }, "geometry": { "type": "LineString", "coordinates": [ [ -113.086970999337964, 42.237571001740065 ], [ -113.001099999283241, 42.169487001465328 ] ] } },
{ "type": "Feature", "properties": { "edge_type": "spoke_fallback", "region": "ContigUS" }, "geometry": { "type": "LineString", "coordinates": [ [ -112.981856998935925, 42.146889000322133 ], [ -112.772414997055961, 41.970188997948512 ] ] } },
{ "type": "Feature", "properties": { "edge_type": "spoke_fallback", "region": "ContigUS" }, "geometry": { "type": "LineString", "coordinates": [ [ -112.956106997929155, 36.946850999619713 ], [ -112.536786996846104, 36.945398998610472 ] ] } },
{ "type": "Feature", "properties": { "edge_type": "spoke_fallback", "region": "ContigUS" }, "geometry": { "type": "LineString", "coordinates": [ [ -112.703822004529812, 41.961224000813573 ], [ -112.637724998986869, 41.92578700050499 ] ] } },
{ "type": "Feature", "properties": { "edge_type": "spoke_fallback", "region": "ContigUS" }, "geometry": { "type": "LineString", "coordinates": [ [ -112.632381002210025, 41.922848002793828 ], [ -112.578493996823525, 41.898947999351201 ] ] } },
{ "type": "Feature", "properties": { "edge_type": "spoke_fallback", "region": "ContigUS" }, "geometry": { "type": "LineString", "coordinates": [ [ -112.540710999703904, 41.897298997747072 ], [ -112.493747004784879, 41.88574099746053 ] ] } },
{ "type": "Feature", "properties": { "edge_type": "spoke_fallback", "region": "ContigUS" }, "geometry": { "type": "LineString", "coordinates": [ [ -112.526409002913823, 36.945654003772532 ], [ -112.215350995432416, 36.713713002357068 ], [ -111.630006797972783, 36.816483949673888 ], [ -111.652525999077085, 36.636009997747919 ] ] } },
{ "type": "Feature", "properties": { "edge_type": "spoke_fallback", "region": "ContigUS" }, "geometry": { "type": "LineString", "coordinates": [ [ -112.486687001236561, 41.883819000765158 ], [ -112.440270996607168, 41.844009998220351 ] ] } },
{ "type": "Feature", "properties": { "edge_type": "spoke_fallback", "region": "ContigUS" }, "geometry": { "type": "LineString", "coordinates": [ [ -112.405195000731041, 41.814704001342463 ], [ -112.309769995421533, 41.801289999623648 ] ] } },
{ "type": "Feature", "properties": { "edge_type": "spoke_fallback", "region": "ContigUS" }, "geometry": { "type": "LineString", "coordinates": [ [ -112.299623003264529, 41.798267998362277 ], [ -112.233402003262938, 41.722452997868565 ] ] } },
{ "type": "Feature", "properties": { "edge_type": "spoke_fallback", "region": "ContigUS" }, "geometry": { "type": "LineString", "coordinates": [ [ -112.145626997014048, 34.046144996430591 ], [ -112.136637996140365, 33.804667003879985 ] ] } },
{ "type": "Feature", "properties": { "edge_type": "spoke_fallback", "region": "ContigUS" }, "geometry": { "type": "LineString", "coordinates": [ [ -112.122351998345479, 34.322899000335418 ], [ -112.143694999315642, 34.085131003010247 ] ] } },
{ "type": "Feature", "properties": { "edge_type": "spoke_fallback", "region": "ContigUS" }, "geometry": { "type": "LineString", "coordinates": [ [ -112.136170997956768, 41.677516997627798 ], [ -112.103289999544756, 41.638618000497964 ] ] } },
{ "type": "Feature", "properties": { "edge_type": "spoke_fallback", "region": "ContigUS" }, "geometry": { "type": "LineString", "coordinates": [ [ -111.995096996556924, 34.510223000995197 ], [ -112.119336003593759, 34.335315998116528 ] ] } },
{ "type": "Feature", "properties": { "edge_type": "spoke_fallback", "region": "ContigUS" }, "geometry": { "type": "LineString", "coordinates": [ [ -112.097611003032128, 41.631695998945453 ], [ -112.072359001069444, 41.582120001503625 ] ] } },
{ "type": "Feature", "properties": { "edge_type": "spoke_fallback", "region": "ContigUS" }, "geometry": { "type": "LineString", "coordinates": [ [ -112.050555999791698, 41.415445998406327 ], [ -112.041109998983529, 41.351758996607245 ] ] } },
{ "type": "Feature", "properties": { "edge_type": "spoke_fallback", "region": "ContigUS" }, "geometry": { "type": "LineString", "coordinates": [ [ -111.905591996767569, 34.554603998381509 ], [ -111.989076002432498, 34.518446998547319 ] ] } },
{ "type": "Feature", "properties": { "edge_type": "spoke_fallback", "region": "ContigUS" }, "geometry": { "type": "LineString", "coordinates": [ [ -111.776147001131037, 34.67187299835593 ], [ -111.855571996134103, 34.612746997354385 ] ] } },
{ "type": "Feature", "properties": { "edge_type": "spoke_fallback", "region": "ContigUS" }, "geometry": { "type": "LineString", "coordinates": [ [ -111.763346996479143, 34.865946003502181 ], [ -111.77860900484707, 34.826223997305952 ] ] } },
{ "type": "Feature", "properties": { "edge_type": "spoke_fallback", "region": "ContigUS" }, "geometry": { "type": "LineString", "coordinates": [ [ -111.762998000991274, 34.77742200099096 ], [ -111.745373998347873, 34.690697998408623 ] ] } },
{ "type": "Feature", "properties": { "edge_type": "spoke_fallback", "region": "ContigUS" }, "geometry": { "type": "LineString", "coordinates": [ [ -111.699584002690557, 35.12242900139627 ], [ -111.740327999700241, 34.88520700273159 ] ] } },
{ "type": "Feature", "properties": { "edge_type": "spoke_fallback", "region": "ContigUS" }, "geometry": { "type": "LineString", "coordinates": [ [ -111.651276999472344, 36.634125999276158 ], [ -111.423712995904978, 35.856374997683957 ] ] } },
{ "type": "Feature", "properties": { "edge_type": "spoke_fallback", "region": "ContigUS" }, "geometry": { "type": "LineString", "coordinates": [ [ -111.559803997507998, 35.342589998235688 ], [ -111.545371996530008, 35.269819998686835 ] ] } },
{ "type": "Feature", "properties": { "edge_type": "spoke_fallback", "region": "ContigUS" }, "geometry": { "type": "LineString", "coordinates": [ [ -111.425035998722777, 35.854886997778088 ], [ -111.559733003651132, 35.3426329967456 ] ] } },
{ "type": "Feature", "properties": { "edge_type": "spoke_fallback", "region": "ContigUS" }, "geometry": { "type": "LineString", "coordinates": [ [ -98.479523997808414, 29.020061003426825 ], [ -98.488953999621415, 29.112787002465673 ] ] } },
{ "type": "Feature", "properties": { "edge_type": "spoke_fallback", "region": "ContigUS" }, "geometry": { "type": "LineString", "coordinates": [ [ -98.483934995348037, 29.140464996536345 ], [ -98.477558996006465, 29.219779001799278 ] ] } },
{ "type": "Feature", "properties": { "edge_type": "spoke_fallback", "region": "ContigUS" }, "geometry": { "type": "LineString", "coordinates": [ [ -98.441543003017046, 28.913324000708759 ], [ -98.477220995897682, 28.940746998920012 ] ] } },
{ "type": "Feature", "properties": { "edge_type": "spoke_fallback", "region": "ContigUS" }, "geometry": { "type": "LineString", "coordinates": [ [ -98.327960000526659, 28.788095002473284 ], [ -98.424416002287771, 28.902647999151959 ] ] } },
{ "type": "Feature", "properties": { "edge_type": "spoke_fallback", "region": "ContigUS" }, "geometry": { "type": "LineString", "coordinates": [ [ -98.258906001579831, 28.668238997632223 ], [ -98.297811003472461, 28.758334998184932 ] ] } },
{ "type": "Feature", "properties": { "edge_type": "spoke_fallback", "region": "ContigUS" }, "geometry": { "type": "LineString", "coordinates": [ [ -98.20486900449032, 28.584542003024762 ], [ -98.248311998754303, 28.656574001197214 ] ] } },
{ "type": "Feature", "properties": { "edge_type": "spoke_fallback", "region": "ContigUS" }, "geometry": { "type": "LineString", "coordinates": [ [ -98.189151999431019, 28.535595999797167 ], [ -98.199528996233326, 28.574133003855955 ] ] } },
{ "type": "Feature", "properties": { "edge_type": "spoke_fallback", "region": "ContigUS" }, "geometry": { "type": "LineString", "coordinates": [ [ -98.179533998195382, 28.46950299826959 ], [ -98.185486998835927, 28.51749599618638 ] ] } },
{ "type": "Feature", "properties": { "edge_type": "spoke_fallback", "region": "ContigUS" }, "geometry": { "type": "LineString", "coordinates": [ [ -98.133634003831489, 28.355321996405635 ], [ -98.182435996737567, 28.460707002077921 ] ] } },
{ "type": "Feature", "properties": { "edge_type": "spoke_fallback", "region": "ContigUS" }, "geometry": { "type": "LineString", "coordinates": [ [ -98.135766002444768, 26.915151998463866 ], [ -98.146067001774043, 27.188479001999159 ] ] } },
{ "type": "Feature", "properties": { "edge_type": "spoke_fallback", "region": "ContigUS" }, "geometry": { "type": "LineString", "coordinates": [ [ -98.136333001085802, 27.261481000814825 ], [ -98.079351003101451, 27.688348995747376 ] ] } },
{ "type": "Feature", "properties": { "edge_type": "spoke_fallback", "region": "ContigUS" }, "geometry": { "type": "LineString", "coordinates": [ [ -98.103221998028417, 26.78135499681111 ], [ -98.135622002504732, 26.890122999944658 ] ] } },
{ "type": "Feature", "properties": { "edge_type": "spoke_fallback", "region": "ContigUS" }, "geometry": { "type": "LineString", "coordinates": [ [ -98.133488997778358, 26.450819001127076 ], [ -98.101900001323713, 26.752430000597229 ] ] } },
{ "type": "Feature", "properties": { "edge_type": "spoke_fallback", "region": "ContigUS" }, "geometry": { "type": "LineString", "coordinates": [ [ -98.097364003212306, 28.057210996123892 ], [ -98.114176000704049, 28.326185998693965 ] ] } },
{ "type": "Feature", "properties": { "edge_type": "spoke_fallback", "region": "ContigUS" }, "geometry": { "type": "LineString", "coordinates": [ [ -98.084200001207279, 27.806194997766173 ], [ -98.095972000797531, 28.021371998467867 ] ] } },
{ "type": "Feature", "properties": { "edge_type": "spoke_fallback", "region": "ContigUS" }, "geometry": { "type": "LineString", "coordinates": [ [ -96.612784997125218, 33.527145999859663 ], [ -96.588855997980346, 33.421591003615482 ] ] } },
{ "type": "Feature", "properties": { "edge_type": "spoke_fallback", "region": "ContigUS" }, "geometry": { "type": "LineString", "coordinates": [ [ -96.605418003311684, 33.595233001521258 ], [ -96.611976001329793, 33.529561997201604 ] ] } },
{ "type": "Feature", "properties": { "edge_type": "spoke_fallback", "region": "ContigUS" }, "geometry": { "type": "LineString", "coordinates": [ [ -96.580348000025538, 33.39995599929 ], [ -96.592198997461821, 33.286760997916112 ] ] } },
{ "type": "Feature", "properties": { "edge_type": "spoke_fallback", "region": "ContigUS" }, "geometry": { "type": "LineString", "coordinates": [ [ -96.358213000810338, 30.140885002758587 ], [ -96.20838300355517, 30.131825004064716 ] ] } },
{ "type": "Feature", "properties": { "edge_type": "spoke_fallback", "region": "ContigUS" }, "geometry": { "type": "LineString", "coordinates": [ [ -96.278426999844015, 34.127981999921545 ], [ -96.355164001955018, 34.054300997622562 ] ] } },
{ "type": "Feature", "properties": { "edge_type": "spoke_fallback", "region": "ContigUS" }, "geometry": { "type": "LineString", "coordinates": [ [ -96.237849999645675, 34.200742998090085 ], [ -96.257149998097788, 34.161922999206951 ] ] } },
{ "type": "Feature", "properties": { "edge_type": "spoke_fallback", "region": "ContigUS" }, "geometry": { "type": "LineString", "coordinates": [ [ -96.178452000670973, 34.305520997323747 ], [ -96.205557002486017, 34.271141999133732 ] ] } },
{ "type": "Feature", "properties": { "edge_type": "spoke_fallback", "region": "ContigUS" }, "geometry": { "type": "LineString", "coordinates": [ [ -96.186949003246738, 30.129263002852845 ], [ -96.078852003213314, 30.115007003533403 ] ] } },
{ "type": "Feature", "properties": { "edge_type": "spoke_fallback", "region": "ContigUS" }, "geometry": { "type": "LineString", "coordinates": [ [ -96.073163996598424, 34.440804004070039 ], [ -96.10924800103804, 34.408600996762637 ] ] } },
{ "type": "Feature", "properties": { "edge_type": "spoke_fallback", "region": "ContigUS" }, "geometry": { "type": "LineString", "coordinates": [ [ -96.03252999829526, 34.5261129996397 ], [ -96.048314996838471, 34.489037000137799 ] ] } },
{ "type": "Feature", "properties": { "edge_type": "spoke_fallback", "region": "ContigUS" }, "geometry": { "type": "LineString", "coordinates": [ [ -96.041465998567219, 30.099084002838353 ], [ -95.990991001242293, 30.080566000092183 ] ] } },
{ "type": "Feature", "properties": { "edge_type": "spoke_fallback", "region": "ContigUS" }, "geometry": { "type": "LineString", "coordinates": [ [ -96.000817995528806, 34.577457997594991 ], [ -96.025123002502127, 34.545835997004268 ] ] } },
{ "type": "Feature", "properties": { "edge_type": "spoke_fallback", "region": "ContigUS" }, "geometry": { "type": "LineString", "coordinates": [ [ -95.949484002179759, 34.640320002164486 ], [ -95.973225999031939, 34.606571998148375 ] ] } },
{ "type": "Feature", "properties": { "edge_type": "spoke_fallback", "region": "ContigUS" }, "geometry": { "type": "LineString", "coordinates": [ [ -95.908875003990971, 30.063332000255425 ], [ -95.843183003893884, 30.032237002544417 ] ] } },
{ "type": "Feature", "properties": { "edge_type": "spoke_fallback", "region": "ContigUS" }, "geometry": { "type": "LineString", "coordinates": [ [ -95.815230001433775, 30.016362999733524 ], [ -95.74495399725653, 29.989819995897935 ] ] } },
{ "type": "Feature", "properties": { "edge_type": "spoke_fallback", "region": "ContigUS" }, "geometry": { "type": "LineString", "coordinates": [ [ -95.774493002300176, 41.296048998710276 ], [ -95.680086003803225, 41.371868000127783 ] ] } },
{ "type": "Feature", "properties": { "edge_type": "spoke_fallback", "region": "ContigUS" }, "geometry": { "type": "LineString", "coordinates": [ [ -95.70817100471119, 35.053178998946329 ], [ -95.718548998643513, 35.014556998350457 ] ] } },
{ "type": "Feature", "properties": { "edge_type": "spoke_fallback", "region": "ContigUS" }, "geometry": { "type": "LineString", "coordinates": [ [ -95.672706999514375, 41.37908500118418 ], [ -95.622610004277874, 41.435783997163043 ] ] } },
{ "type": "Feature", "properties": { "edge_type": "spoke_fallback", "region": "ContigUS" }, "geometry": { "type": "LineString", "coordinates": [ [ -95.650862001997126, 35.168820001338929 ], [ -95.670533004661579, 35.134831999912677 ] ] } },
{ "type": "Feature", "properties": { "edge_type": "spoke_fallback", "region": "ContigUS" }, "geometry": { "type": "LineString", "coordinates": [ [ -95.613753001852018, 35.213704997696389 ], [ -95.641929999228211, 35.184249002886027 ] ] } },
{ "type": "Feature", "properties": { "edge_type": "spoke_fallback", "region": "ContigUS" }, "geometry": { "type": "LineString", "coordinates": [ [ -95.575385003853057, 35.357477003618264 ], [ -95.589465997116946, 35.313699999922378 ] ] } },
{ "type": "Feature", "properties": { "edge_type": "spoke_fallback", "region": "ContigUS" }, "geometry": { "type": "LineString", "coordinates": [ [ -95.561066999084602, 35.402172999374223 ], [ -95.572815004673572, 35.366336001960661 ] ] } },
{ "type": "Feature", "properties": { "edge_type": "spoke_fallback", "region": "ContigUS" }, "geometry": { "type": "LineString", "coordinates": [ [ -95.546890002866306, 35.451941999852039 ], [ -95.557686000866639, 35.4099690002733 ] ] } },
{ "type": "Feature", "properties": { "edge_type": "spoke_fallback", "region": "ContigUS" }, "geometry": { "type": "LineString", "coordinates": [ [ -95.541147998519691, 41.498551002916813 ], [ -95.460569000753154, 41.498861996719306 ] ] } },
{ "type": "Feature", "properties": { "edge_type": "spoke_fallback", "region": "ContigUS" }, "geometry": { "type": "LineString", "coordinates": [ [ -95.443908001077503, 35.657188996781002 ], [ -95.471368996256501, 35.613296999454285 ] ] } },
{ "type": "Feature", "properties": { "edge_type": "spoke_fallback", "region": "ContigUS" }, "geometry": { "type": "LineString", "coordinates": [ [ -95.446587998963551, 41.498667002575445 ], [ -95.343263002432991, 41.497624000674577 ] ] } },
{ "type": "Feature", "properties": { "edge_type": "spoke_fallback", "region": "ContigUS" }, "geometry": { "type": "LineString", "coordinates": [ [ -95.330049997329212, 41.497660999203774 ], [ -95.232341995590332, 41.49734800134128 ] ] } },
{ "type": "Feature", "properties": { "edge_type": "spoke_fallback", "region": "ContigUS" }, "geometry": { "type": "LineString", "coordinates": [ [ -95.217980000322413, 41.497292997798809 ], [ -95.155270002726738, 41.498302000917903 ] ] } },
{ "type": "Feature", "properties": { "edge_type": "spoke_fallback", "region": "ContigUS" }, "geometry": { "type": "LineString", "coordinates": [ [ -95.127163002077509, 35.798228998536217 ], [ -95.180599996422444, 35.798406997092144 ] ] } },
{ "type": "Feature", "properties": { "edge_type": "spoke_fallback", "region": "ContigUS" }, "geometry": { "type": "LineString", "coordinates": [ [ -95.063221001002248, 29.884236997467301 ], [ -95.127958002120778, 29.852651000938842 ] ] } },
{ "type": "Feature", "properties": { "edge_type": "spoke_fallback", "region": "ContigUS" }, "geometry": { "type": "LineString", "coordinates": [ [ -95.003135997447728, 35.849715996797528 ], [ -95.055646999414648, 35.818903999537767 ] ] } },
{ "type": "Feature", "properties": { "edge_type": "spoke_fallback", "region": "ContigUS" }, "geometry": { "type": "LineString", "coordinates": [ [ -94.999082996515156, 41.497279998789658 ], [ -94.952436996223597, 41.497201002167053 ] ] } },
{ "type": "Feature", "properties": { "edge_type": "spoke_fallback", "region": "ContigUS" }, "geometry": { "type": "LineString", "coordinates": [ [ -94.913204001454417, 30.027864995852973 ], [ -94.961646003493485, 29.990930997108979 ] ] } },
{ "type": "Feature", "properties": { "edge_type": "spoke_fallback", "region": "ContigUS" }, "geometry": { "type": "LineString", "coordinates": [ [ -94.940143003588062, 41.497175999894225 ], [ -94.873065001822283, 41.497463996426312 ] ] } },
{ "type": "Feature", "properties": { "edge_type": "spoke_fallback", "region": "ContigUS" }, "geometry": { "type": "LineString", "coordinates": [ [ -94.866680998491532, 41.497357999533683 ], [ -94.766248999384004, 41.496998998867056 ] ] } },
{ "type": "Feature", "properties": { "edge_type": "spoke_fallback", "region": "ContigUS" }, "geometry": { "type": "LineString", "coordinates": [ [ -94.797372003768146, 35.96801000217873 ], [ -94.840151996436674, 35.927992999996519 ] ] } },
{ "type": "Feature", "properties": { "edge_type": "spoke_fallback", "region": "ContigUS" }, "geometry": { "type": "LineString", "coordinates": [ [ -94.70140599706194, 30.046803999019268 ], [ -94.753216995826847, 30.055129998852831 ] ] } },
{ "type": "Feature", "properties": { "edge_type": "spoke_fallback", "region": "ContigUS" }, "geometry": { "type": "LineString", "coordinates": [ [ -94.749690003408887, 41.496760998433977 ], [ -94.70048100181387, 41.496917996867204 ] ] } },
{ "type": "Feature", "properties": { "edge_type": "spoke_fallback", "region": "ContigUS" }, "geometry": { "type": "LineString", "coordinates": [ [ -94.702219996473474, 35.956075997621717 ], [ -94.747609999284279, 35.962304999784109 ] ] } },
{ "type": "Feature", "properties": { "edge_type": "spoke_fallback", "region": "ContigUS" }, "geometry": { "type": "LineString", "coordinates": [ [ -94.654990001415726, 35.987179998781649 ], [ -94.691004997275201, 35.957241999655345 ] ] } },
{ "type": "Feature", "properties": { "edge_type": "spoke_fallback", "region": "ContigUS" }, "geometry": { "type": "LineString", "coordinates": [ [ -94.444258997951437, 30.032563002913061 ], [ -94.669973999169514, 30.0417150034203 ] ] } },
{ "type": "Feature", "properties": { "edge_type": "spoke_fallback", "region": "ContigUS" }, "geometry": { "type": "LineString", "coordinates": [ [ -94.641116995089561, 41.493154000295327 ], [ -94.52325999712356, 41.496189001223243 ] ] } },
{ "type": "Feature", "properties": { "edge_type": "spoke_fallback", "region": "ContigUS" }, "geometry": { "type": "LineString", "coordinates": [ [ -94.517111999184252, 41.496179002850361 ], [ -94.459394002504482, 41.495947001141431 ] ] } },
{ "type": "Feature", "properties": { "edge_type": "spoke_fallback", "region": "ContigUS" }, "geometry": { "type": "LineString", "coordinates": [ [ -94.433425998344575, 35.952869003325638 ], [ -94.480538996819746, 35.960980002417138 ] ] } },
{ "type": "Feature", "properties": { "edge_type": "spoke_fallback", "region": "ContigUS" }, "geometry": { "type": "LineString", "coordinates": [ [ -94.294242995533565, 30.053275001688689 ], [ -94.407990003445363, 30.037747001928338 ] ] } },
{ "type": "Feature", "properties": { "edge_type": "spoke_fallback", "region": "ContigUS" }, "geometry": { "type": "LineString", "coordinates": [ [ -94.407752003793973, 41.495977003091291 ], [ -94.321635000098723, 41.493016997193806 ] ] } },
{ "type": "Feature", "properties": { "edge_type": "spoke_fallback", "region": "ContigUS" }, "geometry": { "type": "LineString", "coordinates": [ [ -94.31550600152768, 41.493001998899445 ], [ -94.244362997337106, 41.493351002724722 ] ] } },
{ "type": "Feature", "properties": { "edge_type": "spoke_fallback", "region": "ContigUS" }, "geometry": { "type": "LineString", "coordinates": [ [ -94.192169998980788, 41.51650400007108 ], [ -94.127507998205303, 41.517658997746068 ] ] } },
{ "type": "Feature", "properties": { "edge_type": "spoke_fallback", "region": "ContigUS" }, "geometry": { "type": "LineString", "coordinates": [ [ -94.071002996653689, 41.520814002547965 ], [ -94.019106002166637, 41.539535999115557 ] ] } },
{ "type": "Feature", "properties": { "edge_type": "spoke_fallback", "region": "ContigUS" }, "geometry": { "type": "LineString", "coordinates": [ [ -94.006026001623823, 41.540933998593751 ], [ -93.961586003158629, 41.545989998363545 ] ] } },
{ "type": "Feature", "properties": { "edge_type": "spoke_fallback", "region": "ContigUS" }, "geometry": { "type": "LineString", "coordinates": [ [ -93.949778996221809, 41.548926001807288 ], [ -93.889037000801082, 41.561187996957599 ] ] } },
{ "type": "Feature", "properties": { "edge_type": "spoke_fallback", "region": "ContigUS" }, "geometry": { "type": "LineString", "coordinates": [ [ -93.876178003784503, 41.563507002696561 ], [ -93.832606999592542, 41.580006997006251 ] ] } },
{ "type": "Feature", "properties": { "edge_type": "spoke_fallback", "region": "ContigUS" }, "geometry": { "type": "LineString", "coordinates": [ [ -93.643012995437473, 30.152384000226533 ], [ -93.693570997094639, 30.130757001451695 ] ] } },
{ "type": "Feature", "properties": { "edge_type": "spoke_fallback", "region": "ContigUS" }, "geometry": { "type": "LineString", "coordinates": [ [ -93.592656997938235, 30.173967000974681 ], [ -93.632995001355269, 30.156680000357191 ] ] } },
{ "type": "Feature", "properties": { "edge_type": "spoke_fallback", "region": "ContigUS" }, "geometry": { "type": "LineString", "coordinates": [ [ -93.384513995891766, 30.215577002773717 ], [ -93.567700002714844, 30.184690003608008 ] ] } },
{ "type": "Feature", "properties": { "edge_type": "spoke_fallback", "region": "ContigUS" }, "geometry": { "type": "LineString", "coordinates": [ [ -93.564468996199835, 42.008156002659227 ], [ -93.484547996412644, 42.008702002738147 ] ] } },
{ "type": "Feature", "properties": { "edge_type": "spoke_fallback", "region": "ContigUS" }, "geometry": { "type": "LineString", "coordinates": [ [ -93.44406900241178, 41.671895001833335 ], [ -93.373854999955412, 41.680384001038192 ] ] } },
{ "type": "Feature", "properties": { "edge_type": "spoke_fallback", "region": "ContigUS" }, "geometry": { "type": "LineString", "coordinates": [ [ -93.405777999015825, 42.007865001839704 ], [ -93.184515003430093, 42.007428998739833 ] ] } },
{ "type": "Feature", "properties": { "edge_type": "spoke_fallback", "region": "ContigUS" }, "geometry": { "type": "LineString", "coordinates": [ [ -93.348370999087436, 41.680848001649863 ], [ -93.269160000751341, 41.687400996310807 ] ] } },
{ "type": "Feature", "properties": { "edge_type": "spoke_fallback", "region": "ContigUS" }, "geometry": { "type": "LineString", "coordinates": [ [ -93.239894002705682, 41.693533997788784 ], [ -93.184569001161819, 41.69241799818198 ] ] } },
{ "type": "Feature", "properties": { "edge_type": "spoke_fallback", "region": "ContigUS" }, "geometry": { "type": "LineString", "coordinates": [ [ -93.175612995408514, 41.688921998438595 ], [ -93.085332003927306, 41.682489001510518 ] ] } },
{ "type": "Feature", "properties": { "edge_type": "spoke_fallback", "region": "ContigUS" }, "geometry": { "type": "LineString", "coordinates": [ [ -93.165170996512217, 42.007677001359426 ], [ -93.020324996183803, 42.008183997300407 ] ] } },
{ "type": "Feature", "properties": { "edge_type": "spoke_fallback", "region": "ContigUS" }, "geometry": { "type": "LineString", "coordinates": [ [ -92.999806998987424, 30.231441996987389 ], [ -93.129225997379663, 30.232395003051604 ] ] } },
{ "type": "Feature", "properties": { "edge_type": "spoke_fallback", "region": "ContigUS" }, "geometry": { "type": "LineString", "coordinates": [ [ -92.821572002953829, 30.232176000610526 ], [ -92.996854003086526, 30.231451000247812 ] ] } },
{ "type": "Feature", "properties": { "edge_type": "spoke_fallback", "region": "ContigUS" }, "geometry": { "type": "LineString", "coordinates": [ [ -92.994977997379806, 41.682370996960195 ], [ -92.911785998081157, 41.681916997107315 ] ] } },
{ "type": "Feature", "properties": { "edge_type": "spoke_fallback", "region": "ContigUS" }, "geometry": { "type": "LineString", "coordinates": [ [ -92.894116998825169, 41.683144003673853 ], [ -92.801478001588407, 41.695309001721988 ] ] } },
{ "type": "Feature", "properties": { "edge_type": "spoke_fallback", "region": "ContigUS" }, "geometry": { "type": "LineString", "coordinates": [ [ -92.862108004042625, 42.006953002415464 ], [ -92.785258002852032, 42.011949998596656 ] ] } },
{ "type": "Feature", "properties": { "edge_type": "spoke_fallback", "region": "ContigUS" }, "geometry": { "type": "LineString", "coordinates": [ [ -92.842834999964808, 44.948455999975508 ], [ -92.796752997941212, 44.95456700159793 ] ] } },
{ "type": "Feature", "properties": { "edge_type": "spoke_fallback", "region": "ContigUS" }, "geometry": { "type": "LineString", "coordinates": [ [ -92.684414000422578, 30.23143599740045 ], [ -92.817265003374658, 30.232141998025956 ] ] } },
{ "type": "Feature", "properties": { "edge_type": "spoke_fallback", "region": "ContigUS" }, "geometry": { "type": "LineString", "coordinates": [ [ -92.719237003765286, 41.695782003630441 ], [ -92.559443001176518, 41.696604001933252 ] ] } },
{ "type": "Feature", "properties": { "edge_type": "spoke_fallback", "region": "ContigUS" }, "geometry": { "type": "LineString", "coordinates": [ [ -92.671405999849824, 44.964849997176856 ], [ -92.565897998364164, 44.960195998944265 ] ] } },
{ "type": "Feature", "properties": { "edge_type": "spoke_fallback", "region": "ContigUS" }, "geometry": { "type": "LineString", "coordinates": [ [ -92.389360000750656, 30.235528003203886 ], [ -92.622587001835441, 30.240192000971099 ] ] } },
{ "type": "Feature", "properties": { "edge_type": "spoke_fallback", "region": "ContigUS" }, "geometry": { "type": "LineString", "coordinates": [ [ -92.569117003386978, 41.98209300265362 ], [ -92.240680996902739, 41.964148999917391 ] ] } },
{ "type": "Feature", "properties": { "edge_type": "spoke_fallback", "region": "ContigUS" }, "geometry": { "type": "LineString", "coordinates": [ [ -92.553712998322055, 44.956853999342464 ], [ -92.380273999792578, 44.938320002715123 ] ] } },
{ "type": "Feature", "properties": { "edge_type": "spoke_fallback", "region": "ContigUS" }, "geometry": { "type": "LineString", "coordinates": [ [ -92.544851001263254, 41.696462003597262 ], [ -92.450423000154956, 41.695520996782044 ] ] } },
{ "type": "Feature", "properties": { "edge_type": "spoke_fallback", "region": "ContigUS" }, "geometry": { "type": "LineString", "coordinates": [ [ -92.440792997427138, 41.696126002223757 ], [ -92.363948996982643, 41.695671998817296 ] ] } },
{ "type": "Feature", "properties": { "edge_type": "spoke_fallback", "region": "ContigUS" }, "geometry": { "type": "LineString", "coordinates": [ [ -92.369216996286454, 44.937909001219147 ], [ -92.201567999089193, 44.93344800164013 ] ] } },
{ "type": "Feature", "properties": { "edge_type": "spoke_fallback", "region": "ContigUS" }, "geometry": { "type": "LineString", "coordinates": [ [ -92.281854002342655, 30.251991002515759 ], [ -92.35731999612446, 30.23543000362929 ] ] } },
{ "type": "Feature", "properties": { "edge_type": "spoke_fallback", "region": "ContigUS" }, "geometry": { "type": "LineString", "coordinates": [ [ -92.350567000807644, 41.695593003171695 ], [ -92.299805997862578, 41.695795002967273 ] ] } },
{ "type": "Feature", "properties": { "edge_type": "spoke_fallback", "region": "ContigUS" }, "geometry": { "type": "LineString", "coordinates": [ [ -92.279555995064896, 41.696055002567277 ], [ -92.014798001743387, 41.687143001115658 ] ] } },
{ "type": "Feature", "properties": { "edge_type": "spoke_fallback", "region": "ContigUS" }, "geometry": { "type": "LineString", "coordinates": [ [ -92.193279998547482, 30.247604998426098 ], [ -92.244350003983982, 30.251763003539914 ] ] } },
{ "type": "Feature", "properties": { "edge_type": "spoke_fallback", "region": "ContigUS" }, "geometry": { "type": "LineString", "coordinates": [ [ -92.191696996336958, 44.933367001621995 ], [ -91.94270399607727, 44.907532999750138 ] ] } },
{ "type": "Feature", "properties": { "edge_type": "spoke_fallback", "region": "ContigUS" }, "geometry": { "type": "LineString", "coordinates": [ [ -92.182082004457527, 41.963875999715313 ], [ -92.027707996118664, 41.963546996547322 ] ] } },
{ "type": "Feature", "properties": { "edge_type": "spoke_fallback", "region": "ContigUS" }, "geometry": { "type": "LineString", "coordinates": [ [ -92.00203300443809, 41.687131999165359 ], [ -91.951589996120475, 41.687192000022662 ] ] } },
{ "type": "Feature", "properties": { "edge_type": "spoke_fallback", "region": "ContigUS" }, "geometry": { "type": "LineString", "coordinates": [ [ -91.970305002676412, 41.963305000624416 ], [ -91.796508995686693, 41.96377499782713 ] ] } },
{ "type": "Feature", "properties": { "edge_type": "spoke_fallback", "region": "ContigUS" }, "geometry": { "type": "LineString", "coordinates": [ [ -91.928758001634236, 44.907263002560576 ], [ -91.734777002923991, 44.88830299715702 ] ] } },
{ "type": "Feature", "properties": { "edge_type": "spoke_fallback", "region": "ContigUS" }, "geometry": { "type": "LineString", "coordinates": [ [ -91.434311004008165, 30.418435000888106 ], [ -91.896172000978396, 30.300555998825779 ] ] } },
{ "type": "Feature", "properties": { "edge_type": "spoke_fallback", "region": "ContigUS" }, "geometry": { "type": "LineString", "coordinates": [ [ -91.895893002217448, 41.687456998667479 ], [ -91.834007002282405, 41.687319998086728 ] ] } },
{ "type": "Feature", "properties": { "edge_type": "spoke_fallback", "region": "ContigUS" }, "geometry": { "type": "LineString", "coordinates": [ [ -91.803806001756456, 41.687712000636431 ], [ -91.755929004098434, 41.69175300156207 ] ] } },
{ "type": "Feature", "properties": { "edge_type": "spoke_fallback", "region": "ContigUS" }, "geometry": { "type": "LineString", "coordinates": [ [ -91.723238996498978, 44.882708998762176 ], [ -91.650496002955833, 44.854141002064793 ] ] } },
{ "type": "Feature", "properties": { "edge_type": "spoke_fallback", "region": "ContigUS" }, "geometry": { "type": "LineString", "coordinates": [ [ -91.711434756373237, 41.695127056345832 ], [ -91.666481999543848, 41.693914002468212 ] ] } },
{ "type": "Feature", "properties": { "edge_type": "spoke_fallback", "region": "ContigUS" }, "geometry": { "type": "LineString", "coordinates": [ [ -91.637358995325101, 41.926628001141452 ], [ -91.544515999670438, 41.926194997342641 ] ] } },
{ "type": "Feature", "properties": { "edge_type": "spoke_fallback", "region": "ContigUS" }, "geometry": { "type": "LineString", "coordinates": [ [ -91.598542998510837, 44.840829999822439 ], [ -91.536452003027961, 44.780324998454702 ] ] } },
{ "type": "Feature", "properties": { "edge_type": "spoke_fallback", "region": "ContigUS" }, "geometry": { "type": "LineString", "coordinates": [ [ -91.541977001351398, 41.92628199667481 ], [ -91.446300000638416, 41.917063999489827 ] ] } },
{ "type": "Feature", "properties": { "edge_type": "spoke_fallback", "region": "ContigUS" }, "geometry": { "type": "LineString", "coordinates": [ [ -91.445561001569928, 41.671672997943809 ], [ -91.366276997150692, 41.666123000828016 ] ] } },
{ "type": "Feature", "properties": { "edge_type": "spoke_fallback", "region": "ContigUS" }, "geometry": { "type": "LineString", "coordinates": [ [ -91.416771999956964, 44.767315997290922 ], [ -91.218516996787883, 44.59704699898699 ] ] } },
{ "type": "Feature", "properties": { "edge_type": "spoke_fallback", "region": "ContigUS" }, "geometry": { "type": "LineString", "coordinates": [ [ -91.250729998971494, 30.448765000238247 ], [ -91.407986997501126, 30.426271997305211 ] ] } },
{ "type": "Feature", "properties": { "edge_type": "spoke_fallback", "region": "ContigUS" }, "geometry": { "type": "LineString", "coordinates": [ [ -91.365894000429307, 41.918270997470422 ], [ -91.151994998284039, 41.888465999764499 ] ] } },
{ "type": "Feature", "properties": { "edge_type": "spoke_fallback", "region": "ContigUS" }, "geometry": { "type": "LineString", "coordinates": [ [ -91.34607800069486, 41.664024001499293 ], [ -91.2657419972127, 41.663475999202483 ] ] } },
{ "type": "Feature", "properties": { "edge_type": "spoke_fallback", "region": "ContigUS" }, "geometry": { "type": "LineString", "coordinates": [ [ -91.248511995652933, 41.663443001340056 ], [ -91.160905998441621, 41.646335000752302 ] ] } },
{ "type": "Feature", "properties": { "edge_type": "spoke_fallback", "region": "ContigUS" }, "geometry": { "type": "LineString", "coordinates": [ [ -91.202234996330617, 44.575534002782817 ], [ -91.007195997811309, 44.389079999029164 ] ] } },
{ "type": "Feature", "properties": { "edge_type": "spoke_fallback", "region": "ContigUS" }, "geometry": { "type": "LineString", "coordinates": [ [ -91.109173997522788, 30.430761998561646 ], [ -91.154382001656998, 30.444166001975933 ] ] } },
{ "type": "Feature", "properties": { "edge_type": "spoke_fallback", "region": "ContigUS" }, "geometry": { "type": "LineString", "coordinates": [ [ -91.132309999867473, 41.888450003329631 ], [ -91.054717999235322, 41.888741997822343 ] ] } },
{ "type": "Feature", "properties": { "edge_type": "spoke_fallback", "region": "ContigUS" }, "geometry": { "type": "LineString", "coordinates": [ [ -91.10665699894507, 41.644849000261992 ], [ -91.040895002121033, 41.637399000601874 ] ] } },
{ "type": "Feature", "properties": { "edge_type": "spoke_fallback", "region": "ContigUS" }, "geometry": { "type": "LineString", "coordinates": [ [ -91.008447000659132, 30.359142999726149 ], [ -91.051169995222864, 30.395745996843104 ] ] } },
{ "type": "Feature", "properties": { "edge_type": "spoke_fallback", "region": "ContigUS" }, "geometry": { "type": "LineString", "coordinates": [ [ -91.050232001352654, 41.888270999472851 ], [ -90.926735002740529, 41.854889997700283 ] ] } },
{ "type": "Feature", "properties": { "edge_type": "spoke_fallback", "region": "ContigUS" }, "geometry": { "type": "LineString", "coordinates": [ [ -90.997630000047479, 44.384538998293934 ], [ -90.847891002130595, 44.310631997539772 ] ] } },
{ "type": "Feature", "properties": { "edge_type": "spoke_fallback", "region": "ContigUS" }, "geometry": { "type": "LineString", "coordinates": [ [ -90.941700998255996, 30.269441999948189 ], [ -90.972186001159088, 30.303121996967917 ] ] } },
{ "type": "Feature", "properties": { "edge_type": "spoke_fallback", "region": "ContigUS" }, "geometry": { "type": "LineString", "coordinates": [ [ -90.898318999599866, 41.844342997429415 ], [ -90.762276003965567, 41.829268998474369 ] ] } },
{ "type": "Feature", "properties": { "edge_type": "spoke_fallback", "region": "ContigUS" }, "geometry": { "type": "LineString", "coordinates": [ [ -90.859898000999138, 41.632986001450902 ], [ -90.687007001742401, 41.603713997474756 ] ] } },
{ "type": "Feature", "properties": { "edge_type": "spoke_fallback", "region": "ContigUS" }, "geometry": { "type": "LineString", "coordinates": [ [ -90.811061000746463, 30.157623997914996 ], [ -90.854333000696059, 30.190774998370642 ] ] } },
{ "type": "Feature", "properties": { "edge_type": "spoke_fallback", "region": "ContigUS" }, "geometry": { "type": "LineString", "coordinates": [ [ -90.819052000288949, 44.293232002192163 ], [ -90.644984998527477, 44.19500500133389 ] ] } },
{ "type": "Feature", "properties": { "edge_type": "spoke_fallback", "region": "ContigUS" }, "geometry": { "type": "LineString", "coordinates": [ [ -90.690923997740981, 30.124108001123332 ], [ -90.759591999593368, 30.143578003187994 ] ] } },
{ "type": "Feature", "properties": { "edge_type": "spoke_fallback", "region": "ContigUS" }, "geometry": { "type": "LineString", "coordinates": [ [ -90.723396002187286, 41.829189002430589 ], [ -90.575339000825252, 41.825595001231861 ] ] } },
{ "type": "Feature", "properties": { "edge_type": "spoke_fallback", "region": "ContigUS" }, "geometry": { "type": "LineString", "coordinates": [ [ -90.52286800083796, 30.108868002036186 ], [ -90.649861997120723, 30.120401001946092 ] ] } },
{ "type": "Feature", "properties": { "edge_type": "spoke_fallback", "region": "ContigUS" }, "geometry": { "type": "LineString", "coordinates": [ [ -90.643544001997043, 44.191041000300388 ], [ -90.505167003591566, 44.025992002385557 ] ] } },
{ "type": "Feature", "properties": { "edge_type": "spoke_fallback", "region": "ContigUS" }, "geometry": { "type": "LineString", "coordinates": [ [ -90.534442999886352, 41.807213000370105 ], [ -90.359057998923163, 41.815618999371992 ] ] } },
{ "type": "Feature", "properties": { "edge_type": "spoke_fallback", "region": "ContigUS" }, "geometry": { "type": "LineString", "coordinates": [ [ -90.507045003558247, 41.596359999920807 ], [ -90.459010998354884, 41.597167003668524 ] ] } },
{ "type": "Feature", "properties": { "edge_type": "spoke_fallback", "region": "ContigUS" }, "geometry": { "type": "LineString", "coordinates": [ [ -90.492800004872933, 44.015337999798582 ], [ -90.459092996574014, 43.992423000103138 ] ] } },
{ "type": "Feature", "properties": { "edge_type": "spoke_fallback", "region": "ContigUS" }, "geometry": { "type": "LineString", "coordinates": [ [ -90.429513998533892, 43.981377999772441 ], [ -90.26430200493833, 43.922764001587943 ] ] } },
{ "type": "Feature", "properties": { "edge_type": "spoke_fallback", "region": "ContigUS" }, "geometry": { "type": "LineString", "coordinates": [ [ -90.301609002755214, 30.00883899887479 ], [ -90.409237998491903, 30.079086999241216 ] ] } },
{ "type": "Feature", "properties": { "edge_type": "spoke_fallback", "region": "ContigUS" }, "geometry": { "type": "LineString", "coordinates": [ [ -90.32227000276167, 41.53500000156005 ], [ -90.252970000174315, 41.547750001559713 ] ] } },
{ "type": "Feature", "properties": { "edge_type": "spoke_fallback", "region": "ContigUS" }, "geometry": { "type": "LineString", "coordinates": [ [ -90.260638998603213, 43.920929999192211 ], [ -90.150535000528308, 43.884656999119521 ] ] } },
{ "type": "Feature", "properties": { "edge_type": "spoke_fallback", "region": "ContigUS" }, "geometry": { "type": "LineString", "coordinates": [ [ -90.236979997100136, 41.559989997689904 ], [ -90.192413003803225, 41.605496999290381 ] ] } },
{ "type": "Feature", "properties": { "edge_type": "spoke_fallback", "region": "ContigUS" }, "geometry": { "type": "LineString", "coordinates": [ [ -90.157199996879939, 41.843360002327408 ], [ -90.112493001145992, 41.858030000169343 ] ] } },
{ "type": "Feature", "properties": { "edge_type": "spoke_fallback", "region": "ContigUS" }, "geometry": { "type": "LineString", "coordinates": [ [ -90.143812997088773, 43.881195999575745 ], [ -90.059370003925466, 43.799678003382269 ] ] } },
{ "type": "Feature", "properties": { "edge_type": "spoke_fallback", "region": "ContigUS" }, "geometry": { "type": "LineString", "coordinates": [ [ -90.14250000150318, 41.664729999395917 ], [ -90.103040002461711, 41.68880000081171 ] ] } },
{ "type": "Feature", "properties": { "edge_type": "spoke_fallback", "region": "ContigUS" }, "geometry": { "type": "LineString", "coordinates": [ [ -90.111760002823601, 41.858149996992196 ], [ -90.022550000790432, 41.833539996787266 ] ] } },
{ "type": "Feature", "properties": { "edge_type": "spoke_fallback", "region": "ContigUS" }, "geometry": { "type": "LineString", "coordinates": [ [ -90.089629996816143, 41.688849997997558 ], [ -89.9737500021443, 41.720570001316112 ] ] } },
{ "type": "Feature", "properties": { "edge_type": "spoke_fallback", "region": "ContigUS" }, "geometry": { "type": "LineString", "coordinates": [ [ -90.053077997062985, 43.792868000374213 ], [ -89.812638000353829, 43.653922996734238 ] ] } },
{ "type": "Feature", "properties": { "edge_type": "spoke_fallback", "region": "ContigUS" }, "geometry": { "type": "LineString", "coordinates": [ [ -89.965099998509359, 41.809349997268505 ], [ -89.819439998769397, 41.791020002833406 ] ] } },
{ "type": "Feature", "properties": { "edge_type": "spoke_fallback", "region": "ContigUS" }, "geometry": { "type": "LineString", "coordinates": [ [ -89.920387002029301, 41.728194999424744 ], [ -89.789395996805638, 41.761328999740506 ] ] } },
{ "type": "Feature", "properties": { "edge_type": "spoke_fallback", "region": "ContigUS" }, "geometry": { "type": "LineString", "coordinates": [ [ -89.786317003202981, 43.625647002271499 ], [ -89.793985004501948, 43.589087999351761 ] ] } },
{ "type": "Feature", "properties": { "edge_type": "spoke_fallback", "region": "ContigUS" }, "geometry": { "type": "LineString", "coordinates": [ [ -89.770135003203166, 43.568852002450178 ], [ -89.527319995630094, 43.517441003285249 ] ] } },
{ "type": "Feature", "properties": { "edge_type": "spoke_fallback", "region": "ContigUS" }, "geometry": { "type": "LineString", "coordinates": [ [ -89.758880002025251, 41.752139998940017 ], [ -89.708729997203875, 41.751239998008657 ] ] } },
{ "type": "Feature", "properties": { "edge_type": "spoke_fallback", "region": "ContigUS" }, "geometry": { "type": "LineString", "coordinates": [ [ -89.63147000491756, 41.758109999033486 ], [ -89.328229999421239, 41.7578299996322 ] ] } },
{ "type": "Feature", "properties": { "edge_type": "spoke_fallback", "region": "ContigUS" }, "geometry": { "type": "LineString", "coordinates": [ [ -89.492068998953442, 43.480988998976805 ], [ -89.455707001866017, 43.340061998492381 ] ] } },
{ "type": "Feature", "properties": { "edge_type": "spoke_fallback", "region": "ContigUS" }, "geometry": { "type": "LineString", "coordinates": [ [ -89.451968995187784, 43.330703000930683 ], [ -89.348383002134568, 43.197899998389772 ] ] } },
{ "type": "Feature", "properties": { "edge_type": "spoke_fallback", "region": "ContigUS" }, "geometry": { "type": "LineString", "coordinates": [ [ -89.302700004810717, 41.757939998585378 ], [ -89.034440001219281, 41.760220000224223 ] ] } },
{ "type": "Feature", "properties": { "edge_type": "spoke_fallback", "region": "ContigUS" }, "geometry": { "type": "LineString", "coordinates": [ [ -89.24746699973511, 43.040579002920211 ], [ -89.076777995818574, 43.02785900252205 ] ] } },
{ "type": "Feature", "properties": { "edge_type": "spoke_fallback", "region": "ContigUS" }, "geometry": { "type": "LineString", "coordinates": [ [ -89.071650996081743, 43.023197002238767 ], [ -89.022333999023289, 43.008619002233566 ] ] } },
{ "type": "Feature", "properties": { "edge_type": "spoke_fallback", "region": "ContigUS" }, "geometry": { "type": "LineString", "coordinates": [ [ -89.012574998220671, 43.002648997051601 ], [ -88.866034002715296, 42.943578002739692 ] ] } },
{ "type": "Feature", "properties": { "edge_type": "spoke_fallback", "region": "ContigUS" }, "geometry": { "type": "LineString", "coordinates": [ [ -89.0004499966564, 41.760790001378552 ], [ -88.527880003521148, 41.764479997102683 ] ] } },
{ "type": "Feature", "properties": { "edge_type": "spoke_fallback", "region": "ContigUS" }, "geometry": { "type": "LineString", "coordinates": [ [ -88.837210002738871, 42.925916997425006 ], [ -88.786023997849725, 42.850964997019268 ] ] } },
{ "type": "Feature", "properties": { "edge_type": "spoke_fallback", "region": "ContigUS" }, "geometry": { "type": "LineString", "coordinates": [ [ -88.692866996087488, 42.818198002731563 ], [ -88.541853998451543, 42.697970999880731 ] ] } },
{ "type": "Feature", "properties": { "edge_type": "spoke_fallback", "region": "ContigUS" }, "geometry": { "type": "LineString", "coordinates": [ [ -88.509589001779304, 42.656665997628153 ], [ -88.447117003834975, 42.615354001838277 ] ] } },
{ "type": "Feature", "properties": { "edge_type": "spoke_fallback", "region": "ContigUS" }, "geometry": { "type": "LineString", "coordinates": [ [ -88.394015000242675, 42.582049002095729 ], [ -88.318122001273693, 42.498274996845133 ] ] } },
{ "type": "Feature", "properties": { "edge_type": "spoke_fallback", "region": "ContigUS" }, "geometry": { "type": "LineString", "coordinates": [ [ -87.389744003283027, 41.603885997815503 ], [ -87.420507995963888, 41.628650999169359 ] ] } },
{ "type": "Feature", "properties": { "edge_type": "spoke_fallback", "region": "ContigUS" }, "geometry": { "type": "LineString", "coordinates": [ [ -86.692225002372425, 41.82812299925228 ], [ -86.720693997131718, 41.800645000915154 ] ] } },
{ "type": "Feature", "properties": { "edge_type": "spoke_fallback", "region": "ContigUS" }, "geometry": { "type": "LineString", "coordinates": [ [ -86.573586002985294, 41.926769998104632 ], [ -86.667851004785263, 41.847911996334744 ] ] } },
{ "type": "Feature", "properties": { "edge_type": "spoke_fallback", "region": "ContigUS" }, "geometry": { "type": "LineString", "coordinates": [ [ -86.390627997564465, 41.805243999748889 ], [ -86.61043200336465, 41.798827000048561 ] ] } },
{ "type": "Feature", "properties": { "edge_type": "spoke_fallback", "region": "ContigUS" }, "geometry": { "type": "LineString", "coordinates": [ [ -86.537463002679203, 41.996100000901095 ], [ -86.571443997139752, 41.930196001761516 ] ] } },
{ "type": "Feature", "properties": { "edge_type": "spoke_fallback", "region": "ContigUS" }, "geometry": { "type": "LineString", "coordinates": [ [ -86.305218003930406, 42.17570999635462 ], [ -86.362351996860824, 42.138685000453293 ] ] } },
{ "type": "Feature", "properties": { "edge_type": "spoke_fallback", "region": "ContigUS" }, "geometry": { "type": "LineString", "coordinates": [ [ -86.166595999014319, 42.19229500264553 ], [ -86.223015004843816, 42.183402000060745 ] ] } },
{ "type": "Feature", "properties": { "edge_type": "spoke_fallback", "region": "ContigUS" }, "geometry": { "type": "LineString", "coordinates": [ [ -86.056048996757085, 42.196554997735454 ], [ -86.161750998411506, 42.19262199672302 ] ] } },
{ "type": "Feature", "properties": { "edge_type": "spoke_fallback", "region": "ContigUS" }, "geometry": { "type": "LineString", "coordinates": [ [ -86.088376004133366, 41.877491999300027 ], [ -86.158147002407361, 41.840589000205 ] ] } },
{ "type": "Feature", "properties": { "edge_type": "spoke_fallback", "region": "ContigUS" }, "geometry": { "type": "LineString", "coordinates": [ [ -86.01198400000726, 41.903394002806323 ], [ -86.078230997253144, 41.8837250014411 ] ] } },
{ "type": "Feature", "properties": { "edge_type": "spoke_fallback", "region": "ContigUS" }, "geometry": { "type": "LineString", "coordinates": [ [ -85.999554002437733, 41.787101997948213 ], [ -86.073785998480062, 41.799175000780096 ] ] } },
{ "type": "Feature", "properties": { "edge_type": "spoke_fallback", "region": "ContigUS" }, "geometry": { "type": "LineString", "coordinates": [ [ -85.969356999414757, 42.198218996341183 ], [ -86.051190000402144, 42.196454997767383 ] ] } },
{ "type": "Feature", "properties": { "edge_type": "spoke_fallback", "region": "ContigUS" }, "geometry": { "type": "LineString", "coordinates": [ [ -85.893905998515038, 42.205955000189888 ], [ -85.962298999109493, 42.200320001852354 ] ] } },
{ "type": "Feature", "properties": { "edge_type": "spoke_fallback", "region": "ContigUS" }, "geometry": { "type": "LineString", "coordinates": [ [ -85.877203002599842, 41.783278999250946 ], [ -85.935775997800732, 41.769340000711466 ] ] } },
{ "type": "Feature", "properties": { "edge_type": "spoke_fallback", "region": "ContigUS" }, "geometry": { "type": "LineString", "coordinates": [ [ -85.795755998706909, 41.904257996922318 ], [ -85.93364900280362, 41.918795997603091 ] ] } },
{ "type": "Feature", "properties": { "edge_type": "spoke_fallback", "region": "ContigUS" }, "geometry": { "type": "LineString", "coordinates": [ [ -85.662511003654359, 41.797109999123755 ], [ -85.720826002705664, 41.796934998876232 ] ] } },
{ "type": "Feature", "properties": { "edge_type": "spoke_fallback", "region": "ContigUS" }, "geometry": { "type": "LineString", "coordinates": [ [ -85.656764004674741, 41.926271002296986 ], [ -85.711893999936748, 41.911520000766714 ] ] } },
{ "type": "Feature", "properties": { "edge_type": "spoke_fallback", "region": "ContigUS" }, "geometry": { "type": "LineString", "coordinates": [ [ -85.50595499647352, 41.79378299725883 ], [ -85.579401002574869, 41.795758002477122 ] ] } },
{ "type": "Feature", "properties": { "edge_type": "spoke_fallback", "region": "ContigUS" }, "geometry": { "type": "LineString", "coordinates": [ [ -85.449595000975066, 42.006724000923597 ], [ -85.517610996611097, 42.006088997575887 ] ] } },
{ "type": "Feature", "properties": { "edge_type": "spoke_fallback", "region": "ContigUS" }, "geometry": { "type": "LineString", "coordinates": [ [ -85.462413996012046, 42.269567000544541 ], [ -85.507884002782049, 42.269461997660962 ] ] } },
{ "type": "Feature", "properties": { "edge_type": "spoke_fallback", "region": "ContigUS" }, "geometry": { "type": "LineString", "coordinates": [ [ -85.293440001737054, 42.050549999296059 ], [ -85.411622001189698, 42.010109003164914 ] ] } },
{ "type": "Feature", "properties": { "edge_type": "spoke_fallback", "region": "ContigUS" }, "geometry": { "type": "LineString", "coordinates": [ [ -85.321144000183537, 41.818264999202746 ], [ -85.38753900385565, 41.803151001845585 ] ] } },
{ "type": "Feature", "properties": { "edge_type": "spoke_fallback", "region": "ContigUS" }, "geometry": { "type": "LineString", "coordinates": [ [ -85.299541996950651, 42.273155998434333 ], [ -85.372222000626053, 42.281977998401771 ] ] } },
{ "type": "Feature", "properties": { "edge_type": "spoke_fallback", "region": "ContigUS" }, "geometry": { "type": "LineString", "coordinates": [ [ -85.204217998211675, 41.870823002993703 ], [ -85.254891002191513, 41.846606998112676 ] ] } },
{ "type": "Feature", "properties": { "edge_type": "spoke_fallback", "region": "ContigUS" }, "geometry": { "type": "LineString", "coordinates": [ [ -85.158182996043763, 42.068605002820085 ], [ -85.23520799803488, 42.061288000372954 ] ] } },
{ "type": "Feature", "properties": { "edge_type": "spoke_fallback", "region": "ContigUS" }, "geometry": { "type": "LineString", "coordinates": [ [ -85.118203995346889, 41.900047998783158 ], [ -85.173343997841144, 41.875864001753733 ] ] } },
{ "type": "Feature", "properties": { "edge_type": "spoke_fallback", "region": "ContigUS" }, "geometry": { "type": "LineString", "coordinates": [ [ -85.001416001552144, 42.105899998714513 ], [ -85.135535003477173, 42.07681900329122 ] ] } },
{ "type": "Feature", "properties": { "edge_type": "spoke_fallback", "region": "ContigUS" }, "geometry": { "type": "LineString", "coordinates": [ [ -85.081118998186184, 42.421350000727749 ], [ -85.125131003317421, 42.404740999727991 ] ] } },
{ "type": "Feature", "properties": { "edge_type": "spoke_fallback", "region": "ContigUS" }, "geometry": { "type": "LineString", "coordinates": [ [ -84.934851997825589, 42.489545000098047 ], [ -85.000004999769061, 42.449628999946469 ] ] } },
{ "type": "Feature", "properties": { "edge_type": "spoke_fallback", "region": "ContigUS" }, "geometry": { "type": "LineString", "coordinates": [ [ -84.84642300008359, 42.144522000357874 ], [ -84.986684996331803, 42.106476002856098 ] ] } },
{ "type": "Feature", "properties": { "edge_type": "spoke_fallback", "region": "ContigUS" }, "geometry": { "type": "LineString", "coordinates": [ [ -84.830538001082971, 41.948672996772927 ], [ -84.931858002815162, 41.939738997692366 ] ] } },
{ "type": "Feature", "properties": { "edge_type": "spoke_fallback", "region": "ContigUS" }, "geometry": { "type": "LineString", "coordinates": [ [ -84.864144999941303, 42.546697997576935 ], [ -84.907147999379092, 42.509686000725111 ] ] } },
{ "type": "Feature", "properties": { "edge_type": "spoke_fallback", "region": "ContigUS" }, "geometry": { "type": "LineString", "coordinates": [ [ -84.777701997629435, 41.955290000410109 ], [ -84.825583998903568, 41.948623997085669 ] ] } },
{ "type": "Feature", "properties": { "edge_type": "spoke_fallback", "region": "ContigUS" }, "geometry": { "type": "LineString", "coordinates": [ [ -84.750429999003074, 42.15920299883598 ], [ -84.805289996623259, 42.146529999698117 ] ] } },
{ "type": "Feature", "properties": { "edge_type": "spoke_fallback", "region": "ContigUS" }, "geometry": { "type": "LineString", "coordinates": [ [ -84.689819004900258, 41.973213003090322 ], [ -84.758214996884632, 41.959062999292399 ] ] } },
{ "type": "Feature", "properties": { "edge_type": "spoke_fallback", "region": "ContigUS" }, "geometry": { "type": "LineString", "coordinates": [ [ -84.646724997141035, 42.180949002405846 ], [ -84.711714999776191, 42.163014001547992 ] ] } },
{ "type": "Feature", "properties": { "edge_type": "spoke_fallback", "region": "ContigUS" }, "geometry": { "type": "LineString", "coordinates": [ [ -84.545316996443603, 42.043746001106285 ], [ -84.651155003032045, 41.98833600322245 ] ] } },
{ "type": "Feature", "properties": { "edge_type": "spoke_fallback", "region": "ContigUS" }, "geometry": { "type": "LineString", "coordinates": [ [ -84.569867000944384, 42.201139998673504 ], [ -84.635359997256572, 42.186089002442259 ] ] } },
{ "type": "Feature", "properties": { "edge_type": "spoke_fallback", "region": "ContigUS" }, "geometry": { "type": "LineString", "coordinates": [ [ -84.51777199980242, 34.615452999197622 ], [ -84.521618001944077, 34.565324002186486 ] ] } },
{ "type": "Feature", "properties": { "edge_type": "spoke_fallback", "region": "ContigUS" }, "geometry": { "type": "LineString", "coordinates": [ [ -84.517994000458572, 34.510875996172878 ], [ -84.467319999348774, 34.48050899985725 ] ] } },
{ "type": "Feature", "properties": { "edge_type": "spoke_fallback", "region": "ContigUS" }, "geometry": { "type": "LineString", "coordinates": [ [ -84.480211003338965, 34.675640001477532 ], [ -84.499211000418768, 34.639783001982842 ] ] } },
{ "type": "Feature", "properties": { "edge_type": "spoke_fallback", "region": "ContigUS" }, "geometry": { "type": "LineString", "coordinates": [ [ -84.418244999444724, 42.051420997627119 ], [ -84.469964001741388, 42.054342999852224 ] ] } },
{ "type": "Feature", "properties": { "edge_type": "spoke_fallback", "region": "ContigUS" }, "geometry": { "type": "LineString", "coordinates": [ [ -84.458279003986448, 34.465315000224166 ], [ -84.42201399800021, 34.406838001230163 ] ] } },
{ "type": "Feature", "properties": { "edge_type": "spoke_fallback", "region": "ContigUS" }, "geometry": { "type": "LineString", "coordinates": [ [ -84.357188997916424, 34.825891997134832 ], [ -84.451284002532063, 34.718170995943154 ] ] } },
{ "type": "Feature", "properties": { "edge_type": "spoke_fallback", "region": "ContigUS" }, "geometry": { "type": "LineString", "coordinates": [ [ -84.380678002235143, 35.029486000038723 ], [ -84.369918996858246, 34.988100999689927 ] ] } },
{ "type": "Feature", "properties": { "edge_type": "spoke_fallback", "region": "ContigUS" }, "geometry": { "type": "LineString", "coordinates": [ [ -84.301643998959491, 35.366904998805161 ], [ -84.380644998131615, 35.029699998049608 ] ] } },
{ "type": "Feature", "properties": { "edge_type": "spoke_fallback", "region": "ContigUS" }, "geometry": { "type": "LineString", "coordinates": [ [ -84.373974001033929, 34.946142003286077 ], [ -84.322880001596189, 34.872994002849126 ] ] } },
{ "type": "Feature", "properties": { "edge_type": "spoke_fallback", "region": "ContigUS" }, "geometry": { "type": "LineString", "coordinates": [ [ -84.365507999318652, 35.50017800319506 ], [ -84.304628004703986, 35.37365200197663 ] ] } },
{ "type": "Feature", "properties": { "edge_type": "spoke_fallback", "region": "ContigUS" }, "geometry": { "type": "LineString", "coordinates": [ [ -84.271839002760231, 35.577764001341386 ], [ -84.351964000965268, 35.523587999629285 ] ] } },
{ "type": "Feature", "properties": { "edge_type": "spoke_fallback", "region": "ContigUS" }, "geometry": { "type": "LineString", "coordinates": [ [ -84.276537003049967, 42.048540999731742 ], [ -84.325715003784495, 42.048778002189067 ] ] } },
{ "type": "Feature", "properties": { "edge_type": "spoke_fallback", "region": "ContigUS" }, "geometry": { "type": "LineString", "coordinates": [ [ -84.19781599976875, 35.61661000007809 ], [ -84.233914997090437, 35.591740000914193 ] ] } },
{ "type": "Feature", "properties": { "edge_type": "spoke_fallback", "region": "ContigUS" }, "geometry": { "type": "LineString", "coordinates": [ [ -84.14014900044765, 42.056571000751539 ], [ -84.201584001194291, 42.060097997108663 ] ] } },
{ "type": "Feature", "properties": { "edge_type": "spoke_fallback", "region": "ContigUS" }, "geometry": { "type": "LineString", "coordinates": [ [ -84.149090004335704, 42.296120000026676 ], [ -84.199775997954561, 42.290360996618048 ] ] } },
{ "type": "Feature", "properties": { "edge_type": "spoke_fallback", "region": "ContigUS" }, "geometry": { "type": "LineString", "coordinates": [ [ -84.14763500307005, 35.642746999350557 ], [ -84.195273003946696, 35.618116998640104 ] ] } },
{ "type": "Feature", "properties": { "edge_type": "spoke_fallback", "region": "ContigUS" }, "geometry": { "type": "LineString", "coordinates": [ [ -84.053029000788214, 35.69061899767015 ], [ -84.108646996845152, 35.661781999309646 ] ] } },
{ "type": "Feature", "properties": { "edge_type": "spoke_fallback", "region": "ContigUS" }, "geometry": { "type": "LineString", "coordinates": [ [ -84.01350000214974, 42.07156899802348 ], [ -84.06647999656019, 42.072606999123181 ] ] } },
{ "type": "Feature", "properties": { "edge_type": "spoke_fallback", "region": "ContigUS" }, "geometry": { "type": "LineString", "coordinates": [ [ -83.805788999923365, 42.15666000082642 ], [ -83.958240002699867, 42.078916999565649 ] ] } },
{ "type": "Feature", "properties": { "edge_type": "spoke_fallback", "region": "ContigUS" }, "geometry": { "type": "LineString", "coordinates": [ [ -83.953999999474576, 35.925305001845821 ], [ -83.953552997789188, 35.885240000727542 ] ] } },
{ "type": "Feature", "properties": { "edge_type": "spoke_fallback", "region": "ContigUS" }, "geometry": { "type": "LineString", "coordinates": [ [ -81.959250001809139, 26.98001299662555 ], [ -81.958649001934603, 27.034990001891167 ] ] } },
{ "type": "Feature", "properties": { "edge_type": "spoke_fallback", "region": "ContigUS" }, "geometry": { "type": "LineString", "coordinates": [ [ -81.954240995784886, 27.085760002753705 ], [ -81.889592002614734, 27.15103000328385 ] ] } },
{ "type": "Feature", "properties": { "edge_type": "spoke_fallback", "region": "ContigUS" }, "geometry": { "type": "LineString", "coordinates": [ [ -81.822742999381148, 27.648905998293376 ], [ -81.81296899671328, 27.688191998156846 ] ] } },
{ "type": "Feature", "properties": { "edge_type": "spoke_fallback", "region": "ContigUS" }, "geometry": { "type": "LineString", "coordinates": [ [ -81.804378003409354, 27.781163997909371 ], [ -81.821634002213443, 27.820543001658525 ] ] } },
{ "type": "Feature", "properties": { "edge_type": "spoke_fallback", "region": "ContigUS" }, "geometry": { "type": "LineString", "coordinates": [ [ -81.760844997953924, 26.946199003095764 ], [ -81.807559997842475, 27.150817997587676 ] ] } },
{ "type": "Feature", "properties": { "edge_type": "spoke_fallback", "region": "ContigUS" }, "geometry": { "type": "LineString", "coordinates": [ [ -81.805710995493186, 27.340108996519628 ], [ -81.796397999245926, 27.485733001479733 ] ] } },
{ "type": "Feature", "properties": { "edge_type": "spoke_fallback", "region": "ContigUS" }, "geometry": { "type": "LineString", "coordinates": [ [ -81.79485899651803, 26.550223000697237 ], [ -81.798770000753649, 26.598256999629101 ] ] } },
{ "type": "Feature", "properties": { "edge_type": "spoke_fallback", "region": "ContigUS" }, "geometry": { "type": "LineString", "coordinates": [ [ -81.794291000747037, 26.497567996813402 ], [ -81.794777995428873, 26.543102002336546 ] ] } },
{ "type": "Feature", "properties": { "edge_type": "spoke_fallback", "region": "ContigUS" }, "geometry": { "type": "LineString", "coordinates": [ [ -81.779214997541857, 26.436591999027758 ], [ -81.794179995927365, 26.487692997691656 ] ] } },
{ "type": "Feature", "properties": { "edge_type": "spoke_fallback", "region": "ContigUS" }, "geometry": { "type": "LineString", "coordinates": [ [ -81.760737999620446, 26.769615000097957 ], [ -81.76084799832698, 26.945896000760754 ] ] } },
{ "type": "Feature", "properties": { "edge_type": "spoke_fallback", "region": "ContigUS" }, "geometry": { "type": "LineString", "coordinates": [ [ -78.705361995146731, 36.171803998927956 ], [ -78.612106996170155, 36.265945001063834 ] ] } },
{ "type": "Feature", "properties": { "edge_type": "spoke_fallback", "region": "ContigUS" }, "geometry": { "type": "LineString", "coordinates": [ [ -78.503807003831994, 36.321653998475021 ], [ -78.448401998328919, 36.336678001313885 ] ] } },
{ "type": "Feature", "properties": { "edge_type": "spoke_fallback", "region": "ContigUS" }, "geometry": { "type": "LineString", "coordinates": [ [ -78.454879004241008, 36.115743000898803 ], [ -78.449428997277479, 36.168978999431111 ] ] } },
{ "type": "Feature", "properties": { "edge_type": "spoke_fallback", "region": "ContigUS" }, "geometry": { "type": "LineString", "coordinates": [ [ -78.436065003340758, 36.240068997177247 ], [ -78.410299003338793, 36.270528001309614 ] ] } },
{ "type": "Feature", "properties": { "edge_type": "spoke_fallback", "region": "ContigUS" }, "geometry": { "type": "LineString", "coordinates": [ [ -78.228410999219179, 36.48742099710001 ], [ -78.192797002319381, 36.532151998446274 ] ] } },
{ "type": "Feature", "properties": { "edge_type": "spoke_fallback", "region": "ContigUS" }, "geometry": { "type": "LineString", "coordinates": [ [ -78.180909003276511, 36.555305999489107 ], [ -78.154284995397219, 36.598772003129163 ] ] } },
{ "type": "Feature", "properties": { "edge_type": "spoke_fallback", "region": "ContigUS" }, "geometry": { "type": "LineString", "coordinates": [ [ -78.150627001661348, 36.604283002999949 ], [ -78.115511003805594, 36.707981002922388 ] ] } },
{ "type": "Feature", "properties": { "edge_type": "spoke_fallback", "region": "ContigUS" }, "geometry": { "type": "LineString", "coordinates": [ [ -78.094897003654793, 35.008174996962587 ], [ -78.135832000460198, 35.115693995968101 ] ] } },
{ "type": "Feature", "properties": { "edge_type": "spoke_fallback", "region": "ContigUS" }, "geometry": { "type": "LineString", "coordinates": [ [ -78.076721004235651, 34.953827001509119 ], [ -78.08853700330846, 34.99177799827816 ] ] } },
{ "type": "Feature", "properties": { "edge_type": "spoke_fallback", "region": "ContigUS" }, "geometry": { "type": "LineString", "coordinates": [ [ -78.084973000300778, 35.176422000418071 ], [ -78.047035996008859, 35.254774997895289 ] ] } },
{ "type": "Feature", "properties": { "edge_type": "spoke_fallback", "region": "ContigUS" }, "geometry": { "type": "LineString", "coordinates": [ [ -78.00120599837193, 34.759337002141415 ], [ -78.071799000046667, 34.940559002353787 ] ] } },
{ "type": "Feature", "properties": { "edge_type": "spoke_fallback", "region": "ContigUS" }, "geometry": { "type": "LineString", "coordinates": [ [ -78.027785997785458, 36.772342997705003 ], [ -77.913854996937175, 36.838094996504651 ] ] } },
{ "type": "Feature", "properties": { "edge_type": "spoke_fallback", "region": "ContigUS" }, "geometry": { "type": "LineString", "coordinates": [ [ -77.997856998144357, 35.49878000102666 ], [ -77.988888999881993, 35.545587002316225 ] ] } },
{ "type": "Feature", "properties": { "edge_type": "spoke_fallback", "region": "ContigUS" }, "geometry": { "type": "LineString", "coordinates": [ [ -77.973636998746329, 35.84118099684337 ], [ -77.948024996933498, 35.880158999622608 ] ] } },
{ "type": "Feature", "properties": { "edge_type": "spoke_fallback", "region": "ContigUS" }, "geometry": { "type": "LineString", "coordinates": [ [ -77.919271999797161, 34.615247000842444 ], [ -77.942744996137492, 34.682100000836812 ] ] } },
{ "type": "Feature", "properties": { "edge_type": "spoke_fallback", "region": "ContigUS" }, "geometry": { "type": "LineString", "coordinates": [ [ -77.922737996607324, 35.907959997644767 ], [ -77.883950000280436, 35.964110999908748 ] ] } },
{ "type": "Feature", "properties": { "edge_type": "spoke_fallback", "region": "ContigUS" }, "geometry": { "type": "LineString", "coordinates": [ [ -77.919346003010247, 34.55910700088991 ], [ -77.920147003799656, 34.612699998611262 ] ] } },
{ "type": "Feature", "properties": { "edge_type": "spoke_fallback", "region": "ContigUS" }, "geometry": { "type": "LineString", "coordinates": [ [ -77.897609998086438, 34.364651998128515 ], [ -77.909315001322739, 34.541765002500924 ] ] } },
{ "type": "Feature", "properties": { "edge_type": "spoke_fallback", "region": "ContigUS" }, "geometry": { "type": "LineString", "coordinates": [ [ -77.868341996797696, 36.865066002943898 ], [ -77.816780999176373, 36.894623998144958 ] ] } },
{ "type": "Feature", "properties": { "edge_type": "spoke_fallback", "region": "ContigUS" }, "geometry": { "type": "LineString", "coordinates": [ [ -77.860006996400287, 36.017761003343928 ], [ -77.824429003977087, 36.060982996392568 ] ] } },
{ "type": "Feature", "properties": { "edge_type": "spoke_fallback", "region": "ContigUS" }, "geometry": { "type": "LineString", "coordinates": [ [ -77.810517998914406, 36.900685997131937 ], [ -77.750139003716868, 36.934210999735804 ] ] } },
{ "type": "Feature", "properties": { "edge_type": "spoke_fallback", "region": "ContigUS" }, "geometry": { "type": "LineString", "coordinates": [ [ -77.808880998972157, 36.083511998137901 ], [ -77.796669004555795, 36.124445003479806 ] ] } },
{ "type": "Feature", "properties": { "edge_type": "spoke_fallback", "region": "ContigUS" }, "geometry": { "type": "LineString", "coordinates": [ [ -77.753689001989244, 36.212672996837668 ], [ -77.723244001065808, 36.265427998536957 ] ] } },
{ "type": "Feature", "properties": { "edge_type": "spoke_fallback", "region": "ContigUS" }, "geometry": { "type": "LineString", "coordinates": [ [ -77.733414996207188, 36.945701000041637 ], [ -77.586977998662221, 37.077969001837147 ] ] } },
{ "type": "Feature", "properties": { "edge_type": "spoke_fallback", "region": "ContigUS" }, "geometry": { "type": "LineString", "coordinates": [ [ -77.721024003487301, 36.273024998300805 ], [ -77.674112003056976, 36.361924002197419 ] ] } },
{ "type": "Feature", "properties": { "edge_type": "spoke_fallback", "region": "ContigUS" }, "geometry": { "type": "LineString", "coordinates": [ [ -77.671330998600396, 36.365946001678552 ], [ -77.645943000686799, 36.395817002026277 ] ] } },
{ "type": "Feature", "properties": { "edge_type": "spoke_fallback", "region": "ContigUS" }, "geometry": { "type": "LineString", "coordinates": [ [ -77.610055996789015, 36.47123200087583 ], [ -77.585424003052225, 36.522031000830566 ] ] } },
{ "type": "Feature", "properties": { "edge_type": "spoke_fallback", "region": "ContigUS" }, "geometry": { "type": "LineString", "coordinates": [ [ -77.582398001068213, 37.08189599657338 ], [ -77.522102998349737, 37.144275998089547 ] ] } },
{ "type": "Feature", "properties": { "edge_type": "spoke_fallback", "region": "ContigUS" }, "geometry": { "type": "LineString", "coordinates": [ [ -77.574614997446616, 36.549050001448734 ], [ -77.564152004922121, 36.60076799899781 ] ] } },
{ "type": "Feature", "properties": { "edge_type": "spoke_fallback", "region": "ContigUS" }, "geometry": { "type": "LineString", "coordinates": [ [ -77.56393400176897, 36.609094997993907 ], [ -77.558798000912986, 36.648784002785327 ] ] } },
{ "type": "Feature", "properties": { "edge_type": "spoke_fallback", "region": "ContigUS" }, "geometry": { "type": "LineString", "coordinates": [ [ -77.51963600000073, 37.148675997746658 ], [ -77.487719001686415, 37.182985003026893 ] ] } },
{ "type": "Feature", "properties": { "edge_type": "spoke_fallback", "region": "ContigUS" }, "geometry": { "type": "LineString", "coordinates": [ [ -77.519480995698459, 36.736896997328365 ], [ -77.480166999840108, 36.765270000023705 ] ] } },
{ "type": "Feature", "properties": { "edge_type": "spoke_fallback", "region": "ContigUS" }, "geometry": { "type": "LineString", "coordinates": [ [ -77.498937998387703, 38.022089001015139 ], [ -77.517054996459009, 38.090203996939657 ] ] } },
{ "type": "Feature", "properties": { "edge_type": "spoke_fallback", "region": "ContigUS" }, "geometry": { "type": "LineString", "coordinates": [ [ -77.509400999895362, 38.135793997935444 ], [ -77.498170001701837, 38.235725001829913 ] ] } },
{ "type": "Feature", "properties": { "edge_type": "spoke_fallback", "region": "ContigUS" }, "geometry": { "type": "LineString", "coordinates": [ [ -77.473575997718441, 37.940250999462712 ], [ -77.492520002806629, 37.976633997301079 ] ] } },
{ "type": "Feature", "properties": { "edge_type": "spoke_fallback", "region": "ContigUS" }, "geometry": { "type": "LineString", "coordinates": [ [ -77.453784998098342, 37.848901002314207 ], [ -77.467399999291757, 37.932246003174065 ] ] } },
{ "type": "Feature", "properties": { "edge_type": "spoke_fallback", "region": "ContigUS" }, "geometry": { "type": "LineString", "coordinates": [ [ -77.457762001557896, 36.808956003609467 ], [ -77.428856003362355, 36.850157997309374 ] ] } },
{ "type": "Feature", "properties": { "edge_type": "spoke_fallback", "region": "ContigUS" }, "geometry": { "type": "LineString", "coordinates": [ [ -77.419849000250352, 36.856610998537349 ], [ -77.393153001384178, 36.938034000267535 ] ] } },
{ "type": "Feature", "properties": { "edge_type": "spoke_fallback", "region": "ContigUS" }, "geometry": { "type": "LineString", "coordinates": [ [ -77.393582997961218, 38.475115998767585 ], [ -77.371850002393614, 38.507590998912491 ] ] } },
{ "type": "Feature", "properties": { "edge_type": "spoke_fallback", "region": "ContigUS" }, "geometry": { "type": "LineString", "coordinates": [ [ -77.356942002112845, 37.085198999859699 ], [ -77.35682499654709, 37.136822998831171 ] ] } },
{ "type": "Feature", "properties": { "edge_type": "spoke_fallback", "region": "ContigUS" }, "geometry": { "type": "LineString", "coordinates": [ [ -76.367215996227657, 42.393648002748861 ], [ -76.237179001835727, 42.361862001140594 ] ] } },
{ "type": "Feature", "properties": { "edge_type": "spoke_fallback", "region": "ContigUS" }, "geometry": { "type": "LineString", "coordinates": [ [ -76.137822995792362, 42.744152000625114 ], [ -76.17233200201062, 42.656672002896144 ] ] } },
{ "type": "Feature", "properties": { "edge_type": "spoke_fallback", "region": "ContigUS" }, "geometry": { "type": "LineString", "coordinates": [ [ -76.161200438335939, 42.369859089386821 ], [ -75.999082000033738, 42.349435997015711 ] ] } },
{ "type": "Feature", "properties": { "edge_type": "spoke_fallback", "region": "ContigUS" }, "geometry": { "type": "LineString", "coordinates": [ [ -76.139460004717748, 42.94881599733047 ], [ -76.113996000347996, 42.903394002931577 ] ] } },
{ "type": "Feature", "properties": { "edge_type": "spoke_fallback", "region": "ContigUS" }, "geometry": { "type": "LineString", "coordinates": [ [ -76.109422003500072, 42.888443002696597 ], [ -76.122785997436793, 42.811225998797426 ] ] } },
{ "type": "Feature", "properties": { "edge_type": "spoke_fallback", "region": "ContigUS" }, "geometry": { "type": "LineString", "coordinates": [ [ -76.120695995063059, 42.574493000573042 ], [ -76.03498500292676, 42.445793002968372 ] ] } },
{ "type": "Feature", "properties": { "edge_type": "spoke_fallback", "region": "ContigUS" }, "geometry": { "type": "LineString", "coordinates": [ [ -76.014640003287781, 42.409252000462729 ], [ -75.980158997556913, 42.34418699753256 ] ] } },
{ "type": "Feature", "properties": { "edge_type": "spoke_fallback", "region": "ContigUS" }, "geometry": { "type": "LineString", "coordinates": [ [ -75.964545999441185, 42.327805999007388 ], [ -75.913129998889843, 42.237412000800767 ] ] } },
{ "type": "Feature", "properties": { "edge_type": "spoke_fallback", "region": "ContigUS" }, "geometry": { "type": "LineString", "coordinates": [ [ -75.913917003927139, 42.229509002381128 ], [ -75.896459000965095, 42.170608999863376 ] ] } },
{ "type": "Feature", "properties": { "edge_type": "spoke_fallback", "region": "ContigUS" }, "geometry": { "type": "LineString", "coordinates": [ [ -75.790699004075918, 42.039574000736614 ], [ -75.751759003819828, 41.997951996537466 ] ] } },
{ "type": "Feature", "properties": { "edge_type": "spoke_fallback", "region": "ContigUS" }, "geometry": { "type": "LineString", "coordinates": [ [ -75.737493002523166, 41.963926002971633 ], [ -75.726813003975479, 41.889949999423621 ] ] } },
{ "type": "Feature", "properties": { "edge_type": "spoke_fallback", "region": "ContigUS" }, "geometry": { "type": "LineString", "coordinates": [ [ -75.711406995667517, 41.867635998413441 ], [ -75.680315001126999, 41.823711997684235 ] ] } },
{ "type": "Feature", "properties": { "edge_type": "spoke_fallback", "region": "ContigUS" }, "geometry": { "type": "LineString", "coordinates": [ [ -75.59244100053381, 41.641744001352549 ], [ -75.558343997637451, 41.612737001657983 ] ] } },
{ "type": "Feature", "properties": { "edge_type": "spoke_fallback", "region": "ContigUS" }, "geometry": { "type": "LineString", "coordinates": [ [ -75.408300003715325, 41.588440996934885 ], [ -75.301368001824429, 41.578555996661002 ] ] } },
{ "type": "Feature", "properties": { "edge_type": "spoke_fallback", "region": "ContigUS" }, "geometry": { "type": "LineString", "coordinates": [ [ -75.201923996815836, 41.523848998418536 ], [ -75.18245899581234, 41.481812996903386 ] ] } },
{ "type": "Feature", "properties": { "edge_type": "spoke_fallback", "region": "ContigUS" }, "geometry": { "type": "LineString", "coordinates": [ [ -75.137761001197546, 41.42924500205541 ], [ -74.888705999216924, 41.358422000681763 ] ] } },
{ "type": "Feature", "properties": { "edge_type": "spoke_fallback", "region": "ContigUS" }, "geometry": { "type": "LineString", "coordinates": [ [ -74.886449997161847, 41.354579002697712 ], [ -74.841361001836475, 41.340835998859163 ] ] } },
{ "type": "Feature", "properties": { "edge_type": "spoke_fallback", "region": "ContigUS" }, "geometry": { "type": "LineString", "coordinates": [ [ -74.79070800333804, 41.290859001982085 ], [ -74.802846003524436, 41.198061999594195 ] ] } },
{ "type": "Feature", "properties": { "edge_type": "spoke_fallback", "region": "ContigUS" }, "geometry": { "type": "LineString", "coordinates": [ [ -74.792114001504956, 41.168690998288646 ], [ -74.746419999818883, 41.141395997583885 ] ] } },
{ "type": "Feature", "properties": { "edge_type": "spoke_fallback", "region": "ContigUS" }, "geometry": { "type": "LineString", "coordinates": [ [ -74.630526000411749, 41.041375997911878 ], [ -74.605848003949262, 40.997830002633165 ] ] } }
]
}
