{
"type": "FeatureCollection",
"name": "network_junctions_v3_sample",
"crs": { "type": "name", "properties": { "name": "urn:ogc:def:crs:OGC:1.3:CRS84" } },
"features": [
{ "type": "Feature", "properties": { "node_id": "-9373365.954_4830805.129", "x": -9373365.954, "y": 4830805.129, "degree": 4 }, "geometry": { "type": "Point", "coordinates": [ -84.202379001237588, 39.757775999597357 ] } },
{ "type": "Feature", "properties": { "node_id": "-9136568.580_4155628.252", "x": -9136568.58, "y": 4155628.252, "degree": 4 }, "geometry": { "type": "Point", "coordinates": [ -82.075191998201916, 34.939248002431654 ] } },
{ "type": "Feature", "properties": { "node_id": "-9389685.725_3998473.736", "x": -9389685.725, "y": 3998473.736, "degree": 4 }, "geometry": { "type": "Point", "coordinates": [ -84.348981998463884, 33.773833998261502 ] } },
{ "type": "Feature", "properties": { "node_id": "-9394259.175_3998129.835", "x": -9394259.175000001, "y": 3998129.835, "degree": 4 }, "geometry": { "type": "Point", "coordinates": [ -84.390065998825463, 33.77126600221122 ] } },
{ "type": "Feature", "properties": { "node_id": "-10776291.433_3867008.448", "x": -10776291.433, "y": 3867008.448, "degree": 4 }, "geometry": { "type": "Point", "coordinates": [ -96.805073003901597, 32.786566998120684 ] } },
{ "type": "Feature", "properties": { "node_id": "-12455340.233_4977101.732", "x": -12455340.233, "y": 4977101.732, "degree": 4 }, "geometry": { "type": "Point", "coordinates": [ -111.888225002127001, 40.76065199996134 ] } },
{ "type": "Feature", "properties": { "node_id": "-10781342.555_3864091.070", "x": -10781342.555, "y": 3864091.07, "degree": 4 }, "geometry": { "type": "Point", "coordinates": [ -96.850448004847109, 32.764532000862275 ] } },
{ "type": "Feature", "properties": { "node_id": "-10681522.590_5049812.028", "x": -10681522.59, "y": 5049812.028, "degree": 4 }, "geometry": { "type": "Point", "coordinates": [ -95.953750002649357, 41.253547003005487 ] } },
{ "type": "Feature", "properties": { "node_id": "-7913135.984_5212459.155", "x": -7913135.984, "y": 5212459.155, "degree": 4 }, "geometry": { "type": "Point", "coordinates": [ -71.084909997433698, 42.342739000223112 ] } },
{ "type": "Feature", "properties": { "node_id": "-9922802.893_3808064.705", "x": -9922802.893, "y": 3808064.705, "degree": 4 }, "geometry": { "type": "Point", "coordinates": [ -89.138055000873038, 32.340307996097565 ] } },
{ "type": "Feature", "properties": { "node_id": "-9059079.417_3317947.131", "x": -9059079.417, "y": 3317947.131, "degree": 4 }, "geometry": { "type": "Point", "coordinates": [ -81.379095003436632, 28.545677998876965 ] } },
{ "type": "Feature", "properties": { "node_id": "-9174085.252_4980286.152", "x": -9174085.252, "y": 4980286.152, "degree": 4 }, "geometry": { "type": "Point", "coordinates": [ -82.412209996870914, 40.78231600000921 ] } },
{ "type": "Feature", "properties": { "node_id": "-11657235.477_4828259.784", "x": -11657235.477, "y": 4828259.784, "degree": 4 }, "geometry": { "type": "Point", "coordinates": [ -104.718727995694195, 39.740196000937168 ] } },
{ "type": "Feature", "properties": { "node_id": "-9755012.694_5142745.840", "x": -9755012.694, "y": 5142745.84, "degree": 4 }, "geometry": { "type": "Point", "coordinates": [ -87.630769998001483, 41.878160001725341 ] } },
{ "type": "Feature", "properties": { "node_id": "-13466248.336_4446996.526", "x": -13466248.336, "y": 4446996.526, "degree": 4 }, "geometry": { "type": "Point", "coordinates": [ -120.969366999778714, 37.056582002524664 ] } },
{ "type": "Feature", "properties": { "node_id": "-8438231.581_4813891.486", "x": -8438231.581, "y": 4813891.486, "degree": 4 }, "geometry": { "type": "Point", "coordinates": [ -75.801924001523332, 39.640873997831157 ] } },
{ "type": "Feature", "properties": { "node_id": "-9394248.711_3994595.799", "x": -9394248.711, "y": 3994595.799, "degree": 4 }, "geometry": { "type": "Point", "coordinates": [ -84.389971999114124, 33.744871999364811 ] } },
{ "type": "Feature", "properties": { "node_id": "-8230497.277_4983429.110", "x": -8230497.277, "y": 4983429.11, "degree": 4 }, "geometry": { "type": "Point", "coordinates": [ -73.93581499833202, 40.803691002491988 ] } },
{ "type": "Feature", "properties": { "node_id": "-8226804.030_4989437.732", "x": -8226804.03, "y": 4989437.732, "degree": 4 }, "geometry": { "type": "Point", "coordinates": [ -73.902637996050743, 40.844535998346657 ] } },
{ "type": "Feature", "properties": { "node_id": "-10327461.042_5615502.130", "x": -10327461.042, "y": 5615502.13, "degree": 3 }, "geometry": { "type": "Point", "coordinates": [ -92.773161001775179, 44.961752001014496 ] } },
{ "type": "Feature", "properties": { "node_id": "-9797324.899_5136061.229", "x": -9797324.899, "y": 5136061.229, "degree": 3 }, "geometry": { "type": "Point", "coordinates": [ -88.010867002564467, 41.833434002888524 ] } },
{ "type": "Feature", "properties": { "node_id": "-12464076.809_3953792.066", "x": -12464076.809, "y": 3953792.066, "degree": 3 }, "geometry": { "type": "Point", "coordinates": [ -111.966706999643733, 33.439541000306079 ] } },
{ "type": "Feature", "properties": { "node_id": "-8582602.719_4706785.680", "x": -8582602.719000001, "y": 4706785.68, "degree": 3 }, "geometry": { "type": "Point", "coordinates": [ -77.098832000034619, 38.896001996167406 ] } },
{ "type": "Feature", "properties": { "node_id": "-12463429.486_3953541.807", "x": -12463429.486, "y": 3953541.807, "degree": 3 }, "geometry": { "type": "Point", "coordinates": [ -111.960891998197113, 33.437665000650412 ] } },
{ "type": "Feature", "properties": { "node_id": "-13655253.581_5703286.443", "x": -13655253.581, "y": 5703286.443, "degree": 3 }, "geometry": { "type": "Point", "coordinates": [ -122.667230003401272, 45.517021002414758 ] } },
{ "type": "Feature", "properties": { "node_id": "-9059717.389_3316611.394", "x": -9059717.389, "y": 3316611.394, "degree": 3 }, "geometry": { "type": "Point", "coordinates": [ -81.38482600342104, 28.535136998936494 ] } },
{ "type": "Feature", "properties": { "node_id": "-10419567.011_5116572.714", "x": -10419567.011, "y": 5116572.714, "degree": 3 }, "geometry": { "type": "Point", "coordinates": [ -93.600562998888577, 41.702860001921771 ] } },
{ "type": "Feature", "properties": { "node_id": "-10885496.632_3525041.459", "x": -10885496.632, "y": 3525041.459, "degree": 3 }, "geometry": { "type": "Point", "coordinates": [ -97.786079997571733, 30.167055997298785 ] } },
{ "type": "Feature", "properties": { "node_id": "-9748989.308_3927064.631", "x": -9748989.308, "y": 3927064.631, "degree": 3 }, "geometry": { "type": "Point", "coordinates": [ -87.576661000941968, 33.238957003521371 ] } },
{ "type": "Feature", "properties": { "node_id": "-10678159.628_5050673.838", "x": -10678159.628, "y": 5050673.838, "degree": 3 }, "geometry": { "type": "Point", "coordinates": [ -95.923540001004227, 41.259366999285973 ] } },
{ "type": "Feature", "properties": { "node_id": "-8958422.441_2929523.701", "x": -8958422.441, "y": 2929523.701, "degree": 3 }, "geometry": { "type": "Point", "coordinates": [ -80.474878003496116, 25.437059000097452 ] } },
{ "type": "Feature", "properties": { "node_id": "-13575764.562_4632281.719", "x": -13575764.562000001, "y": 4632281.719, "degree": 3 }, "geometry": { "type": "Point", "coordinates": [ -121.953167996527597, 38.37320200079472 ] } },
{ "type": "Feature", "properties": { "node_id": "-8900524.840_4930735.481", "x": -8900524.84, "y": 4930735.481, "degree": 3 }, "geometry": { "type": "Point", "coordinates": [ -79.954775004574586, 40.444417002621002 ] } },
{ "type": "Feature", "properties": { "node_id": "-8579426.217_4707567.807", "x": -8579426.217, "y": 4707567.807, "degree": 3 }, "geometry": { "type": "Point", "coordinates": [ -77.070296997068255, 38.901470003694044 ] } },
{ "type": "Feature", "properties": { "node_id": "-8575704.918_4708409.360", "x": -8575704.918, "y": 4708409.36, "degree": 3 }, "geometry": { "type": "Point", "coordinates": [ -77.036867999383475, 38.907353000102653 ] } },
{ "type": "Feature", "properties": { "node_id": "-12934612.497_5399882.480", "x": -12934612.497, "y": 5399882.48, "degree": 3 }, "geometry": { "type": "Point", "coordinates": [ -116.193601002184678, 43.574844999120614 ] } },
{ "type": "Feature", "properties": { "node_id": "-8457870.009_5211796.047", "x": -8457870.009, "y": 5211796.047, "degree": 3 }, "geometry": { "type": "Point", "coordinates": [ -75.978339001808138, 42.338336002861602 ] } },
{ "type": "Feature", "properties": { "node_id": "-10776626.170_3866077.351", "x": -10776626.17, "y": 3866077.351, "degree": 3 }, "geometry": { "type": "Point", "coordinates": [ -96.808079997534193, 32.779535002137351 ] } },
{ "type": "Feature", "properties": { "node_id": "-9636920.748_4183329.388", "x": -9636920.748, "y": 4183329.388, "degree": 3 }, "geometry": { "type": "Point", "coordinates": [ -86.569931997769302, 35.142986002878075 ] } },
{ "type": "Feature", "properties": { "node_id": "-8575667.292_4708361.866", "x": -8575667.292, "y": 4708361.866, "degree": 3 }, "geometry": { "type": "Point", "coordinates": [ -77.036529999274663, 38.907020999493817 ] } },
{ "type": "Feature", "properties": { "node_id": "-8044637.031_5135200.099", "x": -8044637.031, "y": 5135200.099, "degree": 3 }, "geometry": { "type": "Point", "coordinates": [ -72.266204001411879, 41.827670002436122 ] } },
{ "type": "Feature", "properties": { "node_id": "-8781245.671_3987696.090", "x": -8781245.671, "y": 3987696.09, "degree": 3 }, "geometry": { "type": "Point", "coordinates": [ -78.883271998676832, 33.69331800131804 ] } },
{ "type": "Feature", "properties": { "node_id": "-9178191.272_3243069.872", "x": -9178191.272, "y": 3243069.872, "degree": 3 }, "geometry": { "type": "Point", "coordinates": [ -82.449095002099909, 27.953162001655915 ] } },
{ "type": "Feature", "properties": { "node_id": "-9408295.561_4022195.299", "x": -9408295.561000001, "y": 4022195.299, "degree": 3 }, "geometry": { "type": "Point", "coordinates": [ -84.516156999601478, 33.950783003788459 ] } },
{ "type": "Feature", "properties": { "node_id": "-11841861.859_3733351.326", "x": -11841861.859, "y": 3733351.326, "degree": 3 }, "geometry": { "type": "Point", "coordinates": [ -106.377255003717082, 31.771481997098995 ] } },
{ "type": "Feature", "properties": { "node_id": "-11687142.795_4828239.951", "x": -11687142.795, "y": 4828239.951, "degree": 3 }, "geometry": { "type": "Point", "coordinates": [ -104.987390004358417, 39.740059002241566 ] } },
{ "type": "Feature", "properties": { "node_id": "-8913960.545_3086793.715", "x": -8913960.545, "y": 3086793.715, "degree": 3 }, "geometry": { "type": "Point", "coordinates": [ -80.075469996118784, 26.706045000302776 ] } },
{ "type": "Feature", "properties": { "node_id": "-9989841.049_3542926.193", "x": -9989841.049000001, "y": 3542926.193, "degree": 3 }, "geometry": { "type": "Point", "coordinates": [ -89.74026900241293, 30.305860000502886 ] } },
{ "type": "Feature", "properties": { "node_id": "-10880984.631_3538018.145", "x": -10880984.631, "y": 3538018.145, "degree": 3 }, "geometry": { "type": "Point", "coordinates": [ -97.745548002969102, 30.267787997291034 ] } },
{ "type": "Feature", "properties": { "node_id": "-13512171.522_4670964.079", "x": -13512171.522, "y": 4670964.079, "degree": 3 }, "geometry": { "type": "Point", "coordinates": [ -121.381901998571365, 38.645114999497729 ] } },
{ "type": "Feature", "properties": { "node_id": "-11775677.412_3663097.296", "x": -11775677.412, "y": 3663097.296, "degree": 3 }, "geometry": { "type": "Point", "coordinates": [ -105.782710000606116, 31.233395996808067 ] } },
{ "type": "Feature", "properties": { "node_id": "-9018341.938_4906380.788", "x": -9018341.938, "y": 4906380.788, "degree": 3 }, "geometry": { "type": "Point", "coordinates": [ -81.013144003214649, 40.277710003507991 ] } },
{ "type": "Feature", "properties": { "node_id": "-8948443.539_2969511.362", "x": -8948443.539000001, "y": 2969511.362, "degree": 3 }, "geometry": { "type": "Point", "coordinates": [ -80.385236001642809, 25.761012996820931 ] } },
{ "type": "Feature", "properties": { "node_id": "-13614842.490_4554768.122", "x": -13614842.49, "y": 4554768.122, "degree": 3 }, "geometry": { "type": "Point", "coordinates": [ -122.304210996468825, 37.825245002296029 ] } },
{ "type": "Feature", "properties": { "node_id": "-13163290.227_4036283.495", "x": -13163290.227, "y": 4036283.495, "degree": 3 }, "geometry": { "type": "Point", "coordinates": [ -118.247848002152253, 34.055698997975227 ] } },
{ "type": "Feature", "properties": { "node_id": "-9016899.348_4907413.902", "x": -9016899.348, "y": 4907413.902, "degree": 3 }, "geometry": { "type": "Point", "coordinates": [ -81.000184996757469, 40.284790003156857 ] } },
{ "type": "Feature", "properties": { "node_id": "-10880423.024_3539765.110", "x": -10880423.024, "y": 3539765.11, "degree": 3 }, "geometry": { "type": "Point", "coordinates": [ -97.740503001451415, 30.281340996159827 ] } },
{ "type": "Feature", "properties": { "node_id": "-8754466.654_4271137.582", "x": -8754466.654, "y": 4271137.582, "degree": 3 }, "geometry": { "type": "Point", "coordinates": [ -78.642711996028851, 35.785435002060801 ] } },
{ "type": "Feature", "properties": { "node_id": "-13567193.964_4481139.608", "x": -13567193.964, "y": 4481139.608, "degree": 3 }, "geometry": { "type": "Point", "coordinates": [ -121.876177004753146, 37.300956003315179 ] } },
{ "type": "Feature", "properties": { "node_id": "-9716260.598_5100542.704", "x": -9716260.598, "y": 5100542.704, "degree": 3 }, "geometry": { "type": "Point", "coordinates": [ -87.282653996716803, 41.595258996939513 ] } },
{ "type": "Feature", "properties": { "node_id": "-8783447.459_4299265.837", "x": -8783447.459000001, "y": 4299265.837, "degree": 3 }, "geometry": { "type": "Point", "coordinates": [ -78.903050996804751, 35.990148002166521 ] } },
{ "type": "Feature", "properties": { "node_id": "-8575991.900_4707718.431", "x": -8575991.9, "y": 4707718.431, "degree": 3 }, "geometry": { "type": "Point", "coordinates": [ -77.03944600255214, 38.90252299809049 ] } },
{ "type": "Feature", "properties": { "node_id": "-9749927.063_5129012.820", "x": -9749927.063, "y": 5129012.82, "degree": 3 }, "geometry": { "type": "Point", "coordinates": [ -87.585084997434549, 41.78623999710252 ] } },
{ "type": "Feature", "properties": { "node_id": "-8238091.827_4970122.100", "x": -8238091.827, "y": 4970122.1, "degree": 3 }, "geometry": { "type": "Point", "coordinates": [ -74.004038001742117, 40.713144002086054 ] } },
{ "type": "Feature", "properties": { "node_id": "-9796156.378_5196941.215", "x": -9796156.378, "y": 5196941.215, "degree": 3 }, "geometry": { "type": "Point", "coordinates": [ -88.00036999982332, 42.239620000961189 ] } },
{ "type": "Feature", "properties": { "node_id": "-9111863.112_3334402.587", "x": -9111863.112, "y": 3334402.587, "degree": 3 }, "geometry": { "type": "Point", "coordinates": [ -81.853259003144657, 28.675449996538632 ] } },
{ "type": "Feature", "properties": { "node_id": "-10567254.023_4400866.700", "x": -10567254.023, "y": 4400866.7, "degree": 3 }, "geometry": { "type": "Point", "coordinates": [ -94.927258000344011, 36.725161001330726 ] } },
{ "type": "Feature", "properties": { "node_id": "-10776043.858_3866019.888", "x": -10776043.858, "y": 3866019.888, "degree": 3 }, "geometry": { "type": "Point", "coordinates": [ -96.802848999836925, 32.779101001662212 ] } },
{ "type": "Feature", "properties": { "node_id": "-9739716.506_4678064.648", "x": -9739716.506, "y": 4678064.648, "degree": 3 }, "geometry": { "type": "Point", "coordinates": [ -87.493362003309812, 38.694916001257496 ] } },
{ "type": "Feature", "properties": { "node_id": "-12354693.943_3794292.073", "x": -12354693.943, "y": 3794292.073, "degree": 3 }, "geometry": { "type": "Point", "coordinates": [ -110.984103996157742, 32.235716996989098 ] } },
{ "type": "Feature", "properties": { "node_id": "-8287292.704_4938329.726", "x": -8287292.704, "y": 4938329.726, "degree": 3 }, "geometry": { "type": "Point", "coordinates": [ -74.446016999753965, 40.496315001994709 ] } },
{ "type": "Feature", "properties": { "node_id": "-9738647.393_4680640.843", "x": -9738647.393, "y": 4680640.843, "degree": 3 }, "geometry": { "type": "Point", "coordinates": [ -87.483757997826316, 38.712976000830238 ] } },
{ "type": "Feature", "properties": { "node_id": "-13187799.216_4049528.178", "x": -13187799.216, "y": 4049528.178, "degree": 3 }, "geometry": { "type": "Point", "coordinates": [ -118.468015996322421, 34.154215003614553 ] } },
{ "type": "Feature", "properties": { "node_id": "-11684069.931_4828233.147", "x": -11684069.931, "y": 4828233.147, "degree": 3 }, "geometry": { "type": "Point", "coordinates": [ -104.959785997386206, 39.740012002777583 ] } },
{ "type": "Feature", "properties": { "node_id": "-11694470.177_4828278.314", "x": -11694470.177, "y": 4828278.314, "degree": 3 }, "geometry": { "type": "Point", "coordinates": [ -105.053212996790236, 39.74032399876647 ] } },
{ "type": "Feature", "properties": { "node_id": "-8607660.959_4700588.160", "x": -8607660.959000001, "y": 4700588.16, "degree": 3 }, "geometry": { "type": "Point", "coordinates": [ -77.32393399988598, 38.852658999404454 ] } },
{ "type": "Feature", "properties": { "node_id": "-9938328.066_5319115.669", "x": -9938328.066, "y": 5319115.669, "degree": 3 }, "geometry": { "type": "Point", "coordinates": [ -89.277520002818036, 43.046915999224453 ] } },
{ "type": "Feature", "properties": { "node_id": "-9737208.811_5084986.409", "x": -9737208.811000001, "y": 5084986.409, "degree": 3 }, "geometry": { "type": "Point", "coordinates": [ -87.470834995845721, 41.490665997395254 ] } },
{ "type": "Feature", "properties": { "node_id": "-9638780.897_4128481.616", "x": -9638780.897, "y": 4128481.616, "degree": 3 }, "geometry": { "type": "Point", "coordinates": [ -86.586642000543691, 34.739096000481055 ] } },
{ "type": "Feature", "properties": { "node_id": "-10681342.809_5051943.298", "x": -10681342.809, "y": 5051943.298, "degree": 3 }, "geometry": { "type": "Point", "coordinates": [ -95.952135002448415, 41.267939002931833 ] } },
{ "type": "Feature", "properties": { "node_id": "-8895901.073_4815618.113", "x": -8895901.073000001, "y": 4815618.113, "degree": 3 }, "geometry": { "type": "Point", "coordinates": [ -79.91323899891151, 39.652816997703482 ] } },
{ "type": "Feature", "properties": { "node_id": "-8698877.152_4950762.613", "x": -8698877.152000001, "y": 4950762.613, "degree": 3 }, "geometry": { "type": "Point", "coordinates": [ -78.143343003196946, 40.581193001411776 ] } },
{ "type": "Feature", "properties": { "node_id": "-9786298.703_3588122.614", "x": -9786298.703, "y": 3588122.614, "degree": 3 }, "geometry": { "type": "Point", "coordinates": [ -87.91181699863948, 30.655755003251318 ] } },
{ "type": "Feature", "properties": { "node_id": "-13152360.879_4033494.446", "x": -13152360.879000001, "y": 4033494.446, "degree": 3 }, "geometry": { "type": "Point", "coordinates": [ -118.149667998613651, 34.03493900306615 ] } },
{ "type": "Feature", "properties": { "node_id": "-9165970.395_3458903.860", "x": -9165970.395, "y": 3458903.86, "degree": 3 }, "geometry": { "type": "Point", "coordinates": [ -82.339312996155456, 29.652063998231956 ] } },
{ "type": "Feature", "properties": { "node_id": "-9978344.083_5124808.113", "x": -9978344.083000001, "y": 5124808.113, "degree": 3 }, "geometry": { "type": "Point", "coordinates": [ -89.636989999624916, 41.758070000151115 ] } },
{ "type": "Feature", "properties": { "node_id": "-7915720.934_5213789.428", "x": -7915720.934, "y": 5213789.428, "degree": 3 }, "geometry": { "type": "Point", "coordinates": [ -71.108130998370527, 42.351571003494996 ] } },
{ "type": "Feature", "properties": { "node_id": "-13534277.792_4660792.980", "x": -13534277.792, "y": 4660792.98, "degree": 3 }, "geometry": { "type": "Point", "coordinates": [ -121.58048600073009, 38.573717997241111 ] } },
{ "type": "Feature", "properties": { "node_id": "-10776326.053_3864655.821", "x": -10776326.053, "y": 3864655.821, "degree": 3 }, "geometry": { "type": "Point", "coordinates": [ -96.80538400065295, 32.768797999007411 ] } },
{ "type": "Feature", "properties": { "node_id": "-9738325.012_5107115.880", "x": -9738325.012, "y": 5107115.88, "degree": 3 }, "geometry": { "type": "Point", "coordinates": [ -87.480862000030214, 41.639402999224444 ] } },
{ "type": "Feature", "properties": { "node_id": "-8698367.754_4949297.585", "x": -8698367.754000001, "y": 4949297.585, "degree": 3 }, "geometry": { "type": "Point", "coordinates": [ -78.13876700310594, 40.571197000416092 ] } },
{ "type": "Feature", "properties": { "node_id": "-10150963.433_3560102.613", "x": -10150963.433, "y": 3560102.613, "degree": 3 }, "geometry": { "type": "Point", "coordinates": [ -91.187656004022671, 30.438982002455582 ] } },
{ "type": "Feature", "properties": { "node_id": "-12691614.850_3983430.845", "x": -12691614.85, "y": 3983430.845, "degree": 3 }, "geometry": { "type": "Point", "coordinates": [ -114.01071599913287, 33.661432998480144 ] } },
{ "type": "Feature", "properties": { "node_id": "-11807433.300_4299494.224", "x": -11807433.3, "y": 4299494.224, "degree": 3 }, "geometry": { "type": "Point", "coordinates": [ -106.067977996117989, 35.99180799988104 ] } },
{ "type": "Feature", "properties": { "node_id": "-9061066.692_3313436.245", "x": -9061066.692, "y": 3313436.245, "degree": 3 }, "geometry": { "type": "Point", "coordinates": [ -81.396946998499118, 28.510076003516591 ] } },
{ "type": "Feature", "properties": { "node_id": "-10544590.043_4712388.623", "x": -10544590.043, "y": 4712388.623, "degree": 3 }, "geometry": { "type": "Point", "coordinates": [ -94.723664004014211, 38.935164003527319 ] } },
{ "type": "Feature", "properties": { "node_id": "-12483505.177_5113179.330", "x": -12483505.177, "y": 5113179.33, "degree": 3 }, "geometry": { "type": "Point", "coordinates": [ -112.141234998842705, 41.680097000503409 ] } },
{ "type": "Feature", "properties": { "node_id": "-8795620.580_4002857.241", "x": -8795620.58, "y": 4002857.241, "degree": 3 }, "geometry": { "type": "Point", "coordinates": [ -79.012404003302095, 33.806559998186273 ] } },
{ "type": "Feature", "properties": { "node_id": "-8616468.223_4471589.614", "x": -8616468.223, "y": 4471589.614, "degree": 3 }, "geometry": { "type": "Point", "coordinates": [ -77.403050998510722, 37.232682998454386 ] } },
{ "type": "Feature", "properties": { "node_id": "-9341837.380_4294850.513", "x": -9341837.38, "y": 4294850.513, "degree": 3 }, "geometry": { "type": "Point", "coordinates": [ -83.919153002130656, 35.958048996895627 ] } },
{ "type": "Feature", "properties": { "node_id": "-8232768.974_4984860.869", "x": -8232768.974, "y": 4984860.869, "degree": 3 }, "geometry": { "type": "Point", "coordinates": [ -73.956221999691905, 40.81342599782247 ] } },
{ "type": "Feature", "properties": { "node_id": "-9246407.410_5210773.990", "x": -9246407.41, "y": 5210773.99, "degree": 3 }, "geometry": { "type": "Point", "coordinates": [ -83.061890995989984, 42.331549001832521 ] } },
{ "type": "Feature", "properties": { "node_id": "-10616034.558_3474095.665", "x": -10616034.558, "y": 3474095.665, "degree": 3 }, "geometry": { "type": "Point", "coordinates": [ -95.365461001924274, 29.770593000916119 ] } },
{ "type": "Feature", "properties": { "node_id": "-10730762.763_3525049.185", "x": -10730762.763, "y": 3525049.185, "degree": 3 }, "geometry": { "type": "Point", "coordinates": [ -96.396082002635254, 30.167116001333156 ] } },
{ "type": "Feature", "properties": { "node_id": "-8754710.778_4268932.994", "x": -8754710.778000001, "y": 4268932.994, "degree": 3 }, "geometry": { "type": "Point", "coordinates": [ -78.644904999233063, 35.769368003938588 ] } },
{ "type": "Feature", "properties": { "node_id": "-10832335.564_3861887.131", "x": -10832335.564, "y": 3861887.131, "degree": 3 }, "geometry": { "type": "Point", "coordinates": [ -97.308525998526548, 32.747882001091682 ] } },
{ "type": "Feature", "properties": { "node_id": "-9238476.231_4861211.150", "x": -9238476.231000001, "y": 4861211.15, "degree": 3 }, "geometry": { "type": "Point", "coordinates": [ -82.990644002822108, 39.967434998050187 ] } },
{ "type": "Feature", "properties": { "node_id": "-10775595.908_3865145.268", "x": -10775595.908, "y": 3865145.268, "degree": 3 }, "geometry": { "type": "Point", "coordinates": [ -96.798824996521731, 32.772495002822936 ] } },
{ "type": "Feature", "properties": { "node_id": "-13551485.447_4656043.181", "x": -13551485.447000001, "y": 4656043.181, "degree": 3 }, "geometry": { "type": "Point", "coordinates": [ -121.73506499563365, 38.540351997338391 ] } },
{ "type": "Feature", "properties": { "node_id": "-10620174.864_4260989.768", "x": -10620174.864, "y": 4260989.768, "degree": 3 }, "geometry": { "type": "Point", "coordinates": [ -95.402654003531595, 35.71145099706105 ] } },
{ "type": "Feature", "properties": { "node_id": "-12479830.743_3956741.689", "x": -12479830.743000001, "y": 3956741.689, "degree": 3 }, "geometry": { "type": "Point", "coordinates": [ -112.108226996615841, 33.461649003462384 ] } },
{ "type": "Feature", "properties": { "node_id": "-8579418.648_4708076.049", "x": -8579418.648, "y": 4708076.049, "degree": 3 }, "geometry": { "type": "Point", "coordinates": [ -77.070229003584402, 38.905023000267789 ] } },
{ "type": "Feature", "properties": { "node_id": "-8579286.400_4707949.737", "x": -8579286.4, "y": 4707949.737, "degree": 3 }, "geometry": { "type": "Point", "coordinates": [ -77.069040999587457, 38.904140000309646 ] } },
{ "type": "Feature", "properties": { "node_id": "-8959141.008_2969506.542", "x": -8959141.008, "y": 2969506.542, "degree": 3 }, "geometry": { "type": "Point", "coordinates": [ -80.481333000683748, 25.760974001281014 ] } },
{ "type": "Feature", "properties": { "node_id": "-9133660.804_3115367.187", "x": -9133660.804, "y": 3115367.187, "degree": 3 }, "geometry": { "type": "Point", "coordinates": [ -82.049071001965956, 26.935111997101874 ] } },
{ "type": "Feature", "properties": { "node_id": "-9591035.633_4833373.140", "x": -9591035.633, "y": 4833373.14, "degree": 3 }, "geometry": { "type": "Point", "coordinates": [ -86.157738996588492, 39.775507999710491 ] } },
{ "type": "Feature", "properties": { "node_id": "-12456716.810_5010366.253", "x": -12456716.81, "y": 5010366.253, "degree": 3 }, "geometry": { "type": "Point", "coordinates": [ -111.900591003715689, 40.986606002748651 ] } },
{ "type": "Feature", "properties": { "node_id": "-8528581.374_4762798.470", "x": -8528581.374, "y": 4762798.47, "degree": 3 }, "geometry": { "type": "Point", "coordinates": [ -76.613550001212673, 39.286533002199 ] } },
{ "type": "Feature", "properties": { "node_id": "-13627198.397_4548043.222", "x": -13627198.397, "y": 4548043.222, "degree": 3 }, "geometry": { "type": "Point", "coordinates": [ -122.41520599754142, 37.777511996167682 ] } },
{ "type": "Feature", "properties": { "node_id": "-12934971.391_5398567.744", "x": -12934971.391000001, "y": 5398567.744, "degree": 3 }, "geometry": { "type": "Point", "coordinates": [ -116.196825001840466, 43.566288002973231 ] } },
{ "type": "Feature", "properties": { "node_id": "-10149948.867_3560703.144", "x": -10149948.867000001, "y": 3560703.144, "degree": 3 }, "geometry": { "type": "Point", "coordinates": [ -91.178542002577203, 30.443633002639164 ] } },
{ "type": "Feature", "properties": { "node_id": "-8577253.595_4707718.860", "x": -8577253.595000001, "y": 4707718.86, "degree": 3 }, "geometry": { "type": "Point", "coordinates": [ -77.050780001576115, 38.902525997155962 ] } },
{ "type": "Feature", "properties": { "node_id": "-11870729.674_4175110.195", "x": -11870729.674000001, "y": 4175110.195, "degree": 3 }, "geometry": { "type": "Point", "coordinates": [ -106.636578998053437, 35.082588000229237 ] } },
{ "type": "Feature", "properties": { "node_id": "-10150923.803_3560101.451", "x": -10150923.803, "y": 3560101.451, "degree": 3 }, "geometry": { "type": "Point", "coordinates": [ -91.187300001675567, 30.438973002768016 ] } },
{ "type": "Feature", "properties": { "node_id": "-10150926.029_3560042.316", "x": -10150926.029, "y": 3560042.316, "degree": 3 }, "geometry": { "type": "Point", "coordinates": [ -91.187319998173791, 30.438515001220605 ] } },
{ "type": "Feature", "properties": { "node_id": "-12476982.189_3956629.336", "x": -12476982.189, "y": 3956629.336, "degree": 3 }, "geometry": { "type": "Point", "coordinates": [ -112.082638000657425, 33.460806998931538 ] } },
{ "type": "Feature", "properties": { "node_id": "-10484124.635_4308430.556", "x": -10484124.635, "y": 4308430.556, "degree": 3 }, "geometry": { "type": "Point", "coordinates": [ -94.180494002344986, 36.056733000335868 ] } },
{ "type": "Feature", "properties": { "node_id": "-8926784.328_2972555.301", "x": -8926784.328, "y": 2972555.301, "degree": 3 }, "geometry": { "type": "Point", "coordinates": [ -80.190667998810113, 25.785637003485746 ] } },
{ "type": "Feature", "properties": { "node_id": "-13187795.209_4068027.141", "x": -13187795.209000001, "y": 4068027.141, "degree": 3 }, "geometry": { "type": "Point", "coordinates": [ -118.467980000828987, 34.291620999850352 ] } },
{ "type": "Feature", "properties": { "node_id": "-9632883.858_4744814.019", "x": -9632883.858, "y": 4744814.019, "degree": 3 }, "geometry": { "type": "Point", "coordinates": [ -86.533667997896202, 39.16137800048071 ] } },
{ "type": "Feature", "properties": { "node_id": "-10877610.426_3542417.922", "x": -10877610.426000001, "y": 3542417.922, "degree": 3 }, "geometry": { "type": "Point", "coordinates": [ -97.71523700373659, 30.301917999782678 ] } },
{ "type": "Feature", "properties": { "node_id": "-10878097.003_3541513.606", "x": -10878097.003, "y": 3541513.606, "degree": 3 }, "geometry": { "type": "Point", "coordinates": [ -97.719607999296599, 30.294903998394044 ] } },
{ "type": "Feature", "properties": { "node_id": "-9061091.516_3316606.706", "x": -9061091.516000001, "y": 3316606.706, "degree": 3 }, "geometry": { "type": "Point", "coordinates": [ -81.397169996285257, 28.535100001616996 ] } },
{ "type": "Feature", "properties": { "node_id": "-13611021.004_4551870.274", "x": -13611021.004000001, "y": 4551870.274, "degree": 3 }, "geometry": { "type": "Point", "coordinates": [ -122.269882003650324, 37.804680003495719 ] } },
{ "type": "Feature", "properties": { "node_id": "-10038004.874_3800199.306", "x": -10038004.874, "y": 3800199.306, "degree": 3 }, "geometry": { "type": "Point", "coordinates": [ -90.172932003804505, 32.280591999145727 ] } },
{ "type": "Feature", "properties": { "node_id": "-8237625.955_4971390.339", "x": -8237625.955, "y": 4971390.339, "degree": 3 }, "geometry": { "type": "Point", "coordinates": [ -73.999853002361689, 40.721778998855299 ] } },
{ "type": "Feature", "properties": { "node_id": "-8900203.126_4931041.197", "x": -8900203.126, "y": 4931041.197, "degree": 3 }, "geometry": { "type": "Point", "coordinates": [ -79.951884998541416, 40.44650699740351 ] } },
{ "type": "Feature", "properties": { "node_id": "-9308254.961_5197150.672", "x": -9308254.961, "y": 5197150.672, "degree": 3 }, "geometry": { "type": "Point", "coordinates": [ -83.61747699947658, 42.241012997523242 ] } },
{ "type": "Feature", "properties": { "node_id": "-10626137.024_3530242.158", "x": -10626137.024, "y": 3530242.158, "degree": 3 }, "geometry": { "type": "Point", "coordinates": [ -95.456212998075259, 30.207438998177889 ] } },
{ "type": "Feature", "properties": { "node_id": "-8365913.987_4859704.171", "x": -8365913.987, "y": 4859704.171, "degree": 3 }, "geometry": { "type": "Point", "coordinates": [ -75.15228400151382, 39.957058999248261 ] } },
{ "type": "Feature", "properties": { "node_id": "-10036309.923_3799887.779", "x": -10036309.923, "y": 3799887.779, "degree": 3 }, "geometry": { "type": "Point", "coordinates": [ -90.157705999913176, 32.278226001164754 ] } },
{ "type": "Feature", "properties": { "node_id": "-13609679.047_4551030.873", "x": -13609679.047, "y": 4551030.873, "degree": 3 }, "geometry": { "type": "Point", "coordinates": [ -122.25782699881303, 37.798722002537524 ] } },
{ "type": "Feature", "properties": { "node_id": "-8514392.703_5226709.814", "x": -8514392.703, "y": 5226709.814, "degree": 3 }, "geometry": { "type": "Point", "coordinates": [ -76.486091001006244, 42.437288002321274 ] } },
{ "type": "Feature", "properties": { "node_id": "-8766889.687_5297336.719", "x": -8766889.687000001, "y": 5297336.719, "degree": 3 }, "geometry": { "type": "Point", "coordinates": [ -78.754310000219078, 42.903774000724177 ] } },
{ "type": "Feature", "properties": { "node_id": "-8739324.866_4585047.766", "x": -8739324.866, "y": 4585047.766, "degree": 3 }, "geometry": { "type": "Point", "coordinates": [ -78.506691000135888, 38.039786000604551 ] } },
{ "type": "Feature", "properties": { "node_id": "-10964208.195_3429760.536", "x": -10964208.195, "y": 3429760.536, "degree": 3 }, "geometry": { "type": "Point", "coordinates": [ -98.493157998370108, 29.424292002702142 ] } },
{ "type": "Feature", "properties": { "node_id": "-10964041.216_3429718.871", "x": -10964041.216, "y": 3429718.871, "degree": 3 }, "geometry": { "type": "Point", "coordinates": [ -98.491658000491825, 29.423965999534435 ] } },
{ "type": "Feature", "properties": { "node_id": "-10407801.209_5110434.404", "x": -10407801.209000001, "y": 5110434.404, "degree": 3 }, "geometry": { "type": "Point", "coordinates": [ -93.49486900122335, 41.661677997072246 ] } },
{ "type": "Feature", "properties": { "node_id": "-9099682.533_3271931.181", "x": -9099682.533, "y": 3271931.181, "degree": 3 }, "geometry": { "type": "Point", "coordinates": [ -81.743839000293406, 28.181935997939661 ] } },
{ "type": "Feature", "properties": { "node_id": "-13160815.260_4035878.664", "x": -13160815.26, "y": 4035878.664, "degree": 3 }, "geometry": { "type": "Point", "coordinates": [ -118.225614995314317, 34.052685996032906 ] } },
{ "type": "Feature", "properties": { "node_id": "-9515780.652_3843527.311", "x": -9515780.652000001, "y": 3843527.311, "degree": 3 }, "geometry": { "type": "Point", "coordinates": [ -85.481712000204254, 32.609059002033248 ] } },
{ "type": "Feature", "properties": { "node_id": "-13616674.364_4568900.309", "x": -13616674.364, "y": 4568900.309, "degree": 3 }, "geometry": { "type": "Point", "coordinates": [ -122.320667000596643, 37.925454000039871 ] } },
{ "type": "Feature", "properties": { "node_id": "-10039956.416_4667424.550", "x": -10039956.416, "y": 4667424.55, "degree": 3 }, "geometry": { "type": "Point", "coordinates": [ -90.190463003866512, 38.620276997468423 ] } },
{ "type": "Feature", "properties": { "node_id": "-12330360.616_3947485.613", "x": -12330360.616, "y": 3947485.613, "degree": 3 }, "geometry": { "type": "Point", "coordinates": [ -110.765514000581973, 33.39225399733364 ] } },
{ "type": "Feature", "properties": { "node_id": "-9245715.560_5210110.246", "x": -9245715.56, "y": 5210110.246, "degree": 3 }, "geometry": { "type": "Point", "coordinates": [ -83.055676001696796, 42.327140997050378 ] } },
{ "type": "Feature", "properties": { "node_id": "-9952026.708_5323081.419", "x": -9952026.708000001, "y": 5323081.419, "degree": 3 }, "geometry": { "type": "Point", "coordinates": [ -89.40057699762086, 43.072945001518477 ] } },
{ "type": "Feature", "properties": { "node_id": "-13327141.274_4086023.435", "x": -13327141.274, "y": 4086023.435, "degree": 3 }, "geometry": { "type": "Point", "coordinates": [ -119.719747000543109, 34.425078003468933 ] } },
{ "type": "Feature", "properties": { "node_id": "-10623147.094_3474989.950", "x": -10623147.094000001, "y": 3474989.95, "degree": 3 }, "geometry": { "type": "Point", "coordinates": [ -95.429353999900783, 29.777565999129397 ] } },
{ "type": "Feature", "properties": { "node_id": "-9756312.906_5142364.599", "x": -9756312.906, "y": 5142364.599, "degree": 3 }, "geometry": { "type": "Point", "coordinates": [ -87.642450001123436, 41.875610001100156 ] } },
{ "type": "Feature", "properties": { "node_id": "-13122050.697_3999355.768", "x": -13122050.697000001, "y": 3999355.768, "degree": 3 }, "geometry": { "type": "Point", "coordinates": [ -117.877387001063184, 33.780420003184538 ] } },
{ "type": "Feature", "properties": { "node_id": "-9232715.002_4123168.566", "x": -9232715.002, "y": 4123168.566, "degree": 3 }, "geometry": { "type": "Point", "coordinates": [ -82.938890002161983, 34.699866000812555 ] } },
{ "type": "Feature", "properties": { "node_id": "-11849429.358_4217930.136", "x": -11849429.358, "y": 4217930.136, "degree": 3 }, "geometry": { "type": "Point", "coordinates": [ -106.445235003859679, 35.396754996759149 ] } },
{ "type": "Feature", "properties": { "node_id": "-9264950.232_4081484.879", "x": -9264950.232000001, "y": 4081484.879, "degree": 3 }, "geometry": { "type": "Point", "coordinates": [ -83.228464000123054, 34.391441000511165 ] } },
{ "type": "Feature", "properties": { "node_id": "-8767529.106_4815107.453", "x": -8767529.106000001, "y": 4815107.453, "degree": 3 }, "geometry": { "type": "Point", "coordinates": [ -78.76005399882564, 39.649285000708453 ] } },
{ "type": "Feature", "properties": { "node_id": "-7879465.178_5323279.225", "x": -7879465.178, "y": 5323279.225, "degree": 3 }, "geometry": { "type": "Point", "coordinates": [ -70.782440000849448, 43.074243002006199 ] } },
{ "type": "Feature", "properties": { "node_id": "-9598071.470_5132206.169", "x": -9598071.47, "y": 5132206.169, "degree": 3 }, "geometry": { "type": "Point", "coordinates": [ -86.220942995725224, 41.807625999835039 ] } },
{ "type": "Feature", "properties": { "node_id": "-12629201.017_4462408.671", "x": -12629201.017000001, "y": 4462408.671, "degree": 3 }, "geometry": { "type": "Point", "coordinates": [ -113.450042997889042, 37.166990003448532 ] } },
{ "type": "Feature", "properties": { "node_id": "-9747885.909_3922674.258", "x": -9747885.909, "y": 3922674.258, "degree": 3 }, "geometry": { "type": "Point", "coordinates": [ -87.566748999080133, 33.205963997062753 ] } },
{ "type": "Feature", "properties": { "node_id": "-9091656.732_5083270.396", "x": -9091656.732000001, "y": 5083270.396, "degree": 3 }, "geometry": { "type": "Point", "coordinates": [ -81.671742003237398, 41.479117996950158 ] } },
{ "type": "Feature", "properties": { "node_id": "-13162566.539_4035705.343", "x": -13162566.539000001, "y": 4035705.343, "degree": 3 }, "geometry": { "type": "Point", "coordinates": [ -118.241347002238911, 34.051396001533426 ] } },
{ "type": "Feature", "properties": { "node_id": "-9632878.626_4745276.610", "x": -9632878.626, "y": 4745276.61, "degree": 3 }, "geometry": { "type": "Point", "coordinates": [ -86.533620998040547, 39.164599998080909 ] } },
{ "type": "Feature", "properties": { "node_id": "-8527503.356_4778446.202", "x": -8527503.356000001, "y": 4778446.202, "degree": 3 }, "geometry": { "type": "Point", "coordinates": [ -76.603866000753129, 39.395244997243665 ] } },
{ "type": "Feature", "properties": { "node_id": "-10774929.995_3868171.232", "x": -10774929.995, "y": 3868171.232, "degree": 3 }, "geometry": { "type": "Point", "coordinates": [ -96.792842998263779, 32.795348001219573 ] } },
{ "type": "Feature", "properties": { "node_id": "-9111790.977_3152708.954", "x": -9111790.977, "y": 3152708.954, "degree": 3 }, "geometry": { "type": "Point", "coordinates": [ -81.852611003414466, 27.233772002098771 ] } },
{ "type": "Feature", "properties": { "node_id": "-9913601.113_3911710.146", "x": -9913601.113, "y": 3911710.146, "degree": 3 }, "geometry": { "type": "Point", "coordinates": [ -89.055394004721975, 33.123516000047601 ] } },
{ "type": "Feature", "properties": { "node_id": "-10810731.011_3860728.937", "x": -10810731.011, "y": 3860728.937, "degree": 3 }, "geometry": { "type": "Point", "coordinates": [ -97.114448996861867, 32.739130996817309 ] } },
{ "type": "Feature", "properties": { "node_id": "-9393011.952_3996550.672", "x": -9393011.952, "y": 3996550.672, "degree": 3 }, "geometry": { "type": "Point", "coordinates": [ -84.378862003989411, 33.759473003137998 ] } },
{ "type": "Feature", "properties": { "node_id": "-8667917.309_4981666.870", "x": -8667917.309, "y": 4981666.87, "degree": 3 }, "geometry": { "type": "Point", "coordinates": [ -77.865226001588525, 40.791706998667969 ] } },
{ "type": "Feature", "properties": { "node_id": "-10773705.703_3865065.832", "x": -10773705.703, "y": 3865065.832, "degree": 3 }, "geometry": { "type": "Point", "coordinates": [ -96.781844996105534, 32.771894998970041 ] } },
{ "type": "Feature", "properties": { "node_id": "-11863362.439_3742251.463", "x": -11863362.439, "y": 3742251.463, "degree": 3 }, "geometry": { "type": "Point", "coordinates": [ -106.570398000031432, 31.839427996570414 ] } },
{ "type": "Feature", "properties": { "node_id": "-10766386.558_3892040.109", "x": -10766386.558, "y": 3892040.109, "degree": 3 }, "geometry": { "type": "Point", "coordinates": [ -96.716095997903665, 32.975407001951595 ] } },
{ "type": "Feature", "properties": { "node_id": "-10774184.711_3865544.572", "x": -10774184.711, "y": 3865544.572, "degree": 3 }, "geometry": { "type": "Point", "coordinates": [ -96.78614799818169, 32.775511004022299 ] } },
{ "type": "Feature", "properties": { "node_id": "-8922842.394_3022441.059", "x": -8922842.394, "y": 3022441.059, "degree": 3 }, "geometry": { "type": "Point", "coordinates": [ -80.155257003198201, 26.18845800318276 ] } },
{ "type": "Feature", "properties": { "node_id": "-9094026.278_5082539.089", "x": -9094026.278000001, "y": 5082539.089, "degree": 3 }, "geometry": { "type": "Point", "coordinates": [ -81.693027997119643, 41.474196002295159 ] } },
{ "type": "Feature", "properties": { "node_id": "-8292302.304_4931855.708", "x": -8292302.304, "y": 4931855.708, "degree": 3 }, "geometry": { "type": "Point", "coordinates": [ -74.491019002227219, 40.452074997634575 ] } },
{ "type": "Feature", "properties": { "node_id": "-10772263.337_3883266.991", "x": -10772263.337, "y": 3883266.991, "degree": 3 }, "geometry": { "type": "Point", "coordinates": [ -96.768888001874586, 32.909267998894613 ] } },
{ "type": "Feature", "properties": { "node_id": "-9653703.497_5131163.652", "x": -9653703.497, "y": 5131163.652, "degree": 3 }, "geometry": { "type": "Point", "coordinates": [ -86.720693997131718, 41.800645000915161 ] } },
{ "type": "Feature", "properties": { "node_id": "-9755015.811_5130253.540", "x": -9755015.811000001, "y": 5130253.54, "degree": 3 }, "geometry": { "type": "Point", "coordinates": [ -87.630797998488887, 41.794550002786657 ] } },
{ "type": "Feature", "properties": { "node_id": "-13038370.054_4020477.963", "x": -13038370.054, "y": 4020477.963, "degree": 3 }, "geometry": { "type": "Point", "coordinates": [ -117.125670995144688, 33.937984997350469 ] } },
{ "type": "Feature", "properties": { "node_id": "-8812852.614_4266058.930", "x": -8812852.614, "y": 4266058.93, "degree": 3 }, "geometry": { "type": "Point", "coordinates": [ -79.167201998488764, 35.7484170017323 ] } },
{ "type": "Feature", "properties": { "node_id": "-10758528.070_3916314.727", "x": -10758528.07, "y": 3916314.727, "degree": 3 }, "geometry": { "type": "Point", "coordinates": [ -96.645501999098968, 33.158150999619025 ] } },
{ "type": "Feature", "properties": { "node_id": "-8999983.907_4195149.566", "x": -8999983.907, "y": 4195149.566, "degree": 3 }, "geometry": { "type": "Point", "coordinates": [ -80.848231004878244, 35.229766997418771 ] } },
{ "type": "Feature", "properties": { "node_id": "-11860480.155_3738443.878", "x": -11860480.155, "y": 3738443.878, "degree": 3 }, "geometry": { "type": "Point", "coordinates": [ -106.544506002327708, 31.810366001975858 ] } },
{ "type": "Feature", "properties": { "node_id": "-10613380.033_3473892.141", "x": -10613380.033, "y": 3473892.141, "degree": 3 }, "geometry": { "type": "Point", "coordinates": [ -95.341614998128506, 29.769005997739352 ] } },
{ "type": "Feature", "properties": { "node_id": "-13139764.188_4032529.857", "x": -13139764.188, "y": 4032529.857, "degree": 3 }, "geometry": { "type": "Point", "coordinates": [ -118.036509998067316, 34.027758002892284 ] } },
{ "type": "Feature", "properties": { "node_id": "-10964273.762_3429858.563", "x": -10964273.762, "y": 3429858.563, "degree": 3 }, "geometry": { "type": "Point", "coordinates": [ -98.493746996752435, 29.425058999956349 ] } },
{ "type": "Feature", "properties": { "node_id": "-10616445.215_3473227.602", "x": -10616445.215, "y": 3473227.602, "degree": 3 }, "geometry": { "type": "Point", "coordinates": [ -95.369149996520576, 29.76382399887828 ] } },
{ "type": "Feature", "properties": { "node_id": "-9107120.901_3052584.554", "x": -9107120.901000001, "y": 3052584.554, "degree": 3 }, "geometry": { "type": "Point", "coordinates": [ -81.810658996926477, 26.431191000358442 ] } },
{ "type": "Feature", "properties": { "node_id": "-8800186.126_4007550.947", "x": -8800186.126, "y": 4007550.947, "degree": 3 }, "geometry": { "type": "Point", "coordinates": [ -79.0534170008236, 33.841587999120847 ] } },
{ "type": "Feature", "properties": { "node_id": "-9395153.961_3994612.400", "x": -9395153.961, "y": 3994612.4, "degree": 3 }, "geometry": { "type": "Point", "coordinates": [ -84.398103998223604, 33.744996003188092 ] } },
{ "type": "Feature", "properties": { "node_id": "-13534144.988_4419865.130", "x": -13534144.988, "y": 4419865.13, "degree": 3 }, "geometry": { "type": "Point", "coordinates": [ -121.579293002100158, 36.861829998133139 ] } },
{ "type": "Feature", "properties": { "node_id": "-9238915.720_4096158.491", "x": -9238915.72, "y": 4096158.491, "degree": 3 }, "geometry": { "type": "Point", "coordinates": [ -82.994591999681134, 34.500143997209818 ] } },
{ "type": "Feature", "properties": { "node_id": "-10964225.227_3430311.646", "x": -10964225.227, "y": 3430311.646, "degree": 3 }, "geometry": { "type": "Point", "coordinates": [ -98.493310999429283, 29.428604003280299 ] } },
{ "type": "Feature", "properties": { "node_id": "-9761353.452_5150195.050", "x": -9761353.452, "y": 5150195.05, "degree": 3 }, "geometry": { "type": "Point", "coordinates": [ -87.687729996244514, 41.927964996361659 ] } },
{ "type": "Feature", "properties": { "node_id": "-8257363.791_4973612.027", "x": -8257363.791, "y": 4973612.027, "degree": 3 }, "geometry": { "type": "Point", "coordinates": [ -74.177160999904132, 40.736902997419179 ] } },
{ "type": "Feature", "properties": { "node_id": "-13697762.487_5475093.431", "x": -13697762.487, "y": 5475093.431, "degree": 3 }, "geometry": { "type": "Point", "coordinates": [ -123.049094003111279, 44.062332998923004 ] } },
{ "type": "Feature", "properties": { "node_id": "-11688334.804_4828249.071", "x": -11688334.804, "y": 4828249.071, "degree": 3 }, "geometry": { "type": "Point", "coordinates": [ -104.998098003393508, 39.74012199970916 ] } },
{ "type": "Feature", "properties": { "node_id": "-9389714.112_3994656.578", "x": -9389714.112, "y": 3994656.578, "degree": 3 }, "geometry": { "type": "Point", "coordinates": [ -84.349237003223607, 33.745325996947834 ] } },
{ "type": "Feature", "properties": { "node_id": "-9067701.334_3318797.227", "x": -9067701.334000001, "y": 3318797.227, "degree": 3 }, "geometry": { "type": "Point", "coordinates": [ -81.456547001631733, 28.552386002175588 ] } },
{ "type": "Feature", "properties": { "node_id": "-8723183.540_4351610.661", "x": -8723183.54, "y": 4351610.661, "degree": 3 }, "geometry": { "type": "Point", "coordinates": [ -78.361691001618325, 36.369693998785586 ] } },
{ "type": "Feature", "properties": { "node_id": "-8089890.408_5126515.297", "x": -8089890.408, "y": 5126515.297, "degree": 3 }, "geometry": { "type": "Point", "coordinates": [ -72.672722003583104, 41.769508999471171 ] } },
{ "type": "Feature", "properties": { "node_id": "-8256805.746_4973419.718", "x": -8256805.746, "y": 4973419.718, "degree": 3 }, "geometry": { "type": "Point", "coordinates": [ -74.172147996376879, 40.735594002129666 ] } },
{ "type": "Feature", "properties": { "node_id": "-13509715.703_4673227.980", "x": -13509715.703, "y": 4673227.98, "degree": 3 }, "geometry": { "type": "Point", "coordinates": [ -121.359841001144048, 38.660997001010308 ] } },
{ "type": "Feature", "properties": { "node_id": "-8920841.648_3014254.326", "x": -8920841.648, "y": 3014254.326, "degree": 3 }, "geometry": { "type": "Point", "coordinates": [ -80.137283996083795, 26.122446003587388 ] } },
{ "type": "Feature", "properties": { "node_id": "-9086403.899_4177850.519", "x": -9086403.899, "y": 4177850.519, "degree": 3 }, "geometry": { "type": "Point", "coordinates": [ -81.624555001549126, 35.102729999936365 ] } },
{ "type": "Feature", "properties": { "node_id": "-12460969.437_4960091.252", "x": -12460969.437000001, "y": 4960091.252, "degree": 3 }, "geometry": { "type": "Point", "coordinates": [ -111.938793002033279, 40.644808001042492 ] } },
{ "type": "Feature", "properties": { "node_id": "-8251593.434_4973248.714", "x": -8251593.434, "y": 4973248.714, "degree": 3 }, "geometry": { "type": "Point", "coordinates": [ -74.125325001024876, 40.734430002572367 ] } },
{ "type": "Feature", "properties": { "node_id": "-12455974.197_4977101.144", "x": -12455974.197000001, "y": 4977101.144, "degree": 3 }, "geometry": { "type": "Point", "coordinates": [ -111.893919997634825, 40.760647999072944 ] } },
{ "type": "Feature", "properties": { "node_id": "-12820776.184_4320482.494", "x": -12820776.184, "y": 4320482.494, "degree": 3 }, "geometry": { "type": "Point", "coordinates": [ -115.170992003627532, 36.144208999288267 ] } },
{ "type": "Feature", "properties": { "node_id": "-13242032.402_4166373.756", "x": -13242032.402000001, "y": 4166373.756, "degree": 3 }, "geometry": { "type": "Point", "coordinates": [ -118.955200995225383, 35.018339998552754 ] } },
{ "type": "Feature", "properties": { "node_id": "-9764020.667_5160585.491", "x": -9764020.667, "y": 5160585.491, "degree": 3 }, "geometry": { "type": "Point", "coordinates": [ -87.711689996249845, 41.997370000363482 ] } },
{ "type": "Feature", "properties": { "node_id": "-10035293.687_4669145.852", "x": -10035293.687000001, "y": 4669145.852, "degree": 3 }, "geometry": { "type": "Point", "coordinates": [ -90.148576996602458, 38.632356996577371 ] } },
{ "type": "Feature", "properties": { "node_id": "-9322839.595_5203229.662", "x": -9322839.595000001, "y": 5203229.662, "degree": 3 }, "geometry": { "type": "Point", "coordinates": [ -83.748492995831484, 42.281428002945361 ] } },
{ "type": "Feature", "properties": { "node_id": "-9407134.944_4587072.281", "x": -9407134.944, "y": 4587072.281, "degree": 3 }, "geometry": { "type": "Point", "coordinates": [ -84.505730999700376, 38.05410800070436 ] } },
{ "type": "Feature", "properties": { "node_id": "-13061741.470_4025582.552", "x": -13061741.47, "y": 4025582.552, "degree": 3 }, "geometry": { "type": "Point", "coordinates": [ -117.335619997187862, 33.976019997505453 ] } },
{ "type": "Feature", "properties": { "node_id": "-9083945.853_4178822.352", "x": -9083945.853, "y": 4178822.352, "degree": 3 }, "geometry": { "type": "Point", "coordinates": [ -81.602473998640434, 35.109871996623859 ] } },
{ "type": "Feature", "properties": { "node_id": "-9755083.271_5137663.728", "x": -9755083.271, "y": 5137663.728, "degree": 3 }, "geometry": { "type": "Point", "coordinates": [ -87.631404001979547, 41.844158998181172 ] } },
{ "type": "Feature", "properties": { "node_id": "-9406271.995_4585886.530", "x": -9406271.995, "y": 4585886.53, "degree": 3 }, "geometry": { "type": "Point", "coordinates": [ -84.497978996939224, 38.045719997775315 ] } },
{ "type": "Feature", "properties": { "node_id": "-9499076.495_3851967.753", "x": -9499076.495, "y": 3851967.753, "degree": 3 }, "geometry": { "type": "Point", "coordinates": [ -85.33165600478992, 32.672906000865062 ] } },
{ "type": "Feature", "properties": { "node_id": "-10784725.888_3876499.728", "x": -10784725.888, "y": 3876499.728, "degree": 3 }, "geometry": { "type": "Point", "coordinates": [ -96.88084100229878, 32.858217002999965 ] } },
{ "type": "Feature", "properties": { "node_id": "-7949183.462_5135090.297", "x": -7949183.462, "y": 5135090.297, "degree": 3 }, "geometry": { "type": "Point", "coordinates": [ -71.408730001847303, 41.826935002023625 ] } },
{ "type": "Feature", "properties": { "node_id": "-10771093.814_5513766.818", "x": -10771093.814, "y": 5513766.818, "degree": 3 }, "geometry": { "type": "Point", "coordinates": [ -96.758381998014286, 44.311448998718859 ] } },
{ "type": "Feature", "properties": { "node_id": "-10927374.579_3036454.793", "x": -10927374.579, "y": 3036454.793, "degree": 3 }, "geometry": { "type": "Point", "coordinates": [ -98.162275996148196, 26.301367999167926 ] } },
{ "type": "Feature", "properties": { "node_id": "-12456800.967_4964445.458", "x": -12456800.967, "y": 4964445.458, "degree": 3 }, "geometry": { "type": "Point", "coordinates": [ -111.901346998909347, 40.674480002219539 ] } },
{ "type": "Feature", "properties": { "node_id": "-8238860.377_4971964.075", "x": -8238860.377, "y": 4971964.075, "degree": 3 }, "geometry": { "type": "Point", "coordinates": [ -74.010942003858233, 40.725684999095847 ] } },
{ "type": "Feature", "properties": { "node_id": "-7947396.450_5140748.605", "x": -7947396.45, "y": 5140748.605, "degree": 2 }, "geometry": { "type": "Point", "coordinates": [ -71.392676999922259, 41.864799998014135 ] } },
{ "type": "Feature", "properties": { "node_id": "-7947123.049_5141153.400", "x": -7947123.049, "y": 5141153.4, "degree": 2 }, "geometry": { "type": "Point", "coordinates": [ -71.390220996952323, 41.867507998483234 ] } },
{ "type": "Feature", "properties": { "node_id": "-7945758.829_5142972.797", "x": -7945758.829, "y": 5142972.797, "degree": 2 }, "geometry": { "type": "Point", "coordinates": [ -71.377966000183307, 41.879677997094021 ] } },
{ "type": "Feature", "properties": { "node_id": "-7949395.303_5135776.467", "x": -7949395.303, "y": 5135776.467, "degree": 2 }, "geometry": { "type": "Point", "coordinates": [ -71.410633001928346, 41.831527997017353 ] } },
{ "type": "Feature", "properties": { "node_id": "-8235665.952_4978565.637", "x": -8235665.952, "y": 4978565.637, "degree": 2 }, "geometry": { "type": "Point", "coordinates": [ -73.982245995843471, 40.770612002522505 ] } },
{ "type": "Feature", "properties": { "node_id": "-8235866.328_4977216.073", "x": -8235866.328, "y": 4977216.073, "degree": 2 }, "geometry": { "type": "Point", "coordinates": [ -73.984046004077186, 40.761429998072273 ] } },
{ "type": "Feature", "properties": { "node_id": "-8235818.460_4977308.223", "x": -8235818.46, "y": 4977308.223, "degree": 2 }, "geometry": { "type": "Point", "coordinates": [ -73.983615998516996, 40.762056997733062 ] } },
{ "type": "Feature", "properties": { "node_id": "-8235774.378_4977403.020", "x": -8235774.378, "y": 4977403.02, "degree": 2 }, "geometry": { "type": "Point", "coordinates": [ -73.983220003173443, 40.762702001727661 ] } },
{ "type": "Feature", "properties": { "node_id": "-8235730.295_4977497.229", "x": -8235730.295, "y": 4977497.229, "degree": 2 }, "geometry": { "type": "Point", "coordinates": [ -73.98282399884674, 40.763342998736796 ] } },
{ "type": "Feature", "properties": { "node_id": "-7945703.392_5143119.321", "x": -7945703.392, "y": 5143119.321, "degree": 2 }, "geometry": { "type": "Point", "coordinates": [ -71.377468001139249, 41.880657999500436 ] } },
{ "type": "Feature", "properties": { "node_id": "-8235663.058_4978443.636", "x": -8235663.058, "y": 4978443.636, "degree": 2 }, "geometry": { "type": "Point", "coordinates": [ -73.982219998599177, 40.769781998659177 ] } },
{ "type": "Feature", "properties": { "node_id": "-7945542.424_5143786.331", "x": -7945542.424, "y": 5143786.331, "degree": 2 }, "geometry": { "type": "Point", "coordinates": [ -71.376022000992705, 41.88511899957583 ] } },
{ "type": "Feature", "properties": { "node_id": "-8231898.678_4984211.073", "x": -8231898.678, "y": 4984211.073, "degree": 2 }, "geometry": { "type": "Point", "coordinates": [ -73.948403997706819, 40.809008000377176 ] } },
{ "type": "Feature", "properties": { "node_id": "-8235658.383_4978319.138", "x": -8235658.383, "y": 4978319.138, "degree": 2 }, "geometry": { "type": "Point", "coordinates": [ -73.982178002359632, 40.768934996381049 ] } },
{ "type": "Feature", "properties": { "node_id": "-8231579.637_4984033.115", "x": -8231579.637, "y": 4984033.115, "degree": 2 }, "geometry": { "type": "Point", "coordinates": [ -73.945538003641218, 40.807798003189269 ] } },
{ "type": "Feature", "properties": { "node_id": "-8236542.148_4973741.460", "x": -8236542.148, "y": 4973741.46, "degree": 2 }, "geometry": { "type": "Point", "coordinates": [ -73.990116998430324, 40.737783998301182 ] } },
{ "type": "Feature", "properties": { "node_id": "-8236011.377_4976812.945", "x": -8236011.377, "y": 4976812.945, "degree": 2 }, "geometry": { "type": "Point", "coordinates": [ -73.985349001413667, 40.758686997239181 ] } },
{ "type": "Feature", "properties": { "node_id": "-7945118.631_5144898.866", "x": -7945118.631, "y": 5144898.866, "degree": 2 }, "geometry": { "type": "Point", "coordinates": [ -71.372215003700688, 41.892559002705568 ] } },
{ "type": "Feature", "properties": { "node_id": "-7947405.801_5140734.704", "x": -7947405.801, "y": 5140734.704, "degree": 2 }, "geometry": { "type": "Point", "coordinates": [ -71.392761001384471, 41.864707000968373 ] } },
{ "type": "Feature", "properties": { "node_id": "-8236046.331_4976711.248", "x": -8236046.331, "y": 4976711.248, "degree": 2 }, "geometry": { "type": "Point", "coordinates": [ -73.985662998538075, 40.757995003224032 ] } },
{ "type": "Feature", "properties": { "node_id": "-7949300.570_5136347.492", "x": -7949300.57, "y": 5136347.492, "degree": 2 }, "geometry": { "type": "Point", "coordinates": [ -71.409782000910241, 41.835349998241774 ] } },
{ "type": "Feature", "properties": { "node_id": "-8236078.057_4976632.036", "x": -8236078.057, "y": 4976632.036, "degree": 2 }, "geometry": { "type": "Point", "coordinates": [ -73.985947998045106, 40.757456002688627 ] } },
{ "type": "Feature", "properties": { "node_id": "-7949398.531_5135797.085", "x": -7949398.531, "y": 5135797.085, "degree": 2 }, "geometry": { "type": "Point", "coordinates": [ -71.410661999545709, 41.83166600198917 ] } },
{ "type": "Feature", "properties": { "node_id": "-8235620.645_4977927.723", "x": -8235620.645, "y": 4977927.723, "degree": 2 }, "geometry": { "type": "Point", "coordinates": [ -73.981838996137711, 40.766271996553748 ] } },
{ "type": "Feature", "properties": { "node_id": "-8236087.297_4976614.841", "x": -8236087.297, "y": 4976614.841, "degree": 2 }, "geometry": { "type": "Point", "coordinates": [ -73.986031002377359, 40.757338998195152 ] } },
{ "type": "Feature", "properties": { "node_id": "-8225072.233_4977728.862", "x": -8225072.233, "y": 4977728.862, "degree": 2 }, "geometry": { "type": "Point", "coordinates": [ -73.887080998909809, 40.76491900085847 ] } },
{ "type": "Feature", "properties": { "node_id": "-8225698.962_4977855.704", "x": -8225698.962, "y": 4977855.704, "degree": 2 }, "geometry": { "type": "Point", "coordinates": [ -73.892711001306836, 40.765782002214422 ] } },
{ "type": "Feature", "properties": { "node_id": "-7946819.815_5141974.553", "x": -7946819.815, "y": 5141974.553, "degree": 2 }, "geometry": { "type": "Point", "coordinates": [ -71.387496999583675, 41.873001001313575 ] } },
{ "type": "Feature", "properties": { "node_id": "-8225780.448_4977878.485", "x": -8225780.448, "y": 4977878.485, "degree": 2 }, "geometry": { "type": "Point", "coordinates": [ -73.893443002499239, 40.765936997273755 ] } },
{ "type": "Feature", "properties": { "node_id": "-7949284.429_5135347.250", "x": -7949284.429, "y": 5135347.25, "degree": 2 }, "geometry": { "type": "Point", "coordinates": [ -71.409637003840217, 41.828654999000882 ] } },
{ "type": "Feature", "properties": { "node_id": "-8233619.121_4983322.784", "x": -8233619.121, "y": 4983322.784, "degree": 2 }, "geometry": { "type": "Point", "coordinates": [ -73.963859000130398, 40.802968000452566 ] } },
{ "type": "Feature", "properties": { "node_id": "-8233821.166_4982949.403", "x": -8233821.166, "y": 4982949.403, "degree": 2 }, "geometry": { "type": "Point", "coordinates": [ -73.965674001246185, 40.800428999095416 ] } },
{ "type": "Feature", "properties": { "node_id": "-7945697.937_5143380.976", "x": -7945697.937, "y": 5143380.976, "degree": 2 }, "geometry": { "type": "Point", "coordinates": [ -71.377418998040497, 41.882407999856198 ] } },
{ "type": "Feature", "properties": { "node_id": "-8234287.261_4982111.370", "x": -8234287.261, "y": 4982111.37, "degree": 2 }, "geometry": { "type": "Point", "coordinates": [ -73.96986100386971, 40.794729997375335 ] } },
{ "type": "Feature", "properties": { "node_id": "-8235656.824_4978256.670", "x": -8235656.824, "y": 4978256.67, "degree": 2 }, "geometry": { "type": "Point", "coordinates": [ -73.982163997624355, 40.768510001242781 ] } },
{ "type": "Feature", "properties": { "node_id": "-7946687.122_5141986.513", "x": -7946687.122, "y": 5141986.513, "degree": 2 }, "geometry": { "type": "Point", "coordinates": [ -71.386304998083716, 41.873081002787202 ] } },
{ "type": "Feature", "properties": { "node_id": "-8235676.083_4978197.288", "x": -8235676.083, "y": 4978197.288, "degree": 2 }, "geometry": { "type": "Point", "coordinates": [ -73.982337004164918, 40.768105998894079 ] } },
{ "type": "Feature", "properties": { "node_id": "-8235656.045_4978136.584", "x": -8235656.045, "y": 4978136.584, "degree": 2 }, "geometry": { "type": "Point", "coordinates": [ -73.982156999748284, 40.767692999848322 ] } },
{ "type": "Feature", "properties": { "node_id": "-7946572.686_5142005.349", "x": -7946572.686, "y": 5142005.349, "degree": 2 }, "geometry": { "type": "Point", "coordinates": [ -71.385277002005182, 41.873206998216055 ] } },
{ "type": "Feature", "properties": { "node_id": "-8236134.942_4976517.554", "x": -8236134.942, "y": 4976517.554, "degree": 2 }, "geometry": { "type": "Point", "coordinates": [ -73.986459004694481, 40.756676998610992 ] } },
{ "type": "Feature", "properties": { "node_id": "-7949219.975_5135172.910", "x": -7949219.975, "y": 5135172.91, "degree": 2 }, "geometry": { "type": "Point", "coordinates": [ -71.409058003707003, 41.82748800356628 ] } },
{ "type": "Feature", "properties": { "node_id": "-7946425.744_5142030.465", "x": -7946425.744, "y": 5142030.465, "degree": 2 }, "geometry": { "type": "Point", "coordinates": [ -71.383956999560397, 41.873375000653567 ] } },
{ "type": "Feature", "properties": { "node_id": "-8225606.678_4977841.300", "x": -8225606.678, "y": 4977841.3, "degree": 2 }, "geometry": { "type": "Point", "coordinates": [ -73.891882000030037, 40.765684001552273 ] } },
{ "type": "Feature", "properties": { "node_id": "-7945678.122_5143242.074", "x": -7945678.122, "y": 5143242.074, "degree": 2 }, "geometry": { "type": "Point", "coordinates": [ -71.377240996866959, 41.88147900179451 ] } },
{ "type": "Feature", "properties": { "node_id": "-8235604.170_4978050.746", "x": -8235604.17, "y": 4978050.746, "degree": 2 }, "geometry": { "type": "Point", "coordinates": [ -73.981690998694646, 40.767108997508679 ] } },
{ "type": "Feature", "properties": { "node_id": "-8236634.766_4973180.695", "x": -8236634.766, "y": 4973180.695, "degree": 2 }, "geometry": { "type": "Point", "coordinates": [ -73.990949000080178, 40.7339670013912 ] } },
{ "type": "Feature", "properties": { "node_id": "-8235439.306_4980026.821", "x": -8235439.306, "y": 4980026.821, "degree": 2 }, "geometry": { "type": "Point", "coordinates": [ -73.980210000184641, 40.780552003587964 ] } },
{ "type": "Feature", "properties": { "node_id": "-8235594.040_4979740.594", "x": -8235594.04, "y": 4979740.594, "degree": 2 }, "geometry": { "type": "Point", "coordinates": [ -73.981599999356376, 40.778605003391256 ] } },
{ "type": "Feature", "properties": { "node_id": "-8236653.134_4973067.723", "x": -8236653.134, "y": 4973067.723, "degree": 2 }, "geometry": { "type": "Point", "coordinates": [ -73.991114002631562, 40.733198000763089 ] } },
{ "type": "Feature", "properties": { "node_id": "-8235658.605_4979624.606", "x": -8235658.605, "y": 4979624.606, "degree": 2 }, "geometry": { "type": "Point", "coordinates": [ -73.982179996619564, 40.777816002669482 ] } },
{ "type": "Feature", "properties": { "node_id": "-8235688.328_4977596.143", "x": -8235688.328, "y": 4977596.143, "degree": 2 }, "geometry": { "type": "Point", "coordinates": [ -73.982447002871453, 40.764016001861897 ] } },
{ "type": "Feature", "properties": { "node_id": "-8236670.833_4972956.074", "x": -8236670.833, "y": 4972956.074, "degree": 2 }, "geometry": { "type": "Point", "coordinates": [ -73.991272995453699, 40.732437997065958 ] } },
{ "type": "Feature", "properties": { "node_id": "-8225289.640_4977777.511", "x": -8225289.64, "y": 4977777.511, "degree": 2 }, "geometry": { "type": "Point", "coordinates": [ -73.889033999219563, 40.765249997854788 ] } },
{ "type": "Feature", "properties": { "node_id": "-8236688.867_4972850.744", "x": -8236688.867, "y": 4972850.744, "degree": 2 }, "geometry": { "type": "Point", "coordinates": [ -73.991434997632027, 40.731720999350543 ] } },
{ "type": "Feature", "properties": { "node_id": "-8235605.506_4978130.558", "x": -8235605.506, "y": 4978130.558, "degree": 2 }, "geometry": { "type": "Point", "coordinates": [ -73.98170300018684, 40.767652001878652 ] } },
{ "type": "Feature", "properties": { "node_id": "-7949396.973_5135886.726", "x": -7949396.973, "y": 5135886.726, "degree": 2 }, "geometry": { "type": "Point", "coordinates": [ -71.410648003793597, 41.8322660035588 ] } },
{ "type": "Feature", "properties": { "node_id": "-8236417.025_4974626.821", "x": -8236417.025, "y": 4974626.821, "degree": 2 }, "geometry": { "type": "Point", "coordinates": [ -73.988992999397396, 40.743809998836085 ] } },
{ "type": "Feature", "properties": { "node_id": "-8236434.613_4974512.657", "x": -8236434.613, "y": 4974512.657, "degree": 2 }, "geometry": { "type": "Point", "coordinates": [ -73.989150995089545, 40.743032999192927 ] } },
{ "type": "Feature", "properties": { "node_id": "-7949047.541_5135137.504", "x": -7949047.541, "y": 5135137.504, "degree": 2 }, "geometry": { "type": "Point", "coordinates": [ -71.407509002729981, 41.827251000621246 ] } },
{ "type": "Feature", "properties": { "node_id": "-7949305.691_5136264.272", "x": -7949305.691, "y": 5136264.272, "degree": 2 }, "geometry": { "type": "Point", "coordinates": [ -71.409828003635923, 41.8347930019114 ] } },
{ "type": "Feature", "properties": { "node_id": "-8236414.576_4974404.078", "x": -8236414.576, "y": 4974404.078, "degree": 2 }, "geometry": { "type": "Point", "coordinates": [ -73.988970999656075, 40.742294002611374 ] } },
{ "type": "Feature", "properties": { "node_id": "-8236428.602_4974417.154", "x": -8236428.602, "y": 4974417.154, "degree": 2 }, "geometry": { "type": "Point", "coordinates": [ -73.989096997357819, 40.742382999254538 ] } },
{ "type": "Feature", "properties": { "node_id": "-7945986.811_5142295.529", "x": -7945986.811, "y": 5142295.529, "degree": 2 }, "geometry": { "type": "Point", "coordinates": [ -71.380013997334345, 41.875148002800977 ] } },
{ "type": "Feature", "properties": { "node_id": "-8236178.133_4976169.856", "x": -8236178.133, "y": 4976169.856, "degree": 2 }, "geometry": { "type": "Point", "coordinates": [ -73.986846996048854, 40.754310997260525 ] } },
{ "type": "Feature", "properties": { "node_id": "-8236202.178_4976067.430", "x": -8236202.178, "y": 4976067.43, "degree": 2 }, "geometry": { "type": "Point", "coordinates": [ -73.987062995958908, 40.753613996884084 ] } },
{ "type": "Feature", "properties": { "node_id": "-8235676.083_4979050.567", "x": -8235676.083, "y": 4979050.567, "degree": 2 }, "geometry": { "type": "Point", "coordinates": [ -73.982337004164918, 40.773911002266189 ] } },
{ "type": "Feature", "properties": { "node_id": "-7949041.529_5135121.669", "x": -7949041.529, "y": 5135121.669, "degree": 2 }, "geometry": { "type": "Point", "coordinates": [ -71.40745499601509, 41.827145003002535 ] } },
{ "type": "Feature", "properties": { "node_id": "-8235673.300_4978929.736", "x": -8235673.3, "y": 4978929.736, "degree": 2 }, "geometry": { "type": "Point", "coordinates": [ -73.982312004050556, 40.773088999074524 ] } },
{ "type": "Feature", "properties": { "node_id": "-8236227.559_4975963.389", "x": -8236227.559, "y": 4975963.389, "degree": 2 }, "geometry": { "type": "Point", "coordinates": [ -73.987290997361171, 40.752905999086835 ] } },
{ "type": "Feature", "properties": { "node_id": "-8236248.042_4975852.148", "x": -8236248.042, "y": 4975852.148, "degree": 2 }, "geometry": { "type": "Point", "coordinates": [ -73.98747499928082, 40.752148997033316 ] } },
{ "type": "Feature", "properties": { "node_id": "-8236262.625_4975742.231", "x": -8236262.625, "y": 4975742.231, "degree": 2 }, "geometry": { "type": "Point", "coordinates": [ -73.987606000598703, 40.751400996418234 ] } },
{ "type": "Feature", "properties": { "node_id": "-7949304.021_5136308.795", "x": -7949304.021, "y": 5136308.795, "degree": 2 }, "geometry": { "type": "Point", "coordinates": [ -71.409813001770686, 41.835090997559014 ] } },
{ "type": "Feature", "properties": { "node_id": "-8236667.160_4973463.204", "x": -8236667.16, "y": 4973463.204, "degree": 2 }, "geometry": { "type": "Point", "coordinates": [ -73.99124000033332, 40.735890001810063 ] } },
{ "type": "Feature", "properties": { "node_id": "-8236718.590_4973362.422", "x": -8236718.59, "y": 4973362.422, "degree": 2 }, "geometry": { "type": "Point", "coordinates": [ -73.99170200388393, 40.735203998792358 ] } },
{ "type": "Feature", "properties": { "node_id": "-8236614.617_4973556.788", "x": -8236614.617, "y": 4973556.788, "degree": 2 }, "geometry": { "type": "Point", "coordinates": [ -73.99076799853357, 40.73652700314036 ] } },
{ "type": "Feature", "properties": { "node_id": "-8236567.084_4973640.676", "x": -8236567.084, "y": 4973640.676, "degree": 2 }, "geometry": { "type": "Point", "coordinates": [ -73.990341002329586, 40.737098001200323 ] } },
{ "type": "Feature", "properties": { "node_id": "-7948307.823_5139072.207", "x": -7948307.823, "y": 5139072.207, "degree": 2 }, "geometry": { "type": "Point", "coordinates": [ -71.400864002876602, 41.853583997647412 ] } },
{ "type": "Feature", "properties": { "node_id": "-8236613.727_4973303.952", "x": -8236613.727, "y": 4973303.952, "degree": 2 }, "geometry": { "type": "Point", "coordinates": [ -73.990760003527541, 40.734806001895905 ] } },
{ "type": "Feature", "properties": { "node_id": "-8236298.359_4975480.229", "x": -8236298.359, "y": 4975480.229, "degree": 2 }, "geometry": { "type": "Point", "coordinates": [ -73.987927004582332, 40.749618002094671 ] } },
{ "type": "Feature", "properties": { "node_id": "-8236402.554_4974734.668", "x": -8236402.554, "y": 4974734.668, "degree": 2 }, "geometry": { "type": "Point", "coordinates": [ -73.988863004192623, 40.744543996669449 ] } },
{ "type": "Feature", "properties": { "node_id": "-7948142.513_5139578.115", "x": -7948142.513, "y": 5139578.115, "degree": 2 }, "geometry": { "type": "Point", "coordinates": [ -71.399378997880433, 41.856969000343369 ] } },
{ "type": "Feature", "properties": { "node_id": "-7948109.897_5139684.531", "x": -7948109.897, "y": 5139684.531, "degree": 2 }, "geometry": { "type": "Point", "coordinates": [ -71.399086003367358, 41.857681001160373 ] } },
{ "type": "Feature", "properties": { "node_id": "-7948324.298_5139038.132", "x": -7948324.298, "y": 5139038.132, "degree": 2 }, "geometry": { "type": "Point", "coordinates": [ -71.401012000319668, 41.853355997250546 ] } },
{ "type": "Feature", "properties": { "node_id": "-8236279.991_4975634.814", "x": -8236279.991, "y": 4975634.814, "degree": 2 }, "geometry": { "type": "Point", "coordinates": [ -73.987762002030948, 40.750670000524259 ] } },
{ "type": "Feature", "properties": { "node_id": "-8236482.592_4974046.905", "x": -8236482.592, "y": 4974046.905, "degree": 2 }, "geometry": { "type": "Point", "coordinates": [ -73.989581997779723, 40.739862999232727 ] } },
{ "type": "Feature", "properties": { "node_id": "-7948068.263_5139752.387", "x": -7948068.263, "y": 5139752.387, "degree": 2 }, "geometry": { "type": "Point", "coordinates": [ -71.398711998781963, 41.858135003255974 ] } },
{ "type": "Feature", "properties": { "node_id": "-8236463.891_4974155.628", "x": -8236463.891, "y": 4974155.628, "degree": 2 }, "geometry": { "type": "Point", "coordinates": [ -73.989414003838434, 40.740603002928431 ] } },
{ "type": "Feature", "properties": { "node_id": "-8236434.836_4974266.114", "x": -8236434.836, "y": 4974266.114, "degree": 2 }, "geometry": { "type": "Point", "coordinates": [ -73.989152998332642, 40.741354997735215 ] } },
{ "type": "Feature", "properties": { "node_id": "-8236301.030_4975516.230", "x": -8236301.03, "y": 4975516.23, "degree": 2 }, "geometry": { "type": "Point", "coordinates": [ -73.987950998583571, 40.749863001449604 ] } },
{ "type": "Feature", "properties": { "node_id": "-7949084.053_5137334.092", "x": -7949084.053, "y": 5137334.092, "degree": 2 }, "geometry": { "type": "Point", "coordinates": [ -71.407836995606516, 41.841953000400345 ] } },
{ "type": "Feature", "properties": { "node_id": "-8235913.416_4977118.633", "x": -8235913.416, "y": 4977118.633, "degree": 2 }, "geometry": { "type": "Point", "coordinates": [ -73.984469002778184, 40.760766998182895 ] } },
{ "type": "Feature", "properties": { "node_id": "-7946103.029_5142157.539", "x": -7946103.029, "y": 5142157.539, "degree": 2 }, "geometry": { "type": "Point", "coordinates": [ -71.381058001391253, 41.874224999528181 ] } },
{ "type": "Feature", "properties": { "node_id": "-8236503.409_4973944.208", "x": -8236503.409, "y": 4973944.208, "degree": 2 }, "geometry": { "type": "Point", "coordinates": [ -73.989769000072414, 40.739164002869913 ] } },
{ "type": "Feature", "properties": { "node_id": "-8229888.916_4983099.107", "x": -8229888.916, "y": 4983099.107, "degree": 2 }, "geometry": { "type": "Point", "coordinates": [ -73.930349998486406, 40.801447002192262 ] } },
{ "type": "Feature", "properties": { "node_id": "-8236524.448_4973843.715", "x": -8236524.448, "y": 4973843.715, "degree": 2 }, "geometry": { "type": "Point", "coordinates": [ -73.989957996625037, 40.738480000691645 ] } },
{ "type": "Feature", "properties": { "node_id": "-8229840.715_4983073.078", "x": -8229840.715, "y": 4983073.078, "degree": 2 }, "geometry": { "type": "Point", "coordinates": [ -73.92991700153631, 40.801270003349607 ] } },
{ "type": "Feature", "properties": { "node_id": "-8236152.307_4976271.402", "x": -8236152.307, "y": 4976271.402, "degree": 2 }, "geometry": { "type": "Point", "coordinates": [ -73.986614997143576, 40.755002002097378 ] } },
{ "type": "Feature", "properties": { "node_id": "-8229683.977_4982986.314", "x": -8229683.977, "y": 4982986.314, "degree": 2 }, "geometry": { "type": "Point", "coordinates": [ -73.928509000126283, 40.800679999265149 ] } },
{ "type": "Feature", "properties": { "node_id": "-7949159.639_5137133.566", "x": -7949159.639, "y": 5137133.566, "degree": 2 }, "geometry": { "type": "Point", "coordinates": [ -71.408515996197167, 41.840610998387923 ] } },
{ "type": "Feature", "properties": { "node_id": "-7949238.565_5136795.432", "x": -7949238.565, "y": 5136795.432, "degree": 2 }, "geometry": { "type": "Point", "coordinates": [ -71.409225000518319, 41.838348003611337 ] } },
{ "type": "Feature", "properties": { "node_id": "-7945919.574_5142490.182", "x": -7945919.574, "y": 5142490.182, "degree": 2 }, "geometry": { "type": "Point", "coordinates": [ -71.379409997086753, 41.876449997356595 ] } },
{ "type": "Feature", "properties": { "node_id": "-7947648.589_5140376.711", "x": -7947648.589, "y": 5140376.711, "degree": 2 }, "geometry": { "type": "Point", "coordinates": [ -71.394942003096489, 41.862311997792411 ] } },
{ "type": "Feature", "properties": { "node_id": "-8229583.233_4982930.433", "x": -8229583.233, "y": 4982930.433, "degree": 2 }, "geometry": { "type": "Point", "coordinates": [ -73.927604001376437, 40.800299999966455 ] } },
{ "type": "Feature", "properties": { "node_id": "-8235659.941_4977701.671", "x": -8235659.941, "y": 4977701.671, "degree": 2 }, "geometry": { "type": "Point", "coordinates": [ -73.982191998111745, 40.764733998612471 ] } },
{ "type": "Feature", "properties": { "node_id": "-8235633.113_4977809.406", "x": -8235633.113, "y": 4977809.406, "degree": 2 }, "geometry": { "type": "Point", "coordinates": [ -73.981950998087342, 40.76546700345969 ] } },
{ "type": "Feature", "properties": { "node_id": "-8229813.775_4983055.725", "x": -8229813.775, "y": 4983055.725, "degree": 2 }, "geometry": { "type": "Point", "coordinates": [ -73.929674995398756, 40.801152001592264 ] } },
{ "type": "Feature", "properties": { "node_id": "-7949024.831_5137468.426", "x": -7949024.831, "y": 5137468.426, "degree": 2 }, "geometry": { "type": "Point", "coordinates": [ -71.407304995328971, 41.842852002731775 ] } },
{ "type": "Feature", "properties": { "node_id": "-7948809.985_5137972.007", "x": -7948809.985, "y": 5137972.007, "degree": 2 }, "geometry": { "type": "Point", "coordinates": [ -71.405375000873647, 41.846222001320825 ] } },
{ "type": "Feature", "properties": { "node_id": "-8236126.259_4976390.289", "x": -8236126.259, "y": 4976390.289, "degree": 2 }, "geometry": { "type": "Point", "coordinates": [ -73.986381003978352, 40.755811000632868 ] } },
{ "type": "Feature", "properties": { "node_id": "-8235673.300_4978863.589", "x": -8235673.3, "y": 4978863.589, "degree": 2 }, "geometry": { "type": "Point", "coordinates": [ -73.982312004050556, 40.772639002255779 ] } },
{ "type": "Feature", "properties": { "node_id": "-7948774.029_5138052.403", "x": -7948774.029, "y": 5138052.403, "degree": 2 }, "geometry": { "type": "Point", "coordinates": [ -71.405052002630072, 41.846760000435516 ] } },
{ "type": "Feature", "properties": { "node_id": "-8236188.598_4976423.942", "x": -8236188.598, "y": 4976423.942, "degree": 2 }, "geometry": { "type": "Point", "coordinates": [ -73.986941004743329, 40.756039999725949 ] } },
{ "type": "Feature", "properties": { "node_id": "-8235671.518_4978808.760", "x": -8235671.518, "y": 4978808.76, "degree": 2 }, "geometry": { "type": "Point", "coordinates": [ -73.98229599607221, 40.772265999271752 ] } },
{ "type": "Feature", "properties": { "node_id": "-7946178.615_5142105.962", "x": -7946178.615, "y": 5142105.962, "degree": 2 }, "geometry": { "type": "Point", "coordinates": [ -71.381737001981904, 41.873880001977433 ] } },
{ "type": "Feature", "properties": { "node_id": "-8236370.048_4974951.836", "x": -8236370.048, "y": 4974951.836, "degree": 2 }, "geometry": { "type": "Point", "coordinates": [ -73.988570997826358, 40.746021999680174 ] } },
{ "type": "Feature", "properties": { "node_id": "-8236356.133_4975062.773", "x": -8236356.133, "y": 4975062.773, "degree": 2 }, "geometry": { "type": "Point", "coordinates": [ -73.988445997254573, 40.746777002568869 ] } },
{ "type": "Feature", "properties": { "node_id": "-8236341.328_4975175.914", "x": -8236341.328, "y": 4975175.914, "degree": 2 }, "geometry": { "type": "Point", "coordinates": [ -73.988313001676758, 40.7475469963709 ] } },
{ "type": "Feature", "properties": { "node_id": "-7948460.887_5138731.762", "x": -7948460.887, "y": 5138731.762, "degree": 2 }, "geometry": { "type": "Point", "coordinates": [ -71.402239000183087, 41.85130599797052 ] } },
{ "type": "Feature", "properties": { "node_id": "-8236322.069_4975280.388", "x": -8236322.069, "y": 4975280.388, "degree": 2 }, "geometry": { "type": "Point", "coordinates": [ -73.988139995136194, 40.748257998012377 ] } },
{ "type": "Feature", "properties": { "node_id": "-8235979.428_4976918.465", "x": -8235979.428, "y": 4976918.465, "degree": 2 }, "geometry": { "type": "Point", "coordinates": [ -73.985061998663539, 40.759404997121926 ] } },
{ "type": "Feature", "properties": { "node_id": "-8235950.040_4977022.370", "x": -8235950.04, "y": 4977022.37, "degree": 2 }, "geometry": { "type": "Point", "coordinates": [ -73.984798001767828, 40.760112000326707 ] } },
{ "type": "Feature", "properties": { "node_id": "-8235668.179_4978684.111", "x": -8235668.179, "y": 4978684.111, "degree": 2 }, "geometry": { "type": "Point", "coordinates": [ -73.982266001324859, 40.771418001384454 ] } },
{ "type": "Feature", "properties": { "node_id": "-8236387.971_4974843.105", "x": -8236387.971, "y": 4974843.105, "degree": 2 }, "geometry": { "type": "Point", "coordinates": [ -73.988732002874727, 40.74528200182732 ] } },
{ "type": "Feature", "properties": { "node_id": "-8230666.928_4988664.767", "x": -8230666.928, "y": 4988664.767, "degree": 2 }, "geometry": { "type": "Point", "coordinates": [ -73.937338999194694, 40.839283000123032 ] } },
{ "type": "Feature", "properties": { "node_id": "-8230651.121_4988691.988", "x": -8230651.121, "y": 4988691.988, "degree": 2 }, "geometry": { "type": "Point", "coordinates": [ -73.937197002497726, 40.839467998578961 ] } },
{ "type": "Feature", "properties": { "node_id": "-8198812.744_4983425.727", "x": -8198812.744, "y": 4983425.727, "degree": 2 }, "geometry": { "type": "Point", "coordinates": [ -73.651187995691132, 40.80366799868294 ] } },
{ "type": "Feature", "properties": { "node_id": "-8198738.160_4983437.198", "x": -8198738.16, "y": 4983437.198, "degree": 2 }, "geometry": { "type": "Point", "coordinates": [ -73.650517996219619, 40.803745999446832 ] } },
{ "type": "Feature", "properties": { "node_id": "-8198309.692_4983503.377", "x": -8198309.692, "y": 4983503.377, "degree": 2 }, "geometry": { "type": "Point", "coordinates": [ -73.646669002688057, 40.804196003110029 ] } },
{ "type": "Feature", "properties": { "node_id": "-8198057.776_4983545.290", "x": -8198057.776, "y": 4983545.29, "degree": 2 }, "geometry": { "type": "Point", "coordinates": [ -73.644406002756909, 40.80448100135866 ] } },
{ "type": "Feature", "properties": { "node_id": "-8196247.832_4984292.700", "x": -8196247.832, "y": 4984292.7, "degree": 2 }, "geometry": { "type": "Point", "coordinates": [ -73.628146999170923, 40.809563002832384 ] } },
{ "type": "Feature", "properties": { "node_id": "-8230013.260_4989684.511", "x": -8230013.26, "y": 4989684.511, "degree": 2 }, "geometry": { "type": "Point", "coordinates": [ -73.931466999643291, 40.846212997793224 ] } },
{ "type": "Feature", "properties": { "node_id": "-8229953.481_4989656.552", "x": -8229953.481, "y": 4989656.552, "degree": 2 }, "geometry": { "type": "Point", "coordinates": [ -73.930929995749594, 40.846023003095546 ] } },
{ "type": "Feature", "properties": { "node_id": "-8229930.661_4989646.839", "x": -8229930.661, "y": 4989646.839, "degree": 2 }, "geometry": { "type": "Point", "coordinates": [ -73.930725000201761, 40.845956998515163 ] } },
{ "type": "Feature", "properties": { "node_id": "-8232530.862_4985292.865", "x": -8232530.862, "y": 4985292.865, "degree": 2 }, "geometry": { "type": "Point", "coordinates": [ -73.954083003202584, 40.816362998727847 ] } },
{ "type": "Feature", "properties": { "node_id": "-8204736.055_4981360.893", "x": -8204736.055, "y": 4981360.893, "degree": 2 }, "geometry": { "type": "Point", "coordinates": [ -73.704398003730063, 40.789626000629617 ] } },
{ "type": "Feature", "properties": { "node_id": "-8232324.141_4985669.131", "x": -8232324.141, "y": 4985669.131, "degree": 2 }, "geometry": { "type": "Point", "coordinates": [ -73.952225996864101, 40.818921003467487 ] } },
{ "type": "Feature", "properties": { "node_id": "-8231809.066_4986597.941", "x": -8231809.066, "y": 4986597.941, "degree": 2 }, "geometry": { "type": "Point", "coordinates": [ -73.94759899941441, 40.825234998070592 ] } },
{ "type": "Feature", "properties": { "node_id": "-8231294.659_4987527.429", "x": -8231294.659, "y": 4987527.429, "degree": 2 }, "geometry": { "type": "Point", "coordinates": [ -73.942978002710845, 40.831552999940584 ] } },
{ "type": "Feature", "properties": { "node_id": "-8229531.135_4989521.610", "x": -8229531.135, "y": 4989521.61, "degree": 2 }, "geometry": { "type": "Point", "coordinates": [ -73.927135997079716, 40.845106000390594 ] } },
{ "type": "Feature", "properties": { "node_id": "-8229514.771_4989516.312", "x": -8229514.771, "y": 4989516.312, "degree": 2 }, "geometry": { "type": "Point", "coordinates": [ -73.926988996766639, 40.845069997402177 ] } },
{ "type": "Feature", "properties": { "node_id": "-8229477.145_4989503.657", "x": -8229477.145, "y": 4989503.657, "degree": 2 }, "geometry": { "type": "Point", "coordinates": [ -73.926650996657813, 40.844983999244803 ] } },
{ "type": "Feature", "properties": { "node_id": "-8230339.538_4989257.766", "x": -8230339.538, "y": 4989257.766, "degree": 2 }, "geometry": { "type": "Point", "coordinates": [ -73.934398004786004, 40.843313003336362 ] } },
{ "type": "Feature", "properties": { "node_id": "-8230263.172_4989392.704", "x": -8230263.172, "y": 4989392.704, "degree": 2 }, "geometry": { "type": "Point", "coordinates": [ -73.933711997336133, 40.844230003667946 ] } },
{ "type": "Feature", "properties": { "node_id": "-8230107.659_4989675.976", "x": -8230107.659, "y": 4989675.976, "degree": 2 }, "geometry": { "type": "Point", "coordinates": [ -73.932315000288341, 40.846154998468151 ] } },
{ "type": "Feature", "properties": { "node_id": "-8230091.295_4989702.759", "x": -8230091.295, "y": 4989702.759, "degree": 2 }, "geometry": { "type": "Point", "coordinates": [ -73.932167999975249, 40.846337001335179 ] } },
{ "type": "Feature", "properties": { "node_id": "-8230081.833_4989719.388", "x": -8230081.833, "y": 4989719.388, "degree": 2 }, "geometry": { "type": "Point", "coordinates": [ -73.932083001383063, 40.846450002826408 ] } },
{ "type": "Feature", "properties": { "node_id": "-8228838.171_4989484.821", "x": -8228838.171, "y": 4989484.821, "degree": 2 }, "geometry": { "type": "Point", "coordinates": [ -73.92091099555428, 40.844855997355616 ] } },
{ "type": "Feature", "properties": { "node_id": "-8232433.012_4985467.758", "x": -8232433.012, "y": 4985467.758, "degree": 2 }, "geometry": { "type": "Point", "coordinates": [ -73.953204001697074, 40.817552002622115 ] } },
{ "type": "Feature", "properties": { "node_id": "-8205598.113_4980549.607", "x": -8205598.113, "y": 4980549.607, "degree": 2 }, "geometry": { "type": "Point", "coordinates": [ -73.712142002502034, 40.784108000335863 ] } },
{ "type": "Feature", "properties": { "node_id": "-8205055.096_4980744.851", "x": -8205055.096, "y": 4980744.851, "degree": 2 }, "geometry": { "type": "Point", "coordinates": [ -73.707263997795664, 40.785436003576521 ] } },
{ "type": "Feature", "properties": { "node_id": "-8204917.617_4981095.211", "x": -8204917.617, "y": 4981095.211, "degree": 2 }, "geometry": { "type": "Point", "coordinates": [ -73.706029002926215, 40.787819002366923 ] } },
{ "type": "Feature", "properties": { "node_id": "-8211249.135_4977179.478", "x": -8211249.135, "y": 4977179.478, "degree": 2 }, "geometry": { "type": "Point", "coordinates": [ -73.762905996836992, 40.761180999658968 ] } },
{ "type": "Feature", "properties": { "node_id": "-8210702.223_4977304.990", "x": -8210702.223, "y": 4977304.99, "degree": 2 }, "geometry": { "type": "Point", "coordinates": [ -73.757993002750311, 40.762035000113116 ] } },
{ "type": "Feature", "properties": { "node_id": "-8210578.435_4977336.295", "x": -8210578.435, "y": 4977336.295, "degree": 2 }, "geometry": { "type": "Point", "coordinates": [ -73.7568809962264, 40.762248001815209 ] } },
{ "type": "Feature", "properties": { "node_id": "-8210516.764_4977351.433", "x": -8210516.764, "y": 4977351.433, "degree": 2 }, "geometry": { "type": "Point", "coordinates": [ -73.756326996207548, 40.762351001722621 ] } },
{ "type": "Feature", "properties": { "node_id": "-8210007.255_4977497.229", "x": -8210007.255, "y": 4977497.229, "degree": 2 }, "geometry": { "type": "Point", "coordinates": [ -73.751749998986568, 40.763342998736796 ] } },
{ "type": "Feature", "properties": { "node_id": "-8200801.467_4982467.367", "x": -8200801.467, "y": 4982467.367, "degree": 2 }, "geometry": { "type": "Point", "coordinates": [ -73.669052998358936, 40.797150997034969 ] } },
{ "type": "Feature", "properties": { "node_id": "-8200146.909_4982667.355", "x": -8200146.909, "y": 4982667.355, "degree": 2 }, "geometry": { "type": "Point", "coordinates": [ -73.663173003801504, 40.798511000327323 ] } },
{ "type": "Feature", "properties": { "node_id": "-8199107.964_4983380.285", "x": -8199107.964, "y": 4983380.285, "degree": 2 }, "geometry": { "type": "Point", "coordinates": [ -73.653840002072897, 40.803359000248008 ] } },
{ "type": "Feature", "properties": { "node_id": "-8230947.787_4988150.668", "x": -8230947.787, "y": 4988150.668, "degree": 2 }, "geometry": { "type": "Point", "coordinates": [ -73.939861998518509, 40.835789000621091 ] } },
{ "type": "Feature", "properties": { "node_id": "-8207995.489_4978875.642", "x": -8207995.489, "y": 4978875.642, "degree": 2 }, "geometry": { "type": "Point", "coordinates": [ -73.733677997527849, 40.772720998819139 ] } },
{ "type": "Feature", "properties": { "node_id": "-8207848.882_4979093.490", "x": -8207848.882, "y": 4979093.49, "degree": 2 }, "geometry": { "type": "Point", "coordinates": [ -73.732361004439255, 40.774203001398867 ] } },
{ "type": "Feature", "properties": { "node_id": "-8206920.700_4979754.706", "x": -8206920.7, "y": 4979754.706, "degree": 2 }, "geometry": { "type": "Point", "coordinates": [ -73.724023003668819, 40.778700998701261 ] } },
{ "type": "Feature", "properties": { "node_id": "-8206113.967_4980215.291", "x": -8206113.967, "y": 4980215.291, "degree": 2 }, "geometry": { "type": "Point", "coordinates": [ -73.716775997827781, 40.781834000772285 ] } },
{ "type": "Feature", "properties": { "node_id": "-8193747.262_4985457.755", "x": -8193747.262, "y": 4985457.755, "degree": 2 }, "geometry": { "type": "Point", "coordinates": [ -73.605683996670805, 40.817483998153875 ] } },
{ "type": "Feature", "properties": { "node_id": "-8232631.160_4985107.533", "x": -8232631.16, "y": 4985107.533, "degree": 2 }, "geometry": { "type": "Point", "coordinates": [ -73.95498399546625, 40.815103002403241 ] } },
{ "type": "Feature", "properties": { "node_id": "-8225268.044_4989966.615", "x": -8225268.044, "y": 4989966.615, "degree": 2 }, "geometry": { "type": "Point", "coordinates": [ -73.888839999050802, 40.848129998119518 ] } },
{ "type": "Feature", "properties": { "node_id": "-8225192.903_4990084.786", "x": -8225192.903, "y": 4990084.786, "degree": 2 }, "geometry": { "type": "Point", "coordinates": [ -73.888164995963152, 40.848932997000723 ] } },
{ "type": "Feature", "properties": { "node_id": "-8225001.768_4990285.077", "x": -8225001.768, "y": 4990285.077, "degree": 2 }, "geometry": { "type": "Point", "coordinates": [ -73.886448001044855, 40.850293997776738 ] } },
{ "type": "Feature", "properties": { "node_id": "-8224877.758_4990409.728", "x": -8224877.758, "y": 4990409.728, "degree": 2 }, "geometry": { "type": "Point", "coordinates": [ -73.885334000261025, 40.851141001791518 ] } },
{ "type": "Feature", "properties": { "node_id": "-8224688.070_4990817.539", "x": -8224688.07, "y": 4990817.539, "degree": 2 }, "geometry": { "type": "Point", "coordinates": [ -73.883630003964882, 40.85391200341568 ] } },
{ "type": "Feature", "properties": { "node_id": "-8224487.583_4991343.406", "x": -8224487.583, "y": 4991343.406, "degree": 2 }, "geometry": { "type": "Point", "coordinates": [ -73.881828998601208, 40.8574850030287 ] } },
{ "type": "Feature", "properties": { "node_id": "-8208027.995_4978823.312", "x": -8208027.995, "y": 4978823.312, "degree": 2 }, "geometry": { "type": "Point", "coordinates": [ -73.733970003894115, 40.772364997076124 ] } },
{ "type": "Feature", "properties": { "node_id": "-8226412.409_4989375.340", "x": -8226412.409, "y": 4989375.34, "degree": 2 }, "geometry": { "type": "Point", "coordinates": [ -73.899120004751921, 40.844112003565854 ] } },
{ "type": "Feature", "properties": { "node_id": "-8226239.084_4989348.852", "x": -8226239.084, "y": 4989348.852, "degree": 2 }, "geometry": { "type": "Point", "coordinates": [ -73.897562999785706, 40.843931999319622 ] } },
{ "type": "Feature", "properties": { "node_id": "-8225971.917_4989307.650", "x": -8225971.917, "y": 4989307.65, "degree": 2 }, "geometry": { "type": "Point", "coordinates": [ -73.895162997790607, 40.843652002313753 ] } },
{ "type": "Feature", "properties": { "node_id": "-8225939.969_4989304.265", "x": -8225939.969, "y": 4989304.265, "degree": 2 }, "geometry": { "type": "Point", "coordinates": [ -73.894876004023615, 40.843628998769468 ] } },
{ "type": "Feature", "properties": { "node_id": "-8223094.420_4991227.721", "x": -8223094.42, "y": 4991227.721, "degree": 2 }, "geometry": { "type": "Point", "coordinates": [ -73.869314002439509, 40.856698998647886 ] } },
{ "type": "Feature", "properties": { "node_id": "-8223086.182_4991226.691", "x": -8223086.182, "y": 4991226.691, "degree": 2 }, "geometry": { "type": "Point", "coordinates": [ -73.869239999226409, 40.856692000425483 ] } },
{ "type": "Feature", "properties": { "node_id": "-8211418.786_5000665.071", "x": -8211418.786, "y": 5000665.071, "degree": 2 }, "geometry": { "type": "Point", "coordinates": [ -73.764429997699665, 40.920789002235423 ] } },
{ "type": "Feature", "properties": { "node_id": "-8210249.820_5001470.223", "x": -8210249.82, "y": 5001470.223, "degree": 2 }, "geometry": { "type": "Point", "coordinates": [ -73.753928997455503, 40.926253997269697 ] } },
{ "type": "Feature", "properties": { "node_id": "-8210009.927_5001714.213", "x": -8210009.927, "y": 5001714.213, "degree": 2 }, "geometry": { "type": "Point", "coordinates": [ -73.751774001970958, 40.927909998001262 ] } },
{ "type": "Feature", "properties": { "node_id": "-8209905.175_5001950.695", "x": -8209905.175, "y": 5001950.695, "degree": 2 }, "geometry": { "type": "Point", "coordinates": [ -73.750832998744542, 40.929515001083459 ] } },
{ "type": "Feature", "properties": { "node_id": "-8209556.522_5002792.645", "x": -8209556.522, "y": 5002792.645, "degree": 2 }, "geometry": { "type": "Point", "coordinates": [ -73.747700995556997, 40.935228998348236 ] } },
{ "type": "Feature", "properties": { "node_id": "-8228745.554_4989491.885", "x": -8228745.554, "y": 4989491.885, "degree": 2 }, "geometry": { "type": "Point", "coordinates": [ -73.920079002887576, 40.844904001490832 ] } },
{ "type": "Feature", "properties": { "node_id": "-8222138.519_4992697.427", "x": -8222138.519, "y": 4992697.427, "degree": 2 }, "geometry": { "type": "Point", "coordinates": [ -73.860726997655462, 40.86668400222753 ] } },
{ "type": "Feature", "properties": { "node_id": "-8222007.162_4992841.392", "x": -8222007.162, "y": 4992841.392, "degree": 2 }, "geometry": { "type": "Point", "coordinates": [ -73.859546997647683, 40.867662001957484 ] } },
{ "type": "Feature", "properties": { "node_id": "-8223463.555_4991156.045", "x": -8223463.555, "y": 4991156.045, "degree": 2 }, "geometry": { "type": "Point", "coordinates": [ -73.872629998563539, 40.856212002137447 ] } },
{ "type": "Feature", "properties": { "node_id": "-8223449.529_4991160.754", "x": -8223449.529, "y": 4991160.754, "degree": 2 }, "geometry": { "type": "Point", "coordinates": [ -73.872504000861795, 40.85624399714893 ] } },
{ "type": "Feature", "properties": { "node_id": "-8223431.050_4991166.642", "x": -8223431.05, "y": 4991166.642, "degree": 2 }, "geometry": { "type": "Point", "coordinates": [ -73.872338001180438, 40.856284002781813 ] } },
{ "type": "Feature", "properties": { "node_id": "-8223430.605_4991166.789", "x": -8223430.605, "y": 4991166.789, "degree": 2 }, "geometry": { "type": "Point", "coordinates": [ -73.872334003677437, 40.856285001563435 ] } },
{ "type": "Feature", "properties": { "node_id": "-8223425.373_4991168.408", "x": -8223425.373, "y": 4991168.408, "degree": 2 }, "geometry": { "type": "Point", "coordinates": [ -73.872287003821768, 40.8562960017492 ] } },
{ "type": "Feature", "properties": { "node_id": "-8223105.440_4991229.046", "x": -8223105.44, "y": 4991229.046, "degree": 2 }, "geometry": { "type": "Point", "coordinates": [ -73.869412996783822, 40.856708001214443 ] } },
{ "type": "Feature", "properties": { "node_id": "-8219880.292_4994741.105", "x": -8219880.292, "y": 4994741.105, "degree": 2 }, "geometry": { "type": "Point", "coordinates": [ -73.840440999364347, 40.880565999718499 ] } },
{ "type": "Feature", "properties": { "node_id": "-8219688.043_4994836.954", "x": -8219688.043, "y": 4994836.954, "degree": 2 }, "geometry": { "type": "Point", "coordinates": [ -73.838713997213773, 40.881216997349028 ] } },
{ "type": "Feature", "properties": { "node_id": "-8223031.524_4991309.701", "x": -8223031.524, "y": 4991309.701, "degree": 2 }, "geometry": { "type": "Point", "coordinates": [ -73.868748998058408, 40.857256000424407 ] } },
{ "type": "Feature", "properties": { "node_id": "-8222967.850_4991410.226", "x": -8222967.85, "y": 4991410.226, "degree": 2 }, "geometry": { "type": "Point", "coordinates": [ -73.8681770047844, 40.857938997247182 ] } },
{ "type": "Feature", "properties": { "node_id": "-8209185.161_5003382.378", "x": -8209185.161, "y": 5003382.378, "degree": 2 }, "geometry": { "type": "Point", "coordinates": [ -73.744365002934742, 40.939230999611269 ] } },
{ "type": "Feature", "properties": { "node_id": "-8219119.535_4995264.681", "x": -8219119.535, "y": 4995264.681, "degree": 2 }, "geometry": { "type": "Point", "coordinates": [ -73.833607002958331, 40.884122001923245 ] } },
{ "type": "Feature", "properties": { "node_id": "-8218861.830_4995349.492", "x": -8218861.83, "y": 4995349.492, "degree": 2 }, "geometry": { "type": "Point", "coordinates": [ -73.83129199955539, 40.88469799984658 ] } },
{ "type": "Feature", "properties": { "node_id": "-8218483.789_4995532.222", "x": -8218483.789, "y": 4995532.222, "degree": 2 }, "geometry": { "type": "Point", "coordinates": [ -73.827895999472162, 40.88593900225964 ] } },
{ "type": "Feature", "properties": { "node_id": "-8218104.301_4995737.484", "x": -8218104.301, "y": 4995737.484, "degree": 2 }, "geometry": { "type": "Point", "coordinates": [ -73.824487000766766, 40.887333001963967 ] } },
{ "type": "Feature", "properties": { "node_id": "-8217667.483_4996078.075", "x": -8217667.483, "y": 4996078.075, "degree": 2 }, "geometry": { "type": "Point", "coordinates": [ -73.820562997908979, 40.889645999278635 ] } },
{ "type": "Feature", "properties": { "node_id": "-8217583.771_4996134.326", "x": -8217583.771, "y": 4996134.326, "degree": 2 }, "geometry": { "type": "Point", "coordinates": [ -73.819811000218337, 40.890027999279866 ] } },
{ "type": "Feature", "properties": { "node_id": "-8227128.972_4989472.902", "x": -8227128.972, "y": 4989472.902, "degree": 2 }, "geometry": { "type": "Point", "coordinates": [ -73.905556999701261, 40.844775000492014 ] } },
{ "type": "Feature", "properties": { "node_id": "-8227107.599_4989470.253", "x": -8227107.599, "y": 4989470.253, "degree": 2 }, "geometry": { "type": "Point", "coordinates": [ -73.905365002775596, 40.844756998910334 ] } },
{ "type": "Feature", "properties": { "node_id": "-8229403.674_4989481.878", "x": -8229403.674, "y": 4989481.878, "degree": 2 }, "geometry": { "type": "Point", "coordinates": [ -73.925990995435427, 40.844835997887543 ] } },
{ "type": "Feature", "properties": { "node_id": "-8229325.194_4989466.574", "x": -8229325.194, "y": 4989466.574, "degree": 2 }, "geometry": { "type": "Point", "coordinates": [ -73.925285997600454, 40.844731997838061 ] } },
{ "type": "Feature", "properties": { "node_id": "-8229311.391_4989464.808", "x": -8229311.391, "y": 4989464.808, "degree": 2 }, "geometry": { "type": "Point", "coordinates": [ -73.925162003141793, 40.844719996776369 ] } },
{ "type": "Feature", "properties": { "node_id": "-8229275.435_4989461.424", "x": -8229275.435, "y": 4989461.424, "degree": 2 }, "geometry": { "type": "Point", "coordinates": [ -73.924839004898232, 40.844697000398398 ] } },
{ "type": "Feature", "properties": { "node_id": "-8226474.302_4989384.610", "x": -8226474.302, "y": 4989384.61, "degree": 2 }, "geometry": { "type": "Point", "coordinates": [ -73.89967599903072, 40.844174999499991 ] } },
{ "type": "Feature", "properties": { "node_id": "-8229044.781_4989467.310", "x": -8229044.781, "y": 4989467.31, "degree": 2 }, "geometry": { "type": "Point", "coordinates": [ -73.922767004762804, 40.84473699941239 ] } },
{ "type": "Feature", "properties": { "node_id": "-8225721.337_4989269.390", "x": -8225721.337, "y": 4989269.39, "degree": 2 }, "geometry": { "type": "Point", "coordinates": [ -73.892911999351654, 40.84339199723906 ] } },
{ "type": "Feature", "properties": { "node_id": "-8225521.964_4989566.198", "x": -8225521.964, "y": 4989566.198, "degree": 2 }, "geometry": { "type": "Point", "coordinates": [ -73.891121001220228, 40.845409000983587 ] } },
{ "type": "Feature", "properties": { "node_id": "-8228460.576_4989511.162", "x": -8228460.576, "y": 4989511.162, "degree": 2 }, "geometry": { "type": "Point", "coordinates": [ -73.917519001957203, 40.84503500014101 ] } },
{ "type": "Feature", "properties": { "node_id": "-8228441.318_4989511.603", "x": -8228441.318, "y": 4989511.603, "degree": 2 }, "geometry": { "type": "Point", "coordinates": [ -73.917346004399789, 40.845037996994584 ] } },
{ "type": "Feature", "properties": { "node_id": "-8228362.058_4989516.018", "x": -8228362.058, "y": 4989516.018, "degree": 2 }, "geometry": { "type": "Point", "coordinates": [ -73.916633999705596, 40.845067999500777 ] } },
{ "type": "Feature", "properties": { "node_id": "-8228081.088_4989521.168", "x": -8228081.088, "y": 4989521.168, "degree": 2 }, "geometry": { "type": "Point", "coordinates": [ -73.914110003251807, 40.845102996744515 ] } },
{ "type": "Feature", "properties": { "node_id": "-8227814.032_4989518.814", "x": -8227814.032, "y": 4989518.814, "degree": 2 }, "geometry": { "type": "Point", "coordinates": [ -73.911710998386653, 40.845086999948407 ] } },
{ "type": "Feature", "properties": { "node_id": "-8227553.433_4989502.921", "x": -8227553.433, "y": 4989502.921, "degree": 2 }, "geometry": { "type": "Point", "coordinates": [ -73.90936999773939, 40.844978997689111 ] } },
{ "type": "Feature", "properties": { "node_id": "-8224376.375_4991282.031", "x": -8224376.375, "y": 4991282.031, "degree": 2 }, "geometry": { "type": "Point", "coordinates": [ -73.880830000140037, 40.857068000958307 ] } },
{ "type": "Feature", "properties": { "node_id": "-8223728.162_4991082.750", "x": -8223728.162, "y": 4991082.75, "degree": 2 }, "geometry": { "type": "Point", "coordinates": [ -73.875007003687401, 40.855714001766351 ] } },
{ "type": "Feature", "properties": { "node_id": "-8226619.129_4989408.302", "x": -8226619.129, "y": 4989408.302, "degree": 2 }, "geometry": { "type": "Point", "coordinates": [ -73.900977002107254, 40.844336002428719 ] } },
{ "type": "Feature", "properties": { "node_id": "-8229115.802_4989461.865", "x": -8229115.802, "y": 4989461.865, "degree": 2 }, "geometry": { "type": "Point", "coordinates": [ -73.923404997260732, 40.844699997267263 ] } },
{ "type": "Feature", "properties": { "node_id": "-8218263.488_4977639.941", "x": -8218263.488, "y": 4977639.941, "degree": 2 }, "geometry": { "type": "Point", "coordinates": [ -73.825917001918086, 40.764313997853911 ] } },
{ "type": "Feature", "properties": { "node_id": "-8217990.421_4977684.181", "x": -8217990.421, "y": 4977684.181, "degree": 2 }, "geometry": { "type": "Point", "coordinates": [ -73.823463999321206, 40.76461499980099 ] } },
{ "type": "Feature", "properties": { "node_id": "-8217063.352_4977769.428", "x": -8217063.352, "y": 4977769.428, "degree": 2 }, "geometry": { "type": "Point", "coordinates": [ -73.815135996799867, 40.765195003031351 ] } },
{ "type": "Feature", "properties": { "node_id": "-8216604.382_4977684.916", "x": -8216604.382, "y": 4977684.916, "degree": 2 }, "geometry": { "type": "Point", "coordinates": [ -73.811012999140345, 40.764620000612972 ] } },
{ "type": "Feature", "properties": { "node_id": "-8228712.380_4978814.493", "x": -8228712.38, "y": 4978814.493, "degree": 2 }, "geometry": { "type": "Point", "coordinates": [ -73.919780995775227, 40.772305001104407 ] } },
{ "type": "Feature", "properties": { "node_id": "-8228455.232_4978561.962", "x": -8228455.232, "y": 4978561.962, "degree": 2 }, "geometry": { "type": "Point", "coordinates": [ -73.917470995988424, 40.770587000713334 ] } },
{ "type": "Feature", "properties": { "node_id": "-8227916.891_4978401.745", "x": -8227916.891, "y": 4978401.745, "degree": 2 }, "geometry": { "type": "Point", "coordinates": [ -73.91263499650475, 40.769497001129999 ] } },
{ "type": "Feature", "properties": { "node_id": "-8229164.560_4982699.559", "x": -8229164.56, "y": 4982699.559, "degree": 2 }, "geometry": { "type": "Point", "coordinates": [ -73.923842997826952, 40.798729998592904 ] } },
{ "type": "Feature", "properties": { "node_id": "-8229038.324_4982620.299", "x": -8229038.324, "y": 4982620.299, "degree": 2 }, "geometry": { "type": "Point", "coordinates": [ -73.922709000544899, 40.798191002059333 ] } },
{ "type": "Feature", "properties": { "node_id": "-8228778.059_4982437.076", "x": -8228778.059, "y": 4982437.076, "degree": 2 }, "geometry": { "type": "Point", "coordinates": [ -73.920371000270691, 40.796945002947126 ] } },
{ "type": "Feature", "properties": { "node_id": "-8228782.400_4982429.429", "x": -8228782.4, "y": 4982429.429, "degree": 2 }, "geometry": { "type": "Point", "coordinates": [ -73.920409996137181, 40.796892999386635 ] } },
{ "type": "Feature", "properties": { "node_id": "-8212836.997_4976739.464", "x": -8212836.997, "y": 4976739.464, "degree": 2 }, "geometry": { "type": "Point", "coordinates": [ -73.777170003873721, 40.758186998824314 ] } },
{ "type": "Feature", "properties": { "node_id": "-8226984.034_4978111.891", "x": -8226984.034, "y": 4978111.891, "degree": 2 }, "geometry": { "type": "Point", "coordinates": [ -73.904254999494768, 40.767525000539905 ] } },
{ "type": "Feature", "properties": { "node_id": "-8225878.631_4977909.204", "x": -8225878.631, "y": 4977909.204, "degree": 2 }, "geometry": { "type": "Point", "coordinates": [ -73.894324995394641, 40.766145999520745 ] } },
{ "type": "Feature", "properties": { "node_id": "-8225799.483_4977884.953", "x": -8225799.483, "y": 4977884.953, "degree": 2 }, "geometry": { "type": "Point", "coordinates": [ -73.893613996813571, 40.76598100353084 ] } },
{ "type": "Feature", "properties": { "node_id": "-8229363.711_4979712.368", "x": -8229363.711, "y": 4979712.368, "degree": 2 }, "geometry": { "type": "Point", "coordinates": [ -73.925632001698446, 40.778412998750248 ] } },
{ "type": "Feature", "properties": { "node_id": "-8229254.952_4979524.201", "x": -8229254.952, "y": 4979524.201, "degree": 2 }, "geometry": { "type": "Point", "coordinates": [ -73.924655002978582, 40.777132996710385 ] } },
{ "type": "Feature", "properties": { "node_id": "-8229176.917_4979387.783", "x": -8229176.917, "y": 4979387.783, "degree": 2 }, "geometry": { "type": "Point", "coordinates": [ -73.923954002646624, 40.776205000727124 ] } },
{ "type": "Feature", "properties": { "node_id": "-8228961.625_4979054.830", "x": -8228961.625, "y": 4979054.83, "degree": 2 }, "geometry": { "type": "Point", "coordinates": [ -73.922020001705135, 40.773940002913086 ] } },
{ "type": "Feature", "properties": { "node_id": "-8228894.944_4978988.534", "x": -8228894.944, "y": 4978988.534, "degree": 2 }, "geometry": { "type": "Point", "coordinates": [ -73.921420996090532, 40.773488998223414 ] } },
{ "type": "Feature", "properties": { "node_id": "-8224962.027_4977705.199", "x": -8224962.027, "y": 4977705.199, "degree": 2 }, "geometry": { "type": "Point", "coordinates": [ -73.886091001567792, 40.764758002463545 ] } },
{ "type": "Feature", "properties": { "node_id": "-8224305.910_4977556.754", "x": -8224305.91, "y": 4977556.754, "degree": 2 }, "geometry": { "type": "Point", "coordinates": [ -73.880197002275082, 40.763748003000998 ] } },
{ "type": "Feature", "properties": { "node_id": "-8223982.638_4977485.471", "x": -8223982.638, "y": 4977485.471, "degree": 2 }, "geometry": { "type": "Point", "coordinates": [ -73.877293000489814, 40.763262997770575 ] } },
{ "type": "Feature", "properties": { "node_id": "-8227672.990_4978366.615", "x": -8227672.99, "y": 4978366.615, "degree": 2 }, "geometry": { "type": "Point", "coordinates": [ -73.91044399654362, 40.769257999848669 ] } },
{ "type": "Feature", "properties": { "node_id": "-8228830.157_4982331.937", "x": -8228830.157, "y": 4982331.937, "degree": 2 }, "geometry": { "type": "Point", "coordinates": [ -73.920839004567412, 40.796229999723771 ] } },
{ "type": "Feature", "properties": { "node_id": "-8231214.175_4983828.540", "x": -8231214.175, "y": 4983828.54, "degree": 2 }, "geometry": { "type": "Point", "coordinates": [ -73.942255002637566, 40.806407000672415 ] } },
{ "type": "Feature", "properties": { "node_id": "-8235228.578_4980408.763", "x": -8235228.578, "y": 4980408.763, "degree": 2 }, "geometry": { "type": "Point", "coordinates": [ -73.97831699835271, 40.783149996466591 ] } },
{ "type": "Feature", "properties": { "node_id": "-8235122.491_4980602.387", "x": -8235122.491, "y": 4980602.387, "degree": 2 }, "geometry": { "type": "Point", "coordinates": [ -73.977364002617264, 40.784466999958802 ] } },
{ "type": "Feature", "properties": { "node_id": "-8235069.391_4980695.598", "x": -8235069.391, "y": 4980695.598, "degree": 2 }, "geometry": { "type": "Point", "coordinates": [ -73.97688699720139, 40.785100998891977 ] } },
{ "type": "Feature", "properties": { "node_id": "-8234860.890_4981075.362", "x": -8234860.89, "y": 4981075.362, "degree": 2 }, "geometry": { "type": "Point", "coordinates": [ -73.975014000850848, 40.7876840002479 ] } },
{ "type": "Feature", "properties": { "node_id": "-8234342.364_4982010.647", "x": -8234342.364, "y": 4982010.647, "degree": 2 }, "geometry": { "type": "Point", "coordinates": [ -73.970356002540711, 40.794045002689828 ] } },
{ "type": "Feature", "properties": { "node_id": "-8230007.026_4983154.400", "x": -8230007.026, "y": 4983154.4, "degree": 2 }, "geometry": { "type": "Point", "coordinates": [ -73.931410998668468, 40.801822996515433 ] } },
{ "type": "Feature", "properties": { "node_id": "-8229985.096_4983142.489", "x": -8229985.096, "y": 4983142.489, "degree": 2 }, "geometry": { "type": "Point", "coordinates": [ -73.931213998126665, 40.801742001481145 ] } },
{ "type": "Feature", "properties": { "node_id": "-8229922.646_4983108.812", "x": -8229922.646, "y": 4983108.812, "degree": 2 }, "geometry": { "type": "Point", "coordinates": [ -73.930653000231729, 40.801512996683932 ] } },
{ "type": "Feature", "properties": { "node_id": "-8232994.841_4984448.895", "x": -8232994.841, "y": 4984448.895, "degree": 2 }, "geometry": { "type": "Point", "coordinates": [ -73.958250997474693, 40.810624998890589 ] } },
{ "type": "Feature", "properties": { "node_id": "-8232520.620_4984558.322", "x": -8232520.62, "y": 4984558.322, "degree": 2 }, "geometry": { "type": "Point", "coordinates": [ -73.953990997751177, 40.811369001330867 ] } },
{ "type": "Feature", "properties": { "node_id": "-8218512.510_4977567.924", "x": -8218512.51, "y": 4977567.924, "degree": 2 }, "geometry": { "type": "Point", "coordinates": [ -73.828154004604912, 40.763824002686199 ] } },
{ "type": "Feature", "properties": { "node_id": "-8232206.811_4984380.357", "x": -8232206.811, "y": 4984380.357, "degree": 2 }, "geometry": { "type": "Point", "coordinates": [ -73.951172003541245, 40.810158999601555 ] } },
{ "type": "Feature", "properties": { "node_id": "-8229421.152_4982839.553", "x": -8229421.152, "y": 4982839.553, "degree": 2 }, "geometry": { "type": "Point", "coordinates": [ -73.926148002980796, 40.799681997499 ] } },
{ "type": "Feature", "properties": { "node_id": "-8229405.122_4982831.465", "x": -8229405.122, "y": 4982831.465, "degree": 2 }, "geometry": { "type": "Point", "coordinates": [ -73.926004003040745, 40.799626997176638 ] } },
{ "type": "Feature", "properties": { "node_id": "-8229315.510_4982781.908", "x": -8229315.51, "y": 4982781.908, "degree": 2 }, "geometry": { "type": "Point", "coordinates": [ -73.92519900474835, 40.79928999680282 ] } },
{ "type": "Feature", "properties": { "node_id": "-8231035.173_4983727.063", "x": -8231035.173, "y": 4983727.063, "degree": 2 }, "geometry": { "type": "Point", "coordinates": [ -73.940647000312694, 40.805716999569619 ] } },
{ "type": "Feature", "properties": { "node_id": "-8230874.984_4983640.000", "x": -8230874.984, "y": 4983640.0, "degree": 2 }, "geometry": { "type": "Point", "coordinates": [ -73.939207998042207, 40.805125001912479 ] } },
{ "type": "Feature", "properties": { "node_id": "-8230676.390_4983527.936", "x": -8230676.39, "y": 4983527.936, "degree": 2 }, "geometry": { "type": "Point", "coordinates": [ -73.937423997786865, 40.804362998510271 ] } },
{ "type": "Feature", "properties": { "node_id": "-8230248.144_4983288.813", "x": -8230248.144, "y": 4983288.813, "degree": 2 }, "geometry": { "type": "Point", "coordinates": [ -73.93357699851525, 40.802737000708376 ] } },
{ "type": "Feature", "properties": { "node_id": "-8230226.659_4983276.754", "x": -8230226.659, "y": 4983276.754, "degree": 2 }, "geometry": { "type": "Point", "coordinates": [ -73.933383995476447, 40.802655000399774 ] } },
{ "type": "Feature", "properties": { "node_id": "-8228881.252_4982257.532", "x": -8228881.252, "y": 4982257.532, "degree": 2 }, "geometry": { "type": "Point", "coordinates": [ -73.92129799876183, 40.795724000008427 ] } },
{ "type": "Feature", "properties": { "node_id": "-8228978.434_4982115.782", "x": -8228978.434, "y": 4982115.782, "degree": 2 }, "geometry": { "type": "Point", "coordinates": [ -73.922170999521242, 40.794760002242931 ] } },
{ "type": "Feature", "properties": { "node_id": "-8229183.262_4981808.761", "x": -8229183.262, "y": 4981808.761, "degree": 2 }, "geometry": { "type": "Point", "coordinates": [ -73.924011000751406, 40.792671999697163 ] } },
{ "type": "Feature", "properties": { "node_id": "-8232363.771_4984469.192", "x": -8232363.771, "y": 4984469.192, "degree": 2 }, "geometry": { "type": "Point", "coordinates": [ -73.952581999211191, 40.810763000357227 ] } },
{ "type": "Feature", "properties": { "node_id": "-8220483.866_4977078.070", "x": -8220483.866, "y": 4977078.07, "degree": 2 }, "geometry": { "type": "Point", "coordinates": [ -73.845862996857321, 40.760490998034378 ] } },
{ "type": "Feature", "properties": { "node_id": "-8215860.211_4977361.574", "x": -8215860.211, "y": 4977361.574, "degree": 2 }, "geometry": { "type": "Point", "coordinates": [ -73.804327997307354, 40.762420001637373 ] } },
{ "type": "Feature", "properties": { "node_id": "-8215702.138_4977208.284", "x": -8215702.138, "y": 4977208.284, "degree": 2 }, "geometry": { "type": "Point", "coordinates": [ -73.802908003388296, 40.761377000510258 ] } },
{ "type": "Feature", "properties": { "node_id": "-8215416.158_4976957.264", "x": -8215416.158, "y": 4976957.264, "degree": 2 }, "geometry": { "type": "Point", "coordinates": [ -73.80033900133877, 40.75966899893848 ] } },
{ "type": "Feature", "properties": { "node_id": "-8219804.150_4977368.775", "x": -8219804.15, "y": 4977368.775, "degree": 2 }, "geometry": { "type": "Point", "coordinates": [ -73.839757004140722, 40.762468997588961 ] } },
{ "type": "Feature", "properties": { "node_id": "-8219761.848_4977369.804", "x": -8219761.848, "y": 4977369.804, "degree": 2 }, "geometry": { "type": "Point", "coordinates": [ -73.839376998809229, 40.762475998951679 ] } },
{ "type": "Feature", "properties": { "node_id": "-8219745.595_4977369.951", "x": -8219745.595, "y": 4977369.951, "degree": 2 }, "geometry": { "type": "Point", "coordinates": [ -73.839230995626082, 40.762476999146294 ] } },
{ "type": "Feature", "properties": { "node_id": "-8219564.033_4977378.476", "x": -8219564.033, "y": 4977378.476, "degree": 2 }, "geometry": { "type": "Point", "coordinates": [ -73.837599996429944, 40.762535003604114 ] } },
{ "type": "Feature", "properties": { "node_id": "-8219429.893_4977395.524", "x": -8219429.893, "y": 4977395.524, "degree": 2 }, "geometry": { "type": "Point", "coordinates": [ -73.836394996307831, 40.762650998759867 ] } },
{ "type": "Feature", "properties": { "node_id": "-8212816.291_4976745.931", "x": -8212816.291, "y": 4976745.931, "degree": 2 }, "geometry": { "type": "Point", "coordinates": [ -73.776983998711003, 40.758231003408348 ] } },
{ "type": "Feature", "properties": { "node_id": "-8212641.297_4976807.508", "x": -8212641.297, "y": 4976807.508, "degree": 2 }, "geometry": { "type": "Point", "coordinates": [ -73.775412000862701, 40.758650001527165 ] } },
{ "type": "Feature", "properties": { "node_id": "-8227361.630_4978299.883", "x": -8227361.63, "y": 4978299.883, "degree": 2 }, "geometry": { "type": "Point", "coordinates": [ -73.907647002074981, 40.76880399709686 ] } },
{ "type": "Feature", "properties": { "node_id": "-8229872.998_4989629.328", "x": -8229872.998, "y": 4989629.328, "degree": 2 }, "geometry": { "type": "Point", "coordinates": [ -73.930207004659479, 40.845838002548895 ] } },
{ "type": "Feature", "properties": { "node_id": "-8229792.291_4989602.840", "x": -8229792.291, "y": 4989602.84, "degree": 2 }, "geometry": { "type": "Point", "coordinates": [ -73.929482001343118, 40.845658002990618 ] } },
{ "type": "Feature", "properties": { "node_id": "-8229727.948_4989582.385", "x": -8229727.948, "y": 4989582.385, "degree": 2 }, "geometry": { "type": "Point", "coordinates": [ -73.928903998339848, 40.845519000429988 ] } },
{ "type": "Feature", "properties": { "node_id": "-8229669.617_4989564.138", "x": -8229669.617, "y": 4989564.138, "degree": 2 }, "geometry": { "type": "Point", "coordinates": [ -73.928380002051469, 40.845395002152941 ] } },
{ "type": "Feature", "properties": { "node_id": "-8229627.649_4989551.188", "x": -8229627.649, "y": 4989551.188, "degree": 2 }, "geometry": { "type": "Point", "coordinates": [ -73.928002997093046, 40.845306999727555 ] } },
{ "type": "Feature", "properties": { "node_id": "-8209167.127_4977788.976", "x": -8209167.127, "y": 4977788.976, "degree": 2 }, "geometry": { "type": "Point", "coordinates": [ -73.744203000756414, 40.765328002929628 ] } },
{ "type": "Feature", "properties": { "node_id": "-8208419.505_4978236.827", "x": -8208419.505, "y": 4978236.827, "degree": 2 }, "geometry": { "type": "Point", "coordinates": [ -73.737486998062963, 40.76837500069751 ] } },
{ "type": "Feature", "properties": { "node_id": "-8208191.189_4978570.046", "x": -8208191.189, "y": 4978570.046, "degree": 2 }, "geometry": { "type": "Point", "coordinates": [ -73.735436000538868, 40.770641997877888 ] } },
{ "type": "Feature", "properties": { "node_id": "-8214608.758_4976665.690", "x": -8214608.758, "y": 4976665.69, "degree": 2 }, "geometry": { "type": "Point", "coordinates": [ -73.793086003734786, 40.757685002919821 ] } },
{ "type": "Feature", "properties": { "node_id": "-8213513.151_4976664.661", "x": -8213513.151, "y": 4976664.661, "degree": 2 }, "geometry": { "type": "Point", "coordinates": [ -73.7832439985999, 40.757678001052454 ] } },
{ "type": "Feature", "properties": { "node_id": "-8213072.994_4976659.664", "x": -8213072.994, "y": 4976659.664, "degree": 2 }, "geometry": { "type": "Point", "coordinates": [ -73.779290000994777, 40.757643998776416 ] } },
{ "type": "Feature", "properties": { "node_id": "-8212886.088_4976721.829", "x": -8212886.088, "y": 4976721.829, "degree": 2 }, "geometry": { "type": "Point", "coordinates": [ -73.777610995829846, 40.758067001639127 ] } },
{ "type": "Feature", "properties": { "node_id": "-8211960.801_4977033.539", "x": -8211960.801, "y": 4977033.539, "degree": 2 }, "geometry": { "type": "Point", "coordinates": [ -73.769299001286868, 40.760187997365215 ] } },
{ "type": "Feature", "properties": { "node_id": "-8227176.505_4978264.607", "x": -8227176.505, "y": 4978264.607, "degree": 2 }, "geometry": { "type": "Point", "coordinates": [ -73.90598399590526, 40.768564000023417 ] } },
{ "type": "Feature", "properties": { "node_id": "-8227005.741_4978171.272", "x": -8227005.741, "y": 4978171.272, "degree": 2 }, "geometry": { "type": "Point", "coordinates": [ -73.904449996793488, 40.767928999617332 ] } },
{ "type": "Feature", "properties": { "node_id": "-8226985.481_4978115.859", "x": -8226985.481, "y": 4978115.859, "degree": 2 }, "geometry": { "type": "Point", "coordinates": [ -73.904267998116921, 40.767551996934145 ] } },
{ "type": "Feature", "properties": { "node_id": "-8221977.217_4977016.491", "x": -8221977.217, "y": 4977016.491, "degree": 2 }, "geometry": { "type": "Point", "coordinates": [ -73.859277997135862, 40.760071997911169 ] } },
{ "type": "Feature", "properties": { "node_id": "-8221619.993_4976929.782", "x": -8221619.993, "y": 4976929.782, "degree": 2 }, "geometry": { "type": "Point", "coordinates": [ -73.856068999345325, 40.759482002012781 ] } },
{ "type": "Feature", "properties": { "node_id": "-8221537.394_4976884.370", "x": -8221537.394, "y": 4976884.37, "degree": 2 }, "geometry": { "type": "Point", "coordinates": [ -73.855326999903795, 40.759173002082953 ] } },
{ "type": "Feature", "properties": { "node_id": "-7945115.291_5144907.988", "x": -7945115.291, "y": 5144907.988, "degree": 2 }, "geometry": { "type": "Point", "coordinates": [ -71.372184999970187, 41.892620001886741 ] } },
{ "type": "Feature", "properties": { "node_id": "-8204100.754_4981791.263", "x": -8204100.754, "y": 4981791.263, "degree": 2 }, "geometry": { "type": "Point", "coordinates": [ -73.698690997746894, 40.79255299651561 ] } },
{ "type": "Feature", "properties": { "node_id": "-8203978.080_4981825.229", "x": -8203978.08, "y": 4981825.229, "degree": 2 }, "geometry": { "type": "Point", "coordinates": [ -73.697588998455259, 40.792783997696056 ] } },
{ "type": "Feature", "properties": { "node_id": "-8203595.475_4981885.368", "x": -8203595.475, "y": 4981885.368, "degree": 2 }, "geometry": { "type": "Point", "coordinates": [ -73.694151999262445, 40.793192998256458 ] } },
{ "type": "Feature", "properties": { "node_id": "-8202475.044_4982095.196", "x": -8202475.044, "y": 4982095.196, "degree": 2 }, "geometry": { "type": "Point", "coordinates": [ -73.684086996341435, 40.794620002080663 ] } },
{ "type": "Feature", "properties": { "node_id": "-8220462.159_4977093.208", "x": -8220462.159, "y": 4977093.208, "degree": 2 }, "geometry": { "type": "Point", "coordinates": [ -73.8456679995586, 40.760594000664483 ] } },
{ "type": "Feature", "properties": { "node_id": "-8220814.597_4976807.067", "x": -8220814.597, "y": 4976807.067, "degree": 2 }, "geometry": { "type": "Point", "coordinates": [ -73.848834003979647, 40.758647000770509 ] } },
{ "type": "Feature", "properties": { "node_id": "-8220066.196_4977338.058", "x": -8220066.196, "y": 4977338.058, "degree": 2 }, "geometry": { "type": "Point", "coordinates": [ -73.842111003410139, 40.762259997386693 ] } },
{ "type": "Feature", "properties": { "node_id": "-8223761.669_4977433.590", "x": -8223761.669, "y": 4977433.59, "degree": 2 }, "geometry": { "type": "Point", "coordinates": [ -73.875308002189641, 40.76291000035198 ] } },
{ "type": "Feature", "properties": { "node_id": "-8222866.103_4977234.003", "x": -8222866.103, "y": 4977234.003, "degree": 2 }, "geometry": { "type": "Point", "coordinates": [ -73.867262995932265, 40.761551996407867 ] } },
{ "type": "Feature", "properties": { "node_id": "-8222727.065_4977202.405", "x": -8222727.065, "y": 4977202.405, "degree": 2 }, "geometry": { "type": "Point", "coordinates": [ -73.866013996327538, 40.761336998856009 ] } },
{ "type": "Feature", "properties": { "node_id": "-8222215.998_4977064.843", "x": -8222215.998, "y": 4977064.843, "degree": 2 }, "geometry": { "type": "Point", "coordinates": [ -73.861423003354446, 40.760400998181915 ] } },
{ "type": "Feature", "properties": { "node_id": "-8222094.659_4977025.603", "x": -8222094.659, "y": 4977025.603, "degree": 2 }, "geometry": { "type": "Point", "coordinates": [ -73.860332996571856, 40.760133998583065 ] } },
{ "type": "Feature", "properties": { "node_id": "-8219327.146_4977403.608", "x": -8219327.146, "y": 4977403.608, "degree": 2 }, "geometry": { "type": "Point", "coordinates": [ -73.835472004302844, 40.762706002492429 ] } },
{ "type": "Feature", "properties": { "node_id": "-8218931.182_4977420.950", "x": -8218931.182, "y": 4977420.95, "degree": 2 }, "geometry": { "type": "Point", "coordinates": [ -73.831914999171232, 40.762823997728539 ] } },
{ "type": "Feature", "properties": { "node_id": "-8218735.371_4977485.618", "x": -8218735.371, "y": 4977485.618, "degree": 2 }, "geometry": { "type": "Point", "coordinates": [ -73.830155999030254, 40.763263997953345 ] } },
{ "type": "Feature", "properties": { "node_id": "-8221261.656_4976760.480", "x": -8221261.656, "y": 4976760.48, "degree": 2 }, "geometry": { "type": "Point", "coordinates": [ -73.852850003305676, 40.758330001708096 ] } },
{ "type": "Feature", "properties": { "node_id": "-8221213.009_4976642.176", "x": -8221213.009, "y": 4976642.176, "degree": 2 }, "geometry": { "type": "Point", "coordinates": [ -73.852412999869401, 40.757525000880179 ] } },
{ "type": "Feature", "properties": { "node_id": "-8221188.073_4976648.054", "x": -8221188.073, "y": 4976648.054, "degree": 2 }, "geometry": { "type": "Point", "coordinates": [ -73.852188995970153, 40.757564998023923 ] } },
{ "type": "Feature", "properties": { "node_id": "-8220369.430_4977169.484", "x": -8220369.43, "y": 4977169.484, "degree": 2 }, "geometry": { "type": "Point", "coordinates": [ -73.844835000778772, 40.761112998673141 ] } },
{ "type": "Feature", "properties": { "node_id": "-8269654.353_4954567.490", "x": -8269654.353, "y": 4954567.49, "degree": 2 }, "geometry": { "type": "Point", "coordinates": [ -74.287568996854318, 40.607146999125604 ] } },
{ "type": "Feature", "properties": { "node_id": "-8269720.254_4954474.528", "x": -8269720.254, "y": 4954474.528, "degree": 2 }, "geometry": { "type": "Point", "coordinates": [ -74.288160995609701, 40.606513002629313 ] } },
{ "type": "Feature", "properties": { "node_id": "-8269917.847_4954067.351", "x": -8269917.847, "y": 4954067.351, "degree": 2 }, "geometry": { "type": "Point", "coordinates": [ -74.289936003729053, 40.603736003651861 ] } },
{ "type": "Feature", "properties": { "node_id": "-8238067.225_4971633.872", "x": -8238067.225, "y": 4971633.872, "degree": 2 }, "geometry": { "type": "Point", "coordinates": [ -74.003816998215925, 40.723437001876135 ] } },
{ "type": "Feature", "properties": { "node_id": "-8237971.602_4971615.070", "x": -8237971.602, "y": 4971615.07, "degree": 2 }, "geometry": { "type": "Point", "coordinates": [ -74.002958002191789, 40.723308996987669 ] } },
{ "type": "Feature", "properties": { "node_id": "-8237882.435_4971556.757", "x": -8237882.435, "y": 4971556.757, "degree": 2 }, "geometry": { "type": "Point", "coordinates": [ -74.002157001402395, 40.722911997812041 ] } },
{ "type": "Feature", "properties": { "node_id": "-8237798.166_4971502.117", "x": -8237798.166, "y": 4971502.117, "degree": 2 }, "geometry": { "type": "Point", "coordinates": [ -74.001400000095629, 40.722540002540526 ] } },
{ "type": "Feature", "properties": { "node_id": "-8237714.008_4971448.211", "x": -8237714.008, "y": 4971448.211, "degree": 2 }, "geometry": { "type": "Point", "coordinates": [ -74.000643995918821, 40.722173002386306 ] } },
{ "type": "Feature", "properties": { "node_id": "-8256957.586_4973064.785", "x": -8256957.586, "y": 4973064.785, "degree": 2 }, "geometry": { "type": "Point", "coordinates": [ -74.173511998304278, 40.733178001672677 ] } },
{ "type": "Feature", "properties": { "node_id": "-8257817.863_4973485.535", "x": -8257817.863, "y": 4973485.535, "degree": 2 }, "geometry": { "type": "Point", "coordinates": [ -74.18123999808104, 40.736042003525725 ] } },
{ "type": "Feature", "properties": { "node_id": "-8257744.504_4973503.899", "x": -8257744.504, "y": 4973503.899, "degree": 2 }, "geometry": { "type": "Point", "coordinates": [ -74.180581002971749, 40.736167002571669 ] } },
{ "type": "Feature", "properties": { "node_id": "-8257329.839_4972219.667", "x": -8257329.839, "y": 4972219.667, "degree": 2 }, "geometry": { "type": "Point", "coordinates": [ -74.176856003898862, 40.72742499809889 ] } },
{ "type": "Feature", "properties": { "node_id": "-7930874.189_5167057.822", "x": -7930874.189, "y": 5167057.822, "degree": 2 }, "geometry": { "type": "Point", "coordinates": [ -71.244255004077147, 42.040564996966204 ] } },
{ "type": "Feature", "properties": { "node_id": "-8257928.960_4970837.346", "x": -8257928.96, "y": 4970837.346, "degree": 2 }, "geometry": { "type": "Point", "coordinates": [ -74.182237999412251, 40.71801400021269 ] } },
{ "type": "Feature", "properties": { "node_id": "-8258089.372_4970633.635", "x": -8258089.372, "y": 4970633.635, "degree": 2 }, "geometry": { "type": "Point", "coordinates": [ -74.183679004925807, 40.716627000162561 ] } },
{ "type": "Feature", "properties": { "node_id": "-8258300.211_4970985.395", "x": -8258300.211, "y": 4970985.395, "degree": 2 }, "geometry": { "type": "Point", "coordinates": [ -74.185573003887683, 40.719021998193348 ] } },
{ "type": "Feature", "properties": { "node_id": "-8258644.633_4970223.582", "x": -8258644.633, "y": 4970223.582, "degree": 2 }, "geometry": { "type": "Point", "coordinates": [ -74.188666999355561, 40.713834998835509 ] } },
{ "type": "Feature", "properties": { "node_id": "-8238320.922_4971681.463", "x": -8238320.922, "y": 4971681.463, "degree": 2 }, "geometry": { "type": "Point", "coordinates": [ -74.006095997142282, 40.723761002512298 ] } },
{ "type": "Feature", "properties": { "node_id": "-8238177.543_4971660.164", "x": -8238177.543, "y": 4971660.164, "degree": 2 }, "geometry": { "type": "Point", "coordinates": [ -74.004808001671051, 40.723615998619323 ] } },
{ "type": "Feature", "properties": { "node_id": "-8259369.100_4968620.106", "x": -8259369.1, "y": 4968620.106, "degree": 2 }, "geometry": { "type": "Point", "coordinates": [ -74.195174997144946, 40.702916000398893 ] } },
{ "type": "Feature", "properties": { "node_id": "-8259452.813_4968432.300", "x": -8259452.813, "y": 4968432.3, "degree": 2 }, "geometry": { "type": "Point", "coordinates": [ -74.195927003818753, 40.701637003252429 ] } },
{ "type": "Feature", "properties": { "node_id": "-8260241.845_4966692.435", "x": -8260241.845, "y": 4966692.435, "degree": 2 }, "geometry": { "type": "Point", "coordinates": [ -74.203014998871339, 40.689787000272005 ] } },
{ "type": "Feature", "properties": { "node_id": "-8260363.629_4966423.921", "x": -8260363.629, "y": 4966423.921, "degree": 2 }, "geometry": { "type": "Point", "coordinates": [ -74.204109003156958, 40.687957997248354 ] } },
{ "type": "Feature", "properties": { "node_id": "-8260855.327_4965467.668", "x": -8260855.327, "y": 4965467.668, "degree": 2 }, "geometry": { "type": "Point", "coordinates": [ -74.208526001442664, 40.681444001306886 ] } },
{ "type": "Feature", "properties": { "node_id": "-8261240.492_4964770.281", "x": -8261240.492, "y": 4964770.281, "degree": 2 }, "geometry": { "type": "Point", "coordinates": [ -74.211985997506744, 40.676692999238419 ] } },
{ "type": "Feature", "properties": { "node_id": "-8257527.653_4971798.091", "x": -8257527.653, "y": 4971798.091, "degree": 2 }, "geometry": { "type": "Point", "coordinates": [ -74.178632997294997, 40.724555001983241 ] } },
{ "type": "Feature", "properties": { "node_id": "-8367037.089_4859790.145", "x": -8367037.089, "y": 4859790.145, "degree": 2 }, "geometry": { "type": "Point", "coordinates": [ -75.162372998436084, 39.957650998171935 ] } },
{ "type": "Feature", "properties": { "node_id": "-8367035.419_4859800.456", "x": -8367035.419, "y": 4859800.456, "degree": 2 }, "geometry": { "type": "Point", "coordinates": [ -75.162357996570833, 39.957721997210164 ] } },
{ "type": "Feature", "properties": { "node_id": "-8367032.414_4859818.610", "x": -8367032.414, "y": 4859818.61, "degree": 2 }, "geometry": { "type": "Point", "coordinates": [ -75.162331002196552, 39.957847001059726 ] } },
{ "type": "Feature", "properties": { "node_id": "-8366803.875_4859778.818", "x": -8366803.875, "y": 4859778.818, "degree": 2 }, "geometry": { "type": "Point", "coordinates": [ -75.160278001429376, 39.957573003119847 ] } },
{ "type": "Feature", "properties": { "node_id": "-8366626.209_4859747.739", "x": -8366626.209, "y": 4859747.739, "degree": 2 }, "geometry": { "type": "Point", "coordinates": [ -75.158682000596698, 39.957358999994668 ] } },
{ "type": "Feature", "properties": { "node_id": "-8368758.311_4859276.345", "x": -8368758.311, "y": 4859276.345, "degree": 2 }, "geometry": { "type": "Point", "coordinates": [ -75.177834998735705, 39.954113002982261 ] } },
{ "type": "Feature", "properties": { "node_id": "-8369125.666_4859337.337", "x": -8369125.666, "y": 4859337.337, "degree": 2 }, "geometry": { "type": "Point", "coordinates": [ -75.18113500484769, 39.95453299971588 ] } },
{ "type": "Feature", "properties": { "node_id": "-8366453.998_4859717.677", "x": -8366453.998, "y": 4859717.677, "degree": 2 }, "geometry": { "type": "Point", "coordinates": [ -75.157135002862759, 39.957151999069538 ] } },
{ "type": "Feature", "properties": { "node_id": "-8366276.777_4859686.744", "x": -8366276.777, "y": 4859686.744, "degree": 2 }, "geometry": { "type": "Point", "coordinates": [ -75.155542999533083, 39.956938999958361 ] } },
{ "type": "Feature", "properties": { "node_id": "-8366253.845_4859682.242", "x": -8366253.845, "y": 4859682.242, "degree": 2 }, "geometry": { "type": "Point", "coordinates": [ -75.155336997872141, 39.956907999935439 ] } },
{ "type": "Feature", "properties": { "node_id": "-8366131.950_4859665.251", "x": -8366131.95, "y": 4859665.251, "degree": 2 }, "geometry": { "type": "Point", "coordinates": [ -75.154241996456562, 39.956791002609926 ] } },
{ "type": "Feature", "properties": { "node_id": "-8292353.622_4932018.238", "x": -8292353.622, "y": 4932018.238, "degree": 2 }, "geometry": { "type": "Point", "coordinates": [ -74.491479999664733, 40.453185998109674 ] } },
{ "type": "Feature", "properties": { "node_id": "-8238453.838_4971699.236", "x": -8238453.838, "y": 4971699.236, "degree": 2 }, "geometry": { "type": "Point", "coordinates": [ -74.007290001885323, 40.723882001105643 ] } },
{ "type": "Feature", "properties": { "node_id": "-8289756.984_4935937.618", "x": -8289756.984, "y": 4935937.618, "degree": 2 }, "geometry": { "type": "Point", "coordinates": [ -74.46815400363748, 40.47997200033128 ] } },
{ "type": "Feature", "properties": { "node_id": "-8367114.456_4859318.749", "x": -8367114.456, "y": 4859318.749, "degree": 2 }, "geometry": { "type": "Point", "coordinates": [ -75.163067998021944, 39.954405001246911 ] } },
{ "type": "Feature", "properties": { "node_id": "-8288244.263_4937621.971", "x": -8288244.263, "y": 4937621.971, "degree": 2 }, "geometry": { "type": "Point", "coordinates": [ -74.454564999688372, 40.491479998944996 ] } },
{ "type": "Feature", "properties": { "node_id": "-8288195.283_4937682.864", "x": -8288195.283, "y": 4937682.864, "degree": 2 }, "geometry": { "type": "Point", "coordinates": [ -74.45412500486222, 40.491896001001564 ] } },
{ "type": "Feature", "properties": { "node_id": "-8288083.740_4937759.273", "x": -8288083.74, "y": 4937759.273, "degree": 2 }, "geometry": { "type": "Point", "coordinates": [ -74.453122997044858, 40.492417999900965 ] } },
{ "type": "Feature", "properties": { "node_id": "-8287945.593_4937896.284", "x": -8287945.593, "y": 4937896.284, "degree": 2 }, "geometry": { "type": "Point", "coordinates": [ -74.451882001429297, 40.493353999772985 ] } },
{ "type": "Feature", "properties": { "node_id": "-8287799.653_4938040.616", "x": -8287799.653, "y": 4938040.616, "degree": 2 }, "geometry": { "type": "Point", "coordinates": [ -74.45057100010365, 40.494339999428057 ] } },
{ "type": "Feature", "properties": { "node_id": "-8287532.264_4938191.830", "x": -8287532.264, "y": 4938191.83, "degree": 2 }, "geometry": { "type": "Point", "coordinates": [ -74.448169003848605, 40.49537299771449 ] } },
{ "type": "Feature", "properties": { "node_id": "-8366475.594_4859721.453", "x": -8366475.594, "y": 4859721.453, "degree": 2 }, "geometry": { "type": "Point", "coordinates": [ -75.157329003031506, 39.957177999885438 ] } },
{ "type": "Feature", "properties": { "node_id": "-8257651.329_4973530.196", "x": -8257651.329, "y": 4973530.196, "degree": 2 }, "geometry": { "type": "Point", "coordinates": [ -74.179743997705785, 40.736345999108451 ] } },
{ "type": "Feature", "properties": { "node_id": "-8238761.413_4971870.360", "x": -8238761.413, "y": 4971870.36, "degree": 2 }, "geometry": { "type": "Point", "coordinates": [ -74.010052995120432, 40.725047002132392 ] } },
{ "type": "Feature", "properties": { "node_id": "-8238679.148_4971806.170", "x": -8238679.148, "y": 4971806.17, "degree": 2 }, "geometry": { "type": "Point", "coordinates": [ -74.009313996051958, 40.724610003190598 ] } },
{ "type": "Feature", "properties": { "node_id": "-8238583.080_4971715.834", "x": -8238583.08, "y": 4971715.834, "degree": 2 }, "geometry": { "type": "Point", "coordinates": [ -74.008451002524822, 40.723995000099727 ] } },
{ "type": "Feature", "properties": { "node_id": "-8290960.013_4934215.655", "x": -8290960.013, "y": 4934215.655, "degree": 2 }, "geometry": { "type": "Point", "coordinates": [ -74.478960997016856, 40.46820499940921 ] } },
{ "type": "Feature", "properties": { "node_id": "-8270007.125_4952699.611", "x": -8270007.125, "y": 4952699.611, "degree": 2 }, "geometry": { "type": "Point", "coordinates": [ -74.290738001648421, 40.594406997996522 ] } },
{ "type": "Feature", "properties": { "node_id": "-8270008.349_4952685.538", "x": -8270008.349, "y": 4952685.538, "degree": 2 }, "geometry": { "type": "Point", "coordinates": [ -74.290748997027492, 40.594311002886805 ] } },
{ "type": "Feature", "properties": { "node_id": "-8270236.332_4952471.356", "x": -8270236.332, "y": 4952471.356, "degree": 2 }, "geometry": { "type": "Point", "coordinates": [ -74.292797003161695, 40.592850002106573 ] } },
{ "type": "Feature", "properties": { "node_id": "-8266500.227_4959829.081", "x": -8266500.227, "y": 4959829.081, "degree": 2 }, "geometry": { "type": "Point", "coordinates": [ -74.259235000915922, 40.643020999589488 ] } },
{ "type": "Feature", "properties": { "node_id": "-8267067.845_4958982.319", "x": -8267067.845, "y": 4958982.319, "degree": 2 }, "geometry": { "type": "Point", "coordinates": [ -74.264334000165334, 40.637249001143275 ] } },
{ "type": "Feature", "properties": { "node_id": "-8267292.154_4958658.568", "x": -8267292.154, "y": 4958658.568, "degree": 2 }, "geometry": { "type": "Point", "coordinates": [ -74.266349002195994, 40.635042003252742 ] } },
{ "type": "Feature", "properties": { "node_id": "-8273890.839_4949287.473", "x": -8273890.839, "y": 4949287.473, "degree": 2 }, "geometry": { "type": "Point", "coordinates": [ -74.325625998101899, 40.571128000256962 ] } },
{ "type": "Feature", "properties": { "node_id": "-8274113.256_4949140.924", "x": -8274113.256, "y": 4949140.924, "degree": 2 }, "geometry": { "type": "Point", "coordinates": [ -74.32762400400739, 40.570128001731511 ] } },
{ "type": "Feature", "properties": { "node_id": "-8274114.146_4949140.338", "x": -8274114.146, "y": 4949140.338, "degree": 2 }, "geometry": { "type": "Point", "coordinates": [ -74.327631999013406, 40.570124003044853 ] } },
{ "type": "Feature", "properties": { "node_id": "-8274135.185_4949123.924", "x": -8274135.185, "y": 4949123.924, "degree": 2 }, "geometry": { "type": "Point", "coordinates": [ -74.327820995566029, 40.570011998778995 ] } },
{ "type": "Feature", "properties": { "node_id": "-8274141.085_4949119.381", "x": -8274141.085, "y": 4949119.381, "degree": 2 }, "geometry": { "type": "Point", "coordinates": [ -74.327873996167796, 40.569980998661812 ] } },
{ "type": "Feature", "properties": { "node_id": "-7916803.071_5214816.480", "x": -7916803.071, "y": 5214816.48, "degree": 2 }, "geometry": { "type": "Point", "coordinates": [ -71.117852000436642, 42.358389000576366 ] } },
{ "type": "Feature", "properties": { "node_id": "-8257118.220_4972698.113", "x": -8257118.22, "y": 4972698.113, "degree": 2 }, "geometry": { "type": "Point", "coordinates": [ -74.174954998077766, 40.730682002650994 ] } },
{ "type": "Feature", "properties": { "node_id": "-7916780.807_5215197.623", "x": -7916780.807, "y": 5215197.623, "degree": 2 }, "geometry": { "type": "Point", "coordinates": [ -71.117651999521797, 42.360918997684934 ] } },
{ "type": "Feature", "properties": { "node_id": "-8276069.028_4947062.945", "x": -8276069.028, "y": 4947062.945, "degree": 2 }, "geometry": { "type": "Point", "coordinates": [ -74.345193002805914, 40.555947000081197 ] } },
{ "type": "Feature", "properties": { "node_id": "-8277120.218_4946088.069", "x": -8277120.218, "y": 4946088.069, "degree": 2 }, "geometry": { "type": "Point", "coordinates": [ -74.354636003241055, 40.549293001357604 ] } },
{ "type": "Feature", "properties": { "node_id": "-8278020.458_4945255.384", "x": -8278020.458, "y": 4945255.384, "degree": 2 }, "geometry": { "type": "Point", "coordinates": [ -74.362722996754798, 40.543609001179689 ] } },
{ "type": "Feature", "properties": { "node_id": "-8278162.502_4945123.397", "x": -8278162.502, "y": 4945123.397, "degree": 2 }, "geometry": { "type": "Point", "coordinates": [ -74.363998999716983, 40.542707998985854 ] } },
{ "type": "Feature", "properties": { "node_id": "-8278201.909_4945086.775", "x": -8278201.909, "y": 4945086.775, "degree": 2 }, "geometry": { "type": "Point", "coordinates": [ -74.364352998821005, 40.542457998714305 ] } },
{ "type": "Feature", "properties": { "node_id": "-8271480.661_4951299.082", "x": -8271480.661, "y": 4951299.082, "degree": 2 }, "geometry": { "type": "Point", "coordinates": [ -74.303975000753425, 40.584852997913032 ] } },
{ "type": "Feature", "properties": { "node_id": "-8273309.084_4949720.539", "x": -8273309.084, "y": 4949720.539, "degree": 2 }, "geometry": { "type": "Point", "coordinates": [ -74.320400004020769, 40.574083002088493 ] } },
{ "type": "Feature", "properties": { "node_id": "-8273433.761_4949614.432", "x": -8273433.761, "y": 4949614.432, "degree": 2 }, "geometry": { "type": "Point", "coordinates": [ -74.321519996567559, 40.573358998929052 ] } },
{ "type": "Feature", "properties": { "node_id": "-8279423.195_4944248.023", "x": -8279423.195, "y": 4944248.023, "degree": 2 }, "geometry": { "type": "Point", "coordinates": [ -74.375323997621805, 40.536731998468809 ] } },
{ "type": "Feature", "properties": { "node_id": "-8279397.035_4943976.902", "x": -8279397.035, "y": 4943976.902, "degree": 2 }, "geometry": { "type": "Point", "coordinates": [ -74.375088998343472, 40.534881002340349 ] } },
{ "type": "Feature", "properties": { "node_id": "-8279584.720_4943800.552", "x": -8279584.72, "y": 4943800.552, "degree": 2 }, "geometry": { "type": "Point", "coordinates": [ -74.376775001384487, 40.533676998928122 ] } },
{ "type": "Feature", "properties": { "node_id": "-8279880.496_4943523.584", "x": -8279880.496, "y": 4943523.584, "degree": 2 }, "geometry": { "type": "Point", "coordinates": [ -74.379432002399241, 40.531785997404377 ] } },
{ "type": "Feature", "properties": { "node_id": "-7916771.122_5215114.463", "x": -7916771.122, "y": 5215114.463, "degree": 2 }, "geometry": { "type": "Point", "coordinates": [ -71.117564997686529, 42.360366996866169 ] } },
{ "type": "Feature", "properties": { "node_id": "-8257318.707_4972244.199", "x": -8257318.707, "y": 4972244.199, "degree": 2 }, "geometry": { "type": "Point", "coordinates": [ -74.176756003441454, 40.727592002715461 ] } },
{ "type": "Feature", "properties": { "node_id": "-8261843.621_4963600.644", "x": -8261843.621, "y": 4963600.644, "degree": 2 }, "geometry": { "type": "Point", "coordinates": [ -74.217403997496703, 40.668723997898887 ] } },
{ "type": "Feature", "properties": { "node_id": "-8261860.876_4963593.013", "x": -8261860.876, "y": 4963593.013, "degree": 2 }, "geometry": { "type": "Point", "coordinates": [ -74.217559001798975, 40.668672003043298 ] } },
{ "type": "Feature", "properties": { "node_id": "-8262258.954_4963417.631", "x": -8262258.954, "y": 4963417.631, "degree": 2 }, "geometry": { "type": "Point", "coordinates": [ -74.221134997315701, 40.667477002778348 ] } },
{ "type": "Feature", "properties": { "node_id": "-8262207.191_4963213.047", "x": -8262207.191, "y": 4963213.047, "degree": 2 }, "geometry": { "type": "Point", "coordinates": [ -74.220670002375172, 40.666083001798782 ] } },
{ "type": "Feature", "properties": { "node_id": "-8262155.093_4962950.352", "x": -8262155.093, "y": 4962950.352, "degree": 2 }, "geometry": { "type": "Point", "coordinates": [ -74.220201998078466, 40.664292999507197 ] } },
{ "type": "Feature", "properties": { "node_id": "-8282594.465_4940965.920", "x": -8282594.465, "y": 4940965.92, "degree": 2 }, "geometry": { "type": "Point", "coordinates": [ -74.403812000732501, 40.51432100159272 ] } },
{ "type": "Feature", "properties": { "node_id": "-8283560.273_4940055.338", "x": -8283560.273, "y": 4940055.338, "degree": 2 }, "geometry": { "type": "Point", "coordinates": [ -74.412488001611763, 40.50810199855048 ] } },
{ "type": "Feature", "properties": { "node_id": "-8284674.804_4939036.214", "x": -8284674.804, "y": 4939036.214, "degree": 2 }, "geometry": { "type": "Point", "coordinates": [ -74.422500003931006, 40.501141002111055 ] } },
{ "type": "Feature", "properties": { "node_id": "-8262271.979_4962349.556", "x": -8262271.979, "y": 4962349.556, "degree": 2 }, "geometry": { "type": "Point", "coordinates": [ -74.221252002881457, 40.660198998274801 ] } },
{ "type": "Feature", "properties": { "node_id": "-8262762.898_4962065.901", "x": -8262762.898, "y": 4962065.901, "degree": 2 }, "geometry": { "type": "Point", "coordinates": [ -74.225662003291092, 40.658266002076317 ] } },
{ "type": "Feature", "properties": { "node_id": "-8263186.134_4961795.313", "x": -8263186.134, "y": 4961795.313, "degree": 2 }, "geometry": { "type": "Point", "coordinates": [ -74.229463996966984, 40.656422000093748 ] } },
{ "type": "Feature", "properties": { "node_id": "-8269982.189_4952979.624", "x": -8269982.189, "y": 4952979.624, "degree": 2 }, "geometry": { "type": "Point", "coordinates": [ -74.290513997749173, 40.596317001224008 ] } },
{ "type": "Feature", "properties": { "node_id": "-8265014.668_4960601.089", "x": -8265014.668, "y": 4960601.089, "degree": 2 }, "geometry": { "type": "Point", "coordinates": [ -74.245889997364316, 40.648282998447932 ] } },
{ "type": "Feature", "properties": { "node_id": "-8261357.600_4964564.201", "x": -8261357.6, "y": 4964564.201, "degree": 2 }, "geometry": { "type": "Point", "coordinates": [ -74.213037996569668, 40.675288998725165 ] } },
{ "type": "Feature", "properties": { "node_id": "-8261568.440_4963959.344", "x": -8261568.44, "y": 4963959.344, "degree": 2 }, "geometry": { "type": "Point", "coordinates": [ -74.214932004514722, 40.671168003357593 ] } },
{ "type": "Feature", "properties": { "node_id": "-8261665.176_4963678.870", "x": -8261665.176, "y": 4963678.87, "degree": 2 }, "geometry": { "type": "Point", "coordinates": [ -74.215800998787955, 40.669256999043306 ] } },
{ "type": "Feature", "properties": { "node_id": "-8267442.992_4958463.764", "x": -8267442.992, "y": 4958463.764, "degree": 2 }, "geometry": { "type": "Point", "coordinates": [ -74.267704003004255, 40.633713996855654 ] } },
{ "type": "Feature", "properties": { "node_id": "-8267885.487_4957679.017", "x": -8267885.487, "y": 4957679.017, "degree": 2 }, "geometry": { "type": "Point", "coordinates": [ -74.271679003220726, 40.628363998133416 ] } },
{ "type": "Feature", "properties": { "node_id": "-8268402.788_4957095.558", "x": -8268402.788, "y": 4957095.558, "degree": 2 }, "geometry": { "type": "Point", "coordinates": [ -74.276325997168627, 40.62438599895421 ] } },
{ "type": "Feature", "properties": { "node_id": "-8268879.013_4956583.997", "x": -8268879.013, "y": 4956583.997, "degree": 2 }, "geometry": { "type": "Point", "coordinates": [ -74.280603999130435, 40.620898002402996 ] } },
{ "type": "Feature", "properties": { "node_id": "-8269369.487_4955907.040", "x": -8269369.487, "y": 4955907.04, "degree": 2 }, "geometry": { "type": "Point", "coordinates": [ -74.285010002037055, 40.616281999785869 ] } },
{ "type": "Feature", "properties": { "node_id": "-8262031.306_4962520.517", "x": -8262031.306, "y": 4962520.517, "degree": 2 }, "geometry": { "type": "Point", "coordinates": [ -74.219090000537705, 40.66136400255607 ] } },
{ "type": "Feature", "properties": { "node_id": "-8262223.889_4962383.895", "x": -8262223.889, "y": 4962383.895, "degree": 2 }, "geometry": { "type": "Point", "coordinates": [ -74.22082000306132, 40.660433001124524 ] } },
{ "type": "Feature", "properties": { "node_id": "-8262269.864_4962351.024", "x": -8262269.864, "y": 4962351.024, "degree": 2 }, "geometry": { "type": "Point", "coordinates": [ -74.221233003513191, 40.660209001966237 ] } },
{ "type": "Feature", "properties": { "node_id": "-8269949.684_4953462.261", "x": -8269949.684, "y": 4953462.261, "degree": 2 }, "geometry": { "type": "Point", "coordinates": [ -74.290222000366072, 40.599608999683099 ] } },
{ "type": "Feature", "properties": { "node_id": "-8263923.960_4961268.539", "x": -8263923.96, "y": 4961268.539, "degree": 2 }, "geometry": { "type": "Point", "coordinates": [ -74.236092000695194, 40.652831996620293 ] } },
{ "type": "Feature", "properties": { "node_id": "-7890630.968_5293915.229", "x": -7890630.968, "y": 5293915.229, "degree": 2 }, "geometry": { "type": "Point", "coordinates": [ -70.882743999012149, 42.881255999738087 ] } },
{ "type": "Feature", "properties": { "node_id": "-7901107.468_5259579.254", "x": -7901107.468, "y": 5259579.254, "degree": 2 }, "geometry": { "type": "Point", "coordinates": [ -70.976855999752928, 42.65482399799118 ] } },
{ "type": "Feature", "properties": { "node_id": "-7890389.182_5295352.321", "x": -7890389.182, "y": 5295352.321, "degree": 2 }, "geometry": { "type": "Point", "coordinates": [ -70.880571998419285, 42.890714997245993 ] } },
{ "type": "Feature", "properties": { "node_id": "-7890304.913_5295852.826", "x": -7890304.913, "y": 5295852.826, "degree": 2 }, "geometry": { "type": "Point", "coordinates": [ -70.879814997112504, 42.894009000804886 ] } },
{ "type": "Feature", "properties": { "node_id": "-7890291.555_5295939.893", "x": -7890291.555, "y": 5295939.893, "degree": 2 }, "geometry": { "type": "Point", "coordinates": [ -70.879695000156843, 42.894582002106695 ] } },
{ "type": "Feature", "properties": { "node_id": "-7890209.290_5296425.992", "x": -7890209.29, "y": 5296425.992, "degree": 2 }, "geometry": { "type": "Point", "coordinates": [ -70.878956001088369, 42.897780996459964 ] } },
{ "type": "Feature", "properties": { "node_id": "-7890184.132_5296576.280", "x": -7890184.132, "y": 5296576.28, "degree": 2 }, "geometry": { "type": "Point", "coordinates": [ -70.878730002929203, 42.898770001040468 ] } },
{ "type": "Feature", "properties": { "node_id": "-7888469.144_5301670.150", "x": -7888469.144, "y": 5301670.15, "degree": 2 }, "geometry": { "type": "Point", "coordinates": [ -70.863324003604376, 42.932281997580311 ] } },
{ "type": "Feature", "properties": { "node_id": "-7887991.917_5304079.121", "x": -7887991.917, "y": 5304079.121, "degree": 2 }, "geometry": { "type": "Point", "coordinates": [ -70.859037000523429, 42.94812399887946 ] } },
{ "type": "Feature", "properties": { "node_id": "-7883250.931_5318416.059", "x": -7883250.931, "y": 5318416.059, "degree": 2 }, "geometry": { "type": "Point", "coordinates": [ -70.816447998667456, 43.04232299728546 ] } },
{ "type": "Feature", "properties": { "node_id": "-7887864.679_5304939.488", "x": -7887864.679, "y": 5304939.488, "degree": 2 }, "geometry": { "type": "Point", "coordinates": [ -70.857894002122222, 42.953781001550297 ] } },
{ "type": "Feature", "properties": { "node_id": "-7887815.921_5305249.768", "x": -7887815.921, "y": 5305249.768, "degree": 2 }, "geometry": { "type": "Point", "coordinates": [ -70.857456001555988, 42.955820997311051 ] } },
{ "type": "Feature", "properties": { "node_id": "-8367071.153_4859582.908", "x": -8367071.153, "y": 4859582.908, "degree": 2 }, "geometry": { "type": "Point", "coordinates": [ -75.162679000554462, 39.956223998963658 ] } },
{ "type": "Feature", "properties": { "node_id": "-7887774.510_5305542.567", "x": -7887774.51, "y": 5305542.567, "degree": 2 }, "geometry": { "type": "Point", "coordinates": [ -70.857084000213689, 42.957745998845326 ] } },
{ "type": "Feature", "properties": { "node_id": "-7887740.891_5305787.765", "x": -7887740.891, "y": 5305787.765, "degree": 2 }, "geometry": { "type": "Point", "coordinates": [ -70.856781995598325, 42.959358002167306 ] } },
{ "type": "Feature", "properties": { "node_id": "-7887715.511_5305982.011", "x": -7887715.511, "y": 5305982.011, "degree": 2 }, "geometry": { "type": "Point", "coordinates": [ -70.856554003179212, 42.960635002168573 ] } },
{ "type": "Feature", "properties": { "node_id": "-7887648.942_5306421.018", "x": -7887648.942, "y": 5306421.018, "degree": 2 }, "geometry": { "type": "Point", "coordinates": [ -70.855956003677719, 42.963520997111033 ] } },
{ "type": "Feature", "properties": { "node_id": "-7881299.278_5321305.011", "x": -7881299.278, "y": 5321305.011, "degree": 2 }, "geometry": { "type": "Point", "coordinates": [ -70.79891600147549, 43.061287002491895 ] } },
{ "type": "Feature", "properties": { "node_id": "-7887604.080_5306696.055", "x": -7887604.08, "y": 5306696.055, "degree": 2 }, "geometry": { "type": "Point", "coordinates": [ -70.855553001474973, 42.965328998146155 ] } },
{ "type": "Feature", "properties": { "node_id": "-7887602.076_5306706.400", "x": -7887602.076, "y": 5306706.4, "degree": 2 }, "geometry": { "type": "Point", "coordinates": [ -70.855534999236681, 42.965397001671228 ] } },
{ "type": "Feature", "properties": { "node_id": "-7887526.379_5307205.990", "x": -7887526.379, "y": 5307205.99, "degree": 2 }, "geometry": { "type": "Point", "coordinates": [ -70.854855001516043, 42.968680999298563 ] } },
{ "type": "Feature", "properties": { "node_id": "-7887515.247_5307280.383", "x": -7887515.247, "y": 5307280.383, "degree": 2 }, "geometry": { "type": "Point", "coordinates": [ -70.854755001058621, 42.969169998163629 ] } },
{ "type": "Feature", "properties": { "node_id": "-7887458.029_5307662.095", "x": -7887458.029, "y": 5307662.095, "degree": 2 }, "geometry": { "type": "Point", "coordinates": [ -70.854241003019354, 42.971679000163554 ] } },
{ "type": "Feature", "properties": { "node_id": "-7887392.016_5308106.355", "x": -7887392.016, "y": 5308106.355, "degree": 2 }, "geometry": { "type": "Point", "coordinates": [ -70.853647998150848, 42.974599002765366 ] } },
{ "type": "Feature", "properties": { "node_id": "-7884768.104_5315091.915", "x": -7884768.104, "y": 5315091.915, "degree": 2 }, "geometry": { "type": "Point", "coordinates": [ -70.830076995612998, 43.020494997397229 ] } },
{ "type": "Feature", "properties": { "node_id": "-7881180.945_5325243.339", "x": -7881180.945, "y": 5325243.339, "degree": 2 }, "geometry": { "type": "Point", "coordinates": [ -70.797852998050345, 43.087130001631941 ] } },
{ "type": "Feature", "properties": { "node_id": "-7887812.470_5305278.972", "x": -7887812.47, "y": 5305278.972, "degree": 2 }, "geometry": { "type": "Point", "coordinates": [ -70.857425000695542, 42.956013001164997 ] } },
{ "type": "Feature", "properties": { "node_id": "-7897186.907_5274972.250", "x": -7897186.907, "y": 5274972.25, "degree": 2 }, "geometry": { "type": "Point", "coordinates": [ -70.941637001066695, 42.756436998922467 ] } },
{ "type": "Feature", "properties": { "node_id": "-7896922.078_5275519.732", "x": -7896922.078, "y": 5275519.732, "degree": 2 }, "geometry": { "type": "Point", "coordinates": [ -70.939258001682916, 42.760048000791983 ] } },
{ "type": "Feature", "properties": { "node_id": "-7895730.737_5277985.387", "x": -7895730.737, "y": 5277985.387, "degree": 2 }, "geometry": { "type": "Point", "coordinates": [ -70.928556003393922, 42.776308000205802 ] } },
{ "type": "Feature", "properties": { "node_id": "-7895455.332_5278575.663", "x": -7895455.332, "y": 5278575.663, "degree": 2 }, "geometry": { "type": "Point", "coordinates": [ -70.926081998185708, 42.780199998922498 ] } },
{ "type": "Feature", "properties": { "node_id": "-7892462.842_5289371.583", "x": -7892462.842, "y": 5289371.583, "degree": 2 }, "geometry": { "type": "Point", "coordinates": [ -70.899200003139953, 42.851339996539636 ] } },
{ "type": "Feature", "properties": { "node_id": "-7894807.008_5280172.264", "x": -7894807.008, "y": 5280172.264, "degree": 2 }, "geometry": { "type": "Point", "coordinates": [ -70.920258004603099, 42.790725999516624 ] } },
{ "type": "Feature", "properties": { "node_id": "-7894195.641_5283547.164", "x": -7894195.641, "y": 5283547.164, "degree": 2 }, "geometry": { "type": "Point", "coordinates": [ -70.914766001400025, 42.812970000987939 ] } },
{ "type": "Feature", "properties": { "node_id": "-7894208.331_5283702.708", "x": -7894208.331, "y": 5283702.708, "degree": 2 }, "geometry": { "type": "Point", "coordinates": [ -70.914879997609589, 42.813995000342238 ] } },
{ "type": "Feature", "properties": { "node_id": "-7894235.382_5284036.264", "x": -7894235.382, "y": 5284036.264, "degree": 2 }, "geometry": { "type": "Point", "coordinates": [ -70.915123000877088, 42.816193000751198 ] } },
{ "type": "Feature", "properties": { "node_id": "-7894250.744_5284218.374", "x": -7894250.744, "y": 5284218.374, "degree": 2 }, "geometry": { "type": "Point", "coordinates": [ -70.915261000071027, 42.81739299972368 ] } },
{ "type": "Feature", "properties": { "node_id": "-7894263.212_5284367.403", "x": -7894263.212, "y": 5284367.403, "degree": 2 }, "geometry": { "type": "Point", "coordinates": [ -70.915373002020658, 42.818374996822463 ] } },
{ "type": "Feature", "properties": { "node_id": "-7894308.185_5284922.263", "x": -7894308.185, "y": 5284922.263, "degree": 2 }, "geometry": { "type": "Point", "coordinates": [ -70.915777001353376, 42.822030999850547 ] } },
{ "type": "Feature", "properties": { "node_id": "-7890914.276_5293130.763", "x": -7890914.276, "y": 5293130.763, "degree": 2 }, "geometry": { "type": "Point", "coordinates": [ -70.885288998077272, 42.876092000930271 ] } },
{ "type": "Feature", "properties": { "node_id": "-7893179.628_5287844.619", "x": -7893179.628, "y": 5287844.619, "degree": 2 }, "geometry": { "type": "Point", "coordinates": [ -70.905639001332389, 42.841282996401091 ] } },
{ "type": "Feature", "properties": { "node_id": "-7893089.348_5287990.215", "x": -7893089.348, "y": 5287990.215, "degree": 2 }, "geometry": { "type": "Point", "coordinates": [ -70.904828002293883, 42.842242001865806 ] } },
{ "type": "Feature", "properties": { "node_id": "-7892985.264_5288160.559", "x": -7892985.264, "y": 5288160.559, "degree": 2 }, "geometry": { "type": "Point", "coordinates": [ -70.903892999813564, 42.843363997495359 ] } },
{ "type": "Feature", "properties": { "node_id": "-7892883.852_5288345.483", "x": -7892883.852, "y": 5288345.483, "degree": 2 }, "geometry": { "type": "Point", "coordinates": [ -70.902982000317621, 42.844582003356784 ] } },
{ "type": "Feature", "properties": { "node_id": "-7892853.462_5288406.821", "x": -7892853.462, "y": 5288406.821, "degree": 2 }, "geometry": { "type": "Point", "coordinates": [ -70.902709002302785, 42.844986002095538 ] } },
{ "type": "Feature", "properties": { "node_id": "-7892609.449_5288998.056", "x": -7892609.449, "y": 5288998.056, "degree": 2 }, "geometry": { "type": "Point", "coordinates": [ -70.900516996228532, 42.848879997416361 ] } },
{ "type": "Feature", "properties": { "node_id": "-7892489.670_5289303.102", "x": -7892489.67, "y": 5289303.102, "degree": 2 }, "geometry": { "type": "Point", "coordinates": [ -70.899441003164384, 42.850888997119981 ] } },
{ "type": "Feature", "properties": { "node_id": "-7887898.409_5304705.263", "x": -7887898.409, "y": 5304705.263, "degree": 2 }, "geometry": { "type": "Point", "coordinates": [ -70.858197003867559, 42.952240999277656 ] } },
{ "type": "Feature", "properties": { "node_id": "-7892075.004_5290355.580", "x": -7892075.004, "y": 5290355.58, "degree": 2 }, "geometry": { "type": "Point", "coordinates": [ -70.895715995108333, 42.857820000834295 ] } },
{ "type": "Feature", "properties": { "node_id": "-7891777.336_5291109.895", "x": -7891777.336, "y": 5291109.895, "degree": 2 }, "geometry": { "type": "Point", "coordinates": [ -70.893041997968396, 42.862786999110604 ] } },
{ "type": "Feature", "properties": { "node_id": "-7891604.234_5291543.194", "x": -7891604.234, "y": 5291543.194, "degree": 2 }, "geometry": { "type": "Point", "coordinates": [ -70.891486996245291, 42.865639996984214 ] } },
{ "type": "Feature", "properties": { "node_id": "-7891464.974_5291897.686", "x": -7891464.974, "y": 5291897.686, "degree": 2 }, "geometry": { "type": "Point", "coordinates": [ -70.890236002380618, 42.867974002909705 ] } },
{ "type": "Feature", "properties": { "node_id": "-7891354.545_5292176.094", "x": -7891354.545, "y": 5292176.094, "degree": 2 }, "geometry": { "type": "Point", "coordinates": [ -70.889244001795518, 42.869807003341023 ] } },
{ "type": "Feature", "properties": { "node_id": "-7890409.331_5295232.745", "x": -7890409.331, "y": 5295232.745, "degree": 2 }, "geometry": { "type": "Point", "coordinates": [ -70.880752999965878, 42.889927998512348 ] } },
{ "type": "Feature", "properties": { "node_id": "-7886405.503_5331536.560", "x": -7886405.503, "y": 5331536.56, "degree": 2 }, "geometry": { "type": "Point", "coordinates": [ -70.844786001092018, 43.12840300203662 ] } },
{ "type": "Feature", "properties": { "node_id": "-7888189.286_5331766.424", "x": -7888189.286, "y": 5331766.424, "degree": 2 }, "geometry": { "type": "Point", "coordinates": [ -70.860809996416549, 43.129909998469905 ] } },
{ "type": "Feature", "properties": { "node_id": "-8368627.845_4859254.707", "x": -8368627.845, "y": 4859254.707, "degree": 2 }, "geometry": { "type": "Point", "coordinates": [ -75.17666300271712, 39.953964001029135 ] } },
{ "type": "Feature", "properties": { "node_id": "-7893291.281_5332932.002", "x": -7893291.281, "y": 5332932.002, "degree": 2 }, "geometry": { "type": "Point", "coordinates": [ -70.90664199729656, 43.137550997169555 ] } },
{ "type": "Feature", "properties": { "node_id": "-7893397.591_5332942.681", "x": -7893397.591, "y": 5332942.681, "degree": 2 }, "geometry": { "type": "Point", "coordinates": [ -70.907596996275103, 43.137620999418047 ] } },
{ "type": "Feature", "properties": { "node_id": "-7893792.887_5333074.182", "x": -7893792.887, "y": 5333074.182, "degree": 2 }, "geometry": { "type": "Point", "coordinates": [ -70.911148000660631, 43.138482999186209 ] } },
{ "type": "Feature", "properties": { "node_id": "-7894217.014_5333456.186", "x": -7894217.014, "y": 5333456.186, "degree": 2 }, "geometry": { "type": "Point", "coordinates": [ -70.914957998325704, 43.140986997603449 ] } },
{ "type": "Feature", "properties": { "node_id": "-8367139.392_4859166.849", "x": -8367139.392, "y": 4859166.849, "degree": 2 }, "geometry": { "type": "Point", "coordinates": [ -75.163292001921192, 39.95335899660364 ] } },
{ "type": "Feature", "properties": { "node_id": "-8367334.980_4859201.411", "x": -8367334.98, "y": 4859201.411, "degree": 2 }, "geometry": { "type": "Point", "coordinates": [ -75.165048998819103, 39.953596996775005 ] } },
{ "type": "Feature", "properties": { "node_id": "-8367408.006_4859214.336", "x": -8367408.006, "y": 4859214.336, "degree": 2 }, "geometry": { "type": "Point", "coordinates": [ -75.165705002538488, 39.953686000445543 ] } },
{ "type": "Feature", "properties": { "node_id": "-7887625.230_5306577.551", "x": -7887625.23, "y": 5306577.551, "degree": 2 }, "geometry": { "type": "Point", "coordinates": [ -70.855742995157556, 42.964549999092242 ] } },
{ "type": "Feature", "properties": { "node_id": "-8367506.857_4859231.907", "x": -8367506.857, "y": 4859231.907, "degree": 2 }, "geometry": { "type": "Point", "coordinates": [ -75.166592996179986, 39.953806997048567 ] } },
{ "type": "Feature", "properties": { "node_id": "-7883058.460_5318849.711", "x": -7883058.46, "y": 5318849.711, "degree": 2 }, "geometry": { "type": "Point", "coordinates": [ -70.814719002256965, 43.045170001790297 ] } },
{ "type": "Feature", "properties": { "node_id": "-8367861.855_4859288.107", "x": -8367861.855, "y": 4859288.107, "degree": 2 }, "geometry": { "type": "Point", "coordinates": [ -75.169781997472313, 39.954193997437663 ] } },
{ "type": "Feature", "properties": { "node_id": "-8368037.072_4859315.844", "x": -8368037.072, "y": 4859315.844, "degree": 2 }, "geometry": { "type": "Point", "coordinates": [ -75.171355998563669, 39.954384997160687 ] } },
{ "type": "Feature", "properties": { "node_id": "-8368219.636_4859344.888", "x": -8368219.636, "y": 4859344.888, "degree": 2 }, "geometry": { "type": "Point", "coordinates": [ -75.172995998878974, 39.954584996443195 ] } },
{ "type": "Feature", "properties": { "node_id": "-8368244.460_4859197.926", "x": -8368244.46, "y": 4859197.926, "degree": 2 }, "geometry": { "type": "Point", "coordinates": [ -75.173218996665113, 39.953572998473405 ] } },
{ "type": "Feature", "properties": { "node_id": "-8368451.515_4859225.373", "x": -8368451.515, "y": 4859225.373, "degree": 2 }, "geometry": { "type": "Point", "coordinates": [ -75.175079003376638, 39.95376200294664 ] } },
{ "type": "Feature", "properties": { "node_id": "-8369135.795_4859339.080", "x": -8369135.795, "y": 4859339.08, "degree": 2 }, "geometry": { "type": "Point", "coordinates": [ -75.181225995202809, 39.954545002142346 ] } },
{ "type": "Feature", "properties": { "node_id": "-8369206.817_4859129.819", "x": -8369206.817, "y": 4859129.819, "degree": 2 }, "geometry": { "type": "Point", "coordinates": [ -75.181863996683902, 39.953104000419728 ] } },
{ "type": "Feature", "properties": { "node_id": "-8369295.873_4858916.787", "x": -8369295.873, "y": 4858916.787, "degree": 2 }, "geometry": { "type": "Point", "coordinates": [ -75.182664000343323, 39.951636999855943 ] } },
{ "type": "Feature", "properties": { "node_id": "-8369308.786_4858918.820", "x": -8369308.786, "y": 4858918.82, "degree": 2 }, "geometry": { "type": "Point", "coordinates": [ -75.182779999795969, 39.951650999836353 ] } },
{ "type": "Feature", "properties": { "node_id": "-8370115.741_4859050.385", "x": -8370115.741, "y": 4859050.385, "degree": 2 }, "geometry": { "type": "Point", "coordinates": [ -75.190028999896938, 39.952556998377389 ] } },
{ "type": "Feature", "properties": { "node_id": "-8370301.979_4858727.284", "x": -8370301.979, "y": 4858727.284, "degree": 2 }, "geometry": { "type": "Point", "coordinates": [ -75.191702004315772, 39.950332000414001 ] } },
{ "type": "Feature", "properties": { "node_id": "-8258917.922_4969617.493", "x": -8258917.922, "y": 4969617.493, "degree": 2 }, "geometry": { "type": "Point", "coordinates": [ -74.191121996212374, 40.709707997642944 ] } },
{ "type": "Feature", "properties": { "node_id": "-8259062.304_4969298.383", "x": -8259062.304, "y": 4969298.383, "degree": 2 }, "geometry": { "type": "Point", "coordinates": [ -74.192419001785879, 40.707535000521638 ] } },
{ "type": "Feature", "properties": { "node_id": "-8367687.195_4859260.516", "x": -8367687.195, "y": 4859260.516, "degree": 2 }, "geometry": { "type": "Point", "coordinates": [ -75.168212999997067, 39.954004002555855 ] } },
{ "type": "Feature", "properties": { "node_id": "-7882878.567_5319256.877", "x": -7882878.567, "y": 5319256.877, "degree": 2 }, "geometry": { "type": "Point", "coordinates": [ -70.813102995942899, 43.047843000608211 ] } },
{ "type": "Feature", "properties": { "node_id": "-7882814.559_5319401.286", "x": -7882814.559, "y": 5319401.286, "degree": 2 }, "geometry": { "type": "Point", "coordinates": [ -70.812528002295849, 43.048791001407302 ] } },
{ "type": "Feature", "properties": { "node_id": "-7882733.073_5319585.761", "x": -7882733.073, "y": 5319585.761, "degree": 2 }, "geometry": { "type": "Point", "coordinates": [ -70.811796001103417, 43.050002001896225 ] } },
{ "type": "Feature", "properties": { "node_id": "-7882590.584_5319890.129", "x": -7882590.584, "y": 5319890.129, "degree": 2 }, "geometry": { "type": "Point", "coordinates": [ -70.810516000638231, 43.051999997042735 ] } },
{ "type": "Feature", "properties": { "node_id": "-7881880.922_5320789.736", "x": -7881880.922, "y": 5320789.736, "degree": 2 }, "geometry": { "type": "Point", "coordinates": [ -70.804140998426661, 43.057905002204834 ] } },
{ "type": "Feature", "properties": { "node_id": "-7881867.564_5320801.467", "x": -7881867.564, "y": 5320801.467, "degree": 2 }, "geometry": { "type": "Point", "coordinates": [ -70.804021001471, 43.057982000535134 ] } },
{ "type": "Feature", "properties": { "node_id": "-7893550.656_5287287.158", "x": -7893550.656, "y": 5287287.158, "degree": 2 }, "geometry": { "type": "Point", "coordinates": [ -70.908972002564752, 42.83761099867727 ] } },
{ "type": "Feature", "properties": { "node_id": "-7880454.252_5322036.073", "x": -7880454.252, "y": 5322036.073, "degree": 2 }, "geometry": { "type": "Point", "coordinates": [ -70.791325003762708, 43.066084997660155 ] } },
{ "type": "Feature", "properties": { "node_id": "-7879950.753_5322629.133", "x": -7879950.753, "y": 5322629.133, "degree": 2 }, "geometry": { "type": "Point", "coordinates": [ -70.786801995290304, 43.069977003171871 ] } },
{ "type": "Feature", "properties": { "node_id": "-7879598.650_5323150.757", "x": -7879598.65, "y": 5323150.757, "degree": 2 }, "geometry": { "type": "Point", "coordinates": [ -70.783639000225477, 43.073399999733041 ] } },
{ "type": "Feature", "properties": { "node_id": "-7879555.569_5323383.158", "x": -7879555.569, "y": 5323383.158, "degree": 2 }, "geometry": { "type": "Point", "coordinates": [ -70.783251997017913, 43.07492499802953 ] } },
{ "type": "Feature", "properties": { "node_id": "-7880603.308_5324576.649", "x": -7880603.308, "y": 5324576.649, "degree": 2 }, "geometry": { "type": "Point", "coordinates": [ -70.792663996592609, 43.082756000469061 ] } },
{ "type": "Feature", "properties": { "node_id": "-7886281.938_5331527.866", "x": -7886281.938, "y": 5331527.866, "degree": 2 }, "geometry": { "type": "Point", "coordinates": [ -70.843675997811189, 43.128346003139463 ] } },
{ "type": "Feature", "properties": { "node_id": "-7881672.755_5325787.365", "x": -7881672.755, "y": 5325787.365, "degree": 2 }, "geometry": { "type": "Point", "coordinates": [ -70.80227100244916, 43.090699000841482 ] } },
{ "type": "Feature", "properties": { "node_id": "-7882264.418_5326507.802", "x": -7882264.418, "y": 5326507.802, "degree": 2 }, "geometry": { "type": "Point", "coordinates": [ -70.807586001608641, 43.095424997338419 ] } },
{ "type": "Feature", "properties": { "node_id": "-7882455.219_5326900.972", "x": -7882455.219, "y": 5326900.972, "degree": 2 }, "geometry": { "type": "Point", "coordinates": [ -70.809299996153882, 43.098004000390318 ] } },
{ "type": "Feature", "properties": { "node_id": "-7882824.800_5327913.166", "x": -7882824.8, "y": 5327913.166, "degree": 2 }, "geometry": { "type": "Point", "coordinates": [ -70.812619998764092, 43.104642998584879 ] } },
{ "type": "Feature", "properties": { "node_id": "-7882999.349_5328543.194", "x": -7882999.349, "y": 5328543.194, "degree": 2 }, "geometry": { "type": "Point", "coordinates": [ -70.814187999109379, 43.108774999775704 ] } },
{ "type": "Feature", "properties": { "node_id": "-7883346.555_5329007.356", "x": -7883346.555, "y": 5329007.356, "degree": 2 }, "geometry": { "type": "Point", "coordinates": [ -70.817307003674742, 43.111819000225111 ] } },
{ "type": "Feature", "properties": { "node_id": "-7883884.673_5329556.329", "x": -7883884.673, "y": 5329556.329, "degree": 2 }, "geometry": { "type": "Point", "coordinates": [ -70.822140999915348, 43.115419000561779 ] } },
{ "type": "Feature", "properties": { "node_id": "-7883920.518_5329589.573", "x": -7883920.518, "y": 5329589.573, "degree": 2 }, "geometry": { "type": "Point", "coordinates": [ -70.82246300102895, 43.115636997945948 ] } },
{ "type": "Feature", "properties": { "node_id": "-7884256.925_5329981.043", "x": -7884256.925, "y": 5329981.043, "degree": 2 }, "geometry": { "type": "Point", "coordinates": [ -70.825484996526782, 43.118204002337876 ] } },
{ "type": "Feature", "properties": { "node_id": "-7884756.193_5330599.009", "x": -7884756.193, "y": 5330599.009, "degree": 2 }, "geometry": { "type": "Point", "coordinates": [ -70.829969997279505, 43.122256000288083 ] } },
{ "type": "Feature", "properties": { "node_id": "-7885072.452_5330889.705", "x": -7885072.452, "y": 5330889.705, "degree": 2 }, "geometry": { "type": "Point", "coordinates": [ -70.832811000213908, 43.124161998748171 ] } },
{ "type": "Feature", "properties": { "node_id": "-7885306.668_5331032.769", "x": -7885306.668, "y": 5331032.769, "degree": 2 }, "geometry": { "type": "Point", "coordinates": [ -70.834914998339769, 43.125100000734975 ] } },
{ "type": "Feature", "properties": { "node_id": "-7885800.259_5331361.153", "x": -7885800.259, "y": 5331361.153, "degree": 2 }, "geometry": { "type": "Point", "coordinates": [ -70.839349001733794, 43.127253002625309 ] } },
{ "type": "Feature", "properties": { "node_id": "-7880946.729_5324975.072", "x": -7880946.729, "y": 5324975.072, "degree": 2 }, "geometry": { "type": "Point", "coordinates": [ -70.79574899992447, 43.085370000528847 ] } },
{ "type": "Feature", "properties": { "node_id": "-7924122.550_5190028.103", "x": -7924122.55, "y": 5190028.103, "degree": 2 }, "geometry": { "type": "Point", "coordinates": [ -71.183603999011567, 42.193627001574946 ] } },
{ "type": "Feature", "properties": { "node_id": "-7924114.312_5189914.362", "x": -7924114.312, "y": 5189914.362, "degree": 2 }, "geometry": { "type": "Point", "coordinates": [ -71.183529995798466, 42.192870001544527 ] } },
{ "type": "Feature", "properties": { "node_id": "-7924205.149_5189299.403", "x": -7924205.149, "y": 5189299.403, "degree": 2 }, "geometry": { "type": "Point", "coordinates": [ -71.184345998453097, 42.188777002165729 ] } },
{ "type": "Feature", "properties": { "node_id": "-7928948.918_5179854.348", "x": -7928948.918, "y": 5179854.348, "degree": 2 }, "geometry": { "type": "Point", "coordinates": [ -71.226960000423418, 42.125879999050234 ] } },
{ "type": "Feature", "properties": { "node_id": "-7929087.956_5179569.327", "x": -7929087.956, "y": 5179569.327, "degree": 2 }, "geometry": { "type": "Point", "coordinates": [ -71.228209000028158, 42.123981000684722 ] } },
{ "type": "Feature", "properties": { "node_id": "-7929229.332_5179199.818", "x": -7929229.332, "y": 5179199.818, "degree": 2 }, "geometry": { "type": "Point", "coordinates": [ -71.229479002244233, 42.121519002667512 ] } },
{ "type": "Feature", "properties": { "node_id": "-7929241.799_5179158.695", "x": -7929241.799, "y": 5179158.695, "degree": 2 }, "geometry": { "type": "Point", "coordinates": [ -71.2295909952107, 42.121244998704356 ] } },
{ "type": "Feature", "properties": { "node_id": "-7943337.630_5146347.149", "x": -7943337.63, "y": 5146347.149, "degree": 2 }, "geometry": { "type": "Point", "coordinates": [ -71.356215999507356, 41.902242999826733 ] } },
{ "type": "Feature", "properties": { "node_id": "-7943716.562_5146199.080", "x": -7943716.562, "y": 5146199.08, "degree": 2 }, "geometry": { "type": "Point", "coordinates": [ -71.359620003579778, 41.90125299844717 ] } },
{ "type": "Feature", "properties": { "node_id": "-7943983.728_5146092.293", "x": -7943983.728, "y": 5146092.293, "degree": 2 }, "geometry": { "type": "Point", "coordinates": [ -71.362019996591755, 41.900539002351231 ] } },
{ "type": "Feature", "properties": { "node_id": "-7944316.908_5145960.530", "x": -7944316.908, "y": 5145960.53, "degree": 2 }, "geometry": { "type": "Point", "coordinates": [ -71.365013003455388, 41.899658001456565 ] } },
{ "type": "Feature", "properties": { "node_id": "-7929263.507_5170618.243", "x": -7929263.507, "y": 5170618.243, "degree": 2 }, "geometry": { "type": "Point", "coordinates": [ -71.22978600149257, 42.064313999105188 ] } },
{ "type": "Feature", "properties": { "node_id": "-8280856.322_4942603.100", "x": -8280856.322, "y": 4942603.1, "degree": 2 }, "geometry": { "type": "Point", "coordinates": [ -74.388197996503649, 40.525501001182448 ] } },
{ "type": "Feature", "properties": { "node_id": "-7930418.780_5168062.893", "x": -7930418.78, "y": 5168062.893, "degree": 2 }, "geometry": { "type": "Point", "coordinates": [ -71.240163995424879, 42.047270000683746 ] } },
{ "type": "Feature", "properties": { "node_id": "-7930473.216_5167942.818", "x": -7930473.216, "y": 5167942.818, "degree": 2 }, "geometry": { "type": "Point", "coordinates": [ -71.240653002332948, 42.046468996660572 ] } },
{ "type": "Feature", "properties": { "node_id": "-7928487.721_5180892.144", "x": -7928487.721, "y": 5180892.144, "degree": 2 }, "geometry": { "type": "Point", "coordinates": [ -71.222816997282507, 42.132794001270703 ] } },
{ "type": "Feature", "properties": { "node_id": "-7928480.152_5180829.699", "x": -7928480.152, "y": 5180829.699, "degree": 2 }, "geometry": { "type": "Point", "coordinates": [ -71.222749003798668, 42.132378001667398 ] } },
{ "type": "Feature", "properties": { "node_id": "-7928463.899_5180678.992", "x": -7928463.899, "y": 5180678.992, "degree": 2 }, "geometry": { "type": "Point", "coordinates": [ -71.222603000615536, 42.131374002067943 ] } },
{ "type": "Feature", "properties": { "node_id": "-7928498.631_5180632.759", "x": -7928498.631, "y": 5180632.759, "degree": 2 }, "geometry": { "type": "Point", "coordinates": [ -71.222915003480026, 42.131065997833076 ] } },
{ "type": "Feature", "properties": { "node_id": "-7931244.771_5166235.557", "x": -7931244.771, "y": 5166235.557, "degree": 2 }, "geometry": { "type": "Point", "coordinates": [ -71.24758399882333, 42.035078997677637 ] } },
{ "type": "Feature", "properties": { "node_id": "-7931471.195_5165825.800", "x": -7931471.195, "y": 5165825.8, "degree": 2 }, "geometry": { "type": "Point", "coordinates": [ -71.249618000222256, 42.032344998310137 ] } },
{ "type": "Feature", "properties": { "node_id": "-7931578.284_5165669.785", "x": -7931578.284, "y": 5165669.785, "degree": 2 }, "geometry": { "type": "Point", "coordinates": [ -71.250579997076869, 42.031303996988925 ] } },
{ "type": "Feature", "properties": { "node_id": "-7931676.579_5165538.951", "x": -7931676.579, "y": 5165538.951, "degree": 2 }, "geometry": { "type": "Point", "coordinates": [ -71.251462996085394, 42.030431001331777 ] } },
{ "type": "Feature", "properties": { "node_id": "-7928675.851_5175046.752", "x": -7928675.851, "y": 5175046.752, "degree": 2 }, "geometry": { "type": "Point", "coordinates": [ -71.224506997826524, 42.093840998620202 ] } },
{ "type": "Feature", "properties": { "node_id": "-7928627.316_5174897.787", "x": -7928627.316, "y": 5174897.787, "degree": 2 }, "geometry": { "type": "Point", "coordinates": [ -71.224071000503386, 42.092848000623484 ] } },
{ "type": "Feature", "properties": { "node_id": "-7928432.396_5174274.048", "x": -7928432.396, "y": 5174274.048, "degree": 2 }, "geometry": { "type": "Point", "coordinates": [ -71.222320004351587, 42.088689998896818 ] } },
{ "type": "Feature", "properties": { "node_id": "-7930101.520_5168767.030", "x": -7930101.52, "y": 5168767.03, "degree": 2 }, "geometry": { "type": "Point", "coordinates": [ -71.237314000354473, 42.051966999749652 ] } },
{ "type": "Feature", "properties": { "node_id": "-7922733.171_5198469.023", "x": -7922733.171, "y": 5198469.023, "degree": 2 }, "geometry": { "type": "Point", "coordinates": [ -71.17112299510022, 42.249780002439508 ] } },
{ "type": "Feature", "properties": { "node_id": "-7922723.042_5198278.334", "x": -7922723.042, "y": 5198278.334, "degree": 2 }, "geometry": { "type": "Point", "coordinates": [ -71.171032004745086, 42.248512000183034 ] } },
{ "type": "Feature", "properties": { "node_id": "-7931904.228_5165288.676", "x": -7931904.228, "y": 5165288.676, "degree": 2 }, "geometry": { "type": "Point", "coordinates": [ -71.253508001846527, 42.028760996909924 ] } },
{ "type": "Feature", "properties": { "node_id": "-7932033.136_5165163.392", "x": -7932033.136, "y": 5165163.392, "degree": 2 }, "geometry": { "type": "Point", "coordinates": [ -71.254666002112984, 42.027925000673534 ] } },
{ "type": "Feature", "properties": { "node_id": "-7932142.452_5165058.040", "x": -7932142.452, "y": 5165058.04, "degree": 2 }, "geometry": { "type": "Point", "coordinates": [ -71.255648004448972, 42.027221998362002 ] } },
{ "type": "Feature", "properties": { "node_id": "-7932242.305_5164963.330", "x": -7932242.305, "y": 5164963.33, "degree": 2 }, "geometry": { "type": "Point", "coordinates": [ -71.256544999209623, 42.026590002310478 ] } },
{ "type": "Feature", "properties": { "node_id": "-7923979.616_5194705.585", "x": -7923979.616, "y": 5194705.585, "degree": 2 }, "geometry": { "type": "Point", "coordinates": [ -71.182320001043365, 42.224749998165869 ] } },
{ "type": "Feature", "properties": { "node_id": "-7923794.714_5193995.466", "x": -7923794.714, "y": 5193995.466, "degree": 2 }, "geometry": { "type": "Point", "coordinates": [ -71.180658998116712, 42.220026000695391 ] } },
{ "type": "Feature", "properties": { "node_id": "-7924133.237_5192601.237", "x": -7924133.237, "y": 5192601.237, "degree": 2 }, "geometry": { "type": "Point", "coordinates": [ -71.183700001965974, 42.210749999896159 ] } },
{ "type": "Feature", "properties": { "node_id": "-7924375.913_5190620.419", "x": -7924375.913, "y": 5190620.419, "degree": 2 }, "geometry": { "type": "Point", "coordinates": [ -71.185879997564868, 42.197568997525359 ] } },
{ "type": "Feature", "properties": { "node_id": "-7919676.450_5201938.632", "x": -7919676.45, "y": 5201938.632, "degree": 2 }, "geometry": { "type": "Point", "coordinates": [ -71.143664003164332, 42.272847002864744 ] } },
{ "type": "Feature", "properties": { "node_id": "-7921165.348_5200181.182", "x": -7921165.348, "y": 5200181.182, "degree": 2 }, "geometry": { "type": "Point", "coordinates": [ -71.157039001463275, 42.261164003246272 ] } },
{ "type": "Feature", "properties": { "node_id": "-7924134.350_5190101.727", "x": -7924134.35, "y": 5190101.727, "degree": 2 }, "geometry": { "type": "Point", "coordinates": [ -71.183710000215086, 42.194116999204901 ] } },
{ "type": "Feature", "properties": { "node_id": "-7921969.186_5199315.739", "x": -7921969.186, "y": 5199315.739, "degree": 2 }, "geometry": { "type": "Point", "coordinates": [ -71.16426000107684, 42.255410002556538 ] } },
{ "type": "Feature", "properties": { "node_id": "-7924238.322_5189124.373", "x": -7924238.322, "y": 5189124.373, "degree": 2 }, "geometry": { "type": "Point", "coordinates": [ -71.184643996582295, 42.187612001771349 ] } },
{ "type": "Feature", "properties": { "node_id": "-7924351.868_5188822.097", "x": -7924351.868, "y": 5188822.097, "degree": 2 }, "geometry": { "type": "Point", "coordinates": [ -71.1856639976548, 42.185600000924886 ] } },
{ "type": "Feature", "properties": { "node_id": "-7924889.096_5187814.079", "x": -7924889.096, "y": 5187814.079, "degree": 2 }, "geometry": { "type": "Point", "coordinates": [ -71.190489998889362, 42.17888999758982 ] } },
{ "type": "Feature", "properties": { "node_id": "-7925510.259_5186648.458", "x": -7925510.259, "y": 5186648.458, "degree": 2 }, "geometry": { "type": "Point", "coordinates": [ -71.196070001057663, 42.171130001532916 ] } },
{ "type": "Feature", "properties": { "node_id": "-7922838.591_5197981.782", "x": -7922838.591, "y": 5197981.782, "degree": 2 }, "geometry": { "type": "Point", "coordinates": [ -71.172069999072733, 42.246540002521485 ] } },
{ "type": "Feature", "properties": { "node_id": "-7923759.983_5195778.832", "x": -7923759.983, "y": 5195778.832, "degree": 2 }, "geometry": { "type": "Point", "coordinates": [ -71.180347004235387, 42.231888998509319 ] } },
{ "type": "Feature", "properties": { "node_id": "-7923828.110_5195584.890", "x": -7923828.11, "y": 5195584.89, "degree": 2 }, "geometry": { "type": "Point", "coordinates": [ -71.180958999488993, 42.230598999225556 ] } },
{ "type": "Feature", "properties": { "node_id": "-7923626.733_5194986.701", "x": -7923626.733, "y": 5194986.701, "degree": 2 }, "geometry": { "type": "Point", "coordinates": [ -71.179149999119304, 42.226619997315595 ] } },
{ "type": "Feature", "properties": { "node_id": "-7928388.758_5181306.303", "x": -7928388.758, "y": 5181306.303, "degree": 2 }, "geometry": { "type": "Point", "coordinates": [ -71.221927997527899, 42.135552999770688 ] } },
{ "type": "Feature", "properties": { "node_id": "-7928420.596_5181250.010", "x": -7928420.596, "y": 5181250.01, "degree": 2 }, "geometry": { "type": "Point", "coordinates": [ -71.222214003148054, 42.135178000363496 ] } },
{ "type": "Feature", "properties": { "node_id": "-7928496.961_5180975.605", "x": -7928496.961, "y": 5180975.605, "degree": 2 }, "geometry": { "type": "Point", "coordinates": [ -71.222900001614775, 42.133350002175185 ] } },
{ "type": "Feature", "properties": { "node_id": "-7928490.950_5180917.812", "x": -7928490.95, "y": 5180917.812, "degree": 2 }, "geometry": { "type": "Point", "coordinates": [ -71.222846003883035, 42.13296499700035 ] } },
{ "type": "Feature", "properties": { "node_id": "-7921666.285_5199641.361", "x": -7921666.285, "y": 5199641.361, "degree": 2 }, "geometry": { "type": "Point", "coordinates": [ -71.161538995098084, 42.257575000750428 ] } },
{ "type": "Feature", "properties": { "node_id": "-7943295.997_5146363.302", "x": -7943295.997, "y": 5146363.302, "degree": 2 }, "geometry": { "type": "Point", "coordinates": [ -71.355842003905124, 41.902350999170231 ] } },
{ "type": "Feature", "properties": { "node_id": "-7937465.750_5154380.855", "x": -7937465.75, "y": 5154380.855, "degree": 2 }, "geometry": { "type": "Point", "coordinates": [ -71.303468004002198, 41.955934001342015 ] } },
{ "type": "Feature", "properties": { "node_id": "-7937520.964_5154268.587", "x": -7937520.964, "y": 5154268.587, "degree": 2 }, "geometry": { "type": "Point", "coordinates": [ -71.303963999803173, 41.955184001272016 ] } },
{ "type": "Feature", "properties": { "node_id": "-7937709.094_5153891.975", "x": -7937709.094, "y": 5153891.975, "degree": 2 }, "geometry": { "type": "Point", "coordinates": [ -71.305654000347189, 41.952668001489954 ] } },
{ "type": "Feature", "properties": { "node_id": "-7937738.816_5153831.952", "x": -7937738.816, "y": 5153831.952, "degree": 2 }, "geometry": { "type": "Point", "coordinates": [ -71.305920997615928, 41.952267001758969 ] } },
{ "type": "Feature", "properties": { "node_id": "-7944363.996_5145941.835", "x": -7944363.996, "y": 5145941.835, "degree": 2 }, "geometry": { "type": "Point", "coordinates": [ -71.365436002156372, 41.899533000952154 ] } },
{ "type": "Feature", "properties": { "node_id": "-7944788.123_5145772.984", "x": -7944788.123, "y": 5145772.984, "degree": 2 }, "geometry": { "type": "Point", "coordinates": [ -71.369245999821445, 41.898404000288643 ] } },
{ "type": "Feature", "properties": { "node_id": "-7944848.904_5145612.661", "x": -7944848.904, "y": 5145612.661, "degree": 2 }, "geometry": { "type": "Point", "coordinates": [ -71.369792004834281, 41.897332002535464 ] } },
{ "type": "Feature", "properties": { "node_id": "-7944980.260_5145264.505", "x": -7944980.26, "y": 5145264.505, "degree": 2 }, "geometry": { "type": "Point", "coordinates": [ -71.370971995858895, 41.895003999786695 ] } },
{ "type": "Feature", "properties": { "node_id": "-7939454.806_5150665.785", "x": -7939454.806, "y": 5150665.785, "degree": 2 }, "geometry": { "type": "Point", "coordinates": [ -71.321335998059894, 41.931110998706821 ] } },
{ "type": "Feature", "properties": { "node_id": "-7939508.017_5150574.659", "x": -7939508.017, "y": 5150574.659, "degree": 2 }, "geometry": { "type": "Point", "coordinates": [ -71.321814000605727, 41.930502000206694 ] } },
{ "type": "Feature", "properties": { "node_id": "-7939655.627_5150321.336", "x": -7939655.627, "y": 5150321.336, "degree": 2 }, "geometry": { "type": "Point", "coordinates": [ -71.323140003796624, 41.92880900248128 ] } },
{ "type": "Feature", "properties": { "node_id": "-7928339.889_5173575.203", "x": -7928339.889, "y": 5173575.203, "degree": 2 }, "geometry": { "type": "Point", "coordinates": [ -71.221488999831706, 42.084030997835974 ] } },
{ "type": "Feature", "properties": { "node_id": "-7945576.488_5143700.354", "x": -7945576.488, "y": 5143700.354, "degree": 2 }, "geometry": { "type": "Point", "coordinates": [ -71.376328003111084, 41.884543998091075 ] } },
{ "type": "Feature", "properties": { "node_id": "-7945640.942_5143528.104", "x": -7945640.942, "y": 5143528.104, "degree": 2 }, "geometry": { "type": "Point", "coordinates": [ -71.376907003244312, 41.883391999948209 ] } },
{ "type": "Feature", "properties": { "node_id": "-7945662.204_5143475.622", "x": -7945662.204, "y": 5143475.622, "degree": 2 }, "geometry": { "type": "Point", "coordinates": [ -71.377098003040032, 41.883040999207189 ] } },
{ "type": "Feature", "properties": { "node_id": "-7945693.596_5143393.536", "x": -7945693.596, "y": 5143393.536, "degree": 2 }, "geometry": { "type": "Point", "coordinates": [ -71.377380002174021, 41.88249200241313 ] } },
{ "type": "Feature", "properties": { "node_id": "-8236944.012_4972452.203", "x": -8236944.012, "y": 4972452.203, "degree": 2 }, "geometry": { "type": "Point", "coordinates": [ -73.993727004163716, 40.729007998765532 ] } },
{ "type": "Feature", "properties": { "node_id": "-8236891.023_4972535.641", "x": -8236891.023, "y": 4972535.641, "degree": 2 }, "geometry": { "type": "Point", "coordinates": [ -73.993250995877801, 40.729575998021261 ] } },
{ "type": "Feature", "properties": { "node_id": "-8236797.515_4972683.863", "x": -8236797.515, "y": 4972683.863, "degree": 2 }, "geometry": { "type": "Point", "coordinates": [ -73.992410999221931, 40.730584998573484 ] } },
{ "type": "Feature", "properties": { "node_id": "-8236740.742_4972767.303", "x": -8236740.742, "y": 4972767.303, "degree": 2 }, "geometry": { "type": "Point", "coordinates": [ -73.991900998685665, 40.731152997982704 ] } },
{ "type": "Feature", "properties": { "node_id": "-7945771.185_5142941.250", "x": -7945771.185, "y": 5142941.25, "degree": 2 }, "geometry": { "type": "Point", "coordinates": [ -71.378076996019814, 41.879466998049338 ] } },
{ "type": "Feature", "properties": { "node_id": "-7945775.193_5142930.934", "x": -7945775.193, "y": 5142930.934, "degree": 2 }, "geometry": { "type": "Point", "coordinates": [ -71.378113000496398, 41.87939800033439 ] } },
{ "type": "Feature", "properties": { "node_id": "-7945853.339_5142725.058", "x": -7945853.339, "y": 5142725.058, "degree": 2 }, "geometry": { "type": "Point", "coordinates": [ -71.378814997958315, 41.878021000113819 ] } },
{ "type": "Feature", "properties": { "node_id": "-7945912.672_5142516.944", "x": -7945912.672, "y": 5142516.944, "degree": 2 }, "geometry": { "type": "Point", "coordinates": [ -71.379347995365862, 41.876629000888947 ] } },
{ "type": "Feature", "properties": { "node_id": "-7945009.092_5145189.282", "x": -7945009.092, "y": 5145189.282, "degree": 2 }, "geometry": { "type": "Point", "coordinates": [ -71.371230998121604, 41.894500997592147 ] } },
{ "type": "Feature", "properties": { "node_id": "-7939721.082_5150210.013", "x": -7939721.082, "y": 5150210.013, "degree": 2 }, "geometry": { "type": "Point", "coordinates": [ -71.323727996065841, 41.928064999031882 ] } },
{ "type": "Feature", "properties": { "node_id": "-7932499.453_5164720.114", "x": -7932499.453, "y": 5164720.114, "degree": 2 }, "geometry": { "type": "Point", "coordinates": [ -71.258854998996426, 42.024967002862063 ] } },
{ "type": "Feature", "properties": { "node_id": "-7932659.864_5164568.163", "x": -7932659.864, "y": 5164568.163, "degree": 2 }, "geometry": { "type": "Point", "coordinates": [ -71.260295995526832, 42.023953000889676 ] } },
{ "type": "Feature", "properties": { "node_id": "-7932892.634_5164346.235", "x": -7932892.634, "y": 5164346.235, "degree": 2 }, "geometry": { "type": "Point", "coordinates": [ -71.262387004013689, 42.022471998164029 ] } },
{ "type": "Feature", "properties": { "node_id": "-7935225.890_5162117.805", "x": -7935225.89, "y": 5162117.805, "degree": 2 }, "geometry": { "type": "Point", "coordinates": [ -71.283346999279317, 42.007598997517569 ] } },
{ "type": "Feature", "properties": { "node_id": "-7930699.862_5167440.801", "x": -7930699.862, "y": 5167440.801, "degree": 2 }, "geometry": { "type": "Point", "coordinates": [ -71.242688997991792, 42.043120000030157 ] } },
{ "type": "Feature", "properties": { "node_id": "-7930724.798_5167385.789", "x": -7930724.798, "y": 5167385.789, "degree": 2 }, "geometry": { "type": "Point", "coordinates": [ -71.24291300189104, 42.042752999728485 ] } },
{ "type": "Feature", "properties": { "node_id": "-8222921.763_4991486.762", "x": -8222921.763, "y": 4991486.762, "degree": 2 }, "geometry": { "type": "Point", "coordinates": [ -73.867762998219405, 40.858459000929543 ] } },
{ "type": "Feature", "properties": { "node_id": "-7931023.913_5166725.820", "x": -7931023.913, "y": 5166725.82, "degree": 2 }, "geometry": { "type": "Point", "coordinates": [ -71.24559999765313, 42.038349998319902 ] } },
{ "type": "Feature", "properties": { "node_id": "-7936576.084_5156398.760", "x": -7936576.084, "y": 5156398.76, "degree": 2 }, "geometry": { "type": "Point", "coordinates": [ -71.295475998346589, 41.969412997370696 ] } },
{ "type": "Feature", "properties": { "node_id": "-7936580.871_5156377.799", "x": -7936580.871, "y": 5156377.799, "degree": 2 }, "geometry": { "type": "Point", "coordinates": [ -71.29551900069923, 41.969272998876392 ] } },
{ "type": "Feature", "properties": { "node_id": "-7936976.612_5155357.941", "x": -7936976.612, "y": 5155357.941, "degree": 2 }, "geometry": { "type": "Point", "coordinates": [ -71.299074002587759, 41.962460996831076 ] } },
{ "type": "Feature", "properties": { "node_id": "-7937335.060_5154641.471", "x": -7937335.06, "y": 5154641.471, "degree": 2 }, "geometry": { "type": "Point", "coordinates": [ -71.302293995757381, 41.957674997871393 ] } },
{ "type": "Feature", "properties": { "node_id": "-7943267.053_5146374.669", "x": -7943267.053, "y": 5146374.669, "degree": 2 }, "geometry": { "type": "Point", "coordinates": [ -71.355581995529292, 41.90242699909399 ] } },
{ "type": "Feature", "properties": { "node_id": "-7946825.715_5141874.839", "x": -7946825.715, "y": 5141874.839, "degree": 2 }, "geometry": { "type": "Point", "coordinates": [ -71.387550000185428, 41.872334001852344 ] } },
{ "type": "Feature", "properties": { "node_id": "-7946846.086_5141552.532", "x": -7946846.086, "y": 5141552.532, "degree": 2 }, "geometry": { "type": "Point", "coordinates": [ -71.387732995991968, 41.870178002267721 ] } },
{ "type": "Feature", "properties": { "node_id": "-7946901.301_5141480.777", "x": -7946901.301, "y": 5141480.777, "degree": 2 }, "geometry": { "type": "Point", "coordinates": [ -71.388229000776093, 41.869698003570797 ] } },
{ "type": "Feature", "properties": { "node_id": "-7938901.326_5151601.039", "x": -7938901.326, "y": 5151601.039, "degree": 2 }, "geometry": { "type": "Point", "coordinates": [ -71.316364002625363, 41.937361000454771 ] } },
{ "type": "Feature", "properties": { "node_id": "-7939025.892_5151388.990", "x": -7939025.892, "y": 5151388.99, "degree": 2 }, "geometry": { "type": "Point", "coordinates": [ -71.317482998042166, 41.935943998861418 ] } },
{ "type": "Feature", "properties": { "node_id": "-7939155.802_5151170.961", "x": -7939155.802, "y": 5151170.961, "degree": 2 }, "geometry": { "type": "Point", "coordinates": [ -71.318649999427763, 41.934487003536788 ] } },
{ "type": "Feature", "properties": { "node_id": "-7939200.552_5151094.793", "x": -7939200.552, "y": 5151094.793, "degree": 2 }, "geometry": { "type": "Point", "coordinates": [ -71.319051995517412, 41.933977997256278 ] } },
{ "type": "Feature", "properties": { "node_id": "-7935381.626_5161943.275", "x": -7935381.626, "y": 5161943.275, "degree": 2 }, "geometry": { "type": "Point", "coordinates": [ -71.284745999570205, 42.006434001495059 ] } },
{ "type": "Feature", "properties": { "node_id": "-7936090.397_5160619.943", "x": -7936090.397, "y": 5160619.943, "degree": 2 }, "geometry": { "type": "Point", "coordinates": [ -71.291112997792595, 41.997600003548243 ] } },
{ "type": "Feature", "properties": { "node_id": "-7936490.479_5157093.801", "x": -7936490.479, "y": 5157093.801, "degree": 2 }, "geometry": { "type": "Point", "coordinates": [ -71.294706995547628, 41.97405500114305 ] } },
{ "type": "Feature", "properties": { "node_id": "-7936516.528_5156792.690", "x": -7936516.528, "y": 5156792.69, "degree": 2 }, "geometry": { "type": "Point", "coordinates": [ -71.294940997695974, 41.97204399815044 ] } },
{ "type": "Feature", "properties": { "node_id": "-7942599.137_5146644.789", "x": -7942599.137, "y": 5146644.789, "degree": 2 }, "geometry": { "type": "Point", "coordinates": [ -71.349582004016199, 41.904232998641973 ] } },
{ "type": "Feature", "properties": { "node_id": "-7942824.225_5146554.300", "x": -7942824.225, "y": 5146554.3, "degree": 2 }, "geometry": { "type": "Point", "coordinates": [ -71.351604003922915, 41.903628002506466 ] } },
{ "type": "Feature", "properties": { "node_id": "-7946824.936_5141922.677", "x": -7946824.936, "y": 5141922.677, "degree": 2 }, "geometry": { "type": "Point", "coordinates": [ -71.387543002309371, 41.87265399710715 ] } },
{ "type": "Feature", "properties": { "node_id": "-7916193.597_5213846.818", "x": -7916193.597, "y": 5213846.818, "degree": 2 }, "geometry": { "type": "Point", "coordinates": [ -71.112377002341901, 42.351952001624753 ] } },
{ "type": "Feature", "properties": { "node_id": "-7916857.729_5214418.932", "x": -7916857.729, "y": 5214418.932, "degree": 2 }, "geometry": { "type": "Point", "coordinates": [ -71.118343001604643, 42.355749999836704 ] } },
{ "type": "Feature", "properties": { "node_id": "-7916858.953_5214582.529", "x": -7916858.953, "y": 5214582.529, "degree": 2 }, "geometry": { "type": "Point", "coordinates": [ -71.118353996983714, 42.356836001876083 ] } },
{ "type": "Feature", "properties": { "node_id": "-7916827.784_5214719.313", "x": -7916827.784, "y": 5214719.313, "degree": 2 }, "geometry": { "type": "Point", "coordinates": [ -71.118074001092808, 42.357743997415376 ] } },
{ "type": "Feature", "properties": { "node_id": "-7913879.487_5213380.777", "x": -7913879.487, "y": 5213380.777, "degree": 2 }, "geometry": { "type": "Point", "coordinates": [ -71.091588998520578, 42.348858002994049 ] } },
{ "type": "Feature", "properties": { "node_id": "-7913829.505_5213381.078", "x": -7913829.505, "y": 5213381.078, "degree": 2 }, "geometry": { "type": "Point", "coordinates": [ -71.091140002575273, 42.348860001351468 ] } },
{ "type": "Feature", "properties": { "node_id": "-7913548.312_5213414.064", "x": -7913548.312, "y": 5213414.064, "degree": 2 }, "geometry": { "type": "Point", "coordinates": [ -71.088614002878387, 42.349078997039932 ] } },
{ "type": "Feature", "properties": { "node_id": "-7916822.663_5215587.972", "x": -7916822.663, "y": 5215587.972, "degree": 2 }, "geometry": { "type": "Point", "coordinates": [ -71.118027998367111, 42.363509997905993 ] } },
{ "type": "Feature", "properties": { "node_id": "-7916824.333_5215687.257", "x": -7916824.333, "y": 5215687.257, "degree": 2 }, "geometry": { "type": "Point", "coordinates": [ -71.118043000232348, 42.364168999987712 ] } },
{ "type": "Feature", "properties": { "node_id": "-7916824.222_5215956.039", "x": -7916824.222, "y": 5215956.039, "degree": 2 }, "geometry": { "type": "Point", "coordinates": [ -71.118042003102389, 42.36595300012538 ] } },
{ "type": "Feature", "properties": { "node_id": "-7917464.865_5216301.821", "x": -7917464.865, "y": 5216301.821, "degree": 2 }, "geometry": { "type": "Point", "coordinates": [ -71.123796997088036, 42.3682480016844 ] } },
{ "type": "Feature", "properties": { "node_id": "-7917430.468_5216356.062", "x": -7917430.468, "y": 5216356.062, "degree": 2 }, "geometry": { "type": "Point", "coordinates": [ -71.123488003579752, 42.368607998876179 ] } },
{ "type": "Feature", "properties": { "node_id": "-7922717.253_5198489.626", "x": -7922717.253, "y": 5198489.626, "degree": 2 }, "geometry": { "type": "Point", "coordinates": [ -71.170980001273293, 42.249917002264063 ] } },
{ "type": "Feature", "properties": { "node_id": "-7913234.613_5212548.466", "x": -7913234.613, "y": 5212548.466, "degree": 2 }, "geometry": { "type": "Point", "coordinates": [ -71.085795996815264, 42.343331996348674 ] } },
{ "type": "Feature", "properties": { "node_id": "-7915872.551_5213810.064", "x": -7915872.551, "y": 5213810.064, "degree": 2 }, "geometry": { "type": "Point", "coordinates": [ -71.109492997054858, 42.351708001102011 ] } },
{ "type": "Feature", "properties": { "node_id": "-7917060.776_5216952.286", "x": -7917060.776, "y": 5216952.286, "degree": 2 }, "geometry": { "type": "Point", "coordinates": [ -71.120167003839583, 42.372564998009217 ] } },
{ "type": "Feature", "properties": { "node_id": "-7916983.631_5217075.544", "x": -7916983.631, "y": 5217075.544, "degree": 2 }, "geometry": { "type": "Point", "coordinates": [ -71.119473998513641, 42.373383001410666 ] } },
{ "type": "Feature", "properties": { "node_id": "-9938899.580_5328253.486", "x": -9938899.58, "y": 5328253.486, "degree": 2 }, "geometry": { "type": "Point", "coordinates": [ -89.282654000430924, 43.106875001716851 ] } },
{ "type": "Feature", "properties": { "node_id": "-13605575.031_4886275.713", "x": -13605575.031, "y": 4886275.713, "degree": 2 }, "geometry": { "type": "Point", "coordinates": [ -122.220959995822312, 40.139780999619418 ] } },
{ "type": "Feature", "properties": { "node_id": "-9193359.443_4139725.753", "x": -9193359.443, "y": 4139725.753, "degree": 2 }, "geometry": { "type": "Point", "coordinates": [ -82.585353000514289, 34.822057999479412 ] } },
{ "type": "Feature", "properties": { "node_id": "-13047466.193_3867769.323", "x": -13047466.193, "y": 3867769.323, "degree": 2 }, "geometry": { "type": "Point", "coordinates": [ -117.207383002046441, 32.792313000592131 ] } },
{ "type": "Feature", "properties": { "node_id": "-8834542.104_4084237.047", "x": -8834542.104, "y": 4084237.047, "degree": 2 }, "geometry": { "type": "Point", "coordinates": [ -79.362042002206351, 34.411840001677156 ] } },
{ "type": "Feature", "properties": { "node_id": "-13265893.401_4814816.567", "x": -13265893.401000001, "y": 4814816.567, "degree": 2 }, "geometry": { "type": "Point", "coordinates": [ -119.169547996185997, 39.647272997276708 ] } },
{ "type": "Feature", "properties": { "node_id": "-12876059.446_5333744.226", "x": -12876059.446, "y": 5333744.226, "degree": 2 }, "geometry": { "type": "Point", "coordinates": [ -115.667609995733372, 43.14287500348582 ] } },
{ "type": "Feature", "properties": { "node_id": "-13368928.941_4310638.349", "x": -13368928.941, "y": 4310638.349, "degree": 2 }, "geometry": { "type": "Point", "coordinates": [ -120.095132000081065, 36.072765003122115 ] } },
{ "type": "Feature", "properties": { "node_id": "-9090356.520_4172847.781", "x": -9090356.52, "y": 4172847.781, "degree": 2 }, "geometry": { "type": "Point", "coordinates": [ -81.660062000115431, 35.065954997981997 ] } },
{ "type": "Feature", "properties": { "node_id": "-13679393.880_5873663.572", "x": -13679393.88, "y": 5873663.572, "degree": 2 }, "geometry": { "type": "Point", "coordinates": [ -122.884085998950425, 46.579238997787243 ] } },
{ "type": "Feature", "properties": { "node_id": "-10422496.495_5100623.978", "x": -10422496.495, "y": 5100623.978, "degree": 2 }, "geometry": { "type": "Point", "coordinates": [ -93.626879001406408, 41.595804999703788 ] } },
{ "type": "Feature", "properties": { "node_id": "-10675656.832_5065594.447", "x": -10675656.832, "y": 5065594.447, "degree": 2 }, "geometry": { "type": "Point", "coordinates": [ -95.901057002005913, 41.360046997962229 ] } },
{ "type": "Feature", "properties": { "node_id": "-13606459.131_4892909.863", "x": -13606459.131, "y": 4892909.863, "degree": 2 }, "geometry": { "type": "Point", "coordinates": [ -122.22890200124921, 40.185324997566568 ] } },
{ "type": "Feature", "properties": { "node_id": "-13612617.770_4920034.216", "x": -13612617.77, "y": 4920034.216, "degree": 2 }, "geometry": { "type": "Point", "coordinates": [ -122.28422599667995, 40.371218001888707 ] } },
{ "type": "Feature", "properties": { "node_id": "-9232287.980_4984877.637", "x": -9232287.98, "y": 4984877.637, "degree": 2 }, "geometry": { "type": "Point", "coordinates": [ -82.935053998269424, 40.81354000044972 ] } },
{ "type": "Feature", "properties": { "node_id": "-10881626.944_3535105.698", "x": -10881626.944, "y": 3535105.698, "degree": 2 }, "geometry": { "type": "Point", "coordinates": [ -97.751317998819999, 30.245188999501625 ] } },
{ "type": "Feature", "properties": { "node_id": "-11678798.731_4828258.626", "x": -11678798.731000001, "y": 4828258.626, "degree": 2 }, "geometry": { "type": "Point", "coordinates": [ -104.912434002129714, 39.740188001928388 ] } },
{ "type": "Feature", "properties": { "node_id": "-9109483.880_5062175.403", "x": -9109483.88, "y": 5062175.403, "degree": 2 }, "geometry": { "type": "Point", "coordinates": [ -81.831885998444008, 41.33698999994354 ] } },
{ "type": "Feature", "properties": { "node_id": "-8446596.684_5177937.711", "x": -8446596.684, "y": 5177937.711, "degree": 2 }, "geometry": { "type": "Point", "coordinates": [ -75.877069000304672, 42.113109000465009 ] } },
{ "type": "Feature", "properties": { "node_id": "-12063799.973_4098201.296", "x": -12063799.973, "y": 4098201.296, "degree": 2 }, "geometry": { "type": "Point", "coordinates": [ -108.370959003065693, 34.515265998431111 ] } },
{ "type": "Feature", "properties": { "node_id": "-8081960.786_5153960.381", "x": -8081960.786, "y": 5153960.381, "degree": 2 }, "geometry": { "type": "Point", "coordinates": [ -72.601488997184205, 41.953125003022279 ] } },
{ "type": "Feature", "properties": { "node_id": "-13601011.044_4605619.516", "x": -13601011.044, "y": 4605619.516, "degree": 2 }, "geometry": { "type": "Point", "coordinates": [ -122.179961003036084, 38.185186003400119 ] } },
{ "type": "Feature", "properties": { "node_id": "-11923399.156_3796271.313", "x": -11923399.156, "y": 3796271.313, "degree": 2 }, "geometry": { "type": "Point", "coordinates": [ -107.109717004926011, 32.250755001426313 ] } },
{ "type": "Feature", "properties": { "node_id": "-8644852.690_5319206.152", "x": -8644852.69, "y": 5319206.152, "degree": 2 }, "geometry": { "type": "Point", "coordinates": [ -77.658033003887581, 43.047510003061916 ] } },
{ "type": "Feature", "properties": { "node_id": "-10567238.327_4413434.322", "x": -10567238.327, "y": 4413434.322, "degree": 2 }, "geometry": { "type": "Point", "coordinates": [ -94.927117000777002, 36.815595997413041 ] } },
{ "type": "Feature", "properties": { "node_id": "-12076806.876_4075793.113", "x": -12076806.876, "y": 4075793.113, "degree": 2 }, "geometry": { "type": "Point", "coordinates": [ -108.487802000705301, 34.349237997704797 ] } },
{ "type": "Feature", "properties": { "node_id": "-12022886.164_4124431.931", "x": -12022886.164000001, "y": 4124431.931, "degree": 2 }, "geometry": { "type": "Point", "coordinates": [ -108.003424003503227, 34.709196003293656 ] } },
{ "type": "Feature", "properties": { "node_id": "-11831775.756_3717445.581", "x": -11831775.756, "y": 3717445.581, "degree": 2 }, "geometry": { "type": "Point", "coordinates": [ -106.286649998896038, 31.649928996107029 ] } },
{ "type": "Feature", "properties": { "node_id": "-11706965.456_4827085.061", "x": -11706965.456, "y": 4827085.061, "degree": 2 }, "geometry": { "type": "Point", "coordinates": [ -105.165459997840628, 39.732080999000175 ] } },
{ "type": "Feature", "properties": { "node_id": "-10554872.513_4739956.653", "x": -10554872.513, "y": 4739956.653, "degree": 2 }, "geometry": { "type": "Point", "coordinates": [ -94.81603300360922, 39.127536997955055 ] } },
{ "type": "Feature", "properties": { "node_id": "-9100259.168_3012509.855", "x": -9100259.168, "y": 3012509.855, "degree": 2 }, "geometry": { "type": "Point", "coordinates": [ -81.749019000631989, 26.108375003351675 ] } },
{ "type": "Feature", "properties": { "node_id": "-13525752.945_4661651.898", "x": -13525752.945, "y": 4661651.898, "degree": 2 }, "geometry": { "type": "Point", "coordinates": [ -121.503905997181292, 38.579750000591439 ] } },
{ "type": "Feature", "properties": { "node_id": "-9708073.272_5089586.143", "x": -9708073.272, "y": 5089586.143, "degree": 2 }, "geometry": { "type": "Point", "coordinates": [ -87.209105995898113, 41.521609998557778 ] } },
{ "type": "Feature", "properties": { "node_id": "-9219603.124_4926426.178", "x": -9219603.124, "y": 4926426.178, "degree": 2 }, "geometry": { "type": "Point", "coordinates": [ -82.821103998052862, 40.414949999076249 ] } },
{ "type": "Feature", "properties": { "node_id": "-11899119.818_4035580.929", "x": -11899119.818, "y": 4035580.929, "degree": 2 }, "geometry": { "type": "Point", "coordinates": [ -106.891612000788967, 34.050470000222681 ] } },
{ "type": "Feature", "properties": { "node_id": "-12075955.838_4076976.734", "x": -12075955.838, "y": 4076976.734, "degree": 2 }, "geometry": { "type": "Point", "coordinates": [ -108.480156996277628, 34.358015998401633 ] } },
{ "type": "Feature", "properties": { "node_id": "-11703672.626_4857036.873", "x": -11703672.626, "y": 4857036.873, "degree": 2 }, "geometry": { "type": "Point", "coordinates": [ -105.135880002670547, 39.938689999161383 ] } },
{ "type": "Feature", "properties": { "node_id": "-12108505.991_3820328.621", "x": -12108505.991, "y": 3820328.621, "degree": 2 }, "geometry": { "type": "Point", "coordinates": [ -108.772559995680922, 32.433340002698003 ] } },
{ "type": "Feature", "properties": { "node_id": "-11941276.286_3913683.904", "x": -11941276.286, "y": 3913683.904, "degree": 2 }, "geometry": { "type": "Point", "coordinates": [ -107.270309996077941, 33.138363999266438 ] } },
{ "type": "Feature", "properties": { "node_id": "-9050090.924_4197877.815", "x": -9050090.924000001, "y": 4197877.815, "degree": 2 }, "geometry": { "type": "Point", "coordinates": [ -81.29834999700563, 35.249783999120517 ] } },
{ "type": "Feature", "properties": { "node_id": "-8683817.851_4218202.443", "x": -8683817.851, "y": 4218202.443, "degree": 2 }, "geometry": { "type": "Point", "coordinates": [ -78.008063000632362, 35.398748997916748 ] } },
{ "type": "Feature", "properties": { "node_id": "-11864569.810_4196547.613", "x": -11864569.81, "y": 4196547.613, "degree": 2 }, "geometry": { "type": "Point", "coordinates": [ -106.581243998260462, 35.240025002819941 ] } },
{ "type": "Feature", "properties": { "node_id": "-10699884.183_5826264.374", "x": -10699884.183, "y": 5826264.374, "degree": 2 }, "geometry": { "type": "Point", "coordinates": [ -96.118694998976181, 46.285778998615243 ] } },
{ "type": "Feature", "properties": { "node_id": "-9187576.841_4979386.607", "x": -9187576.841, "y": 4979386.607, "degree": 2 }, "geometry": { "type": "Point", "coordinates": [ -82.533407002928499, 40.776197000822677 ] } },
{ "type": "Feature", "properties": { "node_id": "-11326693.734_3979836.212", "x": -11326693.734, "y": 3979836.212, "degree": 2 }, "geometry": { "type": "Point", "coordinates": [ -101.749420997930116, 33.634552002043655 ] } },
{ "type": "Feature", "properties": { "node_id": "-10864811.690_3927180.291", "x": -10864811.69, "y": 3927180.291, "degree": 2 }, "geometry": { "type": "Point", "coordinates": [ -97.600264002074468, 33.239826003155095 ] } },
{ "type": "Feature", "properties": { "node_id": "-10072140.216_3706238.504", "x": -10072140.216, "y": 3706238.504, "degree": 2 }, "geometry": { "type": "Point", "coordinates": [ -90.479574998276973, 31.564187997922897 ] } },
{ "type": "Feature", "properties": { "node_id": "-11762797.302_4373508.865", "x": -11762797.302, "y": 4373508.865, "degree": 2 }, "geometry": { "type": "Point", "coordinates": [ -105.667006003864685, 36.527929001413121 ] } },
{ "type": "Feature", "properties": { "node_id": "-11945436.296_3905977.266", "x": -11945436.296, "y": 3905977.266, "degree": 2 }, "geometry": { "type": "Point", "coordinates": [ -107.307680001728841, 33.080374998198337 ] } },
{ "type": "Feature", "properties": { "node_id": "-13002836.094_4018226.818", "x": -13002836.094000001, "y": 4018226.818, "degree": 2 }, "geometry": { "type": "Point", "coordinates": [ -116.806464001411783, 33.921206002207512 ] } },
{ "type": "Feature", "properties": { "node_id": "-13174302.953_4046101.790", "x": -13174302.953, "y": 4046101.79, "degree": 2 }, "geometry": { "type": "Point", "coordinates": [ -118.346777003008441, 34.128739998642644 ] } },
{ "type": "Feature", "properties": { "node_id": "-10825270.339_3463956.491", "x": -10825270.339, "y": 3463956.491, "degree": 2 }, "geometry": { "type": "Point", "coordinates": [ -97.245058002494119, 29.69150099791019 ] } },
{ "type": "Feature", "properties": { "node_id": "-8575448.438_4708492.475", "x": -8575448.438, "y": 4708492.475, "degree": 2 }, "geometry": { "type": "Point", "coordinates": [ -77.034564000342741, 38.907934000927078 ] } },
{ "type": "Feature", "properties": { "node_id": "-8808925.708_4270586.907", "x": -8808925.708000001, "y": 4270586.907, "degree": 2 }, "geometry": { "type": "Point", "coordinates": [ -79.131926001697764, 35.781421996675981 ] } },
{ "type": "Feature", "properties": { "node_id": "-10465439.770_5092354.119", "x": -10465439.77, "y": 5092354.119, "degree": 2 }, "geometry": { "type": "Point", "coordinates": [ -94.01264500423288, 41.540224002491208 ] } },
{ "type": "Feature", "properties": { "node_id": "-9619504.480_4654362.503", "x": -9619504.48, "y": 4654362.503, "degree": 2 }, "geometry": { "type": "Point", "coordinates": [ -86.413479000402091, 38.528541998551368 ] } },
{ "type": "Feature", "properties": { "node_id": "-9187413.646_4140538.851", "x": -9187413.646, "y": 4140538.851, "degree": 2 }, "geometry": { "type": "Point", "coordinates": [ -82.53194099730058, 34.828054000526606 ] } },
{ "type": "Feature", "properties": { "node_id": "-13098522.877_3957166.422", "x": -13098522.877, "y": 3957166.422, "degree": 2 }, "geometry": { "type": "Point", "coordinates": [ -117.666032997983066, 33.464831996422141 ] } },
{ "type": "Feature", "properties": { "node_id": "-8236322.069_4972884.679", "x": -8236322.069, "y": 4972884.679, "degree": 2 }, "geometry": { "type": "Point", "coordinates": [ -73.988139995136194, 40.731952001024631 ] } },
{ "type": "Feature", "properties": { "node_id": "-11872933.243_3776578.914", "x": -11872933.243000001, "y": 3776578.914, "degree": 2 }, "geometry": { "type": "Point", "coordinates": [ -106.656373995176565, 32.101023996024288 ] } },
{ "type": "Feature", "properties": { "node_id": "-10475302.009_3514891.533", "x": -10475302.009, "y": 3514891.533, "degree": 2 }, "geometry": { "type": "Point", "coordinates": [ -94.101239004526292, 30.088194996964141 ] } },
{ "type": "Feature", "properties": { "node_id": "-11884410.394_3798029.844", "x": -11884410.394, "y": 3798029.844, "degree": 2 }, "geometry": { "type": "Point", "coordinates": [ -106.759474996791027, 32.264113999048838 ] } },
{ "type": "Feature", "properties": { "node_id": "-9835051.408_5130350.594", "x": -9835051.408, "y": 5130350.594, "degree": 2 }, "geometry": { "type": "Point", "coordinates": [ -88.349769999076187, 41.79519999869693 ] } },
{ "type": "Feature", "properties": { "node_id": "-9747332.095_3923426.384", "x": -9747332.095000001, "y": 3923426.384, "degree": 2 }, "geometry": { "type": "Point", "coordinates": [ -87.561774003272546, 33.211616996357101 ] } },
{ "type": "Feature", "properties": { "node_id": "-9234767.956_4870445.957", "x": -9234767.956, "y": 4870445.957, "degree": 2 }, "geometry": { "type": "Point", "coordinates": [ -82.957332001719919, 40.030984997317837 ] } },
{ "type": "Feature", "properties": { "node_id": "-13385284.223_4335301.293", "x": -13385284.223, "y": 4335301.293, "degree": 2 }, "geometry": { "type": "Point", "coordinates": [ -120.242053998047908, 36.251634001338765 ] } },
{ "type": "Feature", "properties": { "node_id": "-11801020.407_4251693.915", "x": -11801020.407, "y": 4251693.915, "degree": 2 }, "geometry": { "type": "Point", "coordinates": [ -106.010369998144753, 35.643618001284153 ] } },
{ "type": "Feature", "properties": { "node_id": "-11011770.227_3501857.975", "x": -11011770.227, "y": 3501857.975, "degree": 2 }, "geometry": { "type": "Point", "coordinates": [ -98.920415001263919, 29.986837001762666 ] } },
{ "type": "Feature", "properties": { "node_id": "-11854119.693_3732382.669", "x": -11854119.693, "y": 3732382.669, "degree": 2 }, "geometry": { "type": "Point", "coordinates": [ -106.487369000041085, 31.764083998907836 ] } },
{ "type": "Feature", "properties": { "node_id": "-11763664.146_4346538.379", "x": -11763664.146, "y": 4346538.379, "degree": 2 }, "geometry": { "type": "Point", "coordinates": [ -105.674792996006161, 36.332995998059197 ] } },
{ "type": "Feature", "properties": { "node_id": "-9133461.876_3114571.197", "x": -9133461.876, "y": 3114571.197, "degree": 2 }, "geometry": { "type": "Point", "coordinates": [ -82.047284001337573, 26.928737002589575 ] } },
{ "type": "Feature", "properties": { "node_id": "-11874121.134_3778806.530", "x": -11874121.134, "y": 3778806.53, "degree": 2 }, "geometry": { "type": "Point", "coordinates": [ -106.667045001588235, 32.117974002186834 ] } },
{ "type": "Feature", "properties": { "node_id": "-11902669.017_4053612.678", "x": -11902669.017000001, "y": 4053612.678, "degree": 2 }, "geometry": { "type": "Point", "coordinates": [ -106.923494997869795, 34.184572997523425 ] } },
{ "type": "Feature", "properties": { "node_id": "-9088812.872_2826932.830", "x": -9088812.872, "y": 2826932.83, "degree": 2 }, "geometry": { "type": "Point", "coordinates": [ -81.646195174198425, 24.601958559255351 ] } },
{ "type": "Feature", "properties": { "node_id": "-13566711.727_4479866.204", "x": -13566711.727, "y": 4479866.204, "degree": 2 }, "geometry": { "type": "Point", "coordinates": [ -121.87184499607649, 37.291856002000117 ] } },
{ "type": "Feature", "properties": { "node_id": "-13326595.808_4797587.876", "x": -13326595.808, "y": 4797587.876, "degree": 2 }, "geometry": { "type": "Point", "coordinates": [ -119.714846996095432, 39.528000998009745 ] } },
{ "type": "Feature", "properties": { "node_id": "-11945482.493_3904969.874", "x": -11945482.493000001, "y": 3904969.874, "degree": 2 }, "geometry": { "type": "Point", "coordinates": [ -107.308094996440644, 33.072791996383216 ] } },
{ "type": "Feature", "properties": { "node_id": "-11671594.690_5026996.636", "x": -11671594.69, "y": 5026996.636, "degree": 2 }, "geometry": { "type": "Point", "coordinates": [ -104.847719000752477, 41.0992809995942 ] } },
{ "type": "Feature", "properties": { "node_id": "-13159928.712_4032981.179", "x": -13159928.712, "y": 4032981.179, "degree": 2 }, "geometry": { "type": "Point", "coordinates": [ -118.217650999129262, 34.031118000093713 ] } },
{ "type": "Feature", "properties": { "node_id": "-12470657.795_5040419.125", "x": -12470657.795, "y": 5040419.125, "degree": 2 }, "geometry": { "type": "Point", "coordinates": [ -112.025825002727487, 41.190080998787749 ] } },
{ "type": "Feature", "properties": { "node_id": "-10064635.167_3796213.792", "x": -10064635.167, "y": 3796213.792, "degree": 2 }, "geometry": { "type": "Point", "coordinates": [ -90.412155996029313, 32.25031799958348 ] } },
{ "type": "Feature", "properties": { "node_id": "-9754290.231_5142572.411", "x": -9754290.231000001, "y": 5142572.411, "degree": 2 }, "geometry": { "type": "Point", "coordinates": [ -87.624280002450377, 41.877000002540747 ] } },
{ "type": "Feature", "properties": { "node_id": "-12940881.120_3993810.115", "x": -12940881.12, "y": 3993810.115, "degree": 2 }, "geometry": { "type": "Point", "coordinates": [ -116.249913000697489, 33.739003002097398 ] } },
{ "type": "Feature", "properties": { "node_id": "-8589660.597_4693500.168", "x": -8589660.597, "y": 4693500.168, "degree": 2 }, "geometry": { "type": "Point", "coordinates": [ -77.162233996843128, 38.803055998532194 ] } },
{ "type": "Feature", "properties": { "node_id": "-13621176.792_4521683.112", "x": -13621176.792, "y": 4521683.112, "degree": 2 }, "geometry": { "type": "Point", "coordinates": [ -122.361112999477115, 37.590111996290908 ] } },
{ "type": "Feature", "properties": { "node_id": "-9250234.463_4133115.766", "x": -9250234.463, "y": 4133115.766, "degree": 2 }, "geometry": { "type": "Point", "coordinates": [ -83.096269998020333, 34.773298001432643 ] } },
{ "type": "Feature", "properties": { "node_id": "-8323588.535_4896071.478", "x": -8323588.535, "y": 4896071.478, "degree": 2 }, "geometry": { "type": "Point", "coordinates": [ -74.772067997125163, 40.207018999797128 ] } },
{ "type": "Feature", "properties": { "node_id": "-12033758.070_4118881.635", "x": -12033758.07, "y": 4118881.635, "degree": 2 }, "geometry": { "type": "Point", "coordinates": [ -108.101087996776343, 34.668198997600328 ] } },
{ "type": "Feature", "properties": { "node_id": "-12440259.447_3895637.660", "x": -12440259.447000001, "y": 3895637.66, "degree": 2 }, "geometry": { "type": "Point", "coordinates": [ -111.752751996523656, 33.002514003008891 ] } },
{ "type": "Feature", "properties": { "node_id": "-10041587.023_4666092.023", "x": -10041587.023, "y": 4666092.023, "degree": 2 }, "geometry": { "type": "Point", "coordinates": [ -90.205110995771449, 38.610924001640335 ] } },
{ "type": "Feature", "properties": { "node_id": "-12744375.836_5016194.974", "x": -12744375.836, "y": 5016194.974, "degree": 2 }, "geometry": { "type": "Point", "coordinates": [ -114.484676000423022, 41.02611899963005 ] } },
{ "type": "Feature", "properties": { "node_id": "-9667514.350_4727898.901", "x": -9667514.35, "y": 4727898.901, "degree": 2 }, "geometry": { "type": "Point", "coordinates": [ -86.844759000498001, 39.043460998005443 ] } },
{ "type": "Feature", "properties": { "node_id": "-12460956.969_4938564.533", "x": -12460956.969000001, "y": 4938564.533, "degree": 2 }, "geometry": { "type": "Point", "coordinates": [ -111.938681000083662, 40.497919000676923 ] } },
{ "type": "Feature", "properties": { "node_id": "-10763499.376_3904070.961", "x": -10763499.376, "y": 3904070.961, "degree": 2 }, "geometry": { "type": "Point", "coordinates": [ -96.690160000717313, 33.066025003175575 ] } },
{ "type": "Feature", "properties": { "node_id": "-9528593.971_4835728.987", "x": -9528593.971000001, "y": 4835728.987, "degree": 2 }, "geometry": { "type": "Point", "coordinates": [ -85.596816003184244, 39.791771000326101 ] } },
{ "type": "Feature", "properties": { "node_id": "-10971843.488_3443376.305", "x": -10971843.488, "y": 3443376.305, "degree": 2 }, "geometry": { "type": "Point", "coordinates": [ -98.561747002376407, 29.530770999018205 ] } },
{ "type": "Feature", "properties": { "node_id": "-9685588.405_5110749.258", "x": -9685588.405, "y": 5110749.258, "degree": 2 }, "geometry": { "type": "Point", "coordinates": [ -87.007120999023158, 41.663790998080096 ] } },
{ "type": "Feature", "properties": { "node_id": "-11863593.650_4194301.121", "x": -11863593.65, "y": 4194301.121, "degree": 2 }, "geometry": { "type": "Point", "coordinates": [ -106.572475003782998, 35.223540999556782 ] } },
{ "type": "Feature", "properties": { "node_id": "-11833793.979_3726679.401", "x": -11833793.979, "y": 3726679.401, "degree": 2 }, "geometry": { "type": "Point", "coordinates": [ -106.304780004572663, 31.720514002985951 ] } },
{ "type": "Feature", "properties": { "node_id": "-12483741.760_4838345.681", "x": -12483741.76, "y": 4838345.681, "degree": 2 }, "geometry": { "type": "Point", "coordinates": [ -112.143360260091342, 39.809830186976384 ] } },
{ "type": "Feature", "properties": { "node_id": "-8893829.640_4870038.747", "x": -8893829.64, "y": 4870038.747, "degree": 2 }, "geometry": { "type": "Point", "coordinates": [ -79.894630999672202, 40.028183998496836 ] } },
{ "type": "Feature", "properties": { "node_id": "-10737096.285_3772250.638", "x": -10737096.285, "y": 3772250.638, "degree": 2 }, "geometry": { "type": "Point", "coordinates": [ -96.452976998784322, 32.068081001541266 ] } },
{ "type": "Feature", "properties": { "node_id": "-12457322.499_4958831.517", "x": -12457322.499, "y": 4958831.517, "degree": 2 }, "geometry": { "type": "Point", "coordinates": [ -111.906032000576914, 40.63622099889092 ] } },
{ "type": "Feature", "properties": { "node_id": "-11789260.950_4355397.703", "x": -11789260.95, "y": 4355397.703, "degree": 2 }, "geometry": { "type": "Point", "coordinates": [ -105.904732998584294, 36.397081996838402 ] } },
{ "type": "Feature", "properties": { "node_id": "-11230606.712_3586035.821", "x": -11230606.712, "y": 3586035.821, "degree": 2 }, "geometry": { "type": "Point", "coordinates": [ -100.886256593248845, 30.639627498573642 ] } },
{ "type": "Feature", "properties": { "node_id": "-11877237.634_4175213.445", "x": -11877237.634, "y": 4175213.445, "degree": 2 }, "geometry": { "type": "Point", "coordinates": [ -106.69504099741782, 35.083347001217177 ] } },
{ "type": "Feature", "properties": { "node_id": "-11796264.505_4323292.814", "x": -11796264.505000001, "y": 4323292.814, "degree": 2 }, "geometry": { "type": "Point", "coordinates": [ -105.967647003581007, 36.164593002971742 ] } },
{ "type": "Feature", "properties": { "node_id": "-13339468.906_4797767.995", "x": -13339468.906, "y": 4797767.995, "degree": 2 }, "geometry": { "type": "Point", "coordinates": [ -119.830488002969105, 39.529249000411504 ] } },
{ "type": "Feature", "properties": { "node_id": "-9625279.846_4777440.067", "x": -9625279.846000001, "y": 4777440.067, "degree": 2 }, "geometry": { "type": "Point", "coordinates": [ -86.465359995893948, 39.388260001114723 ] } },
{ "type": "Feature", "properties": { "node_id": "-9763567.597_5151889.714", "x": -9763567.597, "y": 5151889.714, "degree": 2 }, "geometry": { "type": "Point", "coordinates": [ -87.707619999192062, 41.93928999896054 ] } },
{ "type": "Feature", "properties": { "node_id": "-8823987.792_4930037.049", "x": -8823987.792, "y": 4930037.049, "degree": 2 }, "geometry": { "type": "Point", "coordinates": [ -79.267231004376683, 40.439642003021703 ] } },
{ "type": "Feature", "properties": { "node_id": "-8845660.138_4129428.424", "x": -8845660.138, "y": 4129428.424, "degree": 2 }, "geometry": { "type": "Point", "coordinates": [ -79.461917000921957, 34.746084998294599 ] } },
{ "type": "Feature", "properties": { "node_id": "-11797863.943_4427350.568", "x": -11797863.943, "y": 4427350.568, "degree": 2 }, "geometry": { "type": "Point", "coordinates": [ -105.982014999595009, 36.915611003540242 ] } },
{ "type": "Feature", "properties": { "node_id": "-8779608.718_4302606.549", "x": -8779608.718, "y": 4302606.549, "degree": 2 }, "geometry": { "type": "Point", "coordinates": [ -78.868566999683964, 36.014426000017728 ] } },
{ "type": "Feature", "properties": { "node_id": "-9394135.611_3997656.853", "x": -9394135.611, "y": 3997656.853, "degree": 2 }, "geometry": { "type": "Point", "coordinates": [ -84.388956004527785, 33.767733999846428 ] } },
{ "type": "Feature", "properties": { "node_id": "-9597935.661_5132013.068", "x": -9597935.661, "y": 5132013.068, "degree": 2 }, "geometry": { "type": "Point", "coordinates": [ -86.219723002721025, 41.806332996423791 ] } },
{ "type": "Feature", "properties": { "node_id": "-11923549.882_3981250.209", "x": -11923549.882, "y": 3981250.209, "degree": 2 }, "geometry": { "type": "Point", "coordinates": [ -107.111070999621148, 33.645127003307678 ] } },
{ "type": "Feature", "properties": { "node_id": "-8561026.148_5288185.130", "x": -8561026.148, "y": 5288185.13, "degree": 2 }, "geometry": { "type": "Point", "coordinates": [ -76.905006364952726, 42.843525836293146 ] } },
{ "type": "Feature", "properties": { "node_id": "-10670031.747_5051135.131", "x": -10670031.747, "y": 5051135.131, "degree": 2 }, "geometry": { "type": "Point", "coordinates": [ -95.850526003706179, 41.262482001333652 ] } },
{ "type": "Feature", "properties": { "node_id": "-11944334.233_3795196.102", "x": -11944334.233, "y": 3795196.102, "degree": 2 }, "geometry": { "type": "Point", "coordinates": [ -107.2977800013592, 32.242585998959342 ] } },
{ "type": "Feature", "properties": { "node_id": "-13616312.576_4975451.134", "x": -13616312.576, "y": 4975451.134, "degree": 2 }, "geometry": { "type": "Point", "coordinates": [ -122.317417003696505, 40.749419999817604 ] } },
{ "type": "Feature", "properties": { "node_id": "-10218265.792_5606304.659", "x": -10218265.792, "y": 5606304.659, "degree": 2 }, "geometry": { "type": "Point", "coordinates": [ -91.792243381492653, 44.903260447850549 ] } },
{ "type": "Feature", "properties": { "node_id": "-12988768.650_4018385.654", "x": -12988768.65, "y": 4018385.654, "degree": 2 }, "geometry": { "type": "Point", "coordinates": [ -116.680094001874835, 33.922390000778122 ] } },
{ "type": "Feature", "properties": { "node_id": "-9675590.245_4929920.039", "x": -9675590.245, "y": 4929920.039, "degree": 2 }, "geometry": { "type": "Point", "coordinates": [ -86.917305999612438, 40.438842002633237 ] } },
{ "type": "Feature", "properties": { "node_id": "-9723452.394_5101815.623", "x": -9723452.394, "y": 5101815.623, "degree": 2 }, "geometry": { "type": "Point", "coordinates": [ -87.347258999387506, 41.603809999596038 ] } },
{ "type": "Feature", "properties": { "node_id": "-13125772.330_4003488.799", "x": -13125772.33, "y": 4003488.799, "degree": 2 }, "geometry": { "type": "Point", "coordinates": [ -117.91081899912102, 33.811273999308426 ] } },
{ "type": "Feature", "properties": { "node_id": "-9246436.576_4092407.920", "x": -9246436.576, "y": 4092407.92, "degree": 2 }, "geometry": { "type": "Point", "coordinates": [ -83.062152998625749, 34.472373001267016 ] } },
{ "type": "Feature", "properties": { "node_id": "-10946827.327_3447712.024", "x": -10946827.327, "y": 3447712.024, "degree": 2 }, "geometry": { "type": "Point", "coordinates": [ -98.337023004613457, 29.564654000040175 ] } },
{ "type": "Feature", "properties": { "node_id": "-9357153.495_4845724.389", "x": -9357153.495, "y": 4845724.389, "degree": 2 }, "geometry": { "type": "Point", "coordinates": [ -84.056740004108974, 39.86072900033745 ] } },
{ "type": "Feature", "properties": { "node_id": "-13568314.839_4482896.458", "x": -13568314.839, "y": 4482896.458, "degree": 2 }, "geometry": { "type": "Point", "coordinates": [ -121.886245996194035, 37.313508999815106 ] } },
{ "type": "Feature", "properties": { "node_id": "-11870255.230_4184389.108", "x": -11870255.23, "y": 4184389.108, "degree": 2 }, "geometry": { "type": "Point", "coordinates": [ -106.632316995086853, 35.150770001620117 ] } },
{ "type": "Feature", "properties": { "node_id": "-11056001.691_4051645.186", "x": -11056001.691, "y": 4051645.186, "degree": 2 }, "geometry": { "type": "Point", "coordinates": [ -99.317753002765741, 34.169951001478175 ] } },
{ "type": "Feature", "properties": { "node_id": "-9394480.590_3998132.915", "x": -9394480.59, "y": 3998132.915, "degree": 2 }, "geometry": { "type": "Point", "coordinates": [ -84.392055003611787, 33.771289001694527 ] } },
{ "type": "Feature", "properties": { "node_id": "-11925725.955_3978978.137", "x": -11925725.955, "y": 3978978.137, "degree": 2 }, "geometry": { "type": "Point", "coordinates": [ -107.130618995973762, 33.628133997264314 ] } },
{ "type": "Feature", "properties": { "node_id": "-12934613.610_5400518.021", "x": -12934613.61, "y": 5400518.021, "degree": 2 }, "geometry": { "type": "Point", "coordinates": [ -116.193611000433776, 43.578980999663145 ] } },
{ "type": "Feature", "properties": { "node_id": "-9064829.068_4006198.703", "x": -9064829.068, "y": 4006198.703, "degree": 2 }, "geometry": { "type": "Point", "coordinates": [ -81.43074499715317, 33.831497998319819 ] } },
{ "type": "Feature", "properties": { "node_id": "-11336375.190_3973164.622", "x": -11336375.19, "y": 3973164.622, "degree": 2 }, "geometry": { "type": "Point", "coordinates": [ -101.836390996903432, 33.584638997042667 ] } },
{ "type": "Feature", "properties": { "node_id": "-10771934.054_3884649.530", "x": -10771934.054, "y": 3884649.53, "degree": 2 }, "geometry": { "type": "Point", "coordinates": [ -96.765930002357578, 32.919694002114333 ] } },
{ "type": "Feature", "properties": { "node_id": "-10175191.118_3705901.959", "x": -10175191.118000001, "y": 3705901.959, "degree": 2 }, "geometry": { "type": "Point", "coordinates": [ -91.405297001366009, 31.561612001885074 ] } },
{ "type": "Feature", "properties": { "node_id": "-9519483.250_5201333.273", "x": -9519483.25, "y": 5201333.273, "degree": 2 }, "geometry": { "type": "Point", "coordinates": [ -85.514973003947745, 42.26882300255113 ] } },
{ "type": "Feature", "properties": { "node_id": "-11800120.278_4346325.163", "x": -11800120.278000001, "y": 4346325.163, "degree": 2 }, "geometry": { "type": "Point", "coordinates": [ -106.00228400176097, 36.331452999763449 ] } },
{ "type": "Feature", "properties": { "node_id": "-9601024.888_4842885.410", "x": -9601024.888, "y": 4842885.41, "degree": 2 }, "geometry": { "type": "Point", "coordinates": [ -86.247474001023164, 39.841150000902836 ] } },
{ "type": "Feature", "properties": { "node_id": "-9606013.114_4848533.715", "x": -9606013.114, "y": 4848533.715, "degree": 2 }, "geometry": { "type": "Point", "coordinates": [ -86.292283997587589, 39.880098000512028 ] } },
{ "type": "Feature", "properties": { "node_id": "-9362257.048_3931503.527", "x": -9362257.048, "y": 3931503.527, "degree": 2 }, "geometry": { "type": "Point", "coordinates": [ -84.102586000741127, 33.272301999978183 ] } },
{ "type": "Feature", "properties": { "node_id": "-11915739.150_4164758.659", "x": -11915739.15, "y": 4164758.659, "degree": 2 }, "geometry": { "type": "Point", "coordinates": [ -107.040906000263547, 35.006456998548138 ] } },
{ "type": "Feature", "properties": { "node_id": "-8800390.620_4005554.668", "x": -8800390.62, "y": 4005554.668, "degree": 2 }, "geometry": { "type": "Point", "coordinates": [ -79.055254001680694, 33.826692001842162 ] } },
{ "type": "Feature", "properties": { "node_id": "-8775248.779_5268817.361", "x": -8775248.779, "y": 5268817.361, "degree": 2 }, "geometry": { "type": "Point", "coordinates": [ -78.829401001268678, 42.715827000135754 ] } },
{ "type": "Feature", "properties": { "node_id": "-12019103.750_4127340.919", "x": -12019103.75, "y": 4127340.919, "degree": 2 }, "geometry": { "type": "Point", "coordinates": [ -107.969446000432555, 34.730674998230128 ] } },
{ "type": "Feature", "properties": { "node_id": "-12470426.695_5389576.553", "x": -12470426.695, "y": 5389576.553, "degree": 2 }, "geometry": { "type": "Point", "coordinates": [ -112.023748996105894, 43.507735998709762 ] } },
{ "type": "Feature", "properties": { "node_id": "-8623147.059_4466885.991", "x": -8623147.059, "y": 4466885.991, "degree": 2 }, "geometry": { "type": "Point", "coordinates": [ -77.463048003099999, 37.199034002765494 ] } },
{ "type": "Feature", "properties": { "node_id": "-11943741.902_3939683.550", "x": -11943741.902000001, "y": 3939683.55, "degree": 2 }, "geometry": { "type": "Point", "coordinates": [ -107.292459001453636, 33.333717003564786 ] } },
{ "type": "Feature", "properties": { "node_id": "-9119530.687_4979021.755", "x": -9119530.687000001, "y": 4979021.755, "degree": 2 }, "geometry": { "type": "Point", "coordinates": [ -81.922138001291003, 40.77371499756223 ] } },
{ "type": "Feature", "properties": { "node_id": "-8776280.933_3992625.331", "x": -8776280.933, "y": 3992625.331, "degree": 2 }, "geometry": { "type": "Point", "coordinates": [ -78.838672998406338, 33.730152000114103 ] } },
{ "type": "Feature", "properties": { "node_id": "-9335000.582_5248354.387", "x": -9335000.582, "y": 5248354.387, "degree": 2 }, "geometry": { "type": "Point", "coordinates": [ -83.85773700075228, 42.580621001201528 ] } },
{ "type": "Feature", "properties": { "node_id": "-9175147.686_4860093.965", "x": -9175147.686000001, "y": 4860093.965, "degree": 2 }, "geometry": { "type": "Point", "coordinates": [ -82.4217540038766, 39.959742997885044 ] } },
{ "type": "Feature", "properties": { "node_id": "-8534480.750_4800493.695", "x": -8534480.75, "y": 4800493.695, "degree": 2 }, "geometry": { "type": "Point", "coordinates": [ -76.666544997488359, 39.548131999637725 ] } },
{ "type": "Feature", "properties": { "node_id": "-9693457.580_4720730.663", "x": -9693457.58, "y": 4720730.663, "degree": 2 }, "geometry": { "type": "Point", "coordinates": [ -87.07781100078229, 38.993430997418223 ] } },
{ "type": "Feature", "properties": { "node_id": "-13681937.642_5877971.645", "x": -13681937.642000001, "y": 5877971.645, "degree": 2 }, "geometry": { "type": "Point", "coordinates": [ -122.906937001788052, 46.605833000230234 ] } },
{ "type": "Feature", "properties": { "node_id": "-8984132.122_3261389.112", "x": -8984132.122, "y": 3261389.112, "degree": 2 }, "geometry": { "type": "Point", "coordinates": [ -80.705831997417476, 28.098429001141664 ] } },
{ "type": "Feature", "properties": { "node_id": "-13579698.816_4488345.498", "x": -13579698.816, "y": 4488345.498, "degree": 2 }, "geometry": { "type": "Point", "coordinates": [ -121.988510001525682, 37.352429999166887 ] } },
{ "type": "Feature", "properties": { "node_id": "-9079289.915_4873340.670", "x": -9079289.915, "y": 4873340.67, "degree": 2 }, "geometry": { "type": "Point", "coordinates": [ -81.560648995967298, 40.05089299996628 ] } },
{ "type": "Feature", "properties": { "node_id": "-9772090.217_5141815.938", "x": -9772090.217, "y": 5141815.938, "degree": 2 }, "geometry": { "type": "Point", "coordinates": [ -87.7841799972595, 41.871940002400606 ] } },
{ "type": "Feature", "properties": { "node_id": "-9105721.949_3019210.186", "x": -9105721.949, "y": 3019210.186, "degree": 2 }, "geometry": { "type": "Point", "coordinates": [ -81.798091997292971, 26.162411000048571 ] } },
{ "type": "Feature", "properties": { "node_id": "-11808106.672_4243335.583", "x": -11808106.672, "y": 4243335.583, "degree": 2 }, "geometry": { "type": "Point", "coordinates": [ -106.074026999712956, 35.582577001285344 ] } },
{ "type": "Feature", "properties": { "node_id": "-12639351.796_4005004.733", "x": -12639351.796, "y": 4005004.733, "degree": 2 }, "geometry": { "type": "Point", "coordinates": [ -113.541228997103232, 33.822587996020474 ] } },
{ "type": "Feature", "properties": { "node_id": "-8974746.331_4287917.873", "x": -8974746.331, "y": 4287917.873, "degree": 2 }, "geometry": { "type": "Point", "coordinates": [ -80.621518002328969, 35.907623001896724 ] } },
{ "type": "Feature", "properties": { "node_id": "-9737251.892_5091950.189", "x": -9737251.892000001, "y": 5091950.189, "degree": 2 }, "geometry": { "type": "Point", "coordinates": [ -87.471221999053284, 41.53750799962927 ] } },
{ "type": "Feature", "properties": { "node_id": "-9089795.804_4173195.009", "x": -9089795.804, "y": 4173195.009, "degree": 2 }, "geometry": { "type": "Point", "coordinates": [ -81.655025002586925, 35.068507997726741 ] } },
{ "type": "Feature", "properties": { "node_id": "-9463599.195_3895246.756", "x": -9463599.195, "y": 3895246.756, "degree": 2 }, "geometry": { "type": "Point", "coordinates": [ -85.012957996496993, 32.999569003825172 ] } },
{ "type": "Feature", "properties": { "node_id": "-11916096.374_3989363.156", "x": -11916096.374, "y": 3989363.156, "degree": 2 }, "geometry": { "type": "Point", "coordinates": [ -107.044114998054084, 33.705777003065485 ] } },
{ "type": "Feature", "properties": { "node_id": "-11054874.692_4050400.979", "x": -11054874.692, "y": 4050400.979, "degree": 2 }, "geometry": { "type": "Point", "coordinates": [ -99.307628998496867, 34.160703003142942 ] } },
{ "type": "Feature", "properties": { "node_id": "-10975928.468_3451050.250", "x": -10975928.468, "y": 3451050.25, "degree": 2 }, "geometry": { "type": "Point", "coordinates": [ -98.598443002069644, 29.590733999445998 ] } },
{ "type": "Feature", "properties": { "node_id": "-11788611.957_4351904.583", "x": -11788611.957, "y": 4351904.583, "degree": 2 }, "geometry": { "type": "Point", "coordinates": [ -105.898902995272422, 36.371819996517338 ] } },
{ "type": "Feature", "properties": { "node_id": "-12538774.191_5149869.171", "x": -12538774.191, "y": 5149869.171, "degree": 2 }, "geometry": { "type": "Point", "coordinates": [ -112.637724998986869, 41.92578700050499 ] } },
{ "type": "Feature", "properties": { "node_id": "-8615273.320_4435385.526", "x": -8615273.32, "y": 4435385.526, "degree": 2 }, "geometry": { "type": "Point", "coordinates": [ -77.392317002231323, 36.973297999604661 ] } },
{ "type": "Feature", "properties": { "node_id": "-11035334.893_4045817.369", "x": -11035334.893, "y": 4045817.369, "degree": 2 }, "geometry": { "type": "Point", "coordinates": [ -99.132099997593627, 34.12662499903896 ] } },
{ "type": "Feature", "properties": { "node_id": "-9509416.071_5202193.183", "x": -9509416.071, "y": 5202193.183, "degree": 2 }, "geometry": { "type": "Point", "coordinates": [ -85.424537996311088, 42.274539001923664 ] } },
{ "type": "Feature", "properties": { "node_id": "-8695778.908_4398480.894", "x": -8695778.908, "y": 4398480.894, "degree": 2 }, "geometry": { "type": "Point", "coordinates": [ -78.115511003805608, 36.707981002922395 ] } },
{ "type": "Feature", "properties": { "node_id": "-10787826.247_5042766.866", "x": -10787826.247, "y": 5042766.866, "degree": 2 }, "geometry": { "type": "Point", "coordinates": [ -96.908692001058341, 41.205949997693914 ] } },
{ "type": "Feature", "properties": { "node_id": "-8679185.513_4850456.564", "x": -8679185.513, "y": 4850456.564, "degree": 2 }, "geometry": { "type": "Point", "coordinates": [ -77.966450000366294, 39.893351999959741 ] } },
{ "type": "Feature", "properties": { "node_id": "-13532159.493_4543144.965", "x": -13532159.493000001, "y": 4543144.965, "degree": 2 }, "geometry": { "type": "Point", "coordinates": [ -121.561456997049746, 37.742724997685471 ] } },
{ "type": "Feature", "properties": { "node_id": "-12219754.460_3875345.926", "x": -12219754.46, "y": 3875345.926, "degree": 2 }, "geometry": { "type": "Point", "coordinates": [ -109.771921996056903, 32.849509997524727 ] } },
{ "type": "Feature", "properties": { "node_id": "-9653788.768_5131052.851", "x": -9653788.768, "y": 5131052.851, "degree": 2 }, "geometry": { "type": "Point", "coordinates": [ -86.721459999557638, 41.799903000278334 ] } },
{ "type": "Feature", "properties": { "node_id": "-8060955.244_5130508.870", "x": -8060955.244, "y": 5130508.87, "degree": 2 }, "geometry": { "type": "Point", "coordinates": [ -72.412793002886062, 41.796260000142404 ] } },
{ "type": "Feature", "properties": { "node_id": "-8446243.022_4814074.645", "x": -8446243.022, "y": 4814074.645, "degree": 2 }, "geometry": { "type": "Point", "coordinates": [ -75.87389200050454, 39.642140998051666 ] } },
{ "type": "Feature", "properties": { "node_id": "-13466690.052_4727060.172", "x": -13466690.052, "y": 4727060.172, "degree": 2 }, "geometry": { "type": "Point", "coordinates": [ -120.973335002119128, 39.037609001524253 ] } },
{ "type": "Feature", "properties": { "node_id": "-11870888.416_4167707.819", "x": -11870888.416, "y": 4167707.819, "degree": 2 }, "geometry": { "type": "Point", "coordinates": [ -106.638005001701742, 35.028154002091568 ] } },
{ "type": "Feature", "properties": { "node_id": "-9673722.193_4927112.510", "x": -9673722.193, "y": 4927112.51, "degree": 2 }, "geometry": { "type": "Point", "coordinates": [ -86.900525002981155, 40.41964400004251 ] } },
{ "type": "Feature", "properties": { "node_id": "-12068893.619_4094824.289", "x": -12068893.619000001, "y": 4094824.289, "degree": 2 }, "geometry": { "type": "Point", "coordinates": [ -108.416716003602644, 34.490265996167267 ] } },
{ "type": "Feature", "properties": { "node_id": "-13575672.056_4632370.890", "x": -13575672.056, "y": 4632370.89, "degree": 2 }, "geometry": { "type": "Point", "coordinates": [ -121.95233700099088, 38.373829997955418 ] } },
{ "type": "Feature", "properties": { "node_id": "-12466443.795_5398082.735", "x": -12466443.795, "y": 5398082.735, "degree": 2 }, "geometry": { "type": "Point", "coordinates": [ -111.987969996654698, 43.563131001319498 ] } },
{ "type": "Feature", "properties": { "node_id": "-11900458.880_4064743.737", "x": -11900458.88, "y": 4064743.737, "degree": 2 }, "geometry": { "type": "Point", "coordinates": [ -106.903640999398817, 34.267249002389036 ] } },
{ "type": "Feature", "properties": { "node_id": "-12411713.568_3946322.108", "x": -12411713.568, "y": 3946322.108, "degree": 2 }, "geometry": { "type": "Point", "coordinates": [ -111.496320002480388, 33.383526999032142 ] } },
{ "type": "Feature", "properties": { "node_id": "-13654944.335_5728991.796", "x": -13654944.335000001, "y": 5728991.796, "degree": 2 }, "geometry": { "type": "Point", "coordinates": [ -122.664451999317762, 45.67858999679504 ] } },
{ "type": "Feature", "properties": { "node_id": "-8643131.134_4356299.307", "x": -8643131.134, "y": 4356299.307, "degree": 2 }, "geometry": { "type": "Point", "coordinates": [ -77.642568003214905, 36.403601001483018 ] } },
{ "type": "Feature", "properties": { "node_id": "-9668927.885_4924327.417", "x": -9668927.885, "y": 4924327.417, "degree": 2 }, "geometry": { "type": "Point", "coordinates": [ -86.857457001449376, 40.400594001309123 ] } },
{ "type": "Feature", "properties": { "node_id": "-9725605.536_5101809.370", "x": -9725605.536, "y": 5101809.37, "degree": 2 }, "geometry": { "type": "Point", "coordinates": [ -87.366601003062314, 41.603767997006251 ] } },
{ "type": "Feature", "properties": { "node_id": "-8973175.724_4921305.642", "x": -8973175.724, "y": 4921305.642, "degree": 2 }, "geometry": { "type": "Point", "coordinates": [ -80.607408999594512, 40.379919001906337 ] } },
{ "type": "Feature", "properties": { "node_id": "-8742382.145_4582549.968", "x": -8742382.145, "y": 4582549.968, "degree": 2 }, "geometry": { "type": "Point", "coordinates": [ -78.534155004671064, 38.022112000248597 ] } },
{ "type": "Feature", "properties": { "node_id": "-8819403.210_4930718.220", "x": -8819403.21, "y": 4930718.22, "degree": 2 }, "geometry": { "type": "Point", "coordinates": [ -79.226047003557696, 40.444298997699825 ] } },
{ "type": "Feature", "properties": { "node_id": "-8919265.031_3035293.684", "x": -8919265.031, "y": 3035293.684, "degree": 2 }, "geometry": { "type": "Point", "coordinates": [ -80.123121004600762, 26.292017002773875 ] } },
{ "type": "Feature", "properties": { "node_id": "-11701797.894_4828258.770", "x": -11701797.894, "y": 4828258.77, "degree": 2 }, "geometry": { "type": "Point", "coordinates": [ -105.119038998578276, 39.740188996623829 ] } },
{ "type": "Feature", "properties": { "node_id": "-9375903.370_4813450.444", "x": -9375903.37, "y": 4813450.444, "degree": 2 }, "geometry": { "type": "Point", "coordinates": [ -84.225172996987283, 39.637822999758988 ] } },
{ "type": "Feature", "properties": { "node_id": "-12103032.078_3815242.082", "x": -12103032.078, "y": 3815242.082, "degree": 2 }, "geometry": { "type": "Point", "coordinates": [ -108.723386998562518, 32.394766001612474 ] } },
{ "type": "Feature", "properties": { "node_id": "-8941265.547_2969684.285", "x": -8941265.547, "y": 2969684.285, "degree": 2 }, "geometry": { "type": "Point", "coordinates": [ -80.320755002413932, 25.762411997840204 ] } },
{ "type": "Feature", "properties": { "node_id": "-9704077.125_5104063.404", "x": -9704077.125, "y": 5104063.404, "degree": 2 }, "geometry": { "type": "Point", "coordinates": [ -87.17320799662123, 41.618907000415234 ] } },
{ "type": "Feature", "properties": { "node_id": "-11800164.917_4318511.129", "x": -11800164.917, "y": 4318511.129, "degree": 2 }, "geometry": { "type": "Point", "coordinates": [ -106.002685000720632, 36.129906999062563 ] } },
{ "type": "Feature", "properties": { "node_id": "-13388326.474_4341285.480", "x": -13388326.474, "y": 4341285.48, "degree": 2 }, "geometry": { "type": "Point", "coordinates": [ -120.269383003762186, 36.294973002019503 ] } },
{ "type": "Feature", "properties": { "node_id": "-10071396.268_3790234.328", "x": -10071396.268, "y": 3790234.328, "degree": 2 }, "geometry": { "type": "Point", "coordinates": [ -90.472891999687064, 32.204879003105731 ] } },
{ "type": "Feature", "properties": { "node_id": "-12456400.885_5009775.359", "x": -12456400.885, "y": 5009775.359, "degree": 2 }, "geometry": { "type": "Point", "coordinates": [ -111.897753001154328, 40.982598999822656 ] } },
{ "type": "Feature", "properties": { "node_id": "-9636974.627_4743014.680", "x": -9636974.627, "y": 4743014.68, "degree": 2 }, "geometry": { "type": "Point", "coordinates": [ -86.570416001061233, 39.148844001484065 ] } },
{ "type": "Feature", "properties": { "node_id": "-12936832.875_4181746.667", "x": -12936832.875, "y": 4181746.667, "degree": 2 }, "geometry": { "type": "Point", "coordinates": [ -116.213546997123885, 35.131359000154802 ] } },
{ "type": "Feature", "properties": { "node_id": "-10627710.414_3543637.446", "x": -10627710.414000001, "y": 3543637.446, "degree": 2 }, "geometry": { "type": "Point", "coordinates": [ -95.470347000924065, 30.311376003933983 ] } },
{ "type": "Feature", "properties": { "node_id": "-11807442.206_4299553.248", "x": -11807442.206, "y": 4299553.248, "degree": 2 }, "geometry": { "type": "Point", "coordinates": [ -106.068058000077187, 35.992237001565876 ] } },
{ "type": "Feature", "properties": { "node_id": "-12931852.330_4188342.715", "x": -12931852.33, "y": 4188342.715, "degree": 2 }, "geometry": { "type": "Point", "coordinates": [ -116.168806000156451, 35.17980399955951 ] } },
{ "type": "Feature", "properties": { "node_id": "-8763144.231_4818583.554", "x": -8763144.231000001, "y": 4818583.554, "degree": 2 }, "geometry": { "type": "Point", "coordinates": [ -78.720663996511107, 39.673324003037109 ] } },
{ "type": "Feature", "properties": { "node_id": "-13609952.559_4551185.983", "x": -13609952.559, "y": 4551185.983, "degree": 2 }, "geometry": { "type": "Point", "coordinates": [ -122.260283998912925, 37.799822997073043 ] } },
{ "type": "Feature", "properties": { "node_id": "-10610480.272_4344253.054", "x": -10610480.272, "y": 4344253.054, "degree": 2 }, "geometry": { "type": "Point", "coordinates": [ -95.315566001862564, 36.316456001413243 ] } },
{ "type": "Feature", "properties": { "node_id": "-11456577.420_3619028.932", "x": -11456577.42, "y": 3619028.932, "degree": 2 }, "geometry": { "type": "Point", "coordinates": [ -102.916186000845926, 30.894294996940324 ] } },
{ "type": "Feature", "properties": { "node_id": "-9516103.367_4837231.469", "x": -9516103.367000001, "y": 4837231.469, "degree": 2 }, "geometry": { "type": "Point", "coordinates": [ -85.484610998373398, 39.802141001548001 ] } },
{ "type": "Feature", "properties": { "node_id": "-11668609.101_4569223.486", "x": -11668609.101, "y": 4569223.486, "degree": 2 }, "geometry": { "type": "Point", "coordinates": [ -104.820898998444477, 37.927744000072032 ] } },
{ "type": "Feature", "properties": { "node_id": "-12803889.351_4339907.575", "x": -12803889.351, "y": 4339907.575, "degree": 2 }, "geometry": { "type": "Point", "coordinates": [ -115.019295001784783, 36.284995996413677 ] } },
{ "type": "Feature", "properties": { "node_id": "-11903078.562_3837317.984", "x": -11903078.562000001, "y": 3837317.984, "degree": 2 }, "geometry": { "type": "Point", "coordinates": [ -106.92717400320015, 32.562059998521661 ] } },
{ "type": "Feature", "properties": { "node_id": "-8082747.704_5187500.279", "x": -8082747.704, "y": 5187500.279, "degree": 2 }, "geometry": { "type": "Point", "coordinates": [ -72.608558001851691, 42.176801001605199 ] } },
{ "type": "Feature", "properties": { "node_id": "-13049690.245_3883394.152", "x": -13049690.245, "y": 3883394.152, "degree": 2 }, "geometry": { "type": "Point", "coordinates": [ -117.227362001089219, 32.910226996717775 ] } },
{ "type": "Feature", "properties": { "node_id": "-8521642.830_4764837.693", "x": -8521642.83, "y": 4764837.693, "degree": 2 }, "geometry": { "type": "Point", "coordinates": [ -76.551219999965326, 39.300710003121957 ] } },
{ "type": "Feature", "properties": { "node_id": "-10764029.813_3902667.135", "x": -10764029.813, "y": 3902667.135, "degree": 2 }, "geometry": { "type": "Point", "coordinates": [ -96.694924997360928, 33.055455997428162 ] } },
{ "type": "Feature", "properties": { "node_id": "-8321908.279_4899170.533", "x": -8321908.279, "y": 4899170.533, "degree": 2 }, "geometry": { "type": "Point", "coordinates": [ -74.756974000664826, 40.228276998848962 ] } },
{ "type": "Feature", "properties": { "node_id": "-13724814.125_5394090.252", "x": -13724814.125, "y": 5394090.252, "degree": 2 }, "geometry": { "type": "Point", "coordinates": [ -123.292103001869947, 43.537137000417005 ] } },
{ "type": "Feature", "properties": { "node_id": "-9324534.323_5240498.144", "x": -9324534.323000001, "y": 5240498.144, "degree": 2 }, "geometry": { "type": "Point", "coordinates": [ -83.763716996479744, 42.52863400157122 ] } },
{ "type": "Feature", "properties": { "node_id": "-11854938.337_3731853.594", "x": -11854938.337, "y": 3731853.594, "degree": 2 }, "geometry": { "type": "Point", "coordinates": [ -106.494723004215615, 31.760043004180066 ] } },
{ "type": "Feature", "properties": { "node_id": "-10147628.412_4610978.858", "x": -10147628.412, "y": 4610978.858, "degree": 2 }, "geometry": { "type": "Point", "coordinates": [ -91.157697000651083, 38.223017998158085 ] } },
{ "type": "Feature", "properties": { "node_id": "-11873607.840_3777942.245", "x": -11873607.84, "y": 3777942.245, "degree": 2 }, "geometry": { "type": "Point", "coordinates": [ -106.662434003133768, 32.111398001724993 ] } },
{ "type": "Feature", "properties": { "node_id": "-8615321.298_4430734.044", "x": -8615321.298, "y": 4430734.044, "degree": 2 }, "geometry": { "type": "Point", "coordinates": [ -77.392747995938336, 36.939907999645925 ] } },
{ "type": "Feature", "properties": { "node_id": "-8785716.262_4297173.702", "x": -8785716.262, "y": 4297173.702, "degree": 2 }, "geometry": { "type": "Point", "coordinates": [ -78.9234320009203, 35.974939997505352 ] } },
{ "type": "Feature", "properties": { "node_id": "-8843439.314_4923568.488", "x": -8843439.314, "y": 4923568.488, "degree": 2 }, "geometry": { "type": "Point", "coordinates": [ -79.441966999496543, 40.39540200224279 ] } },
{ "type": "Feature", "properties": { "node_id": "-10883047.270_3529087.809", "x": -10883047.27, "y": 3529087.809, "degree": 2 }, "geometry": { "type": "Point", "coordinates": [ -97.764077004362306, 30.198477002703957 ] } },
{ "type": "Feature", "properties": { "node_id": "-9779533.038_5034201.374", "x": -9779533.038000001, "y": 5034201.374, "degree": 2 }, "geometry": { "type": "Point", "coordinates": [ -87.851039995872171, 41.14803499821668 ] } },
{ "type": "Feature", "properties": { "node_id": "-10778706.954_3869505.377", "x": -10778706.954, "y": 3869505.377, "degree": 2 }, "geometry": { "type": "Point", "coordinates": [ -96.826771998235714, 32.80542200411174 ] } },
{ "type": "Feature", "properties": { "node_id": "-13416512.457_4377559.328", "x": -13416512.457, "y": 4377559.328, "degree": 2 }, "geometry": { "type": "Point", "coordinates": [ -120.522581997030542, 36.557161999365235 ] } },
{ "type": "Feature", "properties": { "node_id": "-13615602.803_4565507.558", "x": -13615602.803, "y": 4565507.558, "degree": 2 }, "geometry": { "type": "Point", "coordinates": [ -122.311041004354962, 37.90140900023767 ] } },
{ "type": "Feature", "properties": { "node_id": "-9542484.639_3977610.137", "x": -9542484.639, "y": 3977610.137, "degree": 2 }, "geometry": { "type": "Point", "coordinates": [ -85.721597996894545, 33.617901000077673 ] } },
{ "type": "Feature", "properties": { "node_id": "-7900739.223_5246641.949", "x": -7900739.223, "y": 5246641.949, "degree": 2 }, "geometry": { "type": "Point", "coordinates": [ -70.973547998634913, 42.569293001810351 ] } },
{ "type": "Feature", "properties": { "node_id": "-10738704.295_5235137.011", "x": -10738704.295, "y": 5235137.011, "degree": 2 }, "geometry": { "type": "Point", "coordinates": [ -96.467421998384495, 42.493132998147082 ] } },
{ "type": "Feature", "properties": { "node_id": "-12096668.611_4067149.345", "x": -12096668.611, "y": 4067149.345, "degree": 2 }, "geometry": { "type": "Point", "coordinates": [ -108.666223001901614, 34.285106002154045 ] } },
{ "type": "Feature", "properties": { "node_id": "-13197684.053_4078062.975", "x": -13197684.053, "y": 4078062.975, "degree": 2 }, "geometry": { "type": "Point", "coordinates": [ -118.556812997903705, 34.366070998077738 ] } },
{ "type": "Feature", "properties": { "node_id": "-10881200.702_3537559.177", "x": -10881200.702, "y": 3537559.177, "degree": 2 }, "geometry": { "type": "Point", "coordinates": [ -97.747489001786647, 30.264227001478364 ] } },
{ "type": "Feature", "properties": { "node_id": "-11663936.243_4721755.226", "x": -11663936.243000001, "y": 4721755.226, "degree": 2 }, "geometry": { "type": "Point", "coordinates": [ -104.77892200082529, 39.000584000597449 ] } },
{ "type": "Feature", "properties": { "node_id": "-13529667.384_4416950.241", "x": -13529667.384, "y": 4416950.241, "degree": 2 }, "geometry": { "type": "Point", "coordinates": [ -121.539070001005825, 36.840876999811336 ] } },
{ "type": "Feature", "properties": { "node_id": "-8842190.421_4264134.302", "x": -8842190.421, "y": 4264134.302, "degree": 2 }, "geometry": { "type": "Point", "coordinates": [ -79.430748002795255, 35.734383998676762 ] } },
{ "type": "Feature", "properties": { "node_id": "-12837492.920_3988985.405", "x": -12837492.92, "y": 3988985.405, "degree": 2 }, "geometry": { "type": "Point", "coordinates": [ -115.321160998121456, 33.702953997597263 ] } },
{ "type": "Feature", "properties": { "node_id": "-12219217.455_3875293.983", "x": -12219217.455, "y": 3875293.983, "degree": 2 }, "geometry": { "type": "Point", "coordinates": [ -109.767097998065395, 32.84911799683816 ] } },
{ "type": "Feature", "properties": { "node_id": "-10625883.438_3475387.416", "x": -10625883.438, "y": 3475387.416, "degree": 2 }, "geometry": { "type": "Point", "coordinates": [ -95.453934996278861, 29.780665000379525 ] } },
{ "type": "Feature", "properties": { "node_id": "-11417011.426_3614712.946", "x": -11417011.426000001, "y": 3614712.946, "degree": 2 }, "geometry": { "type": "Point", "coordinates": [ -102.560758629430126, 30.861019062590795 ] } },
{ "type": "Feature", "properties": { "node_id": "-8937697.980_4017491.290", "x": -8937697.98, "y": 4017491.29, "degree": 2 }, "geometry": { "type": "Point", "coordinates": [ -80.288707002781734, 33.915722999779845 ] } },
{ "type": "Feature", "properties": { "node_id": "-9365860.905_4252438.438", "x": -9365860.905, "y": 4252438.438, "degree": 2 }, "geometry": { "type": "Point", "coordinates": [ -84.134959998989927, 35.649053002094846 ] } },
{ "type": "Feature", "properties": { "node_id": "-10425171.391_5100397.128", "x": -10425171.391000001, "y": 5100397.128, "degree": 2 }, "geometry": { "type": "Point", "coordinates": [ -93.65090800100873, 41.594280998603082 ] } },
{ "type": "Feature", "properties": { "node_id": "-9556494.643_4621850.312", "x": -9556494.643, "y": 4621850.312, "degree": 2 }, "geometry": { "type": "Point", "coordinates": [ -85.847452004132279, 38.299699996131018 ] } },
{ "type": "Feature", "properties": { "node_id": "-8593856.006_4739468.477", "x": -8593856.006, "y": 4739468.477, "degree": 2 }, "geometry": { "type": "Point", "coordinates": [ -77.19992199712145, 39.124135002860911 ] } },
{ "type": "Feature", "properties": { "node_id": "-10903196.320_3450241.598", "x": -10903196.32, "y": 3450241.598, "degree": 2 }, "geometry": { "type": "Point", "coordinates": [ -97.945079000117204, 29.584416997753387 ] } },
{ "type": "Feature", "properties": { "node_id": "-11063546.146_3530200.810", "x": -11063546.146, "y": 3530200.81, "degree": 2 }, "geometry": { "type": "Point", "coordinates": [ -99.385525995134259, 30.207117999655438 ] } },
{ "type": "Feature", "properties": { "node_id": "-11713868.044_4863506.625", "x": -11713868.044, "y": 4863506.625, "degree": 2 }, "geometry": { "type": "Point", "coordinates": [ -105.227467000844428, 39.983237000340964 ] } },
{ "type": "Feature", "properties": { "node_id": "-11980552.920_4174172.692", "x": -11980552.92, "y": 4174172.692, "degree": 2 }, "geometry": { "type": "Point", "coordinates": [ -107.62313800238762, 35.075695999551975 ] } },
{ "type": "Feature", "properties": { "node_id": "-9145111.461_3419578.283", "x": -9145111.461, "y": 3419578.283, "degree": 2 }, "geometry": { "type": "Point", "coordinates": [ -82.151934003929057, 29.344590997853551 ] } },
{ "type": "Feature", "properties": { "node_id": "-11798265.139_4412211.304", "x": -11798265.139, "y": 4412211.304, "degree": 2 }, "geometry": { "type": "Point", "coordinates": [ -105.985619004582304, 36.806800002497177 ] } },
{ "type": "Feature", "properties": { "node_id": "-13125386.497_4038480.285", "x": -13125386.497, "y": 4038480.285, "degree": 2 }, "geometry": { "type": "Point", "coordinates": [ -117.907353002310856, 34.072046996398569 ] } },
{ "type": "Feature", "properties": { "node_id": "-10539190.491_4693928.568", "x": -10539190.491, "y": 4693928.568, "degree": 2 }, "geometry": { "type": "Point", "coordinates": [ -94.675159003124236, 38.806054997518295 ] } },
{ "type": "Feature", "properties": { "node_id": "-13564750.167_4643075.237", "x": -13564750.167, "y": 4643075.237, "degree": 2 }, "geometry": { "type": "Point", "coordinates": [ -121.854224002789309, 38.449177002988712 ] } },
{ "type": "Feature", "properties": { "node_id": "-13602447.065_4777008.835", "x": -13602447.065, "y": 4777008.835, "degree": 2 }, "geometry": { "type": "Point", "coordinates": [ -122.192860999162235, 39.385266000069365 ] } },
{ "type": "Feature", "properties": { "node_id": "-8780194.815_4302435.484", "x": -8780194.815, "y": 4302435.484, "degree": 2 }, "geometry": { "type": "Point", "coordinates": [ -78.873831998614733, 36.013182998802506 ] } },
{ "type": "Feature", "properties": { "node_id": "-13621754.540_4552482.608", "x": -13621754.54, "y": 4552482.608, "degree": 2 }, "geometry": { "type": "Point", "coordinates": [ -122.36630299806481, 37.809025997921843 ] } },
{ "type": "Feature", "properties": { "node_id": "-13124122.353_4996782.856", "x": -13124122.353, "y": 4996782.856, "degree": 2 }, "geometry": { "type": "Point", "coordinates": [ -117.895997003545574, 40.894432001000773 ] } },
{ "type": "Feature", "properties": { "node_id": "-11870475.309_4183438.023", "x": -11870475.309, "y": 4183438.023, "degree": 2 }, "geometry": { "type": "Point", "coordinates": [ -106.634293998380983, 35.143783997629257 ] } },
{ "type": "Feature", "properties": { "node_id": "-10551839.502_4807969.468", "x": -10551839.502, "y": 4807969.468, "degree": 2 }, "geometry": { "type": "Point", "coordinates": [ -94.788787002227195, 39.599896000988998 ] } },
{ "type": "Feature", "properties": { "node_id": "-13428495.555_4390359.680", "x": -13428495.555, "y": 4390359.68, "degree": 2 }, "geometry": { "type": "Point", "coordinates": [ -120.630227997875551, 36.649471998419536 ] } },
{ "type": "Feature", "properties": { "node_id": "-9279098.828_3619081.471", "x": -9279098.828, "y": 3619081.471, "degree": 2 }, "geometry": { "type": "Point", "coordinates": [ -83.355563000479378, 30.89469999756254 ] } },
{ "type": "Feature", "properties": { "node_id": "-13728984.598_5304850.208", "x": -13728984.598, "y": 5304850.208, "degree": 2 }, "geometry": { "type": "Point", "coordinates": [ -123.329566998249021, 42.953194000425839 ] } },
{ "type": "Feature", "properties": { "node_id": "-9744812.601_4581359.790", "x": -9744812.601, "y": 4581359.79, "degree": 2 }, "geometry": { "type": "Point", "coordinates": [ -87.539141003588071, 38.013689000092114 ] } },
{ "type": "Feature", "properties": { "node_id": "-8528053.942_4763085.981", "x": -8528053.942, "y": 4763085.981, "degree": 2 }, "geometry": { "type": "Point", "coordinates": [ -76.608811998943352, 39.288531997983895 ] } },
{ "type": "Feature", "properties": { "node_id": "-12700626.274_4412405.676", "x": -12700626.274, "y": 4412405.676, "degree": 2 }, "geometry": { "type": "Point", "coordinates": [ -114.091666998241692, 36.808198001324818 ] } },
{ "type": "Feature", "properties": { "node_id": "-13565270.808_4474781.540", "x": -13565270.808, "y": 4474781.54, "degree": 2 }, "geometry": { "type": "Point", "coordinates": [ -121.858901000467696, 37.255508996913335 ] } },
{ "type": "Feature", "properties": { "node_id": "-9737127.660_5078608.481", "x": -9737127.66, "y": 5078608.481, "degree": 2 }, "geometry": { "type": "Point", "coordinates": [ -87.470106004009509, 41.447735002776923 ] } },
{ "type": "Feature", "properties": { "node_id": "-9118561.094_5074413.600", "x": -9118561.094000001, "y": 5074413.6, "degree": 2 }, "geometry": { "type": "Point", "coordinates": [ -81.913427999178239, 41.419482998017422 ] } },
{ "type": "Feature", "properties": { "node_id": "-10476792.688_4858314.020", "x": -10476792.688, "y": 4858314.02, "degree": 2 }, "geometry": { "type": "Point", "coordinates": [ -94.11463000182043, 39.947485999806105 ] } },
{ "type": "Feature", "properties": { "node_id": "-11090779.889_4975806.498", "x": -11090779.889, "y": 4975806.498, "degree": 2 }, "geometry": { "type": "Point", "coordinates": [ -99.6301708709411, 40.751838343396663 ] } },
{ "type": "Feature", "properties": { "node_id": "-10120350.684_4641319.940", "x": -10120350.684, "y": 4641319.94, "degree": 2 }, "geometry": { "type": "Point", "coordinates": [ -90.912657000866531, 38.43682699964954 ] } },
{ "type": "Feature", "properties": { "node_id": "-7852227.080_5371127.507", "x": -7852227.08, "y": 5371127.507, "degree": 2 }, "geometry": { "type": "Point", "coordinates": [ -70.537756003411999, 43.387414998870064 ] } },
{ "type": "Feature", "properties": { "node_id": "-10318318.929_5615836.293", "x": -10318318.929, "y": 5615836.293, "degree": 2 }, "geometry": { "type": "Point", "coordinates": [ -92.691036003404705, 44.963875997698452 ] } },
{ "type": "Feature", "properties": { "node_id": "-10875557.917_3547899.610", "x": -10875557.917, "y": 3547899.61, "degree": 2 }, "geometry": { "type": "Point", "coordinates": [ -97.696799001681654, 30.344423997278458 ] } },
{ "type": "Feature", "properties": { "node_id": "-11915190.456_4164971.899", "x": -11915190.456, "y": 4164971.899, "degree": 2 }, "geometry": { "type": "Point", "coordinates": [ -107.035976998198507, 35.008026000713222 ] } },
{ "type": "Feature", "properties": { "node_id": "-9950729.725_5322818.700", "x": -9950729.725, "y": 5322818.7, "degree": 2 }, "geometry": { "type": "Point", "coordinates": [ -89.388926001099421, 43.071221000235376 ] } },
{ "type": "Feature", "properties": { "node_id": "-10297713.913_4544984.481", "x": -10297713.913000001, "y": 4544984.481, "degree": 2 }, "geometry": { "type": "Point", "coordinates": [ -92.505937995381444, 37.755790999775542 ] } },
{ "type": "Feature", "properties": { "node_id": "-9598566.842_4642474.849", "x": -9598566.842, "y": 4642474.849, "degree": 2 }, "geometry": { "type": "Point", "coordinates": [ -86.225392998114472, 38.444953001907841 ] } },
{ "type": "Feature", "properties": { "node_id": "-11485720.306_4955102.555", "x": -11485720.306, "y": 4955102.555, "degree": 2 }, "geometry": { "type": "Point", "coordinates": [ -103.177981000017468, 40.610796000491582 ] } },
{ "type": "Feature", "properties": { "node_id": "-9089254.346_4173923.775", "x": -9089254.346000001, "y": 4173923.775, "degree": 2 }, "geometry": { "type": "Point", "coordinates": [ -81.650161002615846, 35.073866002390538 ] } },
{ "type": "Feature", "properties": { "node_id": "-9173629.844_4980465.806", "x": -9173629.844000001, "y": 4980465.806, "degree": 2 }, "geometry": { "type": "Point", "coordinates": [ -82.408118997201811, 40.783537997724828 ] } },
{ "type": "Feature", "properties": { "node_id": "-8623631.521_4569858.862", "x": -8623631.521, "y": 4569858.862, "degree": 2 }, "geometry": { "type": "Point", "coordinates": [ -77.467399999291757, 37.932246003174065 ] } },
{ "type": "Feature", "properties": { "node_id": "-10885425.833_3525739.862", "x": -10885425.833000001, "y": 3525739.862, "degree": 2 }, "geometry": { "type": "Point", "coordinates": [ -97.785443999333737, 30.172480001614044 ] } },
{ "type": "Feature", "properties": { "node_id": "-11800205.660_4318470.333", "x": -11800205.66, "y": 4318470.333, "degree": 2 }, "geometry": { "type": "Point", "coordinates": [ -106.003051001316848, 36.129611001784276 ] } },
{ "type": "Feature", "properties": { "node_id": "-13184685.499_4064008.563", "x": -13184685.499, "y": 4064008.563, "degree": 2 }, "geometry": { "type": "Point", "coordinates": [ -118.440045000607199, 34.26179099667727 ] } },
{ "type": "Feature", "properties": { "node_id": "-11798811.383_4253365.772", "x": -11798811.383, "y": 4253365.772, "degree": 2 }, "geometry": { "type": "Point", "coordinates": [ -105.990525997922873, 35.655822001933764 ] } },
{ "type": "Feature", "properties": { "node_id": "-10598584.782_4379951.834", "x": -10598584.782, "y": 4379951.834, "degree": 2 }, "geometry": { "type": "Point", "coordinates": [ -95.208706997071658, 36.574423998085251 ] } },
{ "type": "Feature", "properties": { "node_id": "-8162860.668_5030185.898", "x": -8162860.668, "y": 5030185.898, "degree": 2 }, "geometry": { "type": "Point", "coordinates": [ -73.328225002024851, 41.120866998400025 ] } },
{ "type": "Feature", "properties": { "node_id": "-8259530.180_4976335.915", "x": -8259530.18, "y": 4976335.915, "degree": 2 }, "geometry": { "type": "Point", "coordinates": [ -74.196622003404613, 40.755440999361603 ] } },
{ "type": "Feature", "properties": { "node_id": "-8632272.140_4736683.221", "x": -8632272.14, "y": 4736683.221, "degree": 2 }, "geometry": { "type": "Point", "coordinates": [ -77.545020000411299, 39.104722001151309 ] } },
{ "type": "Feature", "properties": { "node_id": "-9351184.655_3982250.474", "x": -9351184.655, "y": 3982250.474, "degree": 2 }, "geometry": { "type": "Point", "coordinates": [ -84.003121002104336, 33.652607001173138 ] } },
{ "type": "Feature", "properties": { "node_id": "-7899689.703_5250847.411", "x": -7899689.703, "y": 5250847.411, "degree": 2 }, "geometry": { "type": "Point", "coordinates": [ -70.964120000065037, 42.597108999721307 ] } },
{ "type": "Feature", "properties": { "node_id": "-11985442.851_4173697.169", "x": -11985442.851, "y": 4173697.169, "degree": 2 }, "geometry": { "type": "Point", "coordinates": [ -107.66706499994352, 35.072199996373016 ] } },
{ "type": "Feature", "properties": { "node_id": "-9465514.336_5022484.320", "x": -9465514.336, "y": 5022484.32, "degree": 2 }, "geometry": { "type": "Point", "coordinates": [ -85.030162000812425, 41.068728002956014 ] } },
{ "type": "Feature", "properties": { "node_id": "-13562787.715_4474096.676", "x": -13562787.715, "y": 4474096.676, "degree": 2 }, "geometry": { "type": "Point", "coordinates": [ -121.836594996529783, 37.250612002081219 ] } },
{ "type": "Feature", "properties": { "node_id": "-9479025.182_5214366.057", "x": -9479025.182, "y": 5214366.057, "degree": 2 }, "geometry": { "type": "Point", "coordinates": [ -85.151531995444287, 42.355398996979957 ] } },
{ "type": "Feature", "properties": { "node_id": "-11947858.942_4166390.203", "x": -11947858.942, "y": 4166390.203, "degree": 2 }, "geometry": { "type": "Point", "coordinates": [ -107.329443001026945, 35.0184609976993 ] } },
{ "type": "Feature", "properties": { "node_id": "-10567703.197_4290540.774", "x": -10567703.197000001, "y": 4290540.774, "degree": 2 }, "geometry": { "type": "Point", "coordinates": [ -94.931292999038305, 35.926704998796957 ] } },
{ "type": "Feature", "properties": { "node_id": "-11662552.208_4803021.581", "x": -11662552.208000001, "y": 4803021.581, "degree": 2 }, "geometry": { "type": "Point", "coordinates": [ -104.766489002882722, 39.56563999895922 ] } },
{ "type": "Feature", "properties": { "node_id": "-8682422.350_4801469.660", "x": -8682422.35, "y": 4801469.66, "degree": 2 }, "geometry": { "type": "Point", "coordinates": [ -77.995527001859315, 39.554892003227643 ] } },
{ "type": "Feature", "properties": { "node_id": "-11798195.230_4428092.008", "x": -11798195.23, "y": 4428092.008, "degree": 2 }, "geometry": { "type": "Point", "coordinates": [ -105.984991001350323, 36.920936002579218 ] } },
{ "type": "Feature", "properties": { "node_id": "-13617366.994_4987919.818", "x": -13617366.994000001, "y": 4987919.818, "degree": 2 }, "geometry": { "type": "Point", "coordinates": [ -122.326889001749038, 40.834220002068754 ] } },
{ "type": "Feature", "properties": { "node_id": "-12494002.828_5189321.488", "x": -12494002.828, "y": 5189321.488, "degree": 2 }, "geometry": { "type": "Point", "coordinates": [ -112.235537002249245, 42.188923998490424 ] } },
{ "type": "Feature", "properties": { "node_id": "-9490338.805_4838449.848", "x": -9490338.805, "y": 4838449.848, "degree": 2 }, "geometry": { "type": "Point", "coordinates": [ -85.25316400004094, 39.810549000274612 ] } },
{ "type": "Feature", "properties": { "node_id": "-8842225.598_4380307.111", "x": -8842225.598, "y": 4380307.111, "degree": 2 }, "geometry": { "type": "Point", "coordinates": [ -79.431064003162746, 36.576987002768682 ] } },
{ "type": "Feature", "properties": { "node_id": "-8480016.910_5255043.253", "x": -8480016.91, "y": 5255043.253, "degree": 2 }, "geometry": { "type": "Point", "coordinates": [ -76.177287998449955, 42.624849000164907 ] } },
{ "type": "Feature", "properties": { "node_id": "-9771436.772_5141745.675", "x": -9771436.772, "y": 5141745.675, "degree": 2 }, "geometry": { "type": "Point", "coordinates": [ -87.77831000095118, 41.871469997297531 ] } },
{ "type": "Feature", "properties": { "node_id": "-11800185.400_4282442.773", "x": -11800185.4, "y": 4282442.773, "degree": 2 }, "geometry": { "type": "Point", "coordinates": [ -106.002869002640281, 35.867776000252 ] } },
{ "type": "Feature", "properties": { "node_id": "-9377579.285_3990532.347", "x": -9377579.285, "y": 3990532.347, "degree": 2 }, "geometry": { "type": "Point", "coordinates": [ -84.240227997581144, 33.714514003008411 ] } },
{ "type": "Feature", "properties": { "node_id": "-13691239.832_5612333.855", "x": -13691239.832, "y": 5612333.855, "degree": 2 }, "geometry": { "type": "Point", "coordinates": [ -122.990499996315904, 44.941610000727593 ] } },
{ "type": "Feature", "properties": { "node_id": "-13701763.532_5474215.104", "x": -13701763.532, "y": 5474215.104, "degree": 2 }, "geometry": { "type": "Point", "coordinates": [ -123.085036001870776, 44.056662997788322 ] } },
{ "type": "Feature", "properties": { "node_id": "-9506221.647_5031701.409", "x": -9506221.647, "y": 5031701.409, "degree": 2 }, "geometry": { "type": "Point", "coordinates": [ -85.39584199727949, 41.131121999462273 ] } },
{ "type": "Feature", "properties": { "node_id": "-9145029.084_4150014.939", "x": -9145029.084000001, "y": 4150014.939, "degree": 2 }, "geometry": { "type": "Point", "coordinates": [ -82.151193998747473, 34.897900997090623 ] } },
{ "type": "Feature", "properties": { "node_id": "-9929235.490_4812996.123", "x": -9929235.49, "y": 4812996.123, "degree": 2 }, "geometry": { "type": "Point", "coordinates": [ -89.195840002889852, 39.63468000076422 ] } },
{ "type": "Feature", "properties": { "node_id": "-11871098.030_4173841.620", "x": -11871098.03, "y": 4173841.62, "degree": 2 }, "geometry": { "type": "Point", "coordinates": [ -106.639887996301411, 35.073262003230063 ] } },
{ "type": "Feature", "properties": { "node_id": "-8788747.826_3993835.951", "x": -8788747.826, "y": 3993835.951, "degree": 2 }, "geometry": { "type": "Point", "coordinates": [ -78.950665003680157, 33.739196001357001 ] } },
{ "type": "Feature", "properties": { "node_id": "-9402814.078_4063441.659", "x": -9402814.078, "y": 4063441.659, "degree": 2 }, "geometry": { "type": "Point", "coordinates": [ -84.466916000016056, 34.25758200250371 ] } },
{ "type": "Feature", "properties": { "node_id": "-13333869.758_4271354.813", "x": -13333869.758, "y": 4271354.813, "degree": 2 }, "geometry": { "type": "Point", "coordinates": [ -119.780190000704621, 35.787018001992401 ] } },
{ "type": "Feature", "properties": { "node_id": "-13603877.632_4865970.035", "x": -13603877.632, "y": 4865970.035, "degree": 2 }, "geometry": { "type": "Point", "coordinates": [ -122.205712001172813, 40.000190999026493 ] } },
{ "type": "Feature", "properties": { "node_id": "-9389746.394_3990668.182", "x": -9389746.394, "y": 3990668.182, "degree": 2 }, "geometry": { "type": "Point", "coordinates": [ -84.349526997363611, 33.715528997993516 ] } },
{ "type": "Feature", "properties": { "node_id": "-9274457.584_4075622.147", "x": -9274457.584000001, "y": 4075622.147, "degree": 2 }, "geometry": { "type": "Point", "coordinates": [ -83.313869996254098, 34.347969999254786 ] } },
{ "type": "Feature", "properties": { "node_id": "-8528566.791_4765531.528", "x": -8528566.791, "y": 4765531.528, "degree": 2 }, "geometry": { "type": "Point", "coordinates": [ -76.61341899989479, 39.305532999300205 ] } },
{ "type": "Feature", "properties": { "node_id": "-13199187.089_4081430.649", "x": -13199187.089, "y": 4081430.649, "degree": 2 }, "geometry": { "type": "Point", "coordinates": [ -118.57031500001753, 34.391038999132391 ] } },
{ "type": "Feature", "properties": { "node_id": "-13533369.981_4660962.281", "x": -13533369.981000001, "y": 4660962.281, "degree": 2 }, "geometry": { "type": "Point", "coordinates": [ -121.57233099576618, 38.574907003205503 ] } },
{ "type": "Feature", "properties": { "node_id": "-12421919.673_4193984.299", "x": -12421919.673, "y": 4193984.299, "degree": 2 }, "geometry": { "type": "Point", "coordinates": [ -111.588003003608677, 35.221215996725746 ] } },
{ "type": "Feature", "properties": { "node_id": "-12131695.289_4054099.424", "x": -12131695.289000001, "y": 4054099.424, "degree": 2 }, "geometry": { "type": "Point", "coordinates": [ -108.980873003894956, 34.188190002741827 ] } },
{ "type": "Feature", "properties": { "node_id": "-9329868.976_4855370.411", "x": -9329868.976, "y": 4855370.411, "degree": 2 }, "geometry": { "type": "Point", "coordinates": [ -83.811638999733475, 39.927210997601868 ] } },
{ "type": "Feature", "properties": { "node_id": "-11449318.832_3618825.006", "x": -11449318.832, "y": 3618825.006, "degree": 2 }, "geometry": { "type": "Point", "coordinates": [ -102.850980995430675, 30.8927230026225 ] } },
{ "type": "Feature", "properties": { "node_id": "-10431634.044_5100254.382", "x": -10431634.044, "y": 5100254.382, "degree": 2 }, "geometry": { "type": "Point", "coordinates": [ -93.70896300066731, 41.593321998182191 ] } },
{ "type": "Feature", "properties": { "node_id": "-10780260.863_5917102.384", "x": -10780260.863, "y": 5917102.384, "degree": 2 }, "geometry": { "type": "Point", "coordinates": [ -96.840731000284023, 46.846792002277077 ] } },
{ "type": "Feature", "properties": { "node_id": "-11900068.371_3827982.968", "x": -11900068.371, "y": 3827982.968, "degree": 2 }, "geometry": { "type": "Point", "coordinates": [ -106.900132997365944, 32.49135600236977 ] } },
{ "type": "Feature", "properties": { "node_id": "-9523691.683_4835987.884", "x": -9523691.683, "y": 4835987.884, "degree": 2 }, "geometry": { "type": "Point", "coordinates": [ -85.552778000808672, 39.793557996597528 ] } },
{ "type": "Feature", "properties": { "node_id": "-12493202.107_5196659.439", "x": -12493202.107000001, "y": 5196659.439, "degree": 2 }, "geometry": { "type": "Point", "coordinates": [ -112.228344003123098, 42.237745997416795 ] } },
{ "type": "Feature", "properties": { "node_id": "-8782101.050_4302384.289", "x": -8782101.05, "y": 4302384.289, "degree": 2 }, "geometry": { "type": "Point", "coordinates": [ -78.890955998970981, 36.012810999275196 ] } },
{ "type": "Feature", "properties": { "node_id": "-8915447.774_3056889.328", "x": -8915447.774, "y": 3056889.328, "degree": 2 }, "geometry": { "type": "Point", "coordinates": [ -80.088830001535641, 26.465814002130589 ] } },
{ "type": "Feature", "properties": { "node_id": "-8652565.238_4831121.243", "x": -8652565.238, "y": 4831121.243, "degree": 2 }, "geometry": { "type": "Point", "coordinates": [ -77.727316001366646, 39.759958998983102 ] } },
{ "type": "Feature", "properties": { "node_id": "-10590203.761_4387967.758", "x": -10590203.761, "y": 4387967.758, "degree": 2 }, "geometry": { "type": "Point", "coordinates": [ -95.133419004463391, 36.63223099733559 ] } },
{ "type": "Feature", "properties": { "node_id": "-11886256.406_3810325.341", "x": -11886256.406, "y": 3810325.341, "degree": 2 }, "geometry": { "type": "Point", "coordinates": [ -106.776058004733699, 32.357464002977615 ] } },
{ "type": "Feature", "properties": { "node_id": "-9130620.669_3078255.827", "x": -9130620.669, "y": 3078255.827, "degree": 2 }, "geometry": { "type": "Point", "coordinates": [ -82.021761004603093, 26.637508997658699 ] } },
{ "type": "Feature", "properties": { "node_id": "-11946290.895_3897980.305", "x": -11946290.895, "y": 3897980.305, "degree": 2 }, "geometry": { "type": "Point", "coordinates": [ -107.315356995163768, 33.020161001533012 ] } },
{ "type": "Feature", "properties": { "node_id": "-13116627.100_4007786.970", "x": -13116627.1, "y": 4007786.97, "degree": 2 }, "geometry": { "type": "Point", "coordinates": [ -117.828666000263141, 33.843349003160888 ] } },
{ "type": "Feature", "properties": { "node_id": "-9154045.072_3135948.359", "x": -9154045.072000001, "y": 3135948.359, "degree": 2 }, "geometry": { "type": "Point", "coordinates": [ -82.232185996965853, 27.099819001395879 ] } },
{ "type": "Feature", "properties": { "node_id": "-11868275.413_3773611.637", "x": -11868275.413000001, "y": 3773611.637, "degree": 2 }, "geometry": { "type": "Point", "coordinates": [ -106.614531996378261, 32.078440997551326 ] } },
{ "type": "Feature", "properties": { "node_id": "-9429604.338_5003538.143", "x": -9429604.338, "y": 5003538.143, "degree": 2 }, "geometry": { "type": "Point", "coordinates": [ -84.707577000251419, 40.940287999738345 ] } },
{ "type": "Feature", "properties": { "node_id": "-13625852.322_5981295.226", "x": -13625852.322000001, "y": 5981295.226, "degree": 2 }, "geometry": { "type": "Point", "coordinates": [ -122.403114000080706, 47.239748003001843 ] } },
{ "type": "Feature", "properties": { "node_id": "-8986147.116_5016075.748", "x": -8986147.116, "y": 5016075.748, "degree": 2 }, "geometry": { "type": "Point", "coordinates": [ -80.723932996493588, 41.02531100195602 ] } },
{ "type": "Feature", "properties": { "node_id": "-8991545.332_4021105.932", "x": -8991545.332, "y": 4021105.932, "degree": 2 }, "geometry": { "type": "Point", "coordinates": [ -80.772425995891368, 33.942664998549006 ] } },
{ "type": "Feature", "properties": { "node_id": "-13151858.383_4038347.912", "x": -13151858.383, "y": 4038347.912, "degree": 2 }, "geometry": { "type": "Point", "coordinates": [ -118.145154000243537, 34.071061996728083 ] } },
{ "type": "Feature", "properties": { "node_id": "-12462494.402_5018474.426", "x": -12462494.402000001, "y": 5018474.426, "degree": 2 }, "geometry": { "type": "Point", "coordinates": [ -111.952491995705756, 41.041564997807953 ] } },
{ "type": "Feature", "properties": { "node_id": "-9150426.298_3959683.254", "x": -9150426.298, "y": 3959683.254, "degree": 2 }, "geometry": { "type": "Point", "coordinates": [ -82.1996779970261, 33.483690996811504 ] } },
{ "type": "Feature", "properties": { "node_id": "-12497873.852_3956715.936", "x": -12497873.852, "y": 3956715.936, "degree": 2 }, "geometry": { "type": "Point", "coordinates": [ -112.270311002493173, 33.461456004063038 ] } },
{ "type": "Feature", "properties": { "node_id": "-9144604.400_3404073.319", "x": -9144604.4, "y": 3404073.319, "degree": 2 }, "geometry": { "type": "Point", "coordinates": [ -82.147378997466248, 29.223106998587419 ] } },
{ "type": "Feature", "properties": { "node_id": "-13569176.898_4484713.098", "x": -13569176.898, "y": 4484713.098, "degree": 2 }, "geometry": { "type": "Point", "coordinates": [ -121.893990003949156, 37.326487002176442 ] } },
{ "type": "Feature", "properties": { "node_id": "-13322391.716_4085391.055", "x": -13322391.716, "y": 4085391.055, "degree": 2 }, "geometry": { "type": "Point", "coordinates": [ -119.67708099510098, 34.420392000483467 ] } },
{ "type": "Feature", "properties": { "node_id": "-9234814.153_4122837.244", "x": -9234814.153000001, "y": 4122837.244, "degree": 2 }, "geometry": { "type": "Point", "coordinates": [ -82.957746996431737, 34.697419000069701 ] } },
{ "type": "Feature", "properties": { "node_id": "-8812861.520_4265851.131", "x": -8812861.52, "y": 4265851.131, "degree": 2 }, "geometry": { "type": "Point", "coordinates": [ -79.167282002447976, 35.746902000002507 ] } },
{ "type": "Feature", "properties": { "node_id": "-8984705.529_4856770.459", "x": -8984705.529, "y": 4856770.459, "degree": 2 }, "geometry": { "type": "Point", "coordinates": [ -80.710983000138697, 39.936855003060501 ] } },
{ "type": "Feature", "properties": { "node_id": "-12071944.886_4082323.451", "x": -12071944.886, "y": 4082323.451, "degree": 2 }, "geometry": { "type": "Point", "coordinates": [ -108.44412600142293, 34.397657002226595 ] } },
{ "type": "Feature", "properties": { "node_id": "-8866751.285_4353708.939", "x": -8866751.285, "y": 4353708.939, "degree": 2 }, "geometry": { "type": "Point", "coordinates": [ -79.651381998019062, 36.384869998084319 ] } },
{ "type": "Feature", "properties": { "node_id": "-13603247.007_4852346.117", "x": -13603247.007, "y": 4852346.117, "degree": 2 }, "geometry": { "type": "Point", "coordinates": [ -122.20004700041234, 39.906373997226005 ] } },
{ "type": "Feature", "properties": { "node_id": "-9123066.417_3255236.980", "x": -9123066.417, "y": 3255236.98, "degree": 2 }, "geometry": { "type": "Point", "coordinates": [ -81.953900004286183, 28.049665998251264 ] } },
{ "type": "Feature", "properties": { "node_id": "-9373025.094_4831853.716", "x": -9373025.094000001, "y": 4831853.716, "degree": 2 }, "geometry": { "type": "Point", "coordinates": [ -84.199317003760143, 39.765016997188766 ] } },
{ "type": "Feature", "properties": { "node_id": "-9989739.971_3543682.835", "x": -9989739.971000001, "y": 3543682.835, "degree": 2 }, "geometry": { "type": "Point", "coordinates": [ -89.739361003290057, 30.311728000178846 ] } },
{ "type": "Feature", "properties": { "node_id": "-8261681.874_4961165.096", "x": -8261681.874, "y": 4961165.096, "degree": 2 }, "geometry": { "type": "Point", "coordinates": [ -74.215950999474103, 40.652127002292168 ] } },
{ "type": "Feature", "properties": { "node_id": "-11897217.591_4077186.153", "x": -11897217.591, "y": 4077186.153, "degree": 2 }, "geometry": { "type": "Point", "coordinates": [ -106.874524004909333, 34.359569001299448 ] } },
{ "type": "Feature", "properties": { "node_id": "-13575714.580_4653879.270", "x": -13575714.58, "y": 4653879.27, "degree": 2 }, "geometry": { "type": "Point", "coordinates": [ -121.952719000582277, 38.525145997507074 ] } },
{ "type": "Feature", "properties": { "node_id": "-10052279.706_5354465.493", "x": -10052279.706, "y": 5354465.493, "degree": 2 }, "geometry": { "type": "Point", "coordinates": [ -90.301165001442897, 43.278543000304346 ] } },
{ "type": "Feature", "properties": { "node_id": "-8520830.643_4765166.694", "x": -8520830.643, "y": 4765166.694, "degree": 2 }, "geometry": { "type": "Point", "coordinates": [ -76.543924000008687, 39.302997001200417 ] } },
{ "type": "Feature", "properties": { "node_id": "-8115564.912_5068356.725", "x": -8115564.912, "y": 5068356.725, "degree": 2 }, "geometry": { "type": "Point", "coordinates": [ -72.903359997136974, 41.378669001273927 ] } },
{ "type": "Feature", "properties": { "node_id": "-9735340.425_5084520.821", "x": -9735340.425000001, "y": 5084520.821, "degree": 2 }, "geometry": { "type": "Point", "coordinates": [ -87.454050998841382, 41.487533001719996 ] } },
{ "type": "Feature", "properties": { "node_id": "-10475216.626_3515747.505", "x": -10475216.626, "y": 3515747.505, "degree": 2 }, "geometry": { "type": "Point", "coordinates": [ -94.100471995987249, 30.094847999968884 ] } },
{ "type": "Feature", "properties": { "node_id": "-9357937.184_3986316.217", "x": -9357937.184, "y": 3986316.217, "degree": 2 }, "geometry": { "type": "Point", "coordinates": [ -84.063780002175946, 33.683004001556057 ] } },
{ "type": "Feature", "properties": { "node_id": "-9480384.950_5027613.693", "x": -9480384.95, "y": 5027613.693, "degree": 2 }, "geometry": { "type": "Point", "coordinates": [ -85.163746999216841, 41.103458002801588 ] } },
{ "type": "Feature", "properties": { "node_id": "-11899303.829_4032357.929", "x": -11899303.829, "y": 4032357.929, "degree": 2 }, "geometry": { "type": "Point", "coordinates": [ -106.893264999726441, 34.026478000159194 ] } },
{ "type": "Feature", "properties": { "node_id": "-11165002.004_5009149.627", "x": -11165002.004000001, "y": 5009149.627, "degree": 2 }, "geometry": { "type": "Point", "coordinates": [ -100.296919474182872, 40.978355486111603 ] } },
{ "type": "Feature", "properties": { "node_id": "-9409856.817_4828877.528", "x": -9409856.817, "y": 4828877.528, "degree": 2 }, "geometry": { "type": "Point", "coordinates": [ -84.530182000873708, 39.74446300128816 ] } },
{ "type": "Feature", "properties": { "node_id": "-10726663.534_3521727.276", "x": -10726663.534, "y": 3521727.276, "degree": 2 }, "geometry": { "type": "Point", "coordinates": [ -96.359258001997205, 30.141313003463956 ] } },
{ "type": "Feature", "properties": { "node_id": "-11774489.522_4338760.308", "x": -11774489.522, "y": 4338760.308, "degree": 2 }, "geometry": { "type": "Point", "coordinates": [ -105.772039003177568, 36.276687999620556 ] } },
{ "type": "Feature", "properties": { "node_id": "-11688082.108_4969401.913", "x": -11688082.108, "y": 4969401.913, "degree": 2 }, "geometry": { "type": "Point", "coordinates": [ -104.99582799660314, 40.708240001529646 ] } },
{ "type": "Feature", "properties": { "node_id": "-9294231.822_5106697.626", "x": -9294231.822000001, "y": 5106697.626, "degree": 2 }, "geometry": { "type": "Point", "coordinates": [ -83.491504998526281, 41.636594997629473 ] } },
{ "type": "Feature", "properties": { "node_id": "-9687624.550_4356064.598", "x": -9687624.55, "y": 4356064.598, "degree": 2 }, "geometry": { "type": "Point", "coordinates": [ -87.025412000765016, 36.401904001922318 ] } },
{ "type": "Feature", "properties": { "node_id": "-9173091.948_4143464.106", "x": -9173091.948000001, "y": 4143464.106, "degree": 2 }, "geometry": { "type": "Point", "coordinates": [ -82.403286995221151, 34.849621998839389 ] } },
{ "type": "Feature", "properties": { "node_id": "-9389747.730_3989189.868", "x": -9389747.73, "y": 3989189.868, "degree": 2 }, "geometry": { "type": "Point", "coordinates": [ -84.34953899885582, 33.704482000218249 ] } },
{ "type": "Feature", "properties": { "node_id": "-13370431.197_4775416.721", "x": -13370431.197000001, "y": 4775416.721, "degree": 2 }, "geometry": { "type": "Point", "coordinates": [ -120.108626995335683, 39.374210997788389 ] } },
{ "type": "Feature", "properties": { "node_id": "-9022476.566_4908365.250", "x": -9022476.566, "y": 4908365.25, "degree": 2 }, "geometry": { "type": "Point", "coordinates": [ -81.050285998480135, 40.291308999150914 ] } },
{ "type": "Feature", "properties": { "node_id": "-10781387.527_3871806.118", "x": -10781387.527000001, "y": 3871806.118, "degree": 2 }, "geometry": { "type": "Point", "coordinates": [ -96.850851995196706, 32.822792000133333 ] } },
{ "type": "Feature", "properties": { "node_id": "-8935404.687_4016831.596", "x": -8935404.687000001, "y": 4016831.596, "degree": 2 }, "geometry": { "type": "Point", "coordinates": [ -80.268106001253088, 33.910805002698076 ] } },
{ "type": "Feature", "properties": { "node_id": "-9547189.558_4834820.508", "x": -9547189.558, "y": 4834820.508, "degree": 2 }, "geometry": { "type": "Point", "coordinates": [ -85.763863003376983, 39.785499998076354 ] } },
{ "type": "Feature", "properties": { "node_id": "-10403174.993_5161824.326", "x": -10403174.993000001, "y": 5161824.326, "degree": 2 }, "geometry": { "type": "Point", "coordinates": [ -93.453310995818953, 42.005639999057337 ] } },
{ "type": "Feature", "properties": { "node_id": "-11890388.251_3815394.090", "x": -11890388.251, "y": 3815394.09, "degree": 2 }, "geometry": { "type": "Point", "coordinates": [ -106.813174999884851, 32.395919000237591 ] } },
{ "type": "Feature", "properties": { "node_id": "-12134145.431_3845448.014", "x": -12134145.431, "y": 3845448.014, "degree": 2 }, "geometry": { "type": "Point", "coordinates": [ -109.002883003963575, 32.623591999861702 ] } },
{ "type": "Feature", "properties": { "node_id": "-9612841.341_4858288.319", "x": -9612841.341, "y": 4858288.319, "degree": 2 }, "geometry": { "type": "Point", "coordinates": [ -86.353623004362959, 39.947309002347282 ] } },
{ "type": "Feature", "properties": { "node_id": "-13397573.116_4354336.456", "x": -13397573.116, "y": 4354336.456, "degree": 2 }, "geometry": { "type": "Point", "coordinates": [ -120.352447002116008, 36.389408000472606 ] } },
{ "type": "Feature", "properties": { "node_id": "-13603912.920_4794791.401", "x": -13603912.92, "y": 4794791.401, "degree": 2 }, "geometry": { "type": "Point", "coordinates": [ -122.206028998670277, 39.50862199962301 ] } },
{ "type": "Feature", "properties": { "node_id": "-13638197.765_5103649.601", "x": -13638197.765000001, "y": 5103649.601, "degree": 2 }, "geometry": { "type": "Point", "coordinates": [ -122.514015001441976, 41.616127998466318 ] } },
{ "type": "Feature", "properties": { "node_id": "-9614484.082_3974522.339", "x": -9614484.082, "y": 3974522.339, "degree": 2 }, "geometry": { "type": "Point", "coordinates": [ -86.368379997844471, 33.594798997948246 ] } },
{ "type": "Feature", "properties": { "node_id": "-11970560.548_4173647.932", "x": -11970560.548, "y": 4173647.932, "degree": 2 }, "geometry": { "type": "Point", "coordinates": [ -107.533374997465543, 35.071838001732338 ] } },
{ "type": "Feature", "properties": { "node_id": "-12083550.945_4074201.798", "x": -12083550.945, "y": 4074201.798, "degree": 2 }, "geometry": { "type": "Point", "coordinates": [ -108.548385003303864, 34.33743499762204 ] } },
{ "type": "Feature", "properties": { "node_id": "-12017505.202_4131626.211", "x": -12017505.202, "y": 4131626.211, "degree": 2 }, "geometry": { "type": "Point", "coordinates": [ -107.955085999424554, 34.762305996052419 ] } },
{ "type": "Feature", "properties": { "node_id": "-8834244.658_4083007.872", "x": -8834244.658, "y": 4083007.872, "degree": 2 }, "geometry": { "type": "Point", "coordinates": [ -79.359369999326333, 34.402730001530884 ] } },
{ "type": "Feature", "properties": { "node_id": "-13266298.827_4060010.800", "x": -13266298.827, "y": 4060010.8, "degree": 2 }, "geometry": { "type": "Point", "coordinates": [ -119.173189999909781, 34.232105003097466 ] } },
{ "type": "Feature", "properties": { "node_id": "-10666802.000_3623343.227", "x": -10666802.0, "y": 3623343.227, "degree": 2 }, "geometry": { "type": "Point", "coordinates": [ -95.821512692766788, 30.927546340965272 ] } },
{ "type": "Feature", "properties": { "node_id": "-12497149.830_4967197.037", "x": -12497149.83, "y": 4967197.037, "degree": 2 }, "geometry": { "type": "Point", "coordinates": [ -112.263807002206789, 40.693223998404427 ] } },
{ "type": "Feature", "properties": { "node_id": "-8389121.429_4845183.472", "x": -8389121.429, "y": 4845183.472, "degree": 2 }, "geometry": { "type": "Point", "coordinates": [ -75.360760000052991, 39.856999000557998 ] } },
{ "type": "Feature", "properties": { "node_id": "-12476973.951_3955375.520", "x": -12476973.951, "y": 3955375.52, "degree": 2 }, "geometry": { "type": "Point", "coordinates": [ -112.082563997444325, 33.451409999377908 ] } },
{ "type": "Feature", "properties": { "node_id": "-9465763.580_3990714.353", "x": -9465763.58, "y": 3990714.353, "degree": 2 }, "geometry": { "type": "Point", "coordinates": [ -85.032400997759183, 33.715873997163953 ] } },
{ "type": "Feature", "properties": { "node_id": "-8284265.816_4993228.547", "x": -8284265.816, "y": 4993228.547, "degree": 2 }, "geometry": { "type": "Point", "coordinates": [ -74.41882600221679, 40.870291996541397 ] } },
{ "type": "Feature", "properties": { "node_id": "-11942376.457_3943426.451", "x": -11942376.457, "y": 3943426.451, "degree": 2 }, "geometry": { "type": "Point", "coordinates": [ -107.280193000322384, 33.361803999742499 ] } },
{ "type": "Feature", "properties": { "node_id": "-11889177.540_4172047.417", "x": -11889177.54, "y": 4172047.417, "degree": 2 }, "geometry": { "type": "Point", "coordinates": [ -106.80229899792532, 35.060070003977494 ] } },
{ "type": "Feature", "properties": { "node_id": "-9485605.389_4838639.980", "x": -9485605.389, "y": 4838639.98, "degree": 2 }, "geometry": { "type": "Point", "coordinates": [ -85.210643000651984, 39.811861003032291 ] } },
{ "type": "Feature", "properties": { "node_id": "-10430627.716_5100191.866", "x": -10430627.716, "y": 5100191.866, "degree": 2 }, "geometry": { "type": "Point", "coordinates": [ -93.699923002434943, 41.592901996846059 ] } },
{ "type": "Feature", "properties": { "node_id": "-12981590.435_4017609.873", "x": -12981590.435000001, "y": 4017609.873, "degree": 2 }, "geometry": { "type": "Point", "coordinates": [ -116.615610999402861, 33.91660700205292 ] } },
{ "type": "Feature", "properties": { "node_id": "-13655165.193_5703229.568", "x": -13655165.193, "y": 5703229.568, "degree": 1 }, "geometry": { "type": "Point", "coordinates": [ -122.666436000487948, 45.516663003217538 ] } },
{ "type": "Feature", "properties": { "node_id": "-12075554.977_3794090.193", "x": -12075554.977, "y": 3794090.193, "degree": 2 }, "geometry": { "type": "Point", "coordinates": [ -108.476556000646553, 32.234182999463883 ] } },
{ "type": "Feature", "properties": { "node_id": "-9664228.866_4918345.421", "x": -9664228.866, "y": 4918345.421, "degree": 2 }, "geometry": { "type": "Point", "coordinates": [ -86.815244995568705, 40.359659001051142 ] } },
{ "type": "Feature", "properties": { "node_id": "-12427290.838_3950534.586", "x": -12427290.838, "y": 3950534.586, "degree": 2 }, "geometry": { "type": "Point", "coordinates": [ -111.636252999738943, 33.415119001011767 ] } },
{ "type": "Feature", "properties": { "node_id": "-9437328.129_3938397.593", "x": -9437328.129000001, "y": 3938397.593, "degree": 2 }, "geometry": { "type": "Point", "coordinates": [ -84.776960995317864, 33.32406499945688 ] } },
{ "type": "Feature", "properties": { "node_id": "-10627379.461_3478746.936", "x": -10627379.461, "y": 3478746.936, "degree": 2 }, "geometry": { "type": "Point", "coordinates": [ -95.467373999541806, 29.806854997736593 ] } },
{ "type": "Feature", "properties": { "node_id": "-9237893.250_4861354.511", "x": -9237893.25, "y": 4861354.511, "degree": 2 }, "geometry": { "type": "Point", "coordinates": [ -82.985406995395579, 39.968421999167965 ] } },
{ "type": "Feature", "properties": { "node_id": "-13047830.207_3868662.149", "x": -13047830.207, "y": 3868662.149, "degree": 2 }, "geometry": { "type": "Point", "coordinates": [ -117.210652995444789, 32.799055001860069 ] } },
{ "type": "Feature", "properties": { "node_id": "-10938131.382_3333487.678", "x": -10938131.382, "y": 3333487.678, "degree": 2 }, "geometry": { "type": "Point", "coordinates": [ -98.258906001579831, 28.668238997632223 ] } },
{ "type": "Feature", "properties": { "node_id": "-9758121.514_5115521.312", "x": -9758121.514, "y": 5115521.312, "degree": 2 }, "geometry": { "type": "Point", "coordinates": [ -87.658697003217256, 41.695808002301476 ] } },
{ "type": "Feature", "properties": { "node_id": "-12410398.217_4970293.490", "x": -12410398.217, "y": 4970293.49, "degree": 2 }, "geometry": { "type": "Point", "coordinates": [ -111.484504003407565, 40.714311002239192 ] } },
{ "type": "Feature", "properties": { "node_id": "-9136249.427_3509092.308", "x": -9136249.427, "y": 3509092.308, "degree": 2 }, "geometry": { "type": "Point", "coordinates": [ -82.072324998023191, 30.043109000597461 ] } },
{ "type": "Feature", "properties": { "node_id": "-9235222.473_4118484.121", "x": -9235222.473, "y": 4118484.121, "degree": 2 }, "geometry": { "type": "Point", "coordinates": [ -82.961414997399828, 34.665261999679068 ] } },
{ "type": "Feature", "properties": { "node_id": "-9387953.260_4561355.081", "x": -9387953.26, "y": 4561355.081, "degree": 2 }, "geometry": { "type": "Point", "coordinates": [ -84.333419000576868, 37.871968998968306 ] } },
{ "type": "Feature", "properties": { "node_id": "-9161455.277_4988205.402", "x": -9161455.277000001, "y": 4988205.402, "degree": 2 }, "geometry": { "type": "Point", "coordinates": [ -82.29875300106545, 40.836161001095874 ] } },
{ "type": "Feature", "properties": { "node_id": "-8601256.860_4698833.099", "x": -8601256.86, "y": 4698833.099, "degree": 2 }, "geometry": { "type": "Point", "coordinates": [ -77.266404999758819, 38.840379996758521 ] } },
{ "type": "Feature", "properties": { "node_id": "-12702341.040_4975157.253", "x": -12702341.04, "y": 4975157.253, "degree": 2 }, "geometry": { "type": "Point", "coordinates": [ -114.107071003306572, 40.747419997450308 ] } },
{ "type": "Feature", "properties": { "node_id": "-13499899.327_4684849.886", "x": -13499899.327, "y": 4684849.886, "degree": 2 }, "geometry": { "type": "Point", "coordinates": [ -121.271658995189412, 38.742473002909819 ] } },
{ "type": "Feature", "properties": { "node_id": "-8202476.046_5051361.268", "x": -8202476.046, "y": 5051361.268, "degree": 2 }, "geometry": { "type": "Point", "coordinates": [ -73.684095997460588, 41.264008996504295 ] } },
{ "type": "Feature", "properties": { "node_id": "-9772766.929_5182061.113", "x": -9772766.929, "y": 5182061.113, "degree": 2 }, "geometry": { "type": "Point", "coordinates": [ -87.790259004584982, 42.14058100019686 ] } },
{ "type": "Feature", "properties": { "node_id": "-11691870.422_4828282.078", "x": -11691870.422, "y": 4828282.078, "degree": 2 }, "geometry": { "type": "Point", "coordinates": [ -105.029859000275579, 39.740349998944083 ] } },
{ "type": "Feature", "properties": { "node_id": "-9115678.142_3353570.797", "x": -9115678.142000001, "y": 3353570.797, "degree": 2 }, "geometry": { "type": "Point", "coordinates": [ -81.887530000728418, 28.826413001897102 ] } },
{ "type": "Feature", "properties": { "node_id": "-13692167.569_5621774.794", "x": -13692167.569, "y": 5621774.794, "degree": 2 }, "geometry": { "type": "Point", "coordinates": [ -122.998833999583326, 45.001609000835423 ] } },
{ "type": "Feature", "properties": { "node_id": "-11761496.088_4386183.426", "x": -11761496.088, "y": 4386183.426, "degree": 2 }, "geometry": { "type": "Point", "coordinates": [ -105.655316999623594, 36.619366999164058 ] } },
{ "type": "Feature", "properties": { "node_id": "-11857540.318_4210936.179", "x": -11857540.318, "y": 4210936.179, "degree": 2 }, "geometry": { "type": "Point", "coordinates": [ -106.518096997228497, 35.345524000504355 ] } },
{ "type": "Feature", "properties": { "node_id": "-9625037.727_4657989.185", "x": -9625037.727, "y": 4657989.185, "degree": 2 }, "geometry": { "type": "Point", "coordinates": [ -86.463185003911164, 38.554023999995458 ] } },
{ "type": "Feature", "properties": { "node_id": "-13621389.746_4992530.353", "x": -13621389.746, "y": 4992530.353, "degree": 2 }, "geometry": { "type": "Point", "coordinates": [ -122.363025997807256, 40.865548997651757 ] } },
{ "type": "Feature", "properties": { "node_id": "-9687058.713_5078936.997", "x": -9687058.713, "y": 5078936.997, "degree": 2 }, "geometry": { "type": "Point", "coordinates": [ -87.020329000510799, 41.449946998212454 ] } },
{ "type": "Feature", "properties": { "node_id": "-10808782.364_3863456.452", "x": -10808782.364, "y": 3863456.452, "degree": 2 }, "geometry": { "type": "Point", "coordinates": [ -97.096944003027318, 32.759737999665951 ] } },
{ "type": "Feature", "properties": { "node_id": "-9272236.093_4857711.870", "x": -9272236.093, "y": 4857711.87, "degree": 2 }, "geometry": { "type": "Point", "coordinates": [ -83.293914003065765, 39.943338997267652 ] } },
{ "type": "Feature", "properties": { "node_id": "-9527723.675_5196504.572", "x": -9527723.675000001, "y": 5196504.572, "degree": 2 }, "geometry": { "type": "Point", "coordinates": [ -85.588998001199158, 42.236716002013154 ] } },
{ "type": "Feature", "properties": { "node_id": "-12938204.109_4180684.069", "x": -12938204.109, "y": 4180684.069, "degree": 2 }, "geometry": { "type": "Point", "coordinates": [ -116.225865001726945, 35.12355199922461 ] } },
{ "type": "Feature", "properties": { "node_id": "-9292586.075_5102767.110", "x": -9292586.075, "y": 5102767.11, "degree": 2 }, "geometry": { "type": "Point", "coordinates": [ -83.476721001687324, 41.610201000048399 ] } },
{ "type": "Feature", "properties": { "node_id": "-10542552.785_4478295.232", "x": -10542552.785, "y": 4478295.232, "degree": 2 }, "geometry": { "type": "Point", "coordinates": [ -94.705363004023269, 37.280628003109854 ] } },
{ "type": "Feature", "properties": { "node_id": "-10776299.002_3864444.135", "x": -10776299.002, "y": 3864444.135, "degree": 2 }, "geometry": { "type": "Point", "coordinates": [ -96.80514099738545, 32.767198995985126 ] } },
{ "type": "Feature", "properties": { "node_id": "-10806913.755_3885128.934", "x": -10806913.755000001, "y": 3885128.934, "degree": 2 }, "geometry": { "type": "Point", "coordinates": [ -97.080158002779896, 32.923308996841541 ] } },
{ "type": "Feature", "properties": { "node_id": "-11867886.352_3772741.158", "x": -11867886.352, "y": 3772741.158, "degree": 2 }, "geometry": { "type": "Point", "coordinates": [ -106.611037001950692, 32.071815000891192 ] } },
{ "type": "Feature", "properties": { "node_id": "-8695689.518_4398737.918", "x": -8695689.518, "y": 4398737.918, "degree": 2 }, "geometry": { "type": "Point", "coordinates": [ -78.114707999773131, 36.70983199686615 ] } },
{ "type": "Feature", "properties": { "node_id": "-8946173.623_4987786.960", "x": -8946173.623, "y": 4987786.96, "degree": 2 }, "geometry": { "type": "Point", "coordinates": [ -80.364844999278134, 40.833317000570034 ] } },
{ "type": "Feature", "properties": { "node_id": "-8664157.270_4759239.413", "x": -8664157.27, "y": 4759239.413, "degree": 2 }, "geometry": { "type": "Point", "coordinates": [ -77.831448996562671, 39.261782998492265 ] } },
{ "type": "Feature", "properties": { "node_id": "-12491060.320_5206014.829", "x": -12491060.32, "y": 5206014.829, "degree": 2 }, "geometry": { "type": "Point", "coordinates": [ -112.209104003148795, 42.299936000905952 ] } },
{ "type": "Feature", "properties": { "node_id": "-9837914.434_5130298.334", "x": -9837914.434, "y": 5130298.334, "degree": 2 }, "geometry": { "type": "Point", "coordinates": [ -88.375488999222512, 41.794850000687852 ] } },
{ "type": "Feature", "properties": { "node_id": "-11756847.831_4349671.749", "x": -11756847.831, "y": 4349671.749, "degree": 2 }, "geometry": { "type": "Point", "coordinates": [ -105.613560996547434, 36.355667997455683 ] } },
{ "type": "Feature", "properties": { "node_id": "-9464695.804_3894426.231", "x": -9464695.804, "y": 3894426.231, "degree": 2 }, "geometry": { "type": "Point", "coordinates": [ -85.022809002751018, 32.993386998935648 ] } },
{ "type": "Feature", "properties": { "node_id": "-13250808.720_4057961.290", "x": -13250808.72, "y": 4057961.29, "degree": 2 }, "geometry": { "type": "Point", "coordinates": [ -119.034040001202328, 34.216881997116076 ] } },
{ "type": "Feature", "properties": { "node_id": "-10900871.412_3452161.605", "x": -10900871.412, "y": 3452161.605, "degree": 2 }, "geometry": { "type": "Point", "coordinates": [ -97.924193996211486, 29.599415001452833 ] } },
{ "type": "Feature", "properties": { "node_id": "-13133257.045_4986649.685", "x": -13133257.045, "y": 4986649.685, "degree": 2 }, "geometry": { "type": "Point", "coordinates": [ -117.978055337938798, 40.82558673299966 ] } },
{ "type": "Feature", "properties": { "node_id": "-8721556.828_5012322.489", "x": -8721556.828, "y": 5012322.489, "degree": 2 }, "geometry": { "type": "Point", "coordinates": [ -78.347077999093713, 40.999870000704377 ] } },
{ "type": "Feature", "properties": { "node_id": "-11805821.951_4327129.092", "x": -11805821.951, "y": 4327129.092, "degree": 2 }, "geometry": { "type": "Point", "coordinates": [ -106.053503001770466, 36.19241000010976 ] } },
{ "type": "Feature", "properties": { "node_id": "-11801572.218_4317099.471", "x": -11801572.218, "y": 4317099.471, "degree": 2 }, "geometry": { "type": "Point", "coordinates": [ -106.015327000697212, 36.119663999721567 ] } },
{ "type": "Feature", "properties": { "node_id": "-10678489.802_5050607.349", "x": -10678489.802, "y": 5050607.349, "degree": 2 }, "geometry": { "type": "Point", "coordinates": [ -95.926506004510415, 41.258918002612695 ] } },
{ "type": "Feature", "properties": { "node_id": "-8259063.862_4965709.879", "x": -8259063.862, "y": 4965709.879, "degree": 2 }, "geometry": { "type": "Point", "coordinates": [ -74.19243299753802, 40.683094002973704 ] } },
{ "type": "Feature", "properties": { "node_id": "-9799623.201_3946729.128", "x": -9799623.201, "y": 3946729.128, "degree": 2 }, "geometry": { "type": "Point", "coordinates": [ -88.031513000705687, 33.386579997316083 ] } },
{ "type": "Feature", "properties": { "node_id": "-9412889.160_4618525.079", "x": -9412889.16, "y": 4618525.079, "degree": 2 }, "geometry": { "type": "Point", "coordinates": [ -84.557422001509636, 38.276253997310057 ] } },
{ "type": "Feature", "properties": { "node_id": "-10782031.399_3863781.038", "x": -10782031.399, "y": 3863781.038, "degree": 2 }, "geometry": { "type": "Point", "coordinates": [ -96.856635995782867, 32.762190004081511 ] } },
{ "type": "Feature", "properties": { "node_id": "-9322180.027_3825999.114", "x": -9322180.027000001, "y": 3825999.114, "degree": 2 }, "geometry": { "type": "Point", "coordinates": [ -83.742567995678328, 32.47632300092333 ] } },
{ "type": "Feature", "properties": { "node_id": "-10791755.046_3894141.278", "x": -10791755.046, "y": 3894141.278, "degree": 2 }, "geometry": { "type": "Point", "coordinates": [ -96.943985002957689, 32.991240002836271 ] } },
{ "type": "Feature", "properties": { "node_id": "-9076095.157_3995105.606", "x": -9076095.157, "y": 3995105.606, "degree": 2 }, "geometry": { "type": "Point", "coordinates": [ -81.531949996562659, 33.748680002457384 ] } },
{ "type": "Feature", "properties": { "node_id": "-9132411.020_3382153.184", "x": -9132411.02, "y": 3382153.184, "degree": 2 }, "geometry": { "type": "Point", "coordinates": [ -82.037844001275474, 29.051112997020976 ] } },
{ "type": "Feature", "properties": { "node_id": "-8580920.014_4698993.028", "x": -8580920.014, "y": 4698993.028, "degree": 2 }, "geometry": { "type": "Point", "coordinates": [ -77.083716003832976, 38.841499002102665 ] } },
{ "type": "Feature", "properties": { "node_id": "-13188485.167_4054915.647", "x": -13188485.167, "y": 4054915.647, "degree": 2 }, "geometry": { "type": "Point", "coordinates": [ -118.474177998996964, 34.194255000510282 ] } },
{ "type": "Feature", "properties": { "node_id": "-10540982.623_4725180.879", "x": -10540982.623, "y": 4725180.879, "degree": 2 }, "geometry": { "type": "Point", "coordinates": [ -94.691257998791826, 39.024495001723693 ] } },
{ "type": "Feature", "properties": { "node_id": "-9127837.681_5016029.415", "x": -9127837.681, "y": 5016029.415, "degree": 2 }, "geometry": { "type": "Point", "coordinates": [ -81.996760998043882, 41.024996999346172 ] } },
{ "type": "Feature", "properties": { "node_id": "-8986214.910_4870705.906", "x": -8986214.91, "y": 4870705.906, "degree": 2 }, "geometry": { "type": "Point", "coordinates": [ -80.724542000357289, 40.032772999452867 ] } },
{ "type": "Feature", "properties": { "node_id": "-10733067.521_4021703.205", "x": -10733067.521, "y": 4021703.205, "degree": 2 }, "geometry": { "type": "Point", "coordinates": [ -96.416785996011228, 33.947115996049085 ] } },
{ "type": "Feature", "properties": { "node_id": "-9270329.190_4986932.917", "x": -9270329.19, "y": 4986932.917, "degree": 2 }, "geometry": { "type": "Point", "coordinates": [ -83.276784001963421, 40.827511997323214 ] } },
{ "type": "Feature", "properties": { "node_id": "-8800410.435_4010394.397", "x": -8800410.435000001, "y": 4010394.397, "degree": 2 }, "geometry": { "type": "Point", "coordinates": [ -79.055432002854261, 33.862801003256521 ] } },
{ "type": "Feature", "properties": { "node_id": "-13575615.060_4671499.576", "x": -13575615.06, "y": 4671499.576, "degree": 2 }, "geometry": { "type": "Point", "coordinates": [ -121.951824997211531, 38.648872002969263 ] } },
{ "type": "Feature", "properties": { "node_id": "-10967892.091_3434932.841", "x": -10967892.091, "y": 3434932.841, "degree": 2 }, "geometry": { "type": "Point", "coordinates": [ -98.526250999189159, 29.464754000296931 ] } },
{ "type": "Feature", "properties": { "node_id": "-9109117.528_3232237.642", "x": -9109117.528000001, "y": 3232237.642, "degree": 2 }, "geometry": { "type": "Point", "coordinates": [ -81.828595002434341, 27.867173003031819 ] } },
{ "type": "Feature", "properties": { "node_id": "-8672825.274_4101781.895", "x": -8672825.274, "y": 4101781.895, "degree": 2 }, "geometry": { "type": "Point", "coordinates": [ -77.909315001322753, 34.541765002500924 ] } },
{ "type": "Feature", "properties": { "node_id": "-11756601.147_4349866.095", "x": -11756601.147, "y": 4349866.095, "degree": 2 }, "geometry": { "type": "Point", "coordinates": [ -105.611344996471956, 36.357074001585623 ] } },
{ "type": "Feature", "properties": { "node_id": "-10679760.513_5039469.183", "x": -10679760.513, "y": 5039469.183, "degree": 2 }, "geometry": { "type": "Point", "coordinates": [ -95.937920995640411, 41.183658997672438 ] } },
{ "type": "Feature", "properties": { "node_id": "-12460773.403_5013942.758", "x": -12460773.403000001, "y": 5013942.758, "degree": 2 }, "geometry": { "type": "Point", "coordinates": [ -111.937031998649204, 41.010853998550864 ] } },
{ "type": "Feature", "properties": { "node_id": "-9755040.302_5131509.353", "x": -9755040.302, "y": 5131509.353, "degree": 2 }, "geometry": { "type": "Point", "coordinates": [ -87.631018004885121, 41.802960000270744 ] } },
{ "type": "Feature", "properties": { "node_id": "-13220446.774_4048445.879", "x": -13220446.774, "y": 4048445.879, "degree": 2 }, "geometry": { "type": "Point", "coordinates": [ -118.761293999728196, 34.146169000416464 ] } },
{ "type": "Feature", "properties": { "node_id": "-13066803.502_3922348.170", "x": -13066803.502, "y": 3922348.17, "degree": 2 }, "geometry": { "type": "Point", "coordinates": [ -117.381093004330864, 33.203512997406655 ] } },
{ "type": "Feature", "properties": { "node_id": "-11877837.424_3791713.947", "x": -11877837.424000001, "y": 3791713.947, "degree": 2 }, "geometry": { "type": "Point", "coordinates": [ -106.700429002660456, 32.216125002646649 ] } },
{ "type": "Feature", "properties": { "node_id": "-12456539.255_4948173.168", "x": -12456539.255000001, "y": 4948173.168, "degree": 2 }, "geometry": { "type": "Point", "coordinates": [ -111.898996000012971, 40.563524002020188 ] } },
{ "type": "Feature", "properties": { "node_id": "-9463945.956_3894992.708", "x": -9463945.956, "y": 3894992.708, "degree": 2 }, "geometry": { "type": "Point", "coordinates": [ -85.016073003559356, 32.997654999990409 ] } },
{ "type": "Feature", "properties": { "node_id": "-9231165.991_4880575.623", "x": -9231165.991, "y": 4880575.623, "degree": 2 }, "geometry": { "type": "Point", "coordinates": [ -82.924974999596287, 40.100625001912455 ] } },
{ "type": "Feature", "properties": { "node_id": "-13551772.652_4656145.369", "x": -13551772.652000001, "y": 4656145.369, "degree": 2 }, "geometry": { "type": "Point", "coordinates": [ -121.737645002045412, 38.541070002258827 ] } },
{ "type": "Feature", "properties": { "node_id": "-12030624.872_4120856.693", "x": -12030624.872, "y": 4120856.693, "degree": 2 }, "geometry": { "type": "Point", "coordinates": [ -108.072942000260596, 34.682789999476029 ] } },
{ "type": "Feature", "properties": { "node_id": "-9990354.009_3541772.620", "x": -9990354.009, "y": 3541772.62, "degree": 2 }, "geometry": { "type": "Point", "coordinates": [ -89.744877000494341, 30.296912998478607 ] } },
{ "type": "Feature", "properties": { "node_id": "-8811754.670_4494157.597", "x": -8811754.67, "y": 4494157.597, "degree": 2 }, "geometry": { "type": "Point", "coordinates": [ -79.157338999725695, 37.393921999840387 ] } },
{ "type": "Feature", "properties": { "node_id": "-11809757.985_4302372.041", "x": -11809757.985, "y": 4302372.041, "degree": 2 }, "geometry": { "type": "Point", "coordinates": [ -106.08886099678061, 36.012722001061817 ] } },
{ "type": "Feature", "properties": { "node_id": "-9027933.893_4198673.778", "x": -9027933.893, "y": 4198673.778, "degree": 2 }, "geometry": { "type": "Point", "coordinates": [ -81.099310001025515, 35.255623001617948 ] } },
{ "type": "Feature", "properties": { "node_id": "-10435903.369_5100101.070", "x": -10435903.369000001, "y": 5100101.07, "degree": 2 }, "geometry": { "type": "Point", "coordinates": [ -93.747314999671076, 41.592291997076963 ] } },
{ "type": "Feature", "properties": { "node_id": "-9373719.727_4829353.131", "x": -9373719.727, "y": 4829353.131, "degree": 2 }, "geometry": { "type": "Point", "coordinates": [ -84.20555699816768, 39.747747997921088 ] } },
{ "type": "Feature", "properties": { "node_id": "-11929945.966_3972029.929", "x": -11929945.966, "y": 3972029.929, "degree": 2 }, "geometry": { "type": "Point", "coordinates": [ -107.168527999778277, 33.576147000543379 ] } },
{ "type": "Feature", "properties": { "node_id": "-9068935.644_3318764.403", "x": -9068935.644, "y": 3318764.403, "degree": 2 }, "geometry": { "type": "Point", "coordinates": [ -81.467634997015153, 28.552126999947198 ] } },
{ "type": "Feature", "properties": { "node_id": "-13626268.880_4530753.097", "x": -13626268.88, "y": 4530753.097, "degree": 2 }, "geometry": { "type": "Point", "coordinates": [ -122.406856004261925, 37.654645998722081 ] } },
{ "type": "Feature", "properties": { "node_id": "-11884888.734_4123184.950", "x": -11884888.734, "y": 4123184.95, "degree": 2 }, "geometry": { "type": "Point", "coordinates": [ -106.763771998121086, 34.699987004060389 ] } },
{ "type": "Feature", "properties": { "node_id": "-12487780.625_5226447.362", "x": -12487780.625, "y": 5226447.362, "degree": 2 }, "geometry": { "type": "Point", "coordinates": [ -112.179642001691292, 42.435547996553829 ] } },
{ "type": "Feature", "properties": { "node_id": "-12484087.899_5136260.609", "x": -12484087.899, "y": 5136260.609, "degree": 2 }, "geometry": { "type": "Point", "coordinates": [ -112.146469679632645, 41.834768485126652 ] } },
{ "type": "Feature", "properties": { "node_id": "-10874969.482_3572103.433", "x": -10874969.482000001, "y": 3572103.433, "degree": 2 }, "geometry": { "type": "Point", "coordinates": [ -97.691513000139551, 30.53188399735761 ] } },
{ "type": "Feature", "properties": { "node_id": "-13607115.805_4586126.412", "x": -13607115.805, "y": 4586126.412, "degree": 2 }, "geometry": { "type": "Point", "coordinates": [ -122.234801004158058, 38.04741700066706 ] } },
{ "type": "Feature", "properties": { "node_id": "-10771218.492_5489082.248", "x": -10771218.492000001, "y": 5489082.248, "degree": 2 }, "geometry": { "type": "Point", "coordinates": [ -96.759501999544227, 44.152563996746395 ] } },
{ "type": "Feature", "properties": { "node_id": "-11908421.897_3998690.153", "x": -11908421.897, "y": 3998690.153, "degree": 2 }, "geometry": { "type": "Point", "coordinates": [ -106.975173998186861, 33.775449999467291 ] } },
{ "type": "Feature", "properties": { "node_id": "-11999911.936_4172591.958", "x": -11999911.936000001, "y": 4172591.958, "degree": 2 }, "geometry": { "type": "Point", "coordinates": [ -107.797043001970778, 35.064074003958311 ] } },
{ "type": "Feature", "properties": { "node_id": "-10409696.423_5108405.462", "x": -10409696.423, "y": 5108405.462, "degree": 2 }, "geometry": { "type": "Point", "coordinates": [ -93.51189399825212, 41.648060002366442 ] } },
{ "type": "Feature", "properties": { "node_id": "-9039995.137_3320632.822", "x": -9039995.137, "y": 3320632.822, "degree": 2 }, "geometry": { "type": "Point", "coordinates": [ -81.207657999332469, 28.566868999639528 ] } },
{ "type": "Feature", "properties": { "node_id": "-12087825.390_3802796.385", "x": -12087825.39, "y": 3802796.385, "degree": 2 }, "geometry": { "type": "Point", "coordinates": [ -108.586782996050147, 32.300313998661643 ] } },
{ "type": "Feature", "properties": { "node_id": "-9076771.980_3318705.346", "x": -9076771.98, "y": 3318705.346, "degree": 2 }, "geometry": { "type": "Point", "coordinates": [ -81.538030001018114, 28.551661001066499 ] } },
{ "type": "Feature", "properties": { "node_id": "-13167152.791_4031946.522", "x": -13167152.791, "y": 4031946.522, "degree": 2 }, "geometry": { "type": "Point", "coordinates": [ -118.282546004923134, 34.02341499960302 ] } },
{ "type": "Feature", "properties": { "node_id": "-13159686.592_4036716.692", "x": -13159686.592, "y": 4036716.692, "degree": 2 }, "geometry": { "type": "Point", "coordinates": [ -118.21547599816337, 34.058922998570402 ] } },
{ "type": "Feature", "properties": { "node_id": "-9750029.811_5126805.604", "x": -9750029.811000001, "y": 5126805.604, "degree": 2 }, "geometry": { "type": "Point", "coordinates": [ -87.586007998422687, 41.771454000840528 ] } },
{ "type": "Feature", "properties": { "node_id": "-9029159.743_4026112.669", "x": -9029159.743000001, "y": 4026112.669, "degree": 2 }, "geometry": { "type": "Point", "coordinates": [ -81.110321998935902, 33.979968998057771 ] } },
{ "type": "Feature", "properties": { "node_id": "-12082231.252_3798830.543", "x": -12082231.252, "y": 3798830.543, "degree": 2 }, "geometry": { "type": "Point", "coordinates": [ -108.536529999381401, 32.270196001917668 ] } },
{ "type": "Feature", "properties": { "node_id": "-7959961.638_5133924.233", "x": -7959961.638, "y": 5133924.233, "degree": 2 }, "geometry": { "type": "Point", "coordinates": [ -71.505552004204617, 41.819128999517453 ] } },
{ "type": "Feature", "properties": { "node_id": "-13584840.106_4537446.724", "x": -13584840.106000001, "y": 4537446.724, "degree": 2 }, "geometry": { "type": "Point", "coordinates": [ -122.034694995396606, 37.70223600006053 ] } },
{ "type": "Feature", "properties": { "node_id": "-9386338.014_4538026.553", "x": -9386338.014, "y": 4538026.553, "degree": 2 }, "geometry": { "type": "Point", "coordinates": [ -84.318908998882748, 37.706357001295473 ] } },
{ "type": "Feature", "properties": { "node_id": "-11795663.268_4273687.128", "x": -11795663.268, "y": 4273687.128, "degree": 2 }, "geometry": { "type": "Point", "coordinates": [ -105.962245999716217, 35.804011998934769 ] } },
{ "type": "Feature", "properties": { "node_id": "-13153198.002_4041549.353", "x": -13153198.002, "y": 4041549.353, "degree": 2 }, "geometry": { "type": "Point", "coordinates": [ -118.15718800246951, 34.094881002451935 ] } },
{ "type": "Feature", "properties": { "node_id": "-11989342.818_4172319.140", "x": -11989342.818, "y": 4172319.14, "degree": 2 }, "geometry": { "type": "Point", "coordinates": [ -107.702098999580144, 35.062068002757627 ] } },
{ "type": "Feature", "properties": { "node_id": "-13618569.467_4939659.886", "x": -13618569.467, "y": 4939659.886, "degree": 2 }, "geometry": { "type": "Point", "coordinates": [ -122.337691000495425, 40.505400999899251 ] } },
{ "type": "Feature", "properties": { "node_id": "-13603827.983_4830373.475", "x": -13603827.983, "y": 4830373.475, "degree": 2 }, "geometry": { "type": "Point", "coordinates": [ -122.205265996617399, 39.75479499988208 ] } },
{ "type": "Feature", "properties": { "node_id": "-11807388.661_4299404.932", "x": -11807388.661, "y": 4299404.932, "degree": 2 }, "geometry": { "type": "Point", "coordinates": [ -106.067576997158312, 35.991158998115949 ] } },
{ "type": "Feature", "properties": { "node_id": "-9768485.804_5172397.678", "x": -9768485.804, "y": 5172397.678, "degree": 2 }, "geometry": { "type": "Point", "coordinates": [ -87.751801004377711, 42.0761799992748 ] } },
{ "type": "Feature", "properties": { "node_id": "-9733197.191_4994224.771", "x": -9733197.191, "y": 4994224.771, "degree": 2 }, "geometry": { "type": "Point", "coordinates": [ -87.434798000244925, 40.877058996325573 ] } },
{ "type": "Feature", "properties": { "node_id": "-8963223.205_3203682.236", "x": -8963223.205, "y": 3203682.236, "degree": 2 }, "geometry": { "type": "Point", "coordinates": [ -80.518004000262621, 27.640165999582589 ] } },
{ "type": "Feature", "properties": { "node_id": "-11968724.111_3798161.754", "x": -11968724.111, "y": 3798161.754, "degree": 2 }, "geometry": { "type": "Point", "coordinates": [ -107.516878003211303, 32.265115997869501 ] } },
{ "type": "Feature", "properties": { "node_id": "-12490423.350_4824366.430", "x": -12490423.35, "y": 4824366.43, "degree": 2 }, "geometry": { "type": "Point", "coordinates": [ -112.20338200428354, 39.713296996295661 ] } },
{ "type": "Feature", "properties": { "node_id": "-11868459.313_4181381.749", "x": -11868459.313, "y": 4181381.749, "degree": 2 }, "geometry": { "type": "Point", "coordinates": [ -106.616183998185747, 35.128677999899857 ] } },
{ "type": "Feature", "properties": { "node_id": "-10647723.877_3603754.323", "x": -10647723.877, "y": 3603754.323, "degree": 2 }, "geometry": { "type": "Point", "coordinates": [ -95.650130997934681, 30.7764769976345 ] } },
{ "type": "Feature", "properties": { "node_id": "-13591192.887_4613389.431", "x": -13591192.887, "y": 4613389.431, "degree": 2 }, "geometry": { "type": "Point", "coordinates": [ -122.091762998086239, 38.240028001788595 ] } },
{ "type": "Feature", "properties": { "node_id": "-9735180.014_5084420.365", "x": -9735180.014, "y": 5084420.365, "degree": 2 }, "geometry": { "type": "Point", "coordinates": [ -87.452610002310976, 41.486857001768378 ] } },
{ "type": "Feature", "properties": { "node_id": "-9410446.254_4040282.728", "x": -9410446.254000001, "y": 4040282.728, "degree": 2 }, "geometry": { "type": "Point", "coordinates": [ -84.535477003534965, 34.085458000832155 ] } },
{ "type": "Feature", "properties": { "node_id": "-12458482.337_4985525.713", "x": -12458482.337, "y": 4985525.713, "degree": 2 }, "geometry": { "type": "Point", "coordinates": [ -111.916451002601931, 40.817946002945256 ] } },
{ "type": "Feature", "properties": { "node_id": "-10771102.708_5455912.271", "x": -10771102.708000001, "y": 5455912.271, "degree": 2 }, "geometry": { "type": "Point", "coordinates": [ -96.758461894175667, 43.938386326541988 ] } },
{ "type": "Feature", "properties": { "node_id": "-13014519.742_4018656.110", "x": -13014519.742000001, "y": 4018656.11, "degree": 2 }, "geometry": { "type": "Point", "coordinates": [ -116.911419997138509, 33.924406001580245 ] } },
{ "type": "Feature", "properties": { "node_id": "-9067919.186_5059248.149", "x": -9067919.186000001, "y": 5059248.149, "degree": 2 }, "geometry": { "type": "Point", "coordinates": [ -81.458503999444488, 41.317242997043003 ] } },
{ "type": "Feature", "properties": { "node_id": "-8920729.550_3027171.763", "x": -8920729.55, "y": 3027171.763, "degree": 2 }, "geometry": { "type": "Point", "coordinates": [ -80.136277002616609, 26.226586001898944 ] } },
{ "type": "Feature", "properties": { "node_id": "-11657753.447_4804819.269", "x": -11657753.447000001, "y": 4804819.269, "degree": 2 }, "geometry": { "type": "Point", "coordinates": [ -104.723380999371358, 39.578087998264806 ] } },
{ "type": "Feature", "properties": { "node_id": "-13483264.745_4704258.344", "x": -13483264.745, "y": 4704258.344, "degree": 2 }, "geometry": { "type": "Point", "coordinates": [ -121.122228002634017, 38.878330002321761 ] } },
{ "type": "Feature", "properties": { "node_id": "-13160744.127_4035863.079", "x": -13160744.127, "y": 4035863.079, "degree": 2 }, "geometry": { "type": "Point", "coordinates": [ -118.224975996703279, 34.052570000711668 ] } },
{ "type": "Feature", "properties": { "node_id": "-9733210.772_4990474.629", "x": -9733210.772, "y": 4990474.629, "degree": 2 }, "geometry": { "type": "Point", "coordinates": [ -87.434920000443654, 40.8515820000448 ] } },
{ "type": "Feature", "properties": { "node_id": "-9374513.769_4016893.700", "x": -9374513.769, "y": 4016893.7, "degree": 2 }, "geometry": { "type": "Point", "coordinates": [ -84.212689998816003, 33.91126799807747 ] } },
{ "type": "Feature", "properties": { "node_id": "-10105990.136_5103737.304", "x": -10105990.136, "y": 5103737.304, "degree": 2 }, "geometry": { "type": "Point", "coordinates": [ -90.783654003299219, 41.616717000832196 ] } },
{ "type": "Feature", "properties": { "node_id": "-9373456.011_4830787.752", "x": -9373456.011, "y": 4830787.752, "degree": 2 }, "geometry": { "type": "Point", "coordinates": [ -84.203187997032998, 39.757655996640878 ] } },
{ "type": "Feature", "properties": { "node_id": "-13174314.307_4046115.104", "x": -13174314.307, "y": 4046115.104, "degree": 2 }, "geometry": { "type": "Point", "coordinates": [ -118.346878997725824, 34.128839002358909 ] } },
{ "type": "Feature", "properties": { "node_id": "-12815891.262_4330014.128", "x": -12815891.262, "y": 4330014.128, "degree": 2 }, "geometry": { "type": "Point", "coordinates": [ -115.127110002684219, 36.213322997986822 ] } },
{ "type": "Feature", "properties": { "node_id": "-8881072.983_4260107.575", "x": -8881072.983, "y": 4260107.575, "degree": 2 }, "geometry": { "type": "Point", "coordinates": [ -79.780036000098491, 35.705016001603106 ] } },
{ "type": "Feature", "properties": { "node_id": "-8212685.825_5017014.547", "x": -8212685.825, "y": 5017014.547, "degree": 2 }, "geometry": { "type": "Point", "coordinates": [ -73.775812002692405, 41.031672998652397 ] } },
{ "type": "Feature", "properties": { "node_id": "-13528148.095_4661266.715", "x": -13528148.095000001, "y": 4661266.715, "degree": 2 }, "geometry": { "type": "Point", "coordinates": [ -121.525421995708882, 38.577045002743262 ] } },
{ "type": "Feature", "properties": { "node_id": "-8477465.579_4796038.095", "x": -8477465.579, "y": 4796038.095, "degree": 2 }, "geometry": { "type": "Point", "coordinates": [ -76.15436900212849, 39.517262001321882 ] } },
{ "type": "Feature", "properties": { "node_id": "-13680149.071_5814885.600", "x": -13680149.071, "y": 5814885.6, "degree": 2 }, "geometry": { "type": "Point", "coordinates": [ -122.890869995127716, 46.215095002095723 ] } },
{ "type": "Feature", "properties": { "node_id": "-10032717.086_3503044.946", "x": -10032717.086, "y": 3503044.946, "degree": 2 }, "geometry": { "type": "Point", "coordinates": [ -90.12543099600866, 29.996072002170671 ] } },
{ "type": "Feature", "properties": { "node_id": "-13331550.528_4798430.478", "x": -13331550.528000001, "y": 4798430.478, "degree": 2 }, "geometry": { "type": "Point", "coordinates": [ -119.759356003140766, 39.533838997114245 ] } },
{ "type": "Feature", "properties": { "node_id": "-13506386.805_4521430.102", "x": -13506386.805, "y": 4521430.102, "degree": 2 }, "geometry": { "type": "Point", "coordinates": [ -121.329937001617296, 37.588310997514498 ] } },
{ "type": "Feature", "properties": { "node_id": "-9486514.313_5205665.810", "x": -9486514.313, "y": 5205665.81, "degree": 2 }, "geometry": { "type": "Point", "coordinates": [ -85.218808003865007, 42.297616997116492 ] } },
{ "type": "Feature", "properties": { "node_id": "-10655604.629_4163250.876", "x": -10655604.629000001, "y": 4163250.876, "degree": 2 }, "geometry": { "type": "Point", "coordinates": [ -95.720924997654237, 34.995361998149313 ] } },
{ "type": "Feature", "properties": { "node_id": "-9512080.503_3845485.947", "x": -9512080.503, "y": 3845485.947, "degree": 2 }, "geometry": { "type": "Point", "coordinates": [ -85.448472996202057, 32.623878996123025 ] } },
{ "type": "Feature", "properties": { "node_id": "-10769564.841_3892405.825", "x": -10769564.841, "y": 3892405.825, "degree": 2 }, "geometry": { "type": "Point", "coordinates": [ -96.744646999865239, 32.978162996635909 ] } },
{ "type": "Feature", "properties": { "node_id": "-12819140.678_4324402.859", "x": -12819140.678, "y": 4324402.859, "degree": 2 }, "geometry": { "type": "Point", "coordinates": [ -115.156300003256831, 36.17264299674649 ] } },
{ "type": "Feature", "properties": { "node_id": "-11762794.073_4373707.660", "x": -11762794.073000001, "y": 4373707.66, "degree": 2 }, "geometry": { "type": "Point", "coordinates": [ -105.666976997264186, 36.529364002439927 ] } },
{ "type": "Feature", "properties": { "node_id": "-9258182.675_3968223.936", "x": -9258182.675000001, "y": 3968223.936, "degree": 2 }, "geometry": { "type": "Point", "coordinates": [ -83.167670001230562, 33.547657001920228 ] } },
{ "type": "Feature", "properties": { "node_id": "-12236260.581_3890236.639", "x": -12236260.581, "y": 3890236.639, "degree": 2 }, "geometry": { "type": "Point", "coordinates": [ -109.920199003815156, 32.961814996843692 ] } },
{ "type": "Feature", "properties": { "node_id": "-9704596.097_5088034.468", "x": -9704596.097, "y": 5088034.468, "degree": 2 }, "geometry": { "type": "Point", "coordinates": [ -87.177870001417531, 41.511172997245758 ] } },
{ "type": "Feature", "properties": { "node_id": "-8784361.392_4815392.853", "x": -8784361.392000001, "y": 4815392.853, "degree": 2 }, "geometry": { "type": "Point", "coordinates": [ -78.911260996630361, 39.651259001611457 ] } },
{ "type": "Feature", "properties": { "node_id": "-11661548.774_4697133.071", "x": -11661548.774, "y": 4697133.071, "degree": 2 }, "geometry": { "type": "Point", "coordinates": [ -104.757475001894676, 38.828484003096769 ] } },
{ "type": "Feature", "properties": { "node_id": "-7953007.509_5133149.625", "x": -7953007.509, "y": 5133149.625, "degree": 2 }, "geometry": { "type": "Point", "coordinates": [ -71.443082000520221, 41.813943001666068 ] } },
{ "type": "Feature", "properties": { "node_id": "-13355018.903_4299541.966", "x": -13355018.903000001, "y": 4299541.966, "degree": 2 }, "geometry": { "type": "Point", "coordinates": [ -119.970176002700242, 35.992155001254766 ] } },
{ "type": "Feature", "properties": { "node_id": "-12470433.931_5389352.469", "x": -12470433.931, "y": 5389352.469, "degree": 2 }, "geometry": { "type": "Point", "coordinates": [ -112.023813998199856, 43.506276003457252 ] } },
{ "type": "Feature", "properties": { "node_id": "-10673637.496_3628282.584", "x": -10673637.496, "y": 3628282.584, "degree": 2 }, "geometry": { "type": "Point", "coordinates": [ -95.882916998080162, 30.965601001955161 ] } },
{ "type": "Feature", "properties": { "node_id": "-11818945.294_4234870.645", "x": -11818945.294, "y": 4234870.645, "degree": 2 }, "geometry": { "type": "Point", "coordinates": [ -106.1713919977269, 35.520709998672096 ] } },
{ "type": "Feature", "properties": { "node_id": "-13628829.562_5076671.767", "x": -13628829.562000001, "y": 5076671.767, "degree": 2 }, "geometry": { "type": "Point", "coordinates": [ -122.429859002045632, 41.434693001497045 ] } },
{ "type": "Feature", "properties": { "node_id": "-9730673.355_4686996.386", "x": -9730673.355, "y": 4686996.386, "degree": 2 }, "geometry": { "type": "Point", "coordinates": [ -87.412125995710824, 38.75751100036733 ] } },
{ "type": "Feature", "properties": { "node_id": "-8682535.116_4801641.185", "x": -8682535.116, "y": 4801641.185, "degree": 2 }, "geometry": { "type": "Point", "coordinates": [ -77.996539996072613, 39.556079999925757 ] } },
{ "type": "Feature", "properties": { "node_id": "-9237198.172_4122245.844", "x": -9237198.172, "y": 4122245.844, "degree": 2 }, "geometry": { "type": "Point", "coordinates": [ -82.979163003485041, 34.693050996049926 ] } },
{ "type": "Feature", "properties": { "node_id": "-10070601.447_3711620.446", "x": -10070601.447000001, "y": 3711620.446, "degree": 2 }, "geometry": { "type": "Point", "coordinates": [ -90.465752001162684, 31.605373002325557 ] } },
{ "type": "Feature", "properties": { "node_id": "-10815028.723_3978804.739", "x": -10815028.723, "y": 3978804.739, "degree": 2 }, "geometry": { "type": "Point", "coordinates": [ -97.153056000625298, 33.626837002210863 ] } },
{ "type": "Feature", "properties": { "node_id": "-9109849.008_5058803.810", "x": -9109849.008, "y": 5058803.81, "degree": 2 }, "geometry": { "type": "Point", "coordinates": [ -81.83516599907459, 41.314245001326618 ] } },
{ "type": "Feature", "properties": { "node_id": "-9669897.366_4044029.512", "x": -9669897.366, "y": 4044029.512, "degree": 2 }, "geometry": { "type": "Point", "coordinates": [ -86.866165997449031, 34.113328999590237 ] } },
{ "type": "Feature", "properties": { "node_id": "-9789355.091_5000735.344", "x": -9789355.091, "y": 5000735.344, "degree": 2 }, "geometry": { "type": "Point", "coordinates": [ -87.939272999185491, 40.921266000477438 ] } },
{ "type": "Feature", "properties": { "node_id": "-11156845.795_4087173.846", "x": -11156845.795, "y": 4087173.846, "degree": 2 }, "geometry": { "type": "Point", "coordinates": [ -100.22365100213112, 34.433601997682047 ] } },
{ "type": "Feature", "properties": { "node_id": "-13528747.217_4667045.418", "x": -13528747.217, "y": 4667045.418, "degree": 2 }, "geometry": { "type": "Point", "coordinates": [ -121.530804000205407, 38.61761599726951 ] } },
{ "type": "Feature", "properties": { "node_id": "-12056241.379_3788670.967", "x": -12056241.379000001, "y": 3788670.967, "degree": 2 }, "geometry": { "type": "Point", "coordinates": [ -108.303058997899157, 32.192995002950774 ] } },
{ "type": "Feature", "properties": { "node_id": "-13445788.704_4446850.201", "x": -13445788.704, "y": 4446850.201, "degree": 2 }, "geometry": { "type": "Point", "coordinates": [ -120.785574998448126, 37.055533002687916 ] } },
{ "type": "Feature", "properties": { "node_id": "-10922000.731_3177191.927", "x": -10922000.731000001, "y": 3177191.927, "degree": 2 }, "geometry": { "type": "Point", "coordinates": [ -98.114001898218859, 27.429153833763724 ] } },
{ "type": "Feature", "properties": { "node_id": "-11101883.132_4979075.409", "x": -11101883.132, "y": 4979075.409, "degree": 2 }, "geometry": { "type": "Point", "coordinates": [ -99.729912999843009, 40.774079999055061 ] } },
{ "type": "Feature", "properties": { "node_id": "-10692247.555_3547574.171", "x": -10692247.555, "y": 3547574.171, "degree": 2 }, "geometry": { "type": "Point", "coordinates": [ -96.050094002460824, 30.341900999627953 ] } },
{ "type": "Feature", "properties": { "node_id": "-9095251.127_3543919.585", "x": -9095251.127, "y": 3543919.585, "degree": 2 }, "geometry": { "type": "Point", "coordinates": [ -81.704031002894027, 30.313563999665647 ] } },
{ "type": "Feature", "properties": { "node_id": "-8753001.356_5156300.692", "x": -8753001.356000001, "y": 5156300.692, "degree": 2 }, "geometry": { "type": "Point", "coordinates": [ -78.629549000136976, 41.968757998666575 ] } },
{ "type": "Feature", "properties": { "node_id": "-13603688.277_4834964.214", "x": -13603688.277000001, "y": 4834964.214, "degree": 2 }, "geometry": { "type": "Point", "coordinates": [ -122.204010996266575, 39.786492002541934 ] } },
{ "type": "Feature", "properties": { "node_id": "-12704459.784_4409937.774", "x": -12704459.784, "y": 4409937.774, "degree": 2 }, "geometry": { "type": "Point", "coordinates": [ -114.126104004489946, 36.790445997480205 ] } },
{ "type": "Feature", "properties": { "node_id": "-13331102.912_4088044.426", "x": -13331102.912, "y": 4088044.426, "degree": 2 }, "geometry": { "type": "Point", "coordinates": [ -119.755335000198599, 34.44005200044451 ] } },
{ "type": "Feature", "properties": { "node_id": "-13732335.426_5346041.479", "x": -13732335.426000001, "y": 5346041.479, "degree": 2 }, "geometry": { "type": "Point", "coordinates": [ -123.359667998317605, 43.223425002378143 ] } },
{ "type": "Feature", "properties": { "node_id": "-8149629.901_5534806.869", "x": -8149629.901, "y": 5534806.869, "degree": 2 }, "geometry": { "type": "Point", "coordinates": [ -73.209370999857626, 44.446537002225135 ] } },
{ "type": "Feature", "properties": { "node_id": "-9658607.121_4314613.152", "x": -9658607.121, "y": 4314613.152, "degree": 2 }, "geometry": { "type": "Point", "coordinates": [ -86.764744000999471, 36.101620003644129 ] } },
{ "type": "Feature", "properties": { "node_id": "-11805788.444_4311247.939", "x": -11805788.444, "y": 4311247.939, "degree": 2 }, "geometry": { "type": "Point", "coordinates": [ -106.053202003268225, 36.077190996784083 ] } },
{ "type": "Feature", "properties": { "node_id": "-10400298.275_5474559.299", "x": -10400298.275, "y": 5474559.299, "degree": 2 }, "geometry": { "type": "Point", "coordinates": [ -93.427468998343926, 44.058884998099082 ] } },
{ "type": "Feature", "properties": { "node_id": "-9112757.564_3149941.474", "x": -9112757.564, "y": 3149941.474, "degree": 2 }, "geometry": { "type": "Point", "coordinates": [ -81.861294002169771, 27.21166500000794 ] } },
{ "type": "Feature", "properties": { "node_id": "-9667647.043_5121757.460", "x": -9667647.043, "y": 5121757.46, "degree": 2 }, "geometry": { "type": "Point", "coordinates": [ -86.84595100199796, 41.737623998708806 ] } },
{ "type": "Feature", "properties": { "node_id": "-8608268.207_4720141.583", "x": -8608268.207, "y": 4720141.583, "degree": 2 }, "geometry": { "type": "Point", "coordinates": [ -77.329389001482483, 38.989317998483727 ] } },
{ "type": "Feature", "properties": { "node_id": "-11749817.560_4829814.858", "x": -11749817.56, "y": 4829814.858, "degree": 2 }, "geometry": { "type": "Point", "coordinates": [ -105.550406997639428, 39.750937002991478 ] } },
{ "type": "Feature", "properties": { "node_id": "-12689483.861_4417853.202", "x": -12689483.861, "y": 4417853.202, "degree": 2 }, "geometry": { "type": "Point", "coordinates": [ -113.991572999242962, 36.847368337883225 ] } },
{ "type": "Feature", "properties": { "node_id": "-12377107.232_5727796.441", "x": -12377107.232000001, "y": 5727796.441, "degree": 2 }, "geometry": { "type": "Point", "coordinates": [ -111.185445996918645, 45.671086999683304 ] } },
{ "type": "Feature", "properties": { "node_id": "-8684953.532_4057883.076", "x": -8684953.532, "y": 4057883.076, "degree": 2 }, "geometry": { "type": "Point", "coordinates": [ -78.018264996634201, 34.216300997811437 ] } },
{ "type": "Feature", "properties": { "node_id": "-13615605.586_4565512.778", "x": -13615605.586, "y": 4565512.778, "degree": 2 }, "geometry": { "type": "Point", "coordinates": [ -122.311066004469339, 37.901446001296534 ] } },
{ "type": "Feature", "properties": { "node_id": "-9661417.604_3963834.909", "x": -9661417.604, "y": 3963834.909, "degree": 2 }, "geometry": { "type": "Point", "coordinates": [ -86.78999099934606, 33.514790999991028 ] } },
{ "type": "Feature", "properties": { "node_id": "-12106924.253_3818857.977", "x": -12106924.253, "y": 3818857.977, "degree": 2 }, "geometry": { "type": "Point", "coordinates": [ -108.758351001472192, 32.422189001342844 ] } },
{ "type": "Feature", "properties": { "node_id": "-13301287.768_4080632.071", "x": -13301287.768, "y": 4080632.071, "degree": 2 }, "geometry": { "type": "Point", "coordinates": [ -119.487501004664338, 34.385118999512386 ] } },
{ "type": "Feature", "properties": { "node_id": "-8449769.178_5179559.571", "x": -8449769.178, "y": 5179559.571, "degree": 2 }, "geometry": { "type": "Point", "coordinates": [ -75.905567998794453, 42.123915998754292 ] } },
{ "type": "Feature", "properties": { "node_id": "-8697004.201_4948790.680", "x": -8697004.201, "y": 4948790.68, "degree": 2 }, "geometry": { "type": "Point", "coordinates": [ -78.126517998099857, 40.567738000060416 ] } },
{ "type": "Feature", "properties": { "node_id": "-11945287.907_3907695.200", "x": -11945287.907, "y": 3907695.2, "degree": 2 }, "geometry": { "type": "Point", "coordinates": [ -107.306347000661873, 33.093304997204925 ] } },
{ "type": "Feature", "properties": { "node_id": "-9618108.979_5066258.318", "x": -9618108.979, "y": 5066258.318, "degree": 2 }, "geometry": { "type": "Point", "coordinates": [ -86.400943001629045, 41.364522996399423 ] } },
{ "type": "Feature", "properties": { "node_id": "-9791119.171_5197069.024", "x": -9791119.171, "y": 5197069.024, "degree": 2 }, "geometry": { "type": "Point", "coordinates": [ -87.955119999449579, 42.240470000071525 ] } },
{ "type": "Feature", "properties": { "node_id": "-9265621.043_4078633.445", "x": -9265621.043, "y": 4078633.445, "degree": 2 }, "geometry": { "type": "Point", "coordinates": [ -83.234489997863605, 34.37030099750924 ] } },
{ "type": "Feature", "properties": { "node_id": "-8678125.751_4790055.378", "x": -8678125.751, "y": 4790055.378, "degree": 2 }, "geometry": { "type": "Point", "coordinates": [ -77.956929996345011, 39.475790000597499 ] } },
{ "type": "Feature", "properties": { "node_id": "-8752809.998_5156755.108", "x": -8752809.998, "y": 5156755.108, "degree": 2 }, "geometry": { "type": "Point", "coordinates": [ -78.627830001975568, 41.971792998165434 ] } },
{ "type": "Feature", "properties": { "node_id": "-9126763.559_3079382.067", "x": -9126763.559, "y": 3079382.067, "degree": 2 }, "geometry": { "type": "Point", "coordinates": [ -81.987111995947799, 26.646551996867469 ] } },
{ "type": "Feature", "properties": { "node_id": "-13623614.578_5074137.787", "x": -13623614.578, "y": 5074137.787, "degree": 2 }, "geometry": { "type": "Point", "coordinates": [ -122.38301200370924, 41.417625000767138 ] } },
{ "type": "Feature", "properties": { "node_id": "-11763411.229_4379496.493", "x": -11763411.229, "y": 4379496.493, "degree": 2 }, "geometry": { "type": "Point", "coordinates": [ -105.672521003939039, 36.571138997067635 ] } },
{ "type": "Feature", "properties": { "node_id": "-8551084.275_4740962.498", "x": -8551084.275, "y": 4740962.498, "degree": 2 }, "geometry": { "type": "Point", "coordinates": [ -76.81569700026597, 39.134546000553655 ] } },
{ "type": "Feature", "properties": { "node_id": "-10636635.454_5086080.995", "x": -10636635.454, "y": 5086080.995, "degree": 2 }, "geometry": { "type": "Point", "coordinates": [ -95.550521999357841, 41.498030996789751 ] } },
{ "type": "Feature", "properties": { "node_id": "-8234850.426_4975550.615", "x": -8234850.426, "y": 4975550.615, "degree": 2 }, "geometry": { "type": "Point", "coordinates": [ -73.974920001139523, 40.750097002518388 ] } },
{ "type": "Feature", "properties": { "node_id": "-8832323.840_4089085.160", "x": -8832323.84, "y": 4089085.16, "degree": 2 }, "geometry": { "type": "Point", "coordinates": [ -79.342114997652217, 34.447761996510231 ] } },
{ "type": "Feature", "properties": { "node_id": "-10808640.765_3765554.296", "x": -10808640.765000001, "y": 3765554.296, "degree": 2 }, "geometry": { "type": "Point", "coordinates": [ -97.095671997568161, 32.017091002873059 ] } },
{ "type": "Feature", "properties": { "node_id": "-11872881.480_3783559.764", "x": -11872881.48, "y": 3783559.764, "degree": 2 }, "geometry": { "type": "Point", "coordinates": [ -106.655909000236036, 32.154130998714749 ] } },
{ "type": "Feature", "properties": { "node_id": "-10620068.999_4273633.460", "x": -10620068.999, "y": 4273633.46, "degree": 2 }, "geometry": { "type": "Point", "coordinates": [ -95.401703002056067, 35.80362099748934 ] } },
{ "type": "Feature", "properties": { "node_id": "-11819479.962_4234895.675", "x": -11819479.962, "y": 4234895.675, "degree": 2 }, "geometry": { "type": "Point", "coordinates": [ -106.176195002090196, 35.520893003758978 ] } },
{ "type": "Feature", "properties": { "node_id": "-8971733.469_4922511.756", "x": -8971733.469000001, "y": 4922511.756, "degree": 2 }, "geometry": { "type": "Point", "coordinates": [ -80.594453002493552, 40.388172000936358 ] } },
{ "type": "Feature", "properties": { "node_id": "-13563920.725_4474724.199", "x": -13563920.725, "y": 4474724.199, "degree": 2 }, "geometry": { "type": "Point", "coordinates": [ -121.846772998530398, 37.255099002784782 ] } },
{ "type": "Feature", "properties": { "node_id": "-13027985.393_4148390.678", "x": -13027985.393, "y": 4148390.678, "degree": 2 }, "geometry": { "type": "Point", "coordinates": [ -117.032383998177679, 34.885932995965604 ] } },
{ "type": "Feature", "properties": { "node_id": "-13211482.883_4049127.314", "x": -13211482.883, "y": 4049127.314, "degree": 2 }, "geometry": { "type": "Point", "coordinates": [ -118.680769996823372, 34.151234998732221 ] } },
{ "type": "Feature", "properties": { "node_id": "-11892275.228_3817935.010", "x": -11892275.228, "y": 3817935.01, "degree": 2 }, "geometry": { "type": "Point", "coordinates": [ -106.830126002683656, 32.415189998333695 ] } },
{ "type": "Feature", "properties": { "node_id": "-9687418.831_5079162.153", "x": -9687418.831, "y": 5079162.153, "degree": 2 }, "geometry": { "type": "Point", "coordinates": [ -87.023563995545672, 41.451462996625906 ] } },
{ "type": "Feature", "properties": { "node_id": "-10695855.951_5136002.021", "x": -10695855.951, "y": 5136002.021, "degree": 2 }, "geometry": { "type": "Point", "coordinates": [ -96.082508775240385, 41.833037708914006 ] } },
{ "type": "Feature", "properties": { "node_id": "-11920985.972_4162716.304", "x": -11920985.972, "y": 4162716.304, "degree": 2 }, "geometry": { "type": "Point", "coordinates": [ -107.088039004220093, 34.991427996232503 ] } },
{ "type": "Feature", "properties": { "node_id": "-10760019.863_3819900.505", "x": -10760019.863, "y": 3819900.505, "degree": 2 }, "geometry": { "type": "Point", "coordinates": [ -96.658903003625397, 32.430094001029737 ] } },
{ "type": "Feature", "properties": { "node_id": "-9057960.656_4216455.645", "x": -9057960.656, "y": 4216455.645, "degree": 2 }, "geometry": { "type": "Point", "coordinates": [ -81.369045002380872, 35.385957000518808 ] } },
{ "type": "Feature", "properties": { "node_id": "-9283295.795_4856969.361", "x": -9283295.795, "y": 4856969.361, "degree": 2 }, "geometry": { "type": "Point", "coordinates": [ -83.393264996509842, 39.938224997259383 ] } },
{ "type": "Feature", "properties": { "node_id": "-13615895.016_6042897.397", "x": -13615895.016000001, "y": 6042897.397, "degree": 2 }, "geometry": { "type": "Point", "coordinates": [ -122.313665998396147, 47.614124999685039 ] } },
{ "type": "Feature", "properties": { "node_id": "-9180598.667_4979804.248", "x": -9180598.667, "y": 4979804.248, "degree": 2 }, "geometry": { "type": "Point", "coordinates": [ -82.470720999334034, 40.779038001546247 ] } },
{ "type": "Feature", "properties": { "node_id": "-12857698.855_4227955.305", "x": -12857698.855, "y": 4227955.305, "degree": 2 }, "geometry": { "type": "Point", "coordinates": [ -115.502674000525715, 35.470132996559691 ] } },
{ "type": "Feature", "properties": { "node_id": "-9103794.230_3243714.365", "x": -9103794.23, "y": 3243714.365, "degree": 2 }, "geometry": { "type": "Point", "coordinates": [ -81.7807750028811, 27.958275995715031 ] } },
{ "type": "Feature", "properties": { "node_id": "-10103610.348_5135438.978", "x": -10103610.348, "y": 5135438.978, "degree": 2 }, "geometry": { "type": "Point", "coordinates": [ -90.762276003965567, 41.829268998474369 ] } },
{ "type": "Feature", "properties": { "node_id": "-9656282.325_3965823.426", "x": -9656282.325, "y": 3965823.426, "degree": 2 }, "geometry": { "type": "Point", "coordinates": [ -86.743860003206876, 33.529683001600915 ] } },
{ "type": "Feature", "properties": { "node_id": "-13731851.520_5344621.924", "x": -13731851.52, "y": 5344621.924, "degree": 2 }, "geometry": { "type": "Point", "coordinates": [ -123.35532099675882, 43.214131998024087 ] } },
{ "type": "Feature", "properties": { "node_id": "-11934462.977_3961791.201", "x": -11934462.977, "y": 3961791.201, "degree": 2 }, "geometry": { "type": "Point", "coordinates": [ -107.209104999976631, 33.49948300152068 ] } },
{ "type": "Feature", "properties": { "node_id": "-13272601.069_4200937.384", "x": -13272601.069, "y": 4200937.384, "degree": 2 }, "geometry": { "type": "Point", "coordinates": [ -119.229804003037998, 35.272225998487883 ] } },
{ "type": "Feature", "properties": { "node_id": "-8796973.111_4004568.584", "x": -8796973.111, "y": 4004568.584, "degree": 2 }, "geometry": { "type": "Point", "coordinates": [ -79.02455399599755, 33.819333002147324 ] } },
{ "type": "Feature", "properties": { "node_id": "-9322364.039_3825200.941", "x": -9322364.039000001, "y": 3825200.941, "degree": 2 }, "geometry": { "type": "Point", "coordinates": [ -83.744221003598938, 32.470273996725254 ] } },
{ "type": "Feature", "properties": { "node_id": "-10489546.784_3613352.535", "x": -10489546.784, "y": 3613352.535, "degree": 2 }, "geometry": { "type": "Point", "coordinates": [ -94.229201995539725, 30.850527999021455 ] } },
{ "type": "Feature", "properties": { "node_id": "-8064229.261_5129723.639", "x": -8064229.261, "y": 5129723.639, "degree": 2 }, "geometry": { "type": "Point", "coordinates": [ -72.44220399800173, 41.791001001560112 ] } },
{ "type": "Feature", "properties": { "node_id": "-13139892.206_4037952.818", "x": -13139892.206, "y": 4037952.818, "degree": 2 }, "geometry": { "type": "Point", "coordinates": [ -118.037660003327744, 34.068121997824896 ] } },
{ "type": "Feature", "properties": { "node_id": "-9755331.068_5142375.064", "x": -9755331.068, "y": 5142375.064, "degree": 2 }, "geometry": { "type": "Point", "coordinates": [ -87.633630000304152, 41.875679999537667 ] } },
{ "type": "Feature", "properties": { "node_id": "-7952946.617_5133151.118", "x": -7952946.617, "y": 5133151.118, "degree": 2 }, "geometry": { "type": "Point", "coordinates": [ -71.442534998377411, 41.813952997699765 ] } },
{ "type": "Feature", "properties": { "node_id": "-13069350.269_3926445.756", "x": -13069350.269, "y": 3926445.756, "degree": 2 }, "geometry": { "type": "Point", "coordinates": [ -117.403971001542772, 33.234307002461748 ] } },
{ "type": "Feature", "properties": { "node_id": "-12063667.725_4098344.233", "x": -12063667.725, "y": 4098344.233, "degree": 2 }, "geometry": { "type": "Point", "coordinates": [ -108.369770999068749, 34.516323996459732 ] } },
{ "type": "Feature", "properties": { "node_id": "-11882859.714_4131720.116", "x": -11882859.714, "y": 4131720.116, "degree": 2 }, "geometry": { "type": "Point", "coordinates": [ -106.745545001343245, 34.762999000784561 ] } },
{ "type": "Feature", "properties": { "node_id": "-9723474.547_5073431.515", "x": -9723474.547, "y": 5073431.515, "degree": 2 }, "geometry": { "type": "Point", "coordinates": [ -87.347458003172392, 41.412867000712652 ] } },
{ "type": "Feature", "properties": { "node_id": "-10801030.186_3910008.101", "x": -10801030.186000001, "y": 3910008.101, "degree": 2 }, "geometry": { "type": "Point", "coordinates": [ -97.027305003201178, 33.110710001247703 ] } },
{ "type": "Feature", "properties": { "node_id": "-9674682.323_4725588.550", "x": -9674682.323000001, "y": 4725588.55, "degree": 2 }, "geometry": { "type": "Point", "coordinates": [ -86.909149997518568, 39.027340000246852 ] } },
{ "type": "Feature", "properties": { "node_id": "-12032744.618_4119472.722", "x": -12032744.618000001, "y": 4119472.722, "degree": 2 }, "geometry": { "type": "Point", "coordinates": [ -108.091984002563123, 34.672566000426762 ] } },
{ "type": "Feature", "properties": { "node_id": "-9001409.909_4274474.881", "x": -9001409.909, "y": 4274474.881, "degree": 2 }, "geometry": { "type": "Point", "coordinates": [ -80.861040998796099, 35.809750999376966 ] } },
{ "type": "Feature", "properties": { "node_id": "-11871943.168_4163023.266", "x": -11871943.168, "y": 4163023.266, "degree": 2 }, "geometry": { "type": "Point", "coordinates": [ -106.647480000127302, 34.99368700241542 ] } }
]
}
