{
"type": "FeatureCollection",
"name": "network_edges_method2_merged_tol500",
"crs": { "type": "name", "properties": { "name": "urn:ogc:def:crs:OGC:1.3:CRS84" } },
"features": [
{ "type": "Feature", "properties": { "edge_type": "augment", "region": "ContigUS" }, "geometry": { "type": "LineString", "coordinates": [ [ -115.180380997347797, 36.129917998449677 ], [ -115.160476998648107, 36.156534000943665 ], [ -115.157149998161813, 36.171508000198855 ], [ -115.10681900077698, 36.235952002068601 ], [ -115.06149000255715, 36.26916100150207 ], [ -114.947819998231466, 36.311828002551437 ], [ -114.91443758717736, 36.340228112984249 ], [ -114.859055425831954, 36.433533320967165 ], [ -114.818477985459083, 36.47323599404907 ], [ -114.75948400378347, 36.50312700164708 ], [ -114.650029002568743, 36.586974000476673 ], [ -114.571893000166867, 36.662262996486319 ], [ -114.521550998419755, 36.670624998648066 ], [ -114.48372457673932, 36.705347423696594 ], [ -114.43370400118404, 36.736168000066591 ], [ -114.354868732198682, 36.762333774320958 ], [ -114.262682997904761, 36.778601998567765 ], [ -114.172380213294801, 36.763694263240559 ], [ -114.107191997392164, 36.803005997122924 ], [ -114.070569003782097, 36.809595003681444 ], [ -113.991572999242948, 36.847368337883225 ], [ -113.928660000359343, 36.891806002890526 ], [ -113.752577807921028, 36.970537055244421 ], [ -113.682026712654292, 36.975256511462106 ], [ -113.622451997096917, 36.999971997041364 ], [ -113.584124001077583, 37.059715997158477 ], [ -113.578434997332721, 37.088142000918999 ] ] } },
{ "type": "Feature", "properties": { "edge_type": "augment", "region": "ContigUS" }, "geometry": { "type": "LineString", "coordinates": [ [ -111.658601997046347, 40.250608999768644 ], [ -111.658973001258701, 40.20896099808477 ], [ -111.646404995512086, 40.187768000784978 ], [ -111.647623003239488, 40.12989800156592 ], [ -111.689631001719164, 40.098340997965877 ], [ -111.759902999410286, 40.028056997806331 ], [ -111.769189001283209, 39.978802998825167 ], [ -111.810990998101914, 39.938618002317504 ], [ -111.827983583915227, 39.883016149057077 ], [ -111.839253003053429, 39.681092997372403 ], [ -111.901547008807356, 39.64021143156868 ], [ -111.975173001359011, 39.486329996644891 ], [ -112.037206998737105, 39.431550000527601 ], [ -112.074237638839946, 39.384233637295587 ], [ -112.097404004241227, 39.269977998967121 ], [ -112.233641000044258, 39.147827998154924 ], [ -112.352751004101179, 38.943342002764517 ], [ -112.462793027404601, 38.851036368959697 ], [ -112.560817999691494, 38.759512002680765 ], [ -112.599004403255748, 38.714277041678436 ], [ -112.590630002749975, 38.663632002349146 ], [ -112.609520001123272, 38.623671999586584 ], [ -112.603167995782982, 38.577329999931329 ], [ -112.612711230237508, 38.473548572019325 ], [ -112.649715001730229, 38.419898996495476 ], [ -112.660316810915546, 38.353044997376458 ], [ -112.641576570683299, 38.191376865077707 ], [ -112.611996000591446, 38.1473879997842 ], [ -112.684470002605906, 38.077281000397292 ], [ -112.780188002428474, 37.90480800147769 ], [ -112.832788000490567, 37.855111996385638 ], [ -112.939452996129575, 37.806633998732714 ], [ -113.002929220730024, 37.769886303303714 ], [ -113.063520999868913, 37.716747999463266 ], [ -113.0770070029875, 37.694898996274617 ], [ -113.086475003537004, 37.647195000201108 ], [ -113.158102999166317, 37.606616001485328 ], [ -113.210577996656625, 37.518830003217239 ], [ -113.238772996271123, 37.403164998918896 ], [ -113.306304000468387, 37.283625996124201 ], [ -113.442293995500918, 37.170276997640997 ], [ -113.551090998736328, 37.116318996884345 ], [ -113.565412003877825, 37.096257996195419 ] ] } },
{ "type": "Feature", "properties": { "edge_type": "augment", "region": "ContigUS" }, "geometry": { "type": "LineString", "coordinates": [ [ -94.723664004014211, 38.935164003527319 ], [ -94.77078700073848, 38.944621003266732 ], [ -94.791801002719012, 39.061545998568832 ], [ -94.81061200324622, 39.099242003019654 ], [ -94.820078000552613, 39.143037000679421 ], [ -94.820481002755386, 39.158262999918719 ], [ -94.802383004052345, 39.177189002926369 ], [ -94.77114499734553, 39.191539997852871 ], [ -94.755349003423262, 39.240471001031139 ], [ -94.757964996345308, 39.310626002175191 ], [ -94.7495750010862, 39.341823003559128 ], [ -94.741721003607694, 39.342221996814978 ], [ -94.764258000337733, 39.355524999804643 ], [ -94.789451998082555, 39.385458002905636 ], [ -94.788856001824144, 39.740812999401598 ], [ -94.805519004742877, 39.821267002039619 ], [ -94.805689001927277, 39.852910998490223 ], [ -94.904578997933811, 39.915864997288743 ], [ -94.971983995446209, 39.967106999692795 ], [ -95.018365998842071, 39.975268996322654 ], [ -95.210551004787959, 40.082821999723166 ], [ -95.238966001815513, 40.134839000332654 ], [ -95.291260976922899, 40.166516592638324 ], [ -95.357776004500167, 40.190787997588281 ], [ -95.458919002188779, 40.266119997166669 ], [ -95.536220002567745, 40.372092001432648 ], [ -95.591928000832979, 40.475123000388471 ], [ -95.615738548124483, 40.533650119398928 ], [ -95.652052997383947, 40.583949003152455 ], [ -95.737299641366761, 40.640262450382266 ], [ -95.813033000726577, 40.723607999193526 ], [ -95.815694996374333, 40.76206099853664 ], [ -95.799423003149286, 40.887373002399002 ], [ -95.804390003950871, 40.995739999156541 ], [ -95.806432000355812, 41.001694002224994 ], [ -95.87650200287213, 41.002564999159674 ], [ -95.919571998663841, 41.045676998442879 ], [ -95.927744996882865, 41.059089003478896 ], [ -95.937874004767892, 41.186830001216016 ], [ -95.955347000611994, 41.22965799789246 ], [ -95.951704996888225, 41.299607002170099 ], [ -95.964317002117454, 41.344500003560761 ], [ -95.9246619967941, 41.347045998331907 ], [ -95.900403001529597, 41.354403001597348 ], [ -95.9016069955386, 41.499692999442239 ], [ -95.91737000332364, 41.554911000154839 ], [ -95.94878735867691, 41.588470223654454 ], [ -96.012738001545216, 41.639507997986982 ], [ -96.03591619775878, 41.670751168676745 ], [ -96.055505004574727, 41.802009999545916 ], [ -96.103082000860454, 41.865423999942337 ], [ -96.103892739387533, 41.978024827748953 ], [ -96.226857001103554, 42.164810001684565 ], [ -96.242839000188525, 42.234033001445546 ], [ -96.358244998800743, 42.381612999484808 ], [ -96.375891998315396, 42.451413998125929 ], [ -96.392249996245724, 42.48473599672193 ], [ -96.413445996902794, 42.491660999729014 ], [ -96.471684001351065, 42.493780001187965 ], [ -96.489873996522377, 42.504744002021873 ], [ -96.505737004764839, 42.546581002228436 ], [ -96.518737001348427, 42.561491998904998 ], [ -96.69705899921729, 42.688887002046528 ], [ -96.735218956379555, 42.74144689089389 ], [ -96.793255001585692, 42.789837998063007 ], [ -96.797327999016488, 43.460949002819682 ], [ -96.79477999957831, 43.486659997199631 ], [ -96.780930996236549, 43.511301998297938 ], [ -96.779343996523011, 43.558780000504697 ], [ -96.770738001353863, 43.581165997116784 ], [ -96.771067000343521, 43.645341999210629 ], [ -96.781174996634036, 43.702842999206496 ], [ -96.780312003106872, 43.824184001388026 ], [ -96.757645002188895, 43.874981003182818 ], [ -96.758381998014286, 44.311448998718859 ], [ -96.788519999689385, 44.311509003353159 ], [ -96.787098954741452, 44.485688095612616 ], [ -96.784729998522522, 44.572748001195919 ], [ -96.762562002761754, 44.572766002250134 ], [ -96.7630500035567, 44.577708997355671 ], [ -96.783832608503175, 44.61815275286763 ], [ -96.879223998854741, 44.742718997277812 ], [ -97.045878004076997, 44.862066997461483 ], [ -97.056912998858621, 44.876659997584689 ], [ -97.056583478846122, 45.187001622232749 ], [ -97.045278998462365, 45.380661002040817 ], [ -97.016448997739872, 45.408408999705884 ], [ -96.989207550816346, 45.454763792940142 ], [ -96.988024002463192, 45.654137002184022 ], [ -96.960103132740841, 45.706675953495875 ], [ -96.876501672352532, 45.812138833605289 ], [ -96.865007997786819, 45.843123001380249 ], [ -96.865052832702631, 45.897880572790456 ], [ -96.839332997123108, 45.942263999014173 ], [ -96.835852995577667, 45.96050900200558 ], [ -96.833941003360636, 46.51478000312845 ], [ -96.822652000949248, 46.54781099931219 ], [ -96.823804997599538, 46.614220002497895 ], [ -96.831496004752921, 46.630210001613648 ], [ -96.830192001303317, 46.716882999833601 ], [ -96.839677995107962, 46.742117997054514 ], [ -96.841607998546451, 46.868739003062096 ], [ -96.839232996665686, 46.890568999111643 ], [ -96.800040003876092, 46.89040099809035 ] ] } },
{ "type": "Feature", "properties": { "edge_type": "augment", "region": "ContigUS" }, "geometry": { "type": "LineString", "coordinates": [ [ -93.618275997627151, 41.702997002939988 ], [ -93.600562998888577, 41.702860001921771 ], [ -93.59678700245702, 41.526284002563038 ], [ -93.571917000085719, 41.50615299853439 ], [ -93.559159997786452, 41.472115998624176 ], [ -93.563352004026115, 41.285374998337019 ], [ -93.582365430919424, 41.246165097720407 ], [ -93.592624667571187, 41.200045135925201 ], [ -93.700139900660275, 41.104281942897252 ], [ -93.750657999152509, 41.076961997069894 ], [ -93.76470800053913, 41.059706000122212 ], [ -93.765665002760755, 41.030615998558524 ], [ -93.794412996280982, 41.026743997253931 ], [ -93.797293004065011, 40.89915899744004 ], [ -93.802731997683168, 40.866858999107279 ], [ -93.828729996590425, 40.808434002731126 ], [ -93.849956360304091, 40.673381212504587 ], [ -93.941762996564961, 40.571295000717598 ], [ -93.961583353128518, 40.521401347302643 ], [ -94.011605132426297, 40.327598094786083 ], [ -94.013886996978414, 40.206700997164219 ], [ -94.031546995115221, 40.157238002119676 ], [ -94.093460995537626, 40.078843001893752 ], [ -94.095669997737048, 39.993640002248121 ], [ -94.114630001820416, 39.947485999806105 ], [ -94.150488996247674, 39.901810002192043 ], [ -94.175698004840882, 39.856408999937166 ], [ -94.219873997427257, 39.75635300120269 ], [ -94.220793998042339, 39.729415002059213 ], [ -94.251098807882542, 39.609795251299971 ], [ -94.293250653588657, 39.50385261946164 ], [ -94.419703001687708, 39.280735000023434 ], [ -94.446705999802219, 39.265018996997902 ], [ -94.475526002275629, 39.216301998868516 ], [ -94.536943997913937, 39.174253997817949 ], [ -94.558994997092142, 39.166850999513969 ], [ -94.559977996558061, 39.14746799757031 ], [ -94.567638002850998, 39.137701996290225 ], [ -94.564965002841035, 39.112004998842629 ], [ -94.572875001294349, 39.096246997134351 ], [ -94.591471996171407, 39.096181999809438 ], [ -94.595965000913324, 39.077145001088212 ], [ -94.617772996824002, 39.072787996616782 ], [ -94.640818996960348, 39.049303998614363 ], [ -94.686061999458019, 39.034551000333806 ], [ -94.69637100277653, 38.99492600226683 ], [ -94.723715001372895, 38.971090001721436 ], [ -94.723664004014211, 38.935164003527319 ] ] } },
{ "type": "Feature", "properties": { "edge_type": "augment", "region": "ContigUS" }, "geometry": { "type": "LineString", "coordinates": [ [ -94.723561003183718, 38.927452997170484 ], [ -94.723664004014211, 38.935164003527319 ] ] } },
{ "type": "Feature", "properties": { "edge_type": "augment", "region": "ContigUS" }, "geometry": { "type": "LineString", "coordinates": [ [ -91.186492003010116, 30.411198002087737 ], [ -91.187300001675553, 30.438973002768012 ], [ -91.179316997139111, 30.439434998564394 ], [ -91.18037199657509, 30.451800997100452 ], [ -91.167485996201052, 30.458370000919487 ], [ -91.171938998963313, 30.50854199928942 ], [ -91.180721001046095, 30.523344003139737 ], [ -91.150451000923155, 30.647824001041084 ], [ -91.105464683034782, 30.944449947317047 ], [ -91.099654002484669, 30.999094003103011 ], [ -91.10368500367592, 31.025523003305867 ], [ -91.07168200065631, 31.076729001157386 ], [ -91.041537998235128, 31.094134000965397 ], [ -90.860568997600595, 31.120953997513556 ], [ -90.811720004838875, 31.158097001267194 ], [ -90.743370806097673, 31.175019850750409 ], [ -90.615253098242832, 31.198880236499885 ], [ -90.549398997152721, 31.203445996131173 ], [ -90.482947004358977, 31.221120999413351 ], [ -90.479574998276959, 31.564187997922897 ], [ -90.465752001162684, 31.605373002325557 ], [ -90.450753998673591, 31.699248996842613 ], [ -90.396083967786552, 31.938224731475344 ], [ -90.358944999843573, 32.020083001771589 ], [ -90.319560001145149, 32.068215003996592 ], [ -90.25097099713885, 32.194177998634792 ], [ -90.22608699901545, 32.221322996821449 ], [ -90.210320999840505, 32.270330003608308 ], [ -90.172932003804505, 32.280591999145734 ], [ -90.157705999913176, 32.278226001164754 ], [ -90.143261997442949, 32.298235996697841 ], [ -90.091164004911093, 32.32927699912215 ], [ -90.092762997133676, 32.338097996963938 ], [ -90.064162003926555, 32.339610997468355 ], [ -89.96577899910001, 32.378913000581107 ], [ -89.908369995928538, 32.467150999917976 ], [ -89.859245004778913, 32.518812997314853 ], [ -89.77507700389036, 32.550788001500976 ], [ -89.720056998351779, 32.587881998377753 ], [ -89.648354002379378, 32.663355998467047 ], [ -89.608590426670773, 32.737512842510426 ], [ -89.575282997993369, 32.762713996009232 ], [ -89.517550996578336, 32.78059900165433 ], [ -89.481138154845823, 32.816487031180799 ], [ -89.453441998691773, 32.857641000629911 ], [ -89.383554003835172, 32.884907996489787 ], [ -89.308910004470931, 32.946148002893743 ], [ -89.195059070463913, 33.007561499515937 ], [ -89.151029000212318, 33.05308299791956 ], [ -89.088235998284347, 33.096104996871553 ], [ -89.08022599937361, 33.110266998835463 ], [ -89.086076996313651, 33.124446000465404 ], [ -89.055394004721961, 33.123516000047601 ] ] } },
{ "type": "Feature", "properties": { "edge_type": "augment", "region": "ContigUS" }, "geometry": { "type": "LineString", "coordinates": [ [ -90.071759002385392, 29.983184999219159 ], [ -90.065687999049132, 29.990805002050639 ], [ -90.049915001998144, 29.991827997320765 ], [ -90.035955999949834, 30.002677999382435 ], [ -90.014193997781689, 30.008191998525898 ], [ -90.012142003127622, 30.025405999076447 ], [ -89.975762003801876, 30.037107002609812 ], [ -89.934169000034032, 30.063473996708975 ], [ -89.763250000455315, 30.24771200315249 ], [ -89.74026900241293, 30.305860000502886 ] ] } },
{ "type": "Feature", "properties": { "edge_type": "augment", "region": "ContigUS" }, "geometry": { "type": "LineString", "coordinates": [ [ -89.74026900241293, 30.305860000502886 ], [ -89.737534997812006, 30.38106699741304 ], [ -89.687870002395655, 30.469779998135859 ], [ -89.685879003349356, 30.503559001778388 ], [ -89.63744799668936, 30.665449997354141 ], [ -89.595881996278962, 30.723824002183818 ], [ -89.579997428469653, 30.782535117954602 ], [ -89.54366500392139, 30.833935998766467 ], [ -89.542470999178349, 30.863825999073654 ], [ -89.518092842391411, 30.930679990143386 ], [ -89.455824995578553, 30.993686997702564 ], [ -89.421125986694534, 31.071705130416547 ], [ -89.405346000750626, 31.143170001189922 ], [ -89.337406002587642, 31.260335001187368 ], [ -89.352678000221545, 31.291697001308702 ], [ -89.352115996213485, 31.346641002811797 ], [ -89.323619000966801, 31.381680996364729 ], [ -89.322201001307647, 31.459172999298058 ], [ -89.31058600027967, 31.499236000087318 ], [ -89.285461002131825, 31.5213109963357 ], [ -89.238634997423617, 31.585817999765247 ], [ -89.178069997063332, 31.635481001588136 ], [ -89.15517600085623, 31.67984099805064 ], [ -89.146744997504413, 31.684264998584421 ], [ -89.149076997032523, 31.746681997866435 ], [ -89.195559998015781, 31.793240003986629 ], [ -89.200849997060914, 31.809147996409894 ], [ -89.249310998468289, 31.844163003127214 ], [ -89.297964445958968, 31.91906412155743 ], [ -89.288438998147043, 31.978309000089844 ], [ -89.259680997394554, 32.078177003306557 ], [ -89.230520003422441, 32.125213000951348 ], [ -89.190557226299617, 32.161615953827322 ], [ -89.160000995977683, 32.202024002178362 ], [ -89.151818996639463, 32.299822997764267 ], [ -89.118091704381442, 32.387424354318988 ], [ -89.107537999979556, 32.43516399818413 ], [ -89.115887813596004, 32.49513103297582 ], [ -89.111694998872565, 32.548371998322231 ], [ -89.102114996373473, 32.560230003954075 ], [ -89.105660997142849, 32.576849001301234 ], [ -89.129591002400844, 32.613266997588795 ], [ -89.156133003077841, 32.728075995919447 ], [ -89.133479997912033, 32.785212001346174 ], [ -89.118774001789163, 32.809307999043284 ], [ -89.103881003373658, 32.81464200315903 ], [ -89.096469003964401, 32.946214997527399 ], [ -89.064206998682067, 32.992444002168213 ], [ -89.060042220378676, 33.032412452257965 ], [ -89.064957002112777, 33.072340002964417 ], [ -89.055394004721961, 33.123516000047601 ] ] } },
{ "type": "Feature", "properties": { "edge_type": "augment", "region": "ContigUS" }, "geometry": { "type": "LineString", "coordinates": [ [ -89.74026900241293, 30.305860000502886 ], [ -89.649541000263198, 30.301593998092617 ], [ -89.428683998270088, 30.356675998788099 ], [ -89.287787998043811, 30.402385997079346 ], [ -89.248765999568562, 30.403265999915117 ], [ -89.12987900228093, 30.424235000854978 ], [ -88.977464003981041, 30.460265000027185 ], [ -88.934274999380534, 30.449377000818899 ], [ -88.780177995542658, 30.458546001796773 ], [ -88.707050002035047, 30.437721999389954 ], [ -88.657443998983396, 30.434783000358053 ], [ -88.548780997438925, 30.438577999311953 ], [ -88.426191000819699, 30.463542996242158 ], [ -88.239597998534279, 30.537291003462119 ], [ -88.166881002235485, 30.582814002571848 ], [ -88.13730999920142, 30.616915997101177 ], [ -88.057956995185208, 30.661145998891033 ], [ -88.044468000676716, 30.674535001315288 ], [ -88.041216997663469, 30.688293001034587 ], [ -88.029225997790149, 30.691820002966377 ], [ -87.950078995434907, 30.661468999186116 ], [ -87.91181699863948, 30.655755003251311 ], [ -87.91082100055138, 30.631244998005297 ], [ -87.898179000574814, 30.60388399993775 ] ] } },
{ "type": "Feature", "properties": { "edge_type": "augment", "region": "ContigUS" }, "geometry": { "type": "LineString", "coordinates": [ [ -89.055394004721961, 33.123516000047601 ], [ -89.024185004615688, 33.156389996484414 ], [ -88.950352219885616, 33.258921024612377 ], [ -88.900383998145102, 33.286139997084319 ], [ -88.908968002556094, 33.313959001026006 ], [ -88.871302999149066, 33.376060998288537 ], [ -88.846397001284316, 33.40312000266163 ], [ -88.822048003811517, 33.453943996956575 ], [ -88.798611002964606, 33.458579000791026 ] ] } },
{ "type": "Feature", "properties": { "edge_type": "augment", "region": "ContigUS" }, "geometry": { "type": "LineString", "coordinates": [ [ -87.520355003175226, 38.681938002114613 ], [ -87.493362003309812, 38.694916001257496 ], [ -87.481873997113539, 38.676406001975771 ], [ -87.45252200334572, 38.674066000503721 ], [ -87.412822998539767, 38.679644002632458 ], [ -87.36850299703022, 38.674940998424553 ], [ -87.267979001454449, 38.645488998894258 ], [ -87.120197001350348, 38.656375001643504 ], [ -87.061955996528994, 38.655360001100512 ], [ -87.050871998648617, 38.662441001186885 ], [ -86.933143998757387, 38.664472996673823 ], [ -86.883198001337007, 38.684529998050074 ], [ -86.822852001259861, 38.683479998283381 ], [ -86.798031999117271, 38.676921002563674 ], [ -86.772300997478737, 38.632611999668079 ], [ -86.711193001461851, 38.616935999206653 ], [ -86.682476996948878, 38.595056003815642 ], [ -86.658547000674048, 38.587626999750761 ], [ -86.646303996414076, 38.592597003393273 ], [ -86.614342998617133, 38.578506003424714 ], [ -86.593043997129556, 38.582803001896487 ], [ -86.561214997780468, 38.573502001848155 ], [ -86.508510004627993, 38.569528996482937 ], [ -86.485894001068672, 38.557979998973863 ], [ -86.468012002275685, 38.556157998594863 ] ] } },
{ "type": "Feature", "properties": { "edge_type": "augment", "region": "ContigUS" }, "geometry": { "type": "LineString", "coordinates": [ [ -86.52691299933629, 39.164307002862159 ], [ -86.533620998040547, 39.164599998080909 ], [ -86.531495997303352, 39.107239997115748 ], [ -86.542578998053784, 39.085480000430685 ], [ -86.536130998742223, 39.07090100018555 ], [ -86.537231003773911, 38.991800000048826 ], [ -86.55220200290556, 38.954569996749164 ], [ -86.544932000193242, 38.909814002143406 ], [ -86.531829999909149, 38.901065996560192 ], [ -86.505650002325311, 38.828769000672125 ], [ -86.518345002903658, 38.81739799634493 ], [ -86.493712003053744, 38.738432997155073 ], [ -86.466003000991165, 38.710075997946213 ], [ -86.455530001234379, 38.687503000625213 ], [ -86.454446004181051, 38.590643997325905 ], [ -86.468012002275685, 38.556157998594863 ] ] } },
{ "type": "Feature", "properties": { "edge_type": "augment", "region": "ContigUS" }, "geometry": { "type": "LineString", "coordinates": [ [ -86.468012002275685, 38.556157998594863 ], [ -86.393186004234906, 38.518021002705048 ], [ -86.365853001017612, 38.511338001841111 ], [ -86.262003999215509, 38.451178003318269 ], [ -86.220588996621188, 38.443696000285193 ], [ -85.965006000352972, 38.367328997644442 ], [ -85.941552003380878, 38.351599999897587 ], [ -85.899458997325894, 38.335152997111216 ], [ -85.890237997546919, 38.303140997125695 ], [ -85.849256000885859, 38.30039200073093 ], [ -85.817048999448375, 38.275056002433722 ], [ -85.790716997935306, 38.275306996468714 ], [ -85.765642997146159, 38.258893999715291 ], [ -85.727850001777412, 38.261008001584727 ], [ -85.697406995113909, 38.244506999193298 ], [ -85.654098002540849, 38.235238001624211 ], [ -85.623236003662512, 38.237657997589089 ], [ -85.573236996657201, 38.222553002169541 ], [ -85.412463003958678, 38.217488002718291 ], [ -85.233426001022593, 38.184962002788929 ], [ -85.198933999912654, 38.184255998121351 ], [ -85.135794931004654, 38.164647225815607 ], [ -84.99627099957705, 38.144134000060518 ], [ -84.915974998074461, 38.157578997844226 ], [ -84.880148001637636, 38.15718700321414 ], [ -84.826714995812594, 38.173284999654889 ], [ -84.783463998474275, 38.172935003020001 ], [ -84.733880848563459, 38.16267387458069 ], [ -84.683043003728997, 38.160087000180582 ], [ -84.618697003321017, 38.128981001962686 ], [ -84.505730999700361, 38.05410800070436 ] ] } },
{ "type": "Feature", "properties": { "edge_type": "augment", "region": "ContigUS" }, "geometry": { "type": "LineString", "coordinates": [ [ -84.505730999700361, 38.05410800070436 ], [ -84.497978996939224, 38.045719997775301 ], [ -84.506322001325785, 38.039632996950658 ] ] } },
{ "type": "Feature", "properties": { "edge_type": "augment", "region": "ContigUS" }, "geometry": { "type": "LineString", "coordinates": [ [ -84.201690999527784, 39.757879000184239 ], [ -84.217650998871477, 39.707626003601121 ], [ -84.226621000376895, 39.622181002012496 ], [ -84.238135003817519, 39.596392000783247 ], [ -84.253060997353401, 39.577349000359931 ], [ -84.310777996903212, 39.530507996821875 ], [ -84.322441003899996, 39.508801998200319 ], [ -84.327691000965515, 39.455722997499116 ], [ -84.363363002083219, 39.391153999491955 ], [ -84.3735239989755, 39.354483000580274 ], [ -84.423822001239969, 39.322319002369149 ], [ -84.439832000812345, 39.299886000676814 ], [ -84.448492002696412, 39.219738003287766 ], [ -84.511215996044228, 39.14968599685897 ], [ -84.514473996933532, 39.107167997467165 ], [ -84.522391002246067, 39.094523003508364 ], [ -84.519421001236864, 39.076008001771051 ], [ -84.535418999317073, 39.059769999869616 ], [ -84.604647001934424, 39.032456998129845 ], [ -84.647118001094682, 39.001459000236146 ], [ -84.63594199776287, 38.967288999828426 ], [ -84.622448996768199, 38.85506799617901 ], [ -84.608138995988895, 38.83502900215484 ], [ -84.601743000149142, 38.67893399620668 ], [ -84.572915002669745, 38.625424002073927 ], [ -84.595784474869589, 38.558595086658364 ], [ -84.579470997444744, 38.47405199713581 ], [ -84.55852000329827, 38.281684997517857 ], [ -84.52467500478852, 38.193567998884852 ], [ -84.534532002805506, 38.160692996980707 ], [ -84.527046000183176, 38.121506000684519 ], [ -84.4854100030458, 38.099792996944501 ], [ -84.505730999700361, 38.05410800070436 ] ] } },
{ "type": "Feature", "properties": { "edge_type": "augment", "region": "ContigUS" }, "geometry": { "type": "LineString", "coordinates": [ [ -84.476337000709862, 42.733056000517649 ], [ -84.365098996369781, 42.709949002402645 ], [ -84.312993996978676, 42.69145900128418 ], [ -84.283186997536333, 42.689230999231562 ], [ -84.198680996538982, 42.669344997234198 ], [ -84.028442677400463, 42.656156743507033 ], [ -83.976620997666856, 42.622372001176124 ], [ -83.858739996716452, 42.581249001251102 ], [ -83.8143879972165, 42.552978998287628 ], [ -83.793819002661408, 42.550298002321803 ], [ -83.772323000632028, 42.539279001052158 ], [ -83.753352001169603, 42.522517002500869 ], [ -83.758076995833619, 42.509050002665241 ], [ -83.752450999922786, 42.446916000134287 ], [ -83.768147999500712, 42.422531002083488 ], [ -83.739493996708688, 42.32021999951246 ], [ -83.748735001969038, 42.27680800178662 ], [ -83.729852998601757, 42.260788997243154 ], [ -83.602118000007451, 42.241140998409776 ], [ -83.475832999062646, 42.274831996820595 ], [ -83.339024001002443, 42.286863996854862 ], [ -83.219154004248878, 42.309642001706251 ], [ -83.149754001204087, 42.329659999110213 ], [ -83.061890995989984, 42.331549001832514 ], [ -83.055676001696781, 42.327140997050378 ] ] } },
{ "type": "Feature", "properties": { "edge_type": "augment", "region": "ContigUS" }, "geometry": { "type": "LineString", "coordinates": [ [ -83.046953998091851, 42.330935998289988 ], [ -83.055676001696781, 42.327140997050378 ] ] } },
{ "type": "Feature", "properties": { "edge_type": "augment", "region": "ContigUS" }, "geometry": { "type": "LineString", "coordinates": [ [ -83.055676001696781, 42.327140997050378 ], [ -83.090124003324135, 42.312325000813054 ], [ -83.08700000412577, 42.307581001010817 ], [ -83.13110699711514, 42.277844999408394 ], [ -83.148881997574605, 42.232962000123266 ], [ -83.148834000588977, 42.204265000628439 ], [ -83.169708000132488, 42.170740998366497 ], [ -83.177974998062865, 42.140856998756519 ], [ -83.189514001617837, 42.141307999195753 ], [ -83.353275997563827, 41.96059800227453 ], [ -83.369128998574041, 41.905464000220533 ], [ -83.475404996745553, 41.777222999915139 ], [ -83.488872997625876, 41.732009998215823 ], [ -83.501351998294126, 41.721328998285763 ], [ -83.501833001212987, 41.700587997307302 ], [ -83.51532699933766, 41.687557001796236 ], [ -83.513983002891635, 41.664157998216254 ], [ -83.479316998111159, 41.629508998643459 ], [ -83.476884000995639, 41.610307000120528 ], [ -83.336573998778633, 41.515756996521453 ], [ -83.296403998286038, 41.478855998306877 ], [ -83.299673003537549, 41.465308002455579 ], [ -83.097379004171188, 41.397036997527351 ], [ -82.878766002740974, 41.354263001455017 ], [ -82.670996259678191, 41.333263367793528 ], [ -82.614906998440048, 41.322798996907707 ], [ -82.36038500235388, 41.338116002623771 ], [ -82.284267002355691, 41.360304001450849 ], [ -82.250398000861608, 41.376895997291484 ], [ -82.164896001776142, 41.389122002132837 ], [ -82.125899003415256, 41.391784996465837 ], [ -82.105242998041774, 41.385053999496741 ], [ -82.07754800071443, 41.386555998457631 ], [ -82.06472499919127, 41.379530002744303 ], [ -81.994935998678983, 41.379220997985186 ], [ -81.853000000881948, 41.44645599901132 ], [ -81.790266997431829, 41.455054999020589 ], [ -81.725065998502728, 41.474097000885898 ], [ -81.693027997119643, 41.474196002295166 ] ] } },
{ "type": "Feature", "properties": { "edge_type": "augment", "region": "ContigUS" }, "geometry": { "type": "LineString", "coordinates": [ [ -83.047015999812757, 42.331643003548294 ], [ -83.046953998091851, 42.330935998289988 ] ] } },
{ "type": "Feature", "properties": { "edge_type": "augment", "region": "ContigUS" }, "geometry": { "type": "LineString", "coordinates": [ [ -83.04170020011702, 42.328714885943896 ], [ -83.043033004590271, 42.331396002201153 ], [ -83.046953998091851, 42.330935998289988 ] ] } },
{ "type": "Feature", "properties": { "edge_type": "augment", "region": "ContigUS" }, "geometry": { "type": "LineString", "coordinates": [ [ -83.04170020011702, 42.328714885943896 ], [ -83.04196700079207, 42.32889399800505 ], [ -83.042515997194783, 42.328159998390397 ], [ -83.04170020011702, 42.328714885943896 ] ] } },
{ "type": "Feature", "properties": { "edge_type": "augment", "region": "ContigUS" }, "geometry": { "type": "LineString", "coordinates": [ [ -78.754310000219078, 42.903774000724177 ], [ -78.874589997051487, 42.885805002521394 ], [ -78.892185002077483, 42.901313998452089 ], [ -78.897792995750038, 42.898455003013204 ], [ -78.90121699632067, 42.906287998003833 ], [ -78.917053998335646, 42.90821900276719 ], [ -79.094238998549386, 42.901695002700123 ], [ -79.13251100257709, 42.892131998767276 ], [ -79.182309002554419, 42.89246500276073 ], [ -79.244808003856164, 42.901427997275668 ], [ -79.275326001879634, 42.891500998719998 ], [ -79.364693999604967, 42.890912002039435 ], [ -79.378463996117503, 42.944453997378893 ], [ -79.48079900428921, 42.942526002283429 ], [ -79.523171997251936, 42.936848998257709 ], [ -79.565401996387777, 42.924346999919685 ], [ -79.600524003972808, 42.903071000663203 ], [ -79.619020998392415, 42.904132999067208 ], [ -79.625940002373767, 42.893715999207565 ], [ -79.764686998878489, 42.89453199871356 ], [ -79.808270256090879, 42.884241500013907 ], [ -79.850544003181056, 42.889779997453097 ], [ -79.952782002285232, 42.926529997249474 ], [ -79.962585002570449, 42.914101997546915 ], [ -80.004208001085672, 42.900153000160451 ], [ -80.114083000628312, 42.884477998956378 ], [ -80.143773003488093, 42.871583001425044 ], [ -80.44706600060303, 42.822876002211473 ], [ -80.485312995533207, 42.832636000422319 ], [ -80.494231999679954, 42.855509001970695 ], [ -80.629734002900662, 42.844018002524791 ], [ -80.689800995233725, 42.85306700257734 ], [ -80.722092995263424, 42.849296000585376 ], [ -80.755634003880985, 42.838295997759062 ], [ -80.867729998132106, 42.771534001269821 ], [ -80.932998999528195, 42.763863997724023 ], [ -80.982972000306049, 42.773040997365811 ], [ -81.146710002250828, 42.778297000120936 ], [ -81.146528003574247, 42.789328998671849 ], [ -81.175052002178376, 42.788740002881582 ], [ -81.228679996319016, 42.808816999532709 ], [ -81.298460004695315, 42.784188998235813 ], [ -81.424949165754711, 42.662703040578144 ], [ -81.562469000699252, 42.567856002293915 ], [ -81.624342002012099, 42.617092999465072 ], [ -81.661136151633258, 42.593224214583863 ], [ -81.706385002163458, 42.585420999853163 ], [ -81.745595961258715, 42.558223922648558 ], [ -81.792924995576556, 42.541205002194708 ], [ -81.86721499583679, 42.492945001106875 ], [ -81.910942001460967, 42.482294001628397 ], [ -82.046492864049995, 42.393980952285311 ], [ -82.141314003859222, 42.367955998980783 ], [ -82.245192937526596, 42.324432667424041 ], [ -82.31273899748804, 42.308600000257123 ], [ -82.374792003217522, 42.279188998546921 ], [ -82.506628996860016, 42.257994997350508 ], [ -82.55213400199348, 42.242331998730229 ], [ -82.637166002522278, 42.233135997587517 ], [ -82.9304059982084, 42.24216399860633 ], [ -82.996832002740973, 42.250868997535122 ], [ -83.04170020011702, 42.328714885943896 ] ] } },
{ "type": "Feature", "properties": { "edge_type": "augment", "region": "ContigUS" }, "geometry": { "type": "LineString", "coordinates": [ [ -81.795599998829601, 26.147701000940319 ], [ -81.794775004038982, 26.141865999660467 ], [ -81.766547000320955, 26.127065999848213 ], [ -81.716986002865013, 26.07463499922083 ], [ -81.592579001886932, 25.994462003020569 ], [ -81.518689677192896, 25.961682334371989 ], [ -81.444838342252211, 25.932461049006434 ], [ -81.348938999523227, 25.905456998111255 ], [ -81.304437493410504, 25.901536496781752 ], [ -81.228171999025818, 25.876692002374099 ], [ -80.951938998130217, 25.84863900249297 ], [ -80.908070121573189, 25.835444689166263 ], [ -80.827665998843017, 25.762143999441935 ], [ -80.372391997508302, 25.761229001136751 ] ] } },
{ "type": "Feature", "properties": { "edge_type": "augment", "region": "ContigUS" }, "geometry": { "type": "LineString", "coordinates": [ [ -81.693027997119643, 41.474196002295166 ], [ -81.672861995784174, 41.482376002156926 ] ] } },
{ "type": "Feature", "properties": { "edge_type": "augment", "region": "ContigUS" }, "geometry": { "type": "LineString", "coordinates": [ [ -79.954775004574586, 40.444417002621002 ], [ -79.966245996679376, 40.436590997554568 ], [ -79.98677100073499, 40.435068998374426 ], [ -80.028656001885935, 40.444560001528579 ], [ -80.055355001125164, 40.443927001570991 ], [ -80.068682999568438, 40.438210001748864 ], [ -80.133863004869355, 40.452053000282291 ], [ -80.19176500346876, 40.438765003546493 ], [ -80.242007004758406, 40.439042998413022 ], [ -80.260263996283612, 40.430629999724047 ], [ -80.34645600032195, 40.418812000945323 ], [ -80.424570002982506, 40.426979999782866 ], [ -80.48561500014857, 40.404628996956546 ], [ -80.562679995136122, 40.391894002432196 ], [ -80.585051998297928, 40.398781999583797 ], [ -80.613660995494257, 40.373565000877271 ], [ -80.629985998304178, 40.376044003657007 ], [ -80.633552004554915, 40.36908799757812 ], [ -80.669107997236836, 40.377837996699526 ], [ -80.683317997558703, 40.372282000131129 ], [ -80.729290000875736, 40.374548002315677 ], [ -80.810741002271712, 40.351484003559989 ], [ -80.834100002402494, 40.338044996925923 ], [ -80.878077000187105, 40.327367003103554 ], [ -80.935227001095882, 40.323174000773641 ], [ -81.010870996051267, 40.279679998972071 ], [ -81.030763002241883, 40.259717997612988 ], [ -81.079594998878463, 40.23850700023862 ], [ -81.094900997745853, 40.217123999552506 ], [ -81.132400001471538, 40.211175996443068 ], [ -81.195995998448794, 40.189299001154055 ], [ -81.211885003935592, 40.193027997883505 ], [ -81.243404003663287, 40.177953002244621 ], [ -81.245661999978267, 40.168390000766806 ], [ -81.292314998145912, 40.15602099792347 ], [ -81.358704001071942, 40.120518999947151 ], [ -81.417285000262041, 40.103574001490699 ], [ -81.488028999752871, 40.069695998951985 ], [ -81.537623998442299, 40.065501999184129 ], [ -81.565984997738127, 40.04803900218365 ], [ -81.583716995844966, 40.024606000767612 ], [ -81.606320997912064, 40.024489999857728 ], [ -81.620815000610975, 40.013113000428412 ], [ -81.769587995187067, 39.988781000649837 ], [ -81.790870997679392, 39.980213997633641 ], [ -81.900817997192107, 39.967192997777097 ], [ -81.993374996209752, 39.94356300312117 ], [ -82.17043999946786, 39.955981001864096 ], [ -82.251439004545446, 39.946489998338684 ], [ -82.488668000220954, 39.961789999860528 ], [ -82.844384997467557, 39.954628998410392 ], [ -82.982660001155693, 39.95807299757935 ], [ -82.983317002005023, 39.968641000351063 ], [ -82.990644002822108, 39.96743499805018 ], [ -82.989185004053397, 39.98644399982598 ], [ -82.928780999758345, 40.071572997711215 ], [ -82.924934997616688, 40.105755001088305 ], [ -82.932514002820426, 40.133384002457625 ], [ -82.920441004727962, 40.152727001323804 ], [ -82.904510003001633, 40.20818199637575 ], [ -82.85850199520803, 40.24941399953525 ], [ -82.820875996650614, 40.417175000681745 ], [ -82.804332999670677, 40.440136000729403 ], [ -82.704355997254552, 40.503837998904253 ], [ -82.585678002000932, 40.6009689973504 ], [ -82.55024300340466, 40.640039999030272 ], [ -82.519917999436828, 40.688971000324713 ], [ -82.424431001389578, 40.766476997209665 ], [ -82.405873999508955, 40.7899590033295 ], [ -82.271341997132026, 40.846378997221279 ], [ -82.243223003973739, 40.866181997742807 ], [ -82.211539998824605, 40.875474999038772 ], [ -82.077595997700058, 40.949084001759971 ], [ -82.029906002334755, 40.990518002732934 ], [ -81.996371003446427, 40.997426997679625 ], [ -81.995908999895818, 41.024274000831596 ], [ -82.011098002180574, 41.034852997399902 ], [ -81.939152002940659, 41.090497999783658 ], [ -81.933318999255775, 41.107521000894913 ], [ -81.864051003641961, 41.134252000772001 ], [ -81.860741996410823, 41.170730000012874 ], [ -81.841738998957936, 41.200575996590452 ], [ -81.836244004364985, 41.333356000621464 ], [ -81.800661996472456, 41.371499999439408 ], [ -81.764131996460591, 41.388715003049278 ], [ -81.715112997531335, 41.429923003700218 ], [ -81.69475299602712, 41.460283001473741 ], [ -81.693027997119643, 41.474196002295166 ] ] } },
{ "type": "Feature", "properties": { "edge_type": "augment", "region": "ContigUS" }, "geometry": { "type": "LineString", "coordinates": [ [ -80.844206004433076, 35.22641400200304 ], [ -80.84823100487823, 35.229766997418771 ], [ -80.835932996773437, 35.239496001940182 ], [ -80.772991997402428, 35.262221997183318 ], [ -80.756621000849947, 35.290762999945223 ], [ -80.718567997105367, 35.309032000406994 ], [ -80.648464002338713, 35.322202998931921 ], [ -80.577999001608816, 35.367409000925669 ], [ -80.499690001649512, 35.386266001172778 ], [ -80.324515996980267, 35.458849997145983 ], [ -80.271218996089203, 35.470062996635491 ], [ -80.176338001532599, 35.509095999323371 ], [ -80.147439001213115, 35.512905997161461 ], [ -80.03409199513105, 35.599195003221162 ], [ -79.99570000313085, 35.637230997886093 ], [ -79.929476945987261, 35.653234469263666 ], [ -79.835808003327742, 35.685813002823068 ], [ -79.810252002489733, 35.688797001086549 ], [ -79.747208002288247, 35.724356003019984 ], [ -79.681304996914079, 35.729704998638091 ], [ -79.617295002354965, 35.748792002111493 ], [ -79.503539002307178, 35.734288999443251 ], [ -79.309151722543319, 35.733548157581275 ], [ -79.239613998782332, 35.727852996878148 ], [ -79.202094998558394, 35.746281997211575 ], [ -79.167201998488764, 35.7484170017323 ] ] } },
{ "type": "Feature", "properties": { "edge_type": "augment", "region": "ContigUS" }, "geometry": { "type": "LineString", "coordinates": [ [ -79.05404600118554, 35.910276000586414 ], [ -79.057605997707057, 35.892886001793798 ], [ -79.090720001137456, 35.846366003589139 ], [ -79.08436999904022, 35.815734001206181 ], [ -79.094378003856463, 35.798509001815503 ], [ -79.145167995435756, 35.776528002098679 ], [ -79.163914999982111, 35.760740003753241 ], [ -79.167201998488764, 35.7484170017323 ] ] } },
{ "type": "Feature", "properties": { "edge_type": "augment", "region": "ContigUS" }, "geometry": { "type": "LineString", "coordinates": [ [ -79.167201998488764, 35.7484170017323 ], [ -79.177656996007244, 35.719949998550049 ], [ -79.178540003998918, 35.671250997959476 ], [ -79.194159002860729, 35.578411996213198 ], [ -79.183690997736974, 35.523436000137927 ], [ -79.231500999041089, 35.406318997438632 ], [ -79.232589999710569, 35.357257002527881 ], [ -79.244146996520669, 35.33734200043309 ], [ -79.262871004195745, 35.327173997631796 ], [ -79.281639999500243, 35.25784299640646 ], [ -79.292394001261059, 35.241890004025556 ], [ -79.304882003048448, 35.238202998067734 ], [ -79.33103600338795, 35.210599996629924 ], [ -79.377833998625604, 35.178999999569157 ], [ -79.408485001210011, 35.164272002627769 ], [ -79.431472997128466, 35.128843997343552 ], [ -79.429898996037082, 35.07237299773314 ], [ -79.442689002439877, 35.022966000944535 ], [ -79.448713697623248, 34.901216478554595 ], [ -79.459047000370177, 34.840495000448755 ], [ -79.456622995390646, 34.784768998591083 ], [ -79.467779002224233, 34.764426998004943 ], [ -79.447237046959202, 34.708028707431865 ], [ -79.418958998096727, 34.67719700145539 ], [ -79.340646997764381, 34.632823997953217 ], [ -79.306676998682889, 34.549341002936572 ], [ -79.291320999586787, 34.536668997468702 ], [ -79.339328001432705, 34.45141899785397 ], [ -79.371116001672206, 34.41662900287681 ], [ -79.359980997449995, 34.410753998407884 ], [ -79.357901002308537, 34.365862002525901 ], [ -79.335935998852463, 34.324677999606408 ], [ -79.304879999805351, 34.310763995978427 ], [ -79.270368002197188, 34.279782000704238 ], [ -79.251100001735509, 34.191748003173409 ], [ -79.246784998167172, 34.157838000597465 ], [ -79.284681003349505, 34.113030996491645 ], [ -79.30318900213139, 34.0757060010015 ], [ -79.233742996360874, 34.049118998462632 ], [ -79.223785997886495, 34.024829002566953 ], [ -79.151147002303802, 33.916828003051926 ], [ -79.093431997013909, 33.862205996392859 ], [ -79.0534170008236, 33.841587999120854 ] ] } },
{ "type": "Feature", "properties": { "edge_type": "augment", "region": "ContigUS" }, "geometry": { "type": "LineString", "coordinates": [ [ -79.0534170008236, 33.841587999120854 ], [ -79.01879799589878, 33.81517500272961 ], [ -78.940522000043003, 33.727871000020102 ], [ -78.883271998676832, 33.693318001318026 ] ] } },
{ "type": "Feature", "properties": { "edge_type": "augment", "region": "ContigUS" }, "geometry": { "type": "LineString", "coordinates": [ [ -78.67552400382705, 35.78070900250372 ], [ -78.644641999467339, 35.769298003054736 ], [ -78.650754001913185, 35.728532999707845 ], [ -78.613335999276657, 35.706364997282456 ], [ -78.604158001850351, 35.686755002174152 ], [ -78.613557999932823, 35.635971999987056 ], [ -78.597857999981812, 35.604750001656932 ], [ -78.594201802876526, 35.551262555702984 ], [ -78.555949975010137, 35.454207761122198 ], [ -78.55747499995222, 35.386854001423146 ], [ -78.540118003560735, 35.37675199971163 ], [ -78.572026000755926, 35.319408001323367 ], [ -78.5985229958372, 35.2989720019158 ], [ -78.594058000565852, 35.280731999244622 ], [ -78.544378209896777, 35.237130111301028 ], [ -78.496102000926498, 35.207914003761623 ], [ -78.456451999219269, 35.145620997573353 ], [ -78.501060898924194, 35.025974806441504 ], [ -78.522832001026146, 34.88362500027371 ], [ -78.557455003453981, 34.851106999655102 ], [ -78.57911817297456, 34.800848180575208 ], [ -78.609610272568389, 34.752538538139163 ], [ -78.592696001881535, 34.644550998216125 ], [ -78.616976996887303, 34.605166000843994 ], [ -78.669588996441632, 34.469819001465538 ], [ -78.712995240627336, 34.448376604442679 ], [ -78.734988002025645, 34.416907998463941 ], [ -78.710815002483301, 34.364750999077238 ], [ -78.70771799765923, 34.324647003912013 ], [ -78.74262699672407, 34.277272998486268 ], [ -78.775728486622597, 34.18855443223984 ], [ -78.856398995767051, 34.157646996475826 ], [ -78.875040996239875, 34.134475999711121 ], [ -78.874813003820748, 34.076763001807784 ], [ -78.890848003507529, 34.053059003459801 ], [ -79.017485997443188, 33.973490997907234 ], [ -79.045488003002021, 33.909712997886061 ], [ -79.059173000922357, 33.848440999513265 ], [ -79.0534170008236, 33.841587999120854 ] ] } },
{ "type": "Feature", "properties": { "edge_type": "augment", "region": "ContigUS" }, "geometry": { "type": "LineString", "coordinates": [ [ -78.88674299910312, 33.689786003136504 ], [ -78.883271998676832, 33.693318001318026 ] ] } },
{ "type": "Feature", "properties": { "edge_type": "augment", "region": "ContigUS" }, "geometry": { "type": "LineString", "coordinates": [ [ -78.883271998676832, 33.693318001318026 ], [ -78.809528003429449, 33.754598998542569 ], [ -78.80505499518577, 33.767471996120257 ], [ -78.785161003718343, 33.783792003092188 ], [ -78.696393996884368, 33.815568001814405 ], [ -78.652839997800726, 33.847435001857264 ], [ -78.652932003252147, 33.864427997569827 ], [ -78.601034999781945, 33.881829002829569 ], [ -78.566815996686827, 33.936196998745267 ], [ -78.421135003318696, 33.959126997313909 ], [ -78.38998399844715, 33.98757199679892 ], [ -78.363644999058039, 33.986445998093878 ], [ -78.273100001697983, 34.017203002239974 ], [ -78.249031997246036, 34.038265001949846 ], [ -78.136630000876536, 34.08227899606878 ], [ -78.09643500026958, 34.133024997058527 ], [ -78.083154998811949, 34.181449002921653 ], [ -78.073029997413087, 34.192344002944552 ], [ -77.989690000671388, 34.233533002438385 ], [ -77.967424995843075, 34.234046997251717 ], [ -77.944862001868671, 34.225555996116107 ] ] } },
{ "type": "Feature", "properties": { "edge_type": "augment", "region": "ContigUS" }, "geometry": { "type": "LineString", "coordinates": [ [ -78.754310000219078, 42.903774000724177 ], [ -78.464180996126004, 42.94849400245873 ], [ -78.192803003065464, 42.998396000153356 ], [ -78.192162998341288, 43.01817099645676 ], [ -78.153090002507369, 43.020959001542344 ], [ -78.110688002944102, 43.015134001098311 ], [ -78.019077082634197, 43.029906450074265 ], [ -77.876312999841971, 43.029809998846972 ], [ -77.780247998791452, 43.044127000022762 ], [ -77.566165003709699, 43.045796998353204 ], [ -77.485019995448994, 43.016495996694402 ], [ -77.443971999563999, 43.010725001265527 ], [ -77.422995996319997, 43.000086998410353 ], [ -77.180371000395795, 42.973538002144359 ], [ -77.074881998278414, 42.969527997583143 ], [ -76.9736160032611, 42.954681999249715 ], [ -76.847278998844544, 42.96760500142878 ], [ -76.770162997515158, 42.985871996972783 ], [ -76.720922995059695, 43.000072998052467 ], [ -76.570003000005116, 43.05994899908648 ], [ -76.404274088845611, 43.087087869843103 ], [ -76.329992999872985, 43.089297000814192 ], [ -76.293841999079504, 43.105243001712502 ], [ -76.264626998392529, 43.111447999417088 ], [ -76.245236000602119, 43.10458700070383 ], [ -76.229327995747099, 43.085348002409305 ], [ -76.186236997344039, 43.059678997919704 ], [ -76.144044996944743, 43.050751999484497 ], [ -76.142021999908067, 43.038475997540715 ] ] } },
{ "type": "Feature", "properties": { "edge_type": "augment", "region": "ContigUS" }, "geometry": { "type": "LineString", "coordinates": [ [ -78.754310000219078, 42.903774000724177 ], [ -78.753741995464921, 42.903749002759575 ], [ -78.728167004241797, 42.905111998862765 ], [ -78.607873002674111, 42.891751001242334 ], [ -78.532595996461765, 42.891620998214378 ], [ -78.496227001498255, 42.900066999173582 ], [ -78.255282996015808, 42.905425002050414 ], [ -78.191427457786659, 42.90157058105364 ], [ -77.764030003298132, 42.92062000073625 ], [ -77.74801199973659, 42.913134002696786 ], [ -77.682529998803446, 42.904104000543384 ], [ -77.558810002405195, 42.909461001201848 ], [ -77.444603003169021, 42.897420000045294 ], [ -77.413482002027934, 42.885760000963394 ], [ -77.389575002624369, 42.883141001178522 ], [ -77.333795004389088, 42.880347996804147 ], [ -77.281397001501787, 42.887920999663947 ], [ -77.274383000679165, 42.878221997256063 ], [ -77.253165000280774, 42.877058997474215 ], [ -77.214028996612839, 42.8640660015772 ], [ -77.163092813204202, 42.860622795687135 ], [ -77.003670003474014, 42.856968002106015 ], [ -76.981138998506879, 42.862025001401186 ], [ -76.978609001306992, 42.869853998247159 ], [ -76.963381003155703, 42.875822001245012 ], [ -76.944399996461001, 42.877206002109638 ], [ -76.905006364952726, 42.843525836293139 ], [ -76.891871998368927, 42.711778998856552 ], [ -76.862095344016851, 42.686989321203029 ], [ -76.820073996572049, 42.680781000991708 ], [ -76.779656995308969, 42.681715999576248 ], [ -76.745275855288227, 42.651672036665808 ], [ -76.724784996196576, 42.616952000573249 ], [ -76.690987419750698, 42.587494956553726 ], [ -76.665855998648581, 42.542253999149573 ], [ -76.693581996836386, 42.499154002938084 ], [ -76.710555996506471, 42.456460997934968 ], [ -76.526827003009913, 42.448627002026576 ], [ -76.510473999712559, 42.439206002169129 ], [ -76.48609100100623, 42.437288002321267 ], [ -76.474933997042697, 42.443502003257997 ] ] } },
{ "type": "Feature", "properties": { "edge_type": "feeder_tree", "region": "ContigUS" }, "geometry": { "type": "LineString", "coordinates": [ [ -122.419016004189658, 37.77455700029661 ], [ -122.41520599754142, 37.777511996167675 ] ] } },
{ "type": "Feature", "properties": { "edge_type": "feeder_tree", "region": "ContigUS" }, "geometry": { "type": "LineString", "coordinates": [ [ -122.41520599754142, 37.777511996167675 ], [ -122.404700999794244, 37.785774996709605 ], [ -122.39115599532775, 37.785738001466498 ], [ -122.358421997228859, 37.81441900364247 ], [ -122.332138998814528, 37.820983000797511 ], [ -122.304210996468825, 37.825245002296029 ], [ -122.273517997644888, 37.813087998945726 ], [ -122.269882003650324, 37.804680003495726 ] ] } },
{ "type": "Feature", "properties": { "edge_type": "feeder_tree", "region": "ContigUS" }, "geometry": { "type": "LineString", "coordinates": [ [ -122.41520599754142, 37.777511996167675 ], [ -122.405067997520419, 37.768324001061714 ], [ -122.407836003354831, 37.737685998644423 ], [ -122.388343001863916, 37.679176003072548 ], [ -122.406856004261925, 37.654645998722081 ], [ -122.395708001417532, 37.612843002068949 ], [ -122.358436001964122, 37.588580000495448 ], [ -122.329236003142398, 37.585045996873177 ], [ -122.240280996885772, 37.500092997195758 ], [ -122.220589000593108, 37.492169999498294 ], [ -122.227074001511255, 37.480248999900247 ], [ -122.170791000615793, 37.446272002038448 ], [ -122.113580004099191, 37.401339997014524 ], [ -122.072237998604919, 37.380136001079542 ], [ -122.032050004857169, 37.367705997683316 ], [ -122.013521003463978, 37.352961999645984 ], [ -121.94207400039808, 37.355076996488265 ], [ -121.911988002194789, 37.331549997075811 ], [ -121.896899000367426, 37.332513998581597 ], [ -121.876177004753146, 37.300956003315171 ] ] } },
{ "type": "Feature", "properties": { "edge_type": "feeder_tree", "region": "ContigUS" }, "geometry": { "type": "LineString", "coordinates": [ [ -121.73506499563365, 38.540351997338391 ], [ -121.764913003168743, 38.524464997196773 ], [ -121.978954999140925, 38.353833996280208 ], [ -122.016204998853013, 38.337085996207591 ], [ -122.032261001151113, 38.314464000591911 ], [ -122.034345002778736, 38.291706998583287 ], [ -122.07024699955862, 38.249133996606623 ], [ -122.128799998261272, 38.222751001097947 ], [ -122.214137003778532, 38.155662996790298 ], [ -122.230266003176595, 38.120886999893692 ], [ -122.233083003126652, 38.079964000016574 ], [ -122.227092003749547, 38.05283499718194 ], [ -122.286002999059235, 37.99700099706768 ], [ -122.312119000662221, 37.98930899860629 ], [ -122.330535002975836, 37.959567003029882 ], [ -122.326075999467449, 37.932943000526947 ], [ -122.306198995142026, 37.907797999290302 ], [ -122.295817003706716, 37.880535999924163 ], [ -122.281883001772727, 37.879159001039795 ], [ -122.280937003913365, 37.870663001035751 ], [ -122.257957003000911, 37.873031998998137 ], [ -122.269882003650324, 37.804680003495726 ] ] } },
{ "type": "Feature", "properties": { "edge_type": "feeder_tree", "region": "ContigUS" }, "geometry": { "type": "LineString", "coordinates": [ [ -122.269882003650324, 37.804680003495726 ], [ -122.248023001397812, 37.800483997603472 ] ] } },
{ "type": "Feature", "properties": { "edge_type": "feeder_tree", "region": "ContigUS" }, "geometry": { "type": "LineString", "coordinates": [ [ -121.875495003789467, 37.301868998390702 ], [ -121.876177004753146, 37.300956003315171 ] ] } },
{ "type": "Feature", "properties": { "edge_type": "feeder_tree", "region": "ContigUS" }, "geometry": { "type": "LineString", "coordinates": [ [ -121.876177004753146, 37.300956003315171 ], [ -121.858901000467696, 37.255508996913335 ], [ -121.822058997591327, 37.243776002586799 ], [ -121.776776002097208, 37.241046998708498 ], [ -121.745724000553139, 37.223466001948232 ], [ -121.663916996810087, 37.14493200193327 ], [ -121.599037001864616, 37.067596997871121 ], [ -121.558457001293192, 36.985743003021973 ], [ -121.547099996414786, 36.928419998227767 ], [ -121.55813500017959, 36.888363002312133 ], [ -121.579293002100158, 36.861829998133139 ] ] } },
{ "type": "Feature", "properties": { "edge_type": "feeder_tree", "region": "ContigUS" }, "geometry": { "type": "LineString", "coordinates": [ [ -121.73506499563365, 38.540351997338391 ], [ -121.742835000633107, 38.541470000149324 ] ] } },
{ "type": "Feature", "properties": { "edge_type": "feeder_tree", "region": "ContigUS" }, "geometry": { "type": "LineString", "coordinates": [ [ -121.350529999156734, 38.6608830004947 ], [ -121.359841001144048, 38.660997001010301 ], [ -121.388073002365076, 38.635572997785481 ], [ -121.418840004402114, 38.623052001944032 ], [ -121.42656000018971, 38.611191996690415 ], [ -121.447678000130665, 38.611121998970425 ], [ -121.466997995081016, 38.602337999650238 ], [ -121.478174995542787, 38.594208999248913 ], [ -121.484085002813814, 38.578071997187237 ], [ -121.577042003661234, 38.574245000800786 ], [ -121.678608000050787, 38.556441996818727 ], [ -121.73506499563365, 38.540351997338391 ] ] } },
{ "type": "Feature", "properties": { "edge_type": "feeder_tree", "region": "ContigUS" }, "geometry": { "type": "LineString", "coordinates": [ [ -121.579293002100158, 36.861829998133139 ], [ -121.612558003346692, 36.862201996524746 ], [ -121.63435699813823, 36.853313997055132 ], [ -121.628099998622375, 36.826106996731099 ], [ -121.64037299762964, 36.772857998629057 ], [ -121.65764699867205, 36.736617999016296 ], [ -121.650732998306836, 36.699276000659481 ], [ -121.655928000510642, 36.677635996836962 ] ] } },
{ "type": "Feature", "properties": { "edge_type": "feeder_tree", "region": "ContigUS" }, "geometry": { "type": "LineString", "coordinates": [ [ -121.579293002100158, 36.861829998133139 ], [ -121.53872299977786, 36.840784998906308 ], [ -121.457237000018438, 36.842732997555999 ], [ -121.423486001220027, 36.905529000265688 ], [ -121.402549999955667, 36.908209999154082 ], [ -121.392672996457279, 36.916619998178149 ], [ -121.382640997639811, 36.953726002656268 ], [ -121.38328700311007, 36.990179000731693 ], [ -121.377006997739826, 36.997206998425334 ], [ -121.339201003748911, 37.014765999083757 ], [ -121.323071995367684, 37.032498997364591 ], [ -121.292968003909223, 37.039132997269824 ], [ -121.284581997170008, 37.046808999184321 ], [ -121.262361000807417, 37.044700999414104 ], [ -121.187522004144483, 37.084681002361897 ], [ -121.157881004383484, 37.09018200182561 ], [ -121.134955998332728, 37.103293001696422 ], [ -121.125909002224276, 37.103071001960572 ], [ -121.116801998654879, 37.090139000167085 ], [ -121.043212001596615, 37.057130996624146 ], [ -120.650793003910763, 37.05399799926851 ], [ -120.620621998132094, 37.047617000650625 ], [ -120.551482003463136, 37.054786001296904 ], [ -120.540321999126547, 37.064781000272589 ], [ -120.491566997093003, 37.083309997117219 ], [ -120.217379001958506, 37.083827996817583 ], [ -120.206154004511077, 37.08209099760802 ], [ -120.086812001548935, 36.984916999735333 ], [ -119.950780001293722, 36.856282998235137 ], [ -119.887670998998274, 36.808815999122139 ], [ -119.845459002100725, 36.779091997800585 ], [ -119.784546003382545, 36.779820997352388 ], [ -119.784162997678024, 36.771204998247455 ] ] } },
{ "type": "Feature", "properties": { "edge_type": "feeder_tree", "region": "ContigUS" }, "geometry": { "type": "LineString", "coordinates": [ [ -119.719747000543109, 34.425078003468933 ], [ -119.740990998185822, 34.429453997194734 ], [ -119.755688002172647, 34.440267997055805 ], [ -119.829710996180978, 34.436439999480577 ], [ -119.858596000748321, 34.430321001772576 ], [ -119.859526996742488, 34.417247997140187 ], [ -119.852546000023381, 34.417275001334993 ] ] } },
{ "type": "Feature", "properties": { "edge_type": "feeder_tree", "region": "ContigUS" }, "geometry": { "type": "LineString", "coordinates": [ [ -119.717039999299629, 34.427570997033783 ], [ -119.719747000543109, 34.425078003468933 ] ] } },
{ "type": "Feature", "properties": { "edge_type": "feeder_tree", "region": "ContigUS" }, "geometry": { "type": "LineString", "coordinates": [ [ -119.719747000543109, 34.425078003468933 ], [ -119.700419001603578, 34.41223400296694 ], [ -119.661381004133148, 34.42265199711445 ], [ -119.601574999339547, 34.421339996566594 ], [ -119.563266002688493, 34.416517998716046 ], [ -119.544790999026986, 34.406113996851545 ], [ -119.516799000700416, 34.401383000299674 ], [ -119.477875996569495, 34.376537000495382 ], [ -119.457780998074057, 34.372831999140878 ], [ -119.391738996376006, 34.323346999459304 ], [ -119.365727001716607, 34.318451997485759 ], [ -119.334089999293198, 34.289981996251797 ], [ -119.316639003190403, 34.282688002841851 ], [ -119.264288997288716, 34.276493998225135 ], [ -119.153268996101772, 34.223791996716521 ], [ -119.014865003321972, 34.215838002068871 ], [ -118.958381004381707, 34.200306998367545 ], [ -118.925752001373169, 34.184539000003184 ], [ -118.852868996409867, 34.175538003394344 ], [ -118.796590002000585, 34.146934999066055 ], [ -118.738532999098879, 34.143292999457444 ], [ -118.728197998536075, 34.138188999249351 ], [ -118.692547000029705, 34.151306001657879 ], [ -118.663923998098127, 34.149945003974409 ], [ -118.612989997595648, 34.168845002817669 ], [ -118.570158998585285, 34.170956002369785 ], [ -118.468015996322393, 34.154215003614553 ] ] } },
{ "type": "Feature", "properties": { "edge_type": "feeder_tree", "region": "ContigUS" }, "geometry": { "type": "LineString", "coordinates": [ [ -118.468015996322393, 34.154215003614553 ], [ -118.474203996241286, 34.195855998935912 ], [ -118.467980000828987, 34.291620999850359 ], [ -118.509509996762816, 34.334957997289898 ], [ -118.553872003495044, 34.359165000397446 ], [ -118.586393002056937, 34.429342002365608 ], [ -118.615236998531572, 34.452842000816368 ], [ -118.614306002537433, 34.479931001987367 ], [ -118.627877004248205, 34.502633002943526 ], [ -118.675382997693873, 34.558560997208083 ], [ -118.710080003334809, 34.5857280030719 ], [ -118.717564002714113, 34.621795996033946 ], [ -118.748162004696738, 34.640176000309943 ], [ -118.755252002992435, 34.659453003445719 ], [ -118.787131002570234, 34.689115998141844 ], [ -118.798869000926942, 34.722742999415317 ], [ -118.800042003058621, 34.767314000512087 ], [ -118.839477001985742, 34.793540998314612 ], [ -118.871484002508367, 34.798505001217102 ], [ -118.883544999108636, 34.809280996320958 ], [ -118.86404599687161, 34.841345996385364 ], [ -118.889406003280953, 34.87227000315206 ], [ -118.919596996574683, 34.895754002828603 ], [ -118.922385996037292, 34.924341002659183 ], [ -119.004412997193427, 35.173727997054662 ], [ -119.010090996576068, 35.208457001992848 ], [ -119.002189002111919, 35.208577998062644 ], [ -119.001742000426546, 35.383406996862334 ], [ -118.966658997691169, 35.39751500283981 ] ] } },
{ "type": "Feature", "properties": { "edge_type": "feeder_tree", "region": "ContigUS" }, "geometry": { "type": "LineString", "coordinates": [ [ -118.468015996322393, 34.154215003614553 ], [ -118.481768996709761, 34.111019998498612 ], [ -118.466374998877143, 34.074463003500327 ], [ -118.45062199832438, 34.056080000222188 ], [ -118.42806200472306, 34.066890996366617 ], [ -118.408545997377715, 34.066955997858095 ], [ -118.308119999016313, 34.052620001152569 ], [ -118.308069001657614, 34.037018001210186 ], [ -118.290632998436905, 34.036826999657002 ], [ -118.290634004549986, 34.025502000736246 ], [ -118.275336997818599, 34.020299002480265 ], [ -118.247848002152253, 34.055698997975227 ], [ -118.22136699708301, 34.047350002335456 ], [ -118.220914003634718, 34.033712001242783 ], [ -118.210877001201055, 34.028374002164973 ], [ -118.149667998613651, 34.034939003066143 ] ] } },
{ "type": "Feature", "properties": { "edge_type": "feeder_tree", "region": "ContigUS" }, "geometry": { "type": "LineString", "coordinates": [ [ -118.149667998613651, 34.034939003066143 ], [ -118.145376998029676, 34.037430002706365 ] ] } },
{ "type": "Feature", "properties": { "edge_type": "feeder_tree", "region": "ContigUS" }, "geometry": { "type": "LineString", "coordinates": [ [ -118.149667998613651, 34.034939003066143 ], [ -118.113429995984845, 34.033234001498982 ], [ -118.061261997742889, 34.041147997530544 ], [ -118.037361996215381, 34.037102998177453 ], [ -118.036509998067316, 34.027758002892284 ] ] } },
{ "type": "Feature", "properties": { "edge_type": "feeder_tree", "region": "ContigUS" }, "geometry": { "type": "LineString", "coordinates": [ [ -117.877387001063184, 33.780420003184538 ], [ -117.932387001120418, 33.832745997616868 ], [ -117.998010001620543, 33.866379997753327 ], [ -117.995046998487396, 33.884899997650976 ], [ -118.010032002354308, 33.898289002406983 ], [ -118.011488997879923, 33.94044200229655 ], [ -118.005682000422496, 33.948611004076305 ], [ -118.04139700389284, 33.96807699842919 ], [ -118.049629003459756, 33.991230996667312 ], [ -118.063289998395689, 34.004675002313398 ], [ -118.036509998067316, 34.027758002892284 ] ] } },
{ "type": "Feature", "properties": { "edge_type": "feeder_tree", "region": "ContigUS" }, "geometry": { "type": "LineString", "coordinates": [ [ -118.036509998067316, 34.027758002892284 ], [ -118.036368998500336, 34.021672003043165 ] ] } },
{ "type": "Feature", "properties": { "edge_type": "feeder_tree", "region": "ContigUS" }, "geometry": { "type": "LineString", "coordinates": [ [ -116.971380997251202, 33.815258997330197 ], [ -117.003180998982913, 33.847339996987074 ], [ -117.055987420914136, 33.879779046023444 ], [ -117.12567099514466, 33.937984997350462 ], [ -117.292616997750045, 33.944038001688185 ], [ -117.335619997187862, 33.976019997505446 ], [ -117.374999004123296, 33.982514997032268 ], [ -117.400390002409935, 33.946125998936189 ], [ -117.486912002567877, 33.89693599804751 ], [ -117.517740997342699, 33.886224996785586 ], [ -117.562541004641147, 33.879592001811794 ], [ -117.635878000182785, 33.884502000212407 ], [ -117.672614001855607, 33.869255001531762 ], [ -117.698574999156278, 33.872614997158031 ], [ -117.718412998632047, 33.866392998904161 ], [ -117.741232003479283, 33.870714000344513 ], [ -117.813795001588929, 33.851164997269727 ], [ -117.835408997330845, 33.835065000052289 ], [ -117.851783003239532, 33.835762996430709 ], [ -117.852504997199716, 33.781215002302581 ], [ -117.877387001063184, 33.780420003184538 ] ] } },
{ "type": "Feature", "properties": { "edge_type": "feeder_tree", "region": "ContigUS" }, "geometry": { "type": "LineString", "coordinates": [ [ -117.877387001063184, 33.780420003184538 ], [ -117.883903002841777, 33.776978003064727 ], [ -117.884223000712268, 33.745464999100136 ], [ -117.84196100358605, 33.745381996713547 ], [ -117.817808997671904, 33.735358001507464 ], [ -117.783023004918888, 33.711083001736782 ], [ -117.757612001150903, 33.677319001293881 ], [ -117.699307997478684, 33.568549998762542 ], [ -117.676094003401062, 33.552258002915728 ], [ -117.67477599521618, 33.534017002588527 ], [ -117.658245996858426, 33.501215000991195 ], [ -117.673166995761349, 33.469106996072711 ], [ -117.618490002930841, 33.436459997359471 ], [ -117.586602002233874, 33.387645003591345 ], [ -117.492753001258848, 33.32919700305618 ], [ -117.345663997497525, 33.169762001749362 ], [ -117.296917996583119, 33.081256003140908 ], [ -117.282866998066552, 33.038589003164908 ], [ -117.257500999894276, 33.002183002130785 ], [ -117.239747002046172, 32.926815001903975 ], [ -117.223893003905985, 32.904729999874498 ], [ -117.236372004574235, 32.843684998286051 ], [ -117.232676003118726, 32.831113999849528 ], [ -117.208216000826241, 32.794499997543433 ], [ -117.197220001911063, 32.747258998903447 ], [ -117.172865003692181, 32.729699996789826 ], [ -117.170149998459536, 32.714347997467641 ] ] } },
{ "type": "Feature", "properties": { "edge_type": "feeder_tree", "region": "ContigUS" }, "geometry": { "type": "LineString", "coordinates": [ [ -111.960891998197113, 33.437665000650405 ], [ -111.960910997565364, 33.421939001256753 ] ] } },
{ "type": "Feature", "properties": { "edge_type": "feeder_tree", "region": "ContigUS" }, "geometry": { "type": "LineString", "coordinates": [ [ -110.88370599828373, 32.22168399707968 ], [ -110.892315002809084, 32.221481997617069 ], [ -110.892603999819158, 32.236200001766072 ], [ -110.984103996157742, 32.235716996989098 ], [ -111.051625999235895, 32.322970001640925 ], [ -111.121861651090597, 32.39339037568287 ], [ -111.26644699625615, 32.500893000360563 ], [ -111.385714259386717, 32.642522618720832 ], [ -111.515895999320364, 32.723127999398763 ], [ -111.516841000049851, 32.733301997546441 ], [ -111.685928002387584, 32.833255998858036 ], [ -111.686886001739211, 32.908818998427442 ], [ -111.701062000827548, 32.938196999405697 ], [ -111.966916998807704, 33.279474996818074 ], [ -111.972324003418578, 33.346151999797364 ], [ -111.968087000566342, 33.37827999756216 ], [ -111.960912003678459, 33.386182998090028 ], [ -111.960910997565364, 33.421939001256753 ] ] } },
{ "type": "Feature", "properties": { "edge_type": "feeder_tree", "region": "ContigUS" }, "geometry": { "type": "LineString", "coordinates": [ [ -111.960910997565364, 33.421939001256753 ], [ -111.934953997767664, 33.421952002218859 ] ] } },
{ "type": "Feature", "properties": { "edge_type": "feeder_tree", "region": "ContigUS" }, "geometry": { "type": "LineString", "coordinates": [ [ -111.960891998197113, 33.437665000650405 ], [ -111.96900700118141, 33.44624600372606 ], [ -111.982989000101, 33.447887001306853 ], [ -112.082547001319156, 33.448224002695277 ], [ -112.113032004222191, 33.476952997958257 ], [ -112.112348997145389, 33.68646200189648 ], [ -112.145982999361152, 33.870849002476049 ], [ -112.133581334655716, 33.987942720774065 ], [ -112.145626997014048, 34.046144996430591 ], [ -112.141563746304072, 34.143906024992923 ], [ -112.111095353250633, 34.263244491992644 ], [ -112.122351998345479, 34.322899000335418 ], [ -112.080091285810099, 34.394982346865191 ], [ -112.030799890737242, 34.446435929693131 ], [ -111.989076002432498, 34.518446998547319 ], [ -111.943648512924923, 34.530993660125098 ], [ -111.905591996767569, 34.554603998381509 ], [ -111.861817003140928, 34.610909997259604 ], [ -111.776147001131037, 34.67187299835593 ], [ -111.743686001046953, 34.688164001712714 ], [ -111.776692997160723, 34.733890001076013 ], [ -111.763208997285204, 34.791479998946748 ], [ -111.77860900484707, 34.826223997305952 ], [ -111.760913999363638, 34.869750996710998 ], [ -111.740327999700241, 34.88520700273159 ], [ -111.742525799908051, 35.028545761523574 ], [ -111.730407571641038, 35.075256135551008 ], [ -111.685719997483531, 35.134904002166863 ], [ -111.661381995389817, 35.177722002012075 ], [ -111.661101002368937, 35.190424003355005 ], [ -111.651376999929781, 35.198215001893729 ], [ -111.628355999907768, 35.195138999984792 ] ] } },
{ "type": "Feature", "properties": { "edge_type": "feeder_tree", "region": "ContigUS" }, "geometry": { "type": "LineString", "coordinates": [ [ -111.960891998197113, 33.437665000650405 ], [ -111.893021996761064, 33.434408998226068 ], [ -111.891399001554092, 33.422003998550174 ], [ -111.839948999769263, 33.422373002910277 ], [ -111.839933997903998, 33.415111000367098 ], [ -111.550175998023278, 33.414627001234962 ], [ -111.495159998970863, 33.382835997827243 ], [ -111.336101995077527, 33.255353996825633 ], [ -111.18497100372899, 33.273425003016968 ], [ -111.170943999213691, 33.280082001562356 ], [ -111.09676900127613, 33.290902998046505 ], [ -111.035746381143824, 33.316824857464738 ], [ -110.980875998998954, 33.354880001750836 ], [ -110.93280280029974, 33.369027004227895 ], [ -110.826144003036177, 33.41743500293466 ], [ -110.809694996784458, 33.419787000294598 ], [ -110.798200998825209, 33.414663997855527 ], [ -110.78329999642051, 33.392113997845136 ], [ -110.765514000581973, 33.39225399733364 ] ] } },
{ "type": "Feature", "properties": { "edge_type": "feeder_tree", "region": "ContigUS" }, "geometry": { "type": "LineString", "coordinates": [ [ -111.900591003715689, 40.986606002748651 ], [ -111.911897999382219, 41.011339002371642 ], [ -111.908138999075845, 41.128136001948555 ], [ -111.919208004074122, 41.145058003249069 ], [ -111.939720997654391, 41.154996997770724 ], [ -111.948759001626797, 41.197629000077441 ] ] } },
{ "type": "Feature", "properties": { "edge_type": "feeder_tree", "region": "ContigUS" }, "geometry": { "type": "LineString", "coordinates": [ [ -111.900591003715689, 40.986606002748651 ], [ -111.937031998649189, 41.010853998550864 ], [ -111.96069499765531, 41.056055997679209 ], [ -112.026017996783125, 41.116894003368863 ], [ -112.027675002206735, 41.30666099950448 ], [ -112.056098003223497, 41.426850999631434 ], [ -112.053022998140733, 41.490665001510159 ], [ -112.072359001069444, 41.582120001503625 ], [ -112.097611003032128, 41.631695998945453 ], [ -112.141234998842691, 41.680097000503402 ], [ -112.14935099895699, 41.784911998932138 ], [ -112.146469679632645, 41.834768485126645 ], [ -112.157497999931735, 41.883169997988752 ], [ -112.17015599890351, 41.88642299792258 ], [ -112.171622004531429, 41.925151998647316 ], [ -112.212354997178863, 42.040875002018034 ], [ -112.220032340956777, 42.131837920918322 ], [ -112.235841001124541, 42.190241998123994 ], [ -112.232355995962948, 42.231806999978886 ], [ -112.209104003148781, 42.299936000905944 ], [ -112.22482900321414, 42.350732002816471 ], [ -112.179642001691278, 42.435547996553829 ], [ -112.169297002879389, 42.50178699983821 ], [ -112.177823003072461, 42.563032003572978 ], [ -112.212579001078112, 42.665184002831637 ], [ -112.233728999009514, 42.786808997455758 ], [ -112.251769999607745, 42.798047998984096 ], [ -112.363478002504522, 42.799161002204677 ], [ -112.37165400109663, 42.803974999302348 ], [ -112.408296003058126, 42.834066002158963 ], [ -112.438254997446549, 42.904091998427411 ], [ -112.439556997653071, 42.935755002237954 ], [ -112.407903996234438, 43.018563999754669 ], [ -112.388537998558391, 43.149248998165213 ], [ -112.324395996568299, 43.206975002750355 ], [ -112.208400002443781, 43.282854002924417 ], [ -112.177135001362672, 43.311576001916364 ], [ -112.023813998199856, 43.506276003457252 ], [ -112.023591000413731, 43.527010997698156 ], [ -111.999619996046135, 43.547096996488797 ], [ -111.904175003221582, 43.68694100332489 ], [ -111.816365995739218, 43.796955000479443 ], [ -111.808076000937533, 43.846245001234465 ], [ -111.759495002574525, 43.872601000404664 ], [ -111.682063998007621, 43.96261199975725 ], [ -111.638384001222235, 43.970070998635542 ], [ -111.500403995290284, 44.02767300012372 ], [ -111.455947000699908, 44.071366997431653 ], [ -111.428329483065824, 44.176408587340404 ], [ -111.45637720388946, 44.225653104263245 ], [ -111.465765182513451, 44.279400095280891 ], [ -111.44178700060678, 44.330588001513547 ], [ -111.40095337868118, 44.365970224174838 ], [ -111.374984296542934, 44.408156084258387 ], [ -111.360996997563177, 44.452986997203254 ], [ -111.327277996755214, 44.521574002278811 ], [ -111.337025454206454, 44.57853883783509 ], [ -111.327083996586424, 44.634036998765566 ], [ -111.26821199714324, 44.681074999486668 ], [ -111.249878002031892, 44.686759002357434 ], [ -111.21801299820622, 44.685832996553088 ], [ -111.099640996087814, 44.662216997031166 ], [ -111.113267001643464, 44.784062002154378 ], [ -111.104734003574322, 44.795837001811094 ], [ -111.10661399780092, 44.80488199945777 ], [ -111.097197003593266, 44.808075998488469 ], [ -111.054733002309064, 44.856934000600724 ], [ -111.055973000794665, 44.936741998852412 ], [ -111.079973999909527, 44.996698000950921 ], [ -111.109392999014418, 45.029735001862349 ], [ -111.203583997601285, 45.075789001140606 ], [ -111.243508003436446, 45.143651999656235 ], [ -111.245087996290763, 45.167621002797283 ], [ -111.237283999040983, 45.194558000385676 ], [ -111.250520001015985, 45.220734002789406 ], [ -111.252955001374616, 45.265562000186783 ], [ -111.175119000345006, 45.323693000743987 ], [ -111.170755002661053, 45.357505001616779 ], [ -111.174611003051808, 45.376156001133772 ], [ -111.22661199549934, 45.408194997124305 ], [ -111.236363001295913, 45.446714002750539 ], [ -111.271146999788968, 45.484620997603443 ], [ -111.272321996180608, 45.492740999168021 ], [ -111.251327999681465, 45.521231997244826 ], [ -111.19796799993955, 45.56039299739161 ], [ -111.19673899683302, 45.638353000156982 ], [ -111.185610002340042, 45.671087997760452 ], [ -111.079300002935014, 45.671142000612306 ], [ -111.064758003250489, 45.679136000944759 ], [ -111.048968998221156, 45.679333001478867 ] ] } },
{ "type": "Feature", "properties": { "edge_type": "feeder_tree", "region": "ContigUS" }, "geometry": { "type": "LineString", "coordinates": [ [ -111.888225002127001, 40.760651999961333 ], [ -111.889950001034492, 40.780420000074578 ], [ -111.917970996978411, 40.806468998902652 ], [ -111.912755998276381, 40.837231997931859 ], [ -111.892182997235139, 40.869156999461232 ], [ -111.891099000181796, 40.967417996788484 ], [ -111.900591003715689, 40.986606002748651 ] ] } },
{ "type": "Feature", "properties": { "edge_type": "feeder_tree", "region": "ContigUS" }, "geometry": { "type": "LineString", "coordinates": [ [ -111.89103500420093, 40.760647999072944 ], [ -111.888225002127001, 40.760651999961333 ] ] } },
{ "type": "Feature", "properties": { "edge_type": "feeder_tree", "region": "ContigUS" }, "geometry": { "type": "LineString", "coordinates": [ [ -111.658601997046347, 40.250608999768644 ], [ -111.68378400228211, 40.273428998787701 ], [ -111.718793998934331, 40.275419001444938 ], [ -111.727644003484116, 40.322989000313186 ], [ -111.827178998847856, 40.381912997605696 ], [ -111.913325000160484, 40.452609002001381 ], [ -111.890918995765176, 40.497780999563872 ], [ -111.90595600310391, 40.611668003654522 ], [ -111.902689001095411, 40.625876998307902 ], [ -111.90463300028604, 40.636200002671941 ], [ -111.938793002033279, 40.644808001042492 ], [ -111.93884000188892, 40.667653001983915 ], [ -111.888285997734783, 40.674332002276664 ], [ -111.888225002127001, 40.760651999961333 ] ] } },
{ "type": "Feature", "properties": { "edge_type": "feeder_tree", "region": "ContigUS" }, "geometry": { "type": "LineString", "coordinates": [ [ -110.765514000581973, 33.39225399733364 ], [ -110.726045997551296, 33.429419998398451 ], [ -110.717043099740167, 33.492446471304163 ], [ -110.689920517895004, 33.549423838039885 ], [ -110.640462997376687, 33.595017200979655 ], [ -110.583234780156133, 33.632299728197076 ], [ -110.570775371744233, 33.687291321243926 ], [ -110.525333940383419, 33.732915242272092 ], [ -110.494493635819182, 33.800082863219522 ], [ -110.403659291106109, 33.870631947287222 ], [ -110.323212803827175, 33.964377328007522 ], [ -110.276752000214572, 34.000047997293002 ], [ -110.25581200144714, 34.003931002936298 ], [ -110.218769503582536, 34.052591175358671 ], [ -110.105558933625844, 34.14201240752071 ], [ -110.067318002323802, 34.230960998282839 ], [ -110.042320996137647, 34.250566002183298 ], [ -109.831935996771335, 34.286275998154792 ], [ -109.754220001680537, 34.27258200043341 ], [ -109.612703436272838, 34.266673680992099 ], [ -109.5376600189838, 34.250567160535098 ], [ -109.468703127919198, 34.217534727012492 ], [ -109.319178000905168, 34.174706996228736 ], [ -109.279307004654925, 34.132806997264559 ], [ -109.040031997105118, 34.167161999819101 ], [ -109.012634000776998, 34.183489996995533 ], [ -108.960175999411888, 34.190882001535051 ], [ -108.785832999262524, 34.251132003645104 ], [ -108.60033799876571, 34.303875000131441 ], [ -108.562122004695993, 34.335104997234055 ], [ -108.493095997253405, 34.341841000513057 ], [ -108.43099500352146, 34.415268997221901 ], [ -108.418995999658961, 34.488102996357149 ], [ -108.369048996125429, 34.517648997226196 ], [ -108.367657999823749, 34.540723000066407 ], [ -108.386428998371343, 34.562939001921826 ], [ -108.387637995996471, 34.594817001712805 ], [ -108.397069003922567, 34.600811996171984 ], [ -108.365689997648758, 34.608903000764144 ], [ -108.286794999680183, 34.609483001895534 ], [ -108.254819997147948, 34.617133000791284 ], [ -108.20478600076234, 34.637829002379434 ], [ -108.109603998720331, 34.663120003312955 ], [ -108.047238001979537, 34.697510995998037 ], [ -107.989565001912354, 34.710743998144835 ], [ -107.965642003513565, 34.73357000210342 ], [ -107.952200997007552, 34.765951000717799 ], [ -107.910274996747034, 34.810845001437244 ], [ -107.908501003723941, 34.82804200303147 ], [ -107.917767000115489, 34.843708998816098 ], [ -107.90393200150902, 34.87164099762883 ], [ -107.870739000232518, 34.879126997931074 ], [ -107.840850999700962, 34.932034996183781 ], [ -107.823841004537428, 34.941114003606501 ], [ -107.80469000065834, 34.981354001773667 ], [ -107.814696999361473, 35.007426002946467 ], [ -107.812859001374406, 35.028794997136366 ], [ -107.793722002230581, 35.069186004007207 ], [ -107.770341999488451, 35.08460300185746 ], [ -107.754913003292373, 35.073858996011197 ], [ -107.700361999180458, 35.061827001063421 ], [ -107.645368996999309, 35.076072996644889 ], [ -107.538278002286262, 35.07339300059153 ], [ -107.515658998353928, 35.05174899928975 ], [ -107.454933001928438, 35.028446999807606 ], [ -107.395229000835357, 35.026188997550051 ], [ -107.361966002831934, 35.03880200073845 ], [ -107.340248000146403, 35.033421996752232 ], [ -107.297971001154892, 34.99436799928057 ], [ -107.232942999783234, 34.992593000710926 ], [ -107.133553001489517, 34.977804999008882 ], [ -106.998578003913366, 35.019914003440924 ], [ -106.686566003566554, 35.085230998600821 ], [ -106.675389003104755, 35.095356999919332 ], [ -106.656475001747097, 35.085226999713733 ], [ -106.620606000087591, 35.080957002669734 ] ] } },
{ "type": "Feature", "properties": { "edge_type": "feeder_tree", "region": "ContigUS" }, "geometry": { "type": "LineString", "coordinates": [ [ -110.765514000581973, 33.39225399733364 ], [ -110.743974996199952, 33.376188998531177 ], [ -110.717092004024238, 33.366552003193881 ], [ -110.588327715777368, 33.336665816340222 ], [ -110.443523002019433, 33.294397999839276 ], [ -110.357359923733256, 33.285763491072643 ], [ -110.28082745004609, 33.254054955036587 ], [ -110.13809122401085, 33.171653563238195 ], [ -110.095312866276103, 33.111552771899049 ], [ -110.022687911361345, 33.073007430907715 ], [ -109.957432231980903, 33.027541110467695 ], [ -109.920199003815156, 32.961814996843692 ], [ -109.771921996056903, 32.84950999752472 ], [ -109.750004001439635, 32.848787002707077 ], [ -109.732958998929519, 32.836151996336802 ], [ -109.702413997548604, 32.833530998814915 ], [ -109.678910000347827, 32.816995000371676 ], [ -109.59637699615844, 32.8129469975418 ], [ -109.549927996408684, 32.79134099978647 ], [ -109.41229391372633, 32.752958031952154 ], [ -109.340620643006673, 32.75163927874658 ], [ -109.281669996060344, 32.774031997613548 ], [ -109.211603892232333, 32.74302229016525 ], [ -109.104655002014141, 32.721668997065798 ], [ -109.080157998115084, 32.679206002246765 ], [ -109.04801700488467, 32.647249997686998 ], [ -108.981859003733959, 32.610362004065678 ], [ -108.95054400242411, 32.572696003572233 ], [ -108.710140001208401, 32.384311998025808 ], [ -108.709820003337867, 32.350494998102299 ], [ -108.633077000480782, 32.327384999144208 ], [ -108.385918000705132, 32.179850998725975 ], [ -108.169730001384409, 32.218187002304383 ], [ -107.63398100024358, 32.286753996205867 ], [ -107.565231000172048, 32.27959099906068 ], [ -107.439665998927509, 32.241576996845431 ], [ -107.389116998389511, 32.235959001198005 ], [ -107.363761995596292, 32.243865996748113 ], [ -107.19156600490858, 32.24129700226176 ], [ -106.915377003495564, 32.272605001884003 ], [ -106.800075002843826, 32.294290002820716 ], [ -106.770043999502207, 32.281019999808969 ], [ -106.628321001242199, 32.056167997854189 ], [ -106.60621000358617, 32.00205199965238 ], [ -106.596946001454526, 31.885890997435794 ], [ -106.579727004256995, 31.841233001566437 ], [ -106.570398000031432, 31.839427996570407 ], [ -106.519867001731726, 31.793098003044051 ], [ -106.502443000003169, 31.759813000339157 ], [ -106.461475996224223, 31.778156999391506 ], [ -106.406982996330214, 31.781627999897836 ], [ -106.375901000038795, 31.77366699844573 ] ] } },
{ "type": "Feature", "properties": { "edge_type": "feeder_tree", "region": "ContigUS" }, "geometry": { "type": "LineString", "coordinates": [ [ -104.959785000256232, 39.736810997217461 ], [ -104.998098003393508, 39.74012199970916 ], [ -105.010102001888967, 39.754242996570966 ], [ -105.02519399510625, 39.760240002108247 ], [ -105.025028004408028, 39.914188999441031 ], [ -105.080559995759657, 39.91437200117187 ], [ -105.090718998392006, 39.92092899707626 ], [ -105.093901001808263, 39.916167996653492 ], [ -105.165619996775888, 39.957835997645333 ], [ -105.263703000230109, 40.000121998441131 ], [ -105.279272995993225, 40.015848997588265 ], [ -105.258375999578419, 40.017410998359708 ], [ -105.258434003796324, 40.036468998049806 ], [ -105.244221003101444, 40.038463996779988 ], [ -105.118074001350621, 40.151802999446119 ], [ -105.102512997723522, 40.152492998113509 ], [ -105.10569800151282, 40.312711000990433 ], [ -105.097235997300558, 40.335378000455506 ], [ -105.074279002242562, 40.338445001698396 ], [ -105.077152003167384, 40.615930998242533 ], [ -105.072083995795282, 40.61783399721152 ], [ -105.069897002320303, 40.666862998351384 ], [ -105.019307101487399, 40.673208423796474 ], [ -104.997494003145917, 40.703941000074252 ], [ -104.992402001772575, 40.75798199981611 ], [ -104.980494491321764, 40.79769554437042 ], [ -104.885514996494251, 41.054023003024767 ], [ -104.85273200427973, 41.084366000039466 ], [ -104.850369003891174, 41.099477997040921 ], [ -104.790080999048755, 41.102248002484089 ] ] } },
{ "type": "Feature", "properties": { "edge_type": "feeder_tree", "region": "ContigUS" }, "geometry": { "type": "LineString", "coordinates": [ [ -97.308525998526534, 32.747882001091675 ], [ -97.321946999551216, 32.756782996319771 ], [ -97.339399998897107, 32.754848996021813 ], [ -97.418515003261902, 32.808950997145942 ], [ -97.479713001487141, 32.826611003389701 ], [ -97.519964003068907, 32.860556998691408 ], [ -97.5455710012656, 32.90005000089112 ], [ -97.595557997795567, 32.918090000922156 ], [ -97.683209000602616, 32.963055997403266 ], [ -97.832314003524544, 32.999280001309941 ], [ -97.990297002500498, 33.092655996369508 ], [ -98.039435683975086, 33.108331381287478 ], [ -98.07939800295712, 33.136916004117495 ], [ -98.135106001222368, 33.190070995930398 ], [ -98.162577003633601, 33.226979000565052 ], [ -98.216725814026489, 33.239872338039127 ], [ -98.268769997472859, 33.260537997383643 ], [ -98.502363996283833, 33.262607000126572 ], [ -98.562144003833069, 33.272115001640742 ], [ -98.616379995724287, 33.296317997539361 ], [ -98.674160101922809, 33.346393657540702 ], [ -98.840963002903408, 33.393415003367679 ], [ -98.880802962360605, 33.425226323257085 ], [ -98.925129997678823, 33.449776998444975 ], [ -98.953595003918252, 33.457120003009123 ], [ -99.005249650907956, 33.489112969854816 ], [ -99.066425469728827, 33.497590162898895 ], [ -99.125435001241996, 33.513354998708046 ], [ -99.245771996179201, 33.581984002505621 ], [ -99.2602159986494, 33.584769001893157 ], [ -99.260372000081659, 33.594321996312509 ], [ -99.557198726152123, 33.632525427940664 ], [ -99.614528893174281, 33.620580906114341 ], [ -99.66856500093165, 33.599178000660416 ], [ -99.791943996848048, 33.584022002666792 ], [ -99.9914899958614, 33.58032200185724 ], [ -100.090260003895466, 33.549564998598619 ], [ -100.245700429257582, 33.579727039500654 ], [ -100.320765001871536, 33.602345998457814 ], [ -100.331000001976889, 33.620713998580932 ], [ -100.38949675715962, 33.62856276922092 ], [ -100.51764700199405, 33.602135999357237 ], [ -100.680159755790186, 33.617968505935735 ], [ -100.844192998036249, 33.6217629996965 ], [ -100.90025923545366, 33.63721119677615 ], [ -101.006268002794457, 33.684247003553629 ], [ -101.063659003727651, 33.683601001763812 ], [ -101.167904494946683, 33.664361398216229 ], [ -101.238062002354852, 33.659999996610651 ], [ -101.313950581612602, 33.661421663462086 ], [ -101.38780000314172, 33.674376001390307 ], [ -101.472909609127953, 33.667126824409536 ], [ -101.665561002403066, 33.667097000927107 ], [ -101.732155000876929, 33.647603001568214 ], [ -101.794134003393339, 33.598772000989612 ], [ -101.836483002354825, 33.590887996057603 ], [ -101.836389999773473, 33.584523001299246 ], [ -101.870587003127241, 33.58445299966354 ] ] } },
{ "type": "Feature", "properties": { "edge_type": "feeder_tree", "region": "ContigUS" }, "geometry": { "type": "LineString", "coordinates": [ [ -98.493853995085928, 29.424071996647005 ], [ -98.479599995281461, 29.435269001836385 ], [ -98.459256998885579, 29.483674000834473 ], [ -98.420974996608791, 29.500467002313599 ], [ -98.394612003218427, 29.521627998345508 ], [ -98.389426999263719, 29.533282003504947 ], [ -98.142110003795892, 29.684254001012224 ], [ -98.098113000529906, 29.699166000908239 ], [ -98.022659996387105, 29.793843997559943 ], [ -97.909469000720392, 29.896216003491777 ], [ -97.884695001303498, 29.938561996116512 ], [ -97.870056998664566, 29.996414996078268 ], [ -97.807086004546221, 30.112340001900236 ], [ -97.745548002969102, 30.267787997291034 ] ] } },
{ "type": "Feature", "properties": { "edge_type": "feeder_tree", "region": "ContigUS" }, "geometry": { "type": "LineString", "coordinates": [ [ -97.740503001451401, 30.281340996159827 ], [ -97.745548002969102, 30.267787997291034 ] ] } },
{ "type": "Feature", "properties": { "edge_type": "feeder_tree", "region": "ContigUS" }, "geometry": { "type": "LineString", "coordinates": [ [ -97.745548002969102, 30.267787997291034 ], [ -97.743174995348255, 30.267119998431564 ] ] } },
{ "type": "Feature", "properties": { "edge_type": "feeder_tree", "region": "ContigUS" }, "geometry": { "type": "LineString", "coordinates": [ [ -97.740503001451401, 30.281340996159827 ], [ -97.738177002669389, 30.302745996651879 ], [ -97.719607999296599, 30.294903998394044 ], [ -97.714411999962792, 30.322180996532566 ] ] } },
{ "type": "Feature", "properties": { "edge_type": "feeder_tree", "region": "ContigUS" }, "geometry": { "type": "LineString", "coordinates": [ [ -97.740503001451401, 30.281340996159827 ], [ -97.738118001321553, 30.280660002558243 ] ] } },
{ "type": "Feature", "properties": { "edge_type": "feeder_tree", "region": "ContigUS" }, "geometry": { "type": "LineString", "coordinates": [ [ -96.850448004847095, 32.764532000862282 ], [ -96.918070996529508, 32.766182002248101 ], [ -96.994972004061921, 32.758636001173883 ], [ -97.239582995416228, 32.76060399660247 ], [ -97.308525998526534, 32.747882001091675 ] ] } },
{ "type": "Feature", "properties": { "edge_type": "feeder_tree", "region": "ContigUS" }, "geometry": { "type": "LineString", "coordinates": [ [ -97.308525998526534, 32.747882001091675 ], [ -97.277964998150438, 32.739854997068186 ], [ -97.24505699638101, 32.740873999113049 ], [ -97.198851997028711, 32.728633000998471 ], [ -97.114448996861867, 32.739130996817309 ] ] } },
{ "type": "Feature", "properties": { "edge_type": "feeder_tree", "region": "ContigUS" }, "geometry": { "type": "LineString", "coordinates": [ [ -97.114448996861867, 32.739130996817309 ], [ -97.114598000418027, 32.72727700151102 ] ] } },
{ "type": "Feature", "properties": { "edge_type": "feeder_tree", "region": "ContigUS" }, "geometry": { "type": "LineString", "coordinates": [ [ -96.850448004847095, 32.764532000862282 ], [ -96.880012998151969, 32.749643002486302 ], [ -96.970693003316043, 32.749365997752641 ], [ -97.035631999609365, 32.73974600109063 ], [ -97.063572003447291, 32.743669001606861 ], [ -97.114448996861867, 32.739130996817309 ] ] } },
{ "type": "Feature", "properties": { "edge_type": "feeder_tree", "region": "ContigUS" }, "geometry": { "type": "LineString", "coordinates": [ [ -96.805073003901597, 32.786566998120684 ], [ -96.877455000464664, 32.849405995971189 ], [ -96.906038997546588, 32.946963996638104 ], [ -96.930662996277348, 32.982256000482593 ], [ -96.975361997005251, 33.00902000195282 ], [ -97.008738003071443, 33.046379999906854 ], [ -97.027305003201178, 33.110710001247696 ], [ -97.03956500358629, 33.129950997058017 ], [ -97.114109002493109, 33.191008003856993 ], [ -97.139391996333146, 33.196542996142547 ], [ -97.166661003569587, 33.211922001381886 ], [ -97.177554001654272, 33.255695996167205 ], [ -97.182020003038744, 33.350426998327364 ], [ -97.175613999966686, 33.423880996523394 ], [ -97.166233001252479, 33.436580996952685 ], [ -97.162849999791376, 33.47424399615997 ], [ -97.165328002502633, 33.586319997335586 ], [ -97.150730998973245, 33.620784000707438 ], [ -97.155770996874779, 33.645009002482617 ], [ -97.150849001668959, 33.669041000831008 ], [ -97.161275998700006, 33.690437997761151 ], [ -97.159503002806915, 33.727218998137289 ], [ -97.145521003887325, 33.738130002964006 ], [ -97.143360995803491, 33.79690400093164 ], [ -97.126098996253305, 33.882268999471357 ], [ -97.126292996422094, 33.998701003683038 ], [ -97.143703999528455, 34.027467999776952 ], [ -97.145259001251574, 34.360295002614691 ], [ -97.13627600112396, 34.376051999304948 ], [ -97.142808001897762, 34.424891999987864 ], [ -97.126344999893874, 34.502378997616809 ], [ -97.111267999558692, 34.507176000044225 ], [ -97.012263001229485, 34.506130996057507 ], [ -96.967398997950184, 34.544351997092534 ], [ -96.966004004145447, 34.883855001749787 ], [ -96.930715996879115, 34.94723700103399 ], [ -96.929180003507398, 34.978620000699287 ], [ -96.931826718812147, 35.192585334997972 ], [ -96.922104000963856, 35.26280300064024 ], [ -96.941948998315695, 35.28973599859372 ], [ -96.944978997802721, 35.343339002919457 ], [ -97.000519002126666, 35.383411003048828 ], [ -96.999596998268501, 35.637372998492118 ], [ -97.017227998787945, 35.681057000718745 ], [ -97.01641499650637, 35.942013996729607 ], [ -97.031641000397713, 35.956425999279233 ], [ -97.033706999787071, 35.985470002963169 ], [ -97.050774002038494, 35.985507997296239 ], [ -97.051216997237717, 36.084224001705479 ], [ -97.058418997483017, 36.094156002261748 ], [ -97.058615000894861, 36.115664997064876 ], [ -97.071827997015447, 36.115885996841151 ] ] } },
{ "type": "Feature", "properties": { "edge_type": "feeder_tree", "region": "ContigUS" }, "geometry": { "type": "LineString", "coordinates": [ [ -96.808079997534179, 32.779535002137358 ], [ -96.850448004847095, 32.764532000862282 ] ] } },
{ "type": "Feature", "properties": { "edge_type": "feeder_tree", "region": "ContigUS" }, "geometry": { "type": "LineString", "coordinates": [ [ -96.798824996521731, 32.772495002822929 ], [ -96.804003002600382, 32.768833002323625 ], [ -96.811876996577112, 32.77122800016145 ], [ -96.848948995115677, 32.764114999228248 ], [ -96.850448004847095, 32.764532000862282 ] ] } },
{ "type": "Feature", "properties": { "edge_type": "feeder_tree", "region": "ContigUS" }, "geometry": { "type": "LineString", "coordinates": [ [ -96.808079997534179, 32.779535002137358 ], [ -96.805073003901597, 32.786566998120684 ] ] } },
{ "type": "Feature", "properties": { "edge_type": "feeder_tree", "region": "ContigUS" }, "geometry": { "type": "LineString", "coordinates": [ [ -96.802848999836925, 32.779101001662212 ], [ -96.808079997534179, 32.779535002137358 ] ] } },
{ "type": "Feature", "properties": { "edge_type": "feeder_tree", "region": "ContigUS" }, "geometry": { "type": "LineString", "coordinates": [ [ -96.805073003901597, 32.786566998120684 ], [ -96.792842998263779, 32.795348001219566 ] ] } },
{ "type": "Feature", "properties": { "edge_type": "feeder_tree", "region": "ContigUS" }, "geometry": { "type": "LineString", "coordinates": [ [ -96.802848999836925, 32.779101001662212 ], [ -96.805073003901597, 32.786566998120684 ] ] } },
{ "type": "Feature", "properties": { "edge_type": "feeder_tree", "region": "ContigUS" }, "geometry": { "type": "LineString", "coordinates": [ [ -96.798824996521731, 32.772495002822929 ], [ -96.802848999836925, 32.779101001662212 ] ] } },
{ "type": "Feature", "properties": { "edge_type": "feeder_tree", "region": "ContigUS" }, "geometry": { "type": "LineString", "coordinates": [ [ -89.277520002818036, 43.046915999224446 ], [ -89.282654000430924, 43.106875001716858 ], [ -89.30642000026748, 43.153825998278307 ], [ -89.319641000377288, 43.174729001666947 ], [ -89.348383002134568, 43.197899998389772 ], [ -89.376764887260762, 43.248306961219143 ], [ -89.451968995187784, 43.330703000930683 ], [ -89.494788998819047, 43.491502996889068 ], [ -89.527319995630094, 43.517441003285249 ], [ -89.599617002584111, 43.538079000085602 ], [ -89.778330001163511, 43.569660001723186 ], [ -89.793985004501948, 43.589087999351761 ], [ -89.786317003202981, 43.625647002271499 ], [ -89.860299599973004, 43.696909511568371 ], [ -89.920941415273205, 43.73343781286183 ], [ -90.053077997062985, 43.792868000374213 ], [ -90.097078485792281, 43.84318359943812 ], [ -90.143812997088773, 43.881195999575745 ], [ -90.440462000463469, 43.983214998509389 ], [ -90.505267004049003, 44.021193001044288 ], [ -90.524641886063208, 44.071976028349766 ], [ -90.553022459649043, 44.118796797857449 ], [ -90.592212002907957, 44.160168999786166 ], [ -90.639860002033743, 44.192860002362472 ], [ -90.763643608137258, 44.25844051294056 ], [ -90.837409001254713, 44.307432000498892 ], [ -90.952141532898395, 44.355282002088508 ], [ -91.057378099437827, 44.422818533895061 ], [ -91.165735997179198, 44.548904999959902 ], [ -91.202234996330617, 44.575534002782817 ], [ -91.218516996787883, 44.59704699898699 ], [ -91.283820493490893, 44.628658344445043 ], [ -91.360601513050838, 44.727254273836024 ], [ -91.416771999956964, 44.767315997290922 ], [ -91.488303004485076, 44.765626999302206 ], [ -91.526710995480471, 44.776488000989147 ], [ -91.598542998510837, 44.840829999822439 ], [ -91.650496002955833, 44.854141002064793 ], [ -91.734777002923991, 44.88830299715702 ], [ -91.792243381492639, 44.903260447850549 ], [ -91.937466000503946, 44.90712399839947 ], [ -92.006479233903164, 44.918207398783601 ], [ -92.072195165119425, 44.9177808847964 ], [ -92.191696996336958, 44.933367001621995 ], [ -92.499957901551895, 44.941697913534973 ], [ -92.565897998364164, 44.960195998944265 ], [ -92.671405999849824, 44.964849997176856 ], [ -92.773161001775179, 44.961752001014489 ], [ -92.781005001004587, 45.021607001537816 ], [ -92.795296999545556, 45.042765002536051 ], [ -92.797081996930871, 45.036702001753369 ], [ -92.807443003721161, 45.035748000615584 ], [ -92.948699003797572, 45.035757998846847 ], [ -92.962235995291707, 45.029665000492244 ], [ -93.005149998634309, 45.036566002509986 ], [ -93.083962001253809, 45.035235999967647 ], [ -93.131309999007271, 45.05611300257199 ], [ -93.169670002000188, 45.066479997368113 ], [ -93.299287995194206, 45.06884099840164 ], [ -93.391993000638081, 45.079704999200985 ], [ -93.441740003256726, 45.090538002492423 ], [ -93.483160997613979, 45.123047999147794 ], [ -93.505007001244323, 45.152315999363104 ], [ -93.547510995524974, 45.192168999616698 ], [ -93.599238001810818, 45.219928002667871 ], [ -93.704427999685905, 45.257913002187905 ], [ -93.760954003848852, 45.289461999502258 ], [ -93.806592004560088, 45.299727001859644 ], [ -93.865003186228861, 45.334027388873707 ], [ -93.973549002544544, 45.367803998879673 ], [ -94.098137400327943, 45.431168087810633 ], [ -94.157420001721235, 45.495331998917685 ], [ -94.267386000602173, 45.501699999350279 ], [ -94.354947001200884, 45.570090002886104 ], [ -94.368349002857272, 45.588416002553579 ], [ -94.405763124771781, 45.608022592049835 ], [ -94.452111998299983, 45.603509000006007 ], [ -94.576083001954942, 45.62691199791368 ], [ -94.6907430036226, 45.660820998042034 ], [ -94.811743997285205, 45.666911002089023 ], [ -94.958566003777761, 45.722291002270012 ], [ -94.990449997988534, 45.74771900086251 ], [ -95.083632996995078, 45.789201001739272 ], [ -95.148983996610355, 45.832899001059317 ], [ -95.284907004272128, 45.832112997563698 ], [ -95.377846002881213, 45.840943998324605 ], [ -95.48981299905752, 45.881097000574997 ], [ -95.661315157969256, 45.974991282095374 ], [ -95.726079997878458, 45.994615997152621 ], [ -95.733585996999054, 46.002472999396993 ], [ -95.838207999103147, 46.038344999484416 ], [ -95.89658199950226, 46.108201997495044 ], [ -95.964672824801482, 46.171430271028157 ], [ -96.112081997113222, 46.275925997850166 ], [ -96.122607000341745, 46.292651001545948 ], [ -96.122998998182283, 46.329452998745879 ], [ -96.185901998816789, 46.383764001413141 ], [ -96.263853999299016, 46.471597996747128 ], [ -96.28064800353566, 46.482600997882962 ], [ -96.290958929248845, 46.518328577473468 ], [ -96.340818535688328, 46.59721838394168 ], [ -96.399606003663322, 46.665129001117414 ], [ -96.480262373325232, 46.715162130823103 ], [ -96.552289652132089, 46.781732035138361 ], [ -96.643715995600516, 46.845160998748241 ], [ -96.767968998389478, 46.84698899831168 ], [ -96.767828995952442, 46.875999999657708 ], [ -96.793996003897234, 46.880489001098042 ], [ -96.793746999883666, 46.890375999866656 ], [ -96.800040003876092, 46.89040099809035 ] ] } },
{ "type": "Feature", "properties": { "edge_type": "feeder_tree", "region": "ContigUS" }, "geometry": { "type": "LineString", "coordinates": [ [ -96.798824996521731, 32.772495002822929 ], [ -96.786147998181704, 32.775511004022299 ] ] } },
{ "type": "Feature", "properties": { "edge_type": "feeder_tree", "region": "ContigUS" }, "geometry": { "type": "LineString", "coordinates": [ [ -96.792842998263779, 32.795348001219566 ], [ -96.793230998601288, 32.807299999498611 ], [ -96.771411001198402, 32.851083997591829 ], [ -96.768888001874586, 32.909267998894613 ] ] } },
{ "type": "Feature", "properties": { "edge_type": "feeder_tree", "region": "ContigUS" }, "geometry": { "type": "LineString", "coordinates": [ [ -96.786147998181704, 32.775511004022299 ], [ -96.792842998263779, 32.795348001219566 ] ] } },
{ "type": "Feature", "properties": { "edge_type": "feeder_tree", "region": "ContigUS" }, "geometry": { "type": "LineString", "coordinates": [ [ -96.786147998181704, 32.775511004022299 ], [ -96.781844996105534, 32.771894998970041 ], [ -96.789354004582307, 32.765114997644339 ] ] } },
{ "type": "Feature", "properties": { "edge_type": "feeder_tree", "region": "ContigUS" }, "geometry": { "type": "LineString", "coordinates": [ [ -89.40057699762086, 43.07294500151847 ], [ -89.451153001516303, 43.075244998685413 ], [ -89.516316998838832, 43.096792996943996 ], [ -89.61616422164586, 43.096470898267555 ], [ -89.746711998108353, 43.142350000286669 ], [ -89.770881997277669, 43.16582899832887 ], [ -89.976808478225834, 43.161497210207763 ], [ -90.042275998316541, 43.169665998945234 ], [ -90.073616996870712, 43.189708002333553 ], [ -90.198693997320305, 43.191308997009209 ], [ -90.248802248447305, 43.20287878879364 ], [ -90.291543999834204, 43.223796999439472 ], [ -90.301165001442897, 43.278543000304339 ], [ -90.35054300309227, 43.315269003034594 ], [ -90.386676001647487, 43.329890999331461 ], [ -90.388477995157984, 43.387868001532681 ], [ -90.450094725086601, 43.429206366756276 ], [ -90.513547377893971, 43.469527821037822 ], [ -90.585511747681423, 43.498068590285726 ], [ -90.749563360475037, 43.518525762176637 ], [ -90.815476004772236, 43.548412998326157 ], [ -90.889450004664937, 43.556999003122584 ], [ -90.886269447536307, 43.61012614080478 ], [ -90.856354003472816, 43.658610002862389 ], [ -90.917655056427463, 43.658117688137224 ], [ -91.086762998494493, 43.724937997669578 ], [ -91.131320020491756, 43.759606989485029 ], [ -91.200472995816568, 43.75224599658862 ], [ -91.251600996487824, 43.798863999538149 ], [ -91.25340399611143, 43.807779001631367 ], [ -91.273168998487193, 43.818860003045437 ], [ -91.303634004892018, 43.825969000509687 ], [ -91.298123002320708, 43.846946998994042 ], [ -91.303156999476158, 43.854985002220751 ], [ -91.368097999012562, 43.915935001201909 ], [ -91.438690003557355, 43.925885997226338 ], [ -91.560350998442331, 43.910235000272294 ], [ -91.597102999110376, 43.914313000855323 ], [ -91.635971259907905, 43.942772877095024 ], [ -91.680371004865208, 43.956482998901535 ], [ -91.733438998240871, 43.941020999484699 ], [ -91.879358000243556, 43.93220599670861 ], [ -92.013648598354195, 43.936713634030347 ], [ -92.065470996740032, 43.952218001205388 ], [ -92.298897648396718, 43.955433738953268 ], [ -92.357706999332024, 43.950908998612782 ], [ -92.438992001046628, 43.97449600329648 ], [ -92.462513003355767, 43.976735002692941 ], [ -92.484470999952606, 43.994709999152491 ], [ -92.488164998165018, 44.030423998990351 ], [ -92.517536997414197, 44.036689999995986 ], [ -92.743336000094516, 44.022464998506855 ], [ -92.815091349881669, 44.02552491661995 ], [ -92.859154002028617, 44.018418001468106 ], [ -92.902276001292137, 44.041356996744689 ], [ -92.939905386498168, 44.051811905062912 ], [ -93.096185000032378, 44.052968997185054 ], [ -93.124626003287446, 44.060701999723733 ], [ -93.487089995104725, 44.056634999129301 ], [ -93.501973004254268, 44.065906002000418 ], [ -93.507439001229855, 44.077605003095073 ], [ -93.622434999763257, 44.103964001114711 ], [ -93.748922004865946, 44.123445999241191 ], [ -93.76795900355232, 44.138425001168471 ], [ -93.878686998373041, 44.169036999840813 ], [ -93.948794002495916, 44.174965998589265 ], [ -93.996076998155445, 44.190923997661763 ], [ -94.016505002126678, 44.191478999692983 ], [ -94.0352310040617, 44.181067999138641 ], [ -94.058939996810338, 44.18184999809715 ], [ -94.200607003078687, 44.274958997571453 ], [ -94.271298307394972, 44.268211353916428 ], [ -94.341822004045511, 44.268543001484296 ], [ -94.423697001272444, 44.301800998407607 ], [ -94.441039004781814, 44.324938001048288 ], [ -94.466700997840192, 44.319410001071709 ], [ -94.481665996225743, 44.330843999471455 ], [ -94.497286998330651, 44.326237998802497 ], [ -94.593091999988502, 44.325630003083091 ], [ -94.706723996594462, 44.297778003495146 ], [ -94.725755003517918, 44.297262001654552 ], [ -94.758450939998212, 44.282743431799119 ], [ -94.860662537616221, 44.282362737150649 ], [ -94.906662002431503, 44.262842001367723 ], [ -94.987639995914577, 44.24069099894453 ], [ -95.20039782323866, 44.238608128859511 ], [ -95.370673000253291, 44.224809996918765 ], [ -95.477114998106146, 44.225237999115095 ], [ -95.531777510094258, 44.239041044248673 ], [ -96.0472309997851, 44.240589997481258 ], [ -96.078983004531182, 44.245311003038296 ], [ -96.134839000239509, 44.269630998469417 ], [ -96.200428996636091, 44.270150999611467 ], [ -96.285485997279253, 44.262156998346057 ], [ -96.288076001940098, 44.265754998901443 ], [ -96.363700997527232, 44.269700996911915 ], [ -96.484022002452349, 44.27050700219354 ], [ -96.487728999286944, 44.308673002208771 ], [ -96.788450002962477, 44.314150997683456 ] ] } },
{ "type": "Feature", "properties": { "edge_type": "feeder_tree", "region": "ContigUS" }, "geometry": { "type": "LineString", "coordinates": [ [ -96.768888001874586, 32.909267998894613 ], [ -96.763943997944295, 32.924193999705906 ], [ -96.716095997903665, 32.975407001951595 ] ] } },
{ "type": "Feature", "properties": { "edge_type": "feeder_tree", "region": "ContigUS" }, "geometry": { "type": "LineString", "coordinates": [ [ -96.768888001874586, 32.909267998894613 ], [ -96.768131997697779, 32.97831500052262 ], [ -96.716095997903665, 32.975407001951595 ] ] } },
{ "type": "Feature", "properties": { "edge_type": "feeder_tree", "region": "ContigUS" }, "geometry": { "type": "LineString", "coordinates": [ [ -96.716095997903665, 32.975407001951595 ], [ -96.709109997568433, 33.028478000585665 ], [ -96.673111997834113, 33.112031997459816 ], [ -96.645501999098968, 33.158150999619032 ] ] } },
{ "type": "Feature", "properties": { "edge_type": "feeder_tree", "region": "ContigUS" }, "geometry": { "type": "LineString", "coordinates": [ [ -96.63821700350455, 33.161520001598497 ], [ -96.645501999098968, 33.158150999619032 ] ] } },
{ "type": "Feature", "properties": { "edge_type": "feeder_tree", "region": "ContigUS" }, "geometry": { "type": "LineString", "coordinates": [ [ -96.645501999098968, 33.158150999619032 ], [ -96.635219999137888, 33.220736000947902 ], [ -96.618214998607357, 33.250466002593988 ], [ -96.595726995992919, 33.268526002500806 ], [ -96.580348000025538, 33.39995599929 ], [ -96.612987998413104, 33.465542001797743 ], [ -96.605418003311684, 33.595233001521258 ], [ -96.616165995343195, 33.639449999940567 ], [ -96.558715004915342, 33.720488002713289 ], [ -96.538174001864505, 33.731825998887004 ], [ -96.534721003676481, 33.819625998388148 ], [ -96.500701004366277, 33.877562001317685 ], [ -96.420183999337553, 33.940382001482547 ], [ -96.416424999031165, 33.976764002914614 ], [ -96.37845100211581, 34.035061997810963 ], [ -96.2712319974748, 34.135368998404644 ], [ -96.205557002486017, 34.271141999133732 ], [ -96.169168002041161, 34.316889003233236 ], [ -96.12487799527895, 34.393899000877767 ], [ -96.073163996598424, 34.440804004070039 ], [ -96.051067003677659, 34.475758998199503 ], [ -96.025123002502127, 34.545835997004268 ], [ -95.973225999031939, 34.606571998148375 ], [ -95.929835996386572, 34.680412000011167 ], [ -95.902651996725439, 34.713267999270116 ], [ -95.882521999866597, 34.779800000065542 ], [ -95.817555003085829, 34.858282997966306 ], [ -95.786911995507467, 34.886933003893738 ], [ -95.754149996921129, 34.899689002375247 ], [ -95.745163996420501, 34.913017003139679 ], [ -95.725381000789568, 34.953294999238551 ], [ -95.718548998643513, 35.014556998350457 ], [ -95.695049996075667, 35.104675003093185 ], [ -95.641929999228211, 35.184249002886027 ], [ -95.599896003504256, 35.228430999420091 ], [ -95.587831000417808, 35.258781000586424 ], [ -95.592726001249332, 35.30400100286159 ], [ -95.546890002866306, 35.451941999852039 ], [ -95.516114996840088, 35.507740997028328 ], [ -95.49001600034542, 35.584055001771382 ], [ -95.436640998738241, 35.667863997949439 ], [ -95.413613000840201, 35.680065001460314 ], [ -95.402830998592023, 35.696992998810089 ], [ -95.402327995931842, 35.911206997029097 ], [ -95.39513499680568, 35.918949997334749 ], [ -95.394755997587311, 35.95942100125518 ], [ -95.374238000390918, 35.988250002988686 ], [ -95.360143002391752, 36.11089999802801 ], [ -95.341705000336816, 36.147463997583174 ], [ -95.331626001663679, 36.270744001675212 ], [ -95.29261599569746, 36.36522800062567 ], [ -95.294893997493858, 36.380025998647305 ], [ -95.256133004524429, 36.481407001182973 ], [ -95.220537998009718, 36.546122997342628 ], [ -95.220111001805705, 36.557945000035652 ], [ -95.183033999651045, 36.607936999366657 ], [ -95.143537996132963, 36.625354999276738 ], [ -95.100511999823908, 36.656426002787363 ], [ -94.927258000344011, 36.725161001330719 ], [ -94.927117000777002, 36.815595997413041 ], [ -94.903883998347965, 36.85906300292271 ], [ -94.878711003214491, 36.870885996288685 ], [ -94.877422001630137, 36.919105999830748 ], [ -94.867390002812684, 36.940699001352158 ], [ -94.787961998453397, 36.949198996129567 ], [ -94.785513002342668, 36.960534003159921 ], [ -94.740732003395635, 36.992899999899649 ], [ -94.735149997984266, 37.055359003164817 ], [ -94.704332995718502, 37.089525000320201 ], [ -94.710087998687285, 37.543012999496867 ], [ -94.702455004734958, 37.857809999479045 ], [ -94.713498605377055, 38.107299943593262 ], [ -94.709564002398906, 38.143200002042164 ], [ -94.695699000061921, 38.168030996298022 ], [ -94.702642995174457, 38.215139002633812 ], [ -94.670709997864961, 38.2649760036972 ], [ -94.684609001435447, 38.348829000484997 ], [ -94.685284004523069, 38.522966998728421 ], [ -94.695064996083843, 38.567217996902457 ], [ -94.694829996805524, 38.623838997503221 ], [ -94.67635500212721, 38.72121000111305 ], [ -94.675159003124236, 38.806054997518295 ], [ -94.677279000245278, 38.89916400020001 ], [ -94.69866900107111, 38.91284199763551 ], [ -94.723605002666346, 38.912817002061217 ], [ -94.723561003183718, 38.927452997170484 ] ] } },
{ "type": "Feature", "properties": { "edge_type": "feeder_tree", "region": "ContigUS" }, "geometry": { "type": "LineString", "coordinates": [ [ -95.369149996520562, 29.76382399887828 ], [ -95.373551004794237, 29.80899399838734 ], [ -95.41174599625262, 29.877797000810752 ], [ -95.411866999321376, 29.93177299980459 ], [ -95.456212998075259, 30.207438998177885 ], [ -95.481959001579, 30.204270004110274 ], [ -95.511641997579559, 30.229622002009457 ], [ -95.584109001717948, 30.220821999753579 ], [ -95.67987899602916, 30.223152997330722 ], [ -95.691867004512602, 30.227910000890482 ], [ -95.753823998304512, 30.211778997578602 ], [ -95.800512003818781, 30.225110001559401 ], [ -95.820075002036631, 30.242032001098725 ], [ -95.892869909220025, 30.278476136644304 ], [ -95.973398233021371, 30.302629791477031 ], [ -96.050752000440141, 30.342459998542367 ], [ -96.081551000467641, 30.372737999086219 ], [ -96.102284997574074, 30.414315000925509 ], [ -96.126297998181158, 30.439665000416493 ], [ -96.334844999560374, 30.627795001484053 ], [ -96.448541001130351, 30.539109996830337 ], [ -96.3932266266563, 30.503044214373393 ], [ -96.343220001937382, 30.37491199871247 ], [ -96.346782998831955, 30.319355001363903 ], [ -96.361382266115825, 30.258841410236577 ], [ -96.363973995542082, 30.197430001791886 ], [ -96.390373999522126, 30.168293000342508 ], [ -96.407988003916387, 30.164918001603954 ] ] } },
{ "type": "Feature", "properties": { "edge_type": "feeder_tree", "region": "ContigUS" }, "geometry": { "type": "LineString", "coordinates": [ [ -95.369149996520562, 29.76382399887828 ], [ -95.381834998849797, 29.742015001268328 ] ] } },
{ "type": "Feature", "properties": { "edge_type": "feeder_tree", "region": "ContigUS" }, "geometry": { "type": "LineString", "coordinates": [ [ -95.369149996520562, 29.76382399887828 ], [ -95.380140003672821, 29.763188000486796 ] ] } },
{ "type": "Feature", "properties": { "edge_type": "feeder_tree", "region": "ContigUS" }, "geometry": { "type": "LineString", "coordinates": [ [ -86.533620998040547, 39.164599998080909 ], [ -86.561470999670163, 39.156078999346043 ], [ -86.671446996800228, 39.086823997754173 ], [ -86.683052996709065, 39.08647300084597 ], [ -86.699772000602636, 39.065111002448006 ], [ -86.700564997402793, 39.054151002784266 ], [ -86.727904001366227, 39.036240998872664 ], [ -86.765044002371766, 39.047239002638044 ], [ -86.794035996289452, 39.048009998738479 ], [ -86.844759000498001, 39.04346099800545 ], [ -86.909149997518554, 39.027340000246859 ], [ -87.057406002665473, 39.035003998345474 ], [ -87.080703001075349, 38.990032002304105 ], [ -87.088937003885363, 38.988710000329171 ], [ -87.143719000789446, 38.932888003383987 ], [ -87.191163998627317, 38.898126001186363 ], [ -87.225666995116342, 38.861396003750073 ], [ -87.258715996452793, 38.798368997786397 ], [ -87.298105998767312, 38.780269999528727 ], [ -87.335421997703349, 38.780462003410513 ], [ -87.370750995096103, 38.76190799838929 ], [ -87.388934001374494, 38.76326700015764 ], [ -87.415097002833136, 38.756269996854599 ], [ -87.483757997826316, 38.712976000830238 ], [ -87.489087001721074, 38.696935997509684 ], [ -87.530466996968741, 38.67612200142819 ], [ -87.554059999247912, 38.697000001137248 ], [ -87.554369998869291, 38.711310002564325 ], [ -87.687140000732214, 38.729509998623563 ], [ -87.694639999106712, 38.568339999842621 ], [ -87.710759997385651, 38.530309997968644 ], [ -87.759530001284446, 38.469919998220483 ], [ -87.769270002718798, 38.446029998342986 ], [ -87.761420002743307, 38.416920003037177 ], [ -87.798614998610546, 38.408319000833217 ], [ -87.875320002731158, 38.408020001971629 ], [ -87.911579996118078, 38.392119999896487 ], [ -88.05628000224651, 38.377030000797731 ], [ -88.148580002244515, 38.379049999748013 ], [ -88.277520000960976, 38.371820001911402 ], [ -88.382380002716459, 38.379639996712363 ], [ -88.442739998545719, 38.36979999830703 ], [ -88.584170002292652, 38.369180002278668 ], [ -88.588180000872583, 38.346599999765679 ], [ -88.764229997691174, 38.342879998750782 ], [ -88.873089999777449, 38.31590999959095 ], [ -88.95168999998991, 38.312670001528716 ], [ -88.965978001027864, 38.340867001343661 ], [ -89.028649002757064, 38.361765000223855 ], [ -89.070932999624617, 38.361968001106241 ], [ -89.145370000197929, 38.387190000688499 ], [ -89.375129001229453, 38.391835001611817 ], [ -89.448935384473302, 38.419708327082724 ], [ -89.526639997909456, 38.437669996641731 ], [ -89.611809997632193, 38.500179998091561 ], [ -89.670260004487545, 38.516389999908377 ], [ -89.705060001975809, 38.51859000208767 ], [ -89.732429997816482, 38.539359996558716 ], [ -89.751779996497334, 38.545709999805958 ], [ -89.806979997469384, 38.551559997774952 ], [ -89.88161999933061, 38.574240000398703 ], [ -89.929060002535522, 38.575959998789564 ], [ -89.944429000253791, 38.592390999859774 ], [ -89.961098003918607, 38.598081998670047 ], [ -90.01327999791269, 38.600770000938951 ], [ -90.053699002418895, 38.617806002801217 ], [ -90.123529999170728, 38.62179000197861 ], [ -90.145728995791984, 38.632542001799465 ], [ -90.162629998362078, 38.627699997396654 ], [ -90.167368000631427, 38.617104999141404 ], [ -90.174511996658822, 38.615851001438223 ], [ -90.309970000396916, 38.650723999738823 ] ] } },
{ "type": "Feature", "properties": { "edge_type": "feeder_tree", "region": "ContigUS" }, "geometry": { "type": "LineString", "coordinates": [ [ -89.400432000550822, 43.075797999345298 ], [ -89.40057699762086, 43.07294500151847 ] ] } },
{ "type": "Feature", "properties": { "edge_type": "feeder_tree", "region": "ContigUS" }, "geometry": { "type": "LineString", "coordinates": [ [ -89.277520002818036, 43.046915999224446 ], [ -89.369759995355096, 43.042954001498515 ], [ -89.384691998620241, 43.068019999603315 ], [ -89.40057699762086, 43.07294500151847 ] ] } },
{ "type": "Feature", "properties": { "edge_type": "feeder_tree", "region": "ContigUS" }, "geometry": { "type": "LineString", "coordinates": [ [ -88.00036999982332, 42.239620000961175 ], [ -88.075780001613481, 42.30320999763876 ], [ -88.111280002303744, 42.315519997441562 ], [ -88.164569996335544, 42.323039999629081 ], [ -88.169132997804383, 42.374701999334569 ], [ -88.18407000468568, 42.401029997416622 ], [ -88.219130001566626, 42.433089999950411 ], [ -88.276709999052429, 42.440719998394528 ], [ -88.305780002669394, 42.45086999794659 ], [ -88.306250001226047, 42.489019998325404 ], [ -88.318122001273693, 42.498274996845133 ], [ -88.338102581351336, 42.546189352780551 ], [ -88.394015000242675, 42.582049002095729 ], [ -88.421123999560734, 42.60885400084468 ], [ -88.447117003834975, 42.615354001838277 ], [ -88.509589001779304, 42.656665997628153 ], [ -88.541853998451543, 42.697970999880731 ], [ -88.562805001581197, 42.799260998689014 ], [ -88.631513697115949, 42.796590606682258 ], [ -88.692866996087488, 42.818198002731563 ], [ -88.717883998771867, 42.832628997665097 ], [ -88.767537001679202, 42.837408000616072 ], [ -88.786023997849725, 42.850964997019268 ], [ -88.843283000335063, 42.932809998200241 ], [ -89.076777995818574, 43.02785900252205 ], [ -89.200019001524197, 43.03049399946665 ], [ -89.277520002818036, 43.046915999224446 ] ] } },
{ "type": "Feature", "properties": { "edge_type": "feeder_tree", "region": "ContigUS" }, "geometry": { "type": "LineString", "coordinates": [ [ -87.576661000941968, 33.238957003521371 ], [ -87.628706998985166, 33.23293299675008 ], [ -87.649244004532989, 33.235916999631428 ], [ -87.740828999463773, 33.270271997366322 ], [ -87.854390999342826, 33.285289998927695 ], [ -87.948321109204883, 33.345428283260993 ], [ -88.07609013598217, 33.404088373943928 ], [ -88.141773997342767, 33.400658001180531 ], [ -88.212633996286257, 33.414354002579643 ], [ -88.280146998245257, 33.490444998361284 ], [ -88.402302003654441, 33.498563000822934 ], [ -88.431928998680178, 33.494609000482626 ], [ -88.438698999105341, 33.499901004046428 ], [ -88.494663996390216, 33.482213001285274 ], [ -88.540422838473503, 33.478760495610381 ], [ -88.652675004836752, 33.487720999974812 ], [ -88.706599999976618, 33.484310003808531 ], [ -88.797362003359851, 33.466958997588719 ], [ -88.798611002964606, 33.458579000791026 ] ] } },
{ "type": "Feature", "properties": { "edge_type": "feeder_tree", "region": "ContigUS" }, "geometry": { "type": "LineString", "coordinates": [ [ -87.642450001123436, 41.875610001100156 ], [ -87.886557998800711, 41.8697879964935 ], [ -87.904272003652409, 41.873920002176668 ], [ -87.947000001832279, 41.845029996893118 ], [ -87.972575002038553, 41.844283999946668 ], [ -88.010867002564467, 41.833434002888524 ], [ -88.067185998953363, 41.830124001405657 ] ] } },
{ "type": "Feature", "properties": { "edge_type": "feeder_tree", "region": "ContigUS" }, "geometry": { "type": "LineString", "coordinates": [ [ -88.00036999982332, 42.239620000961175 ], [ -87.862169996478272, 42.239870002670521 ], [ -87.786899997125133, 42.136290002065415 ], [ -87.747079998233545, 42.068799998509697 ], [ -87.747089996482671, 42.040749998118471 ], [ -87.710749999136553, 42.040940002347448 ], [ -87.711689996249845, 41.997370000363482 ] ] } },
{ "type": "Feature", "properties": { "edge_type": "feeder_tree", "region": "ContigUS" }, "geometry": { "type": "LineString", "coordinates": [ [ -87.687729996244514, 41.927964996361659 ], [ -87.763834997620535, 41.971372997415166 ], [ -87.88775000030067, 42.104750000825227 ], [ -87.907810000432605, 42.139740001487993 ], [ -87.936670004885585, 42.139199996840368 ], [ -87.974400001403467, 42.171260001612772 ], [ -87.989230000968078, 42.175830001063041 ], [ -87.994169998412232, 42.23642000333664 ], [ -88.00036999982332, 42.239620000961175 ] ] } },
{ "type": "Feature", "properties": { "edge_type": "feeder_tree", "region": "ContigUS" }, "geometry": { "type": "LineString", "coordinates": [ [ -85.33165600478992, 32.672906000865062 ], [ -85.356091995114866, 32.640188000401508 ], [ -85.648872996606542, 32.481411001440684 ], [ -85.702061004904166, 32.469774998427013 ], [ -85.752581995971596, 32.448473997713904 ], [ -85.846231535020962, 32.437441958068959 ], [ -85.94280800086166, 32.417491000189109 ], [ -86.010923996955142, 32.380781998436895 ], [ -86.052664001036078, 32.368784997129694 ], [ -86.213538003175174, 32.362890998551947 ], [ -86.238372998199836, 32.327304999445396 ], [ -86.334772998986139, 32.327243999532662 ], [ -86.345952999820938, 32.279683997652448 ], [ -86.417456003861645, 32.195370002360271 ], [ -86.457439002061534, 32.114017996852525 ], [ -86.502700824264394, 32.047309633107787 ], [ -86.538947998692251, 31.963485999943114 ], [ -86.661332002633614, 31.831049001753204 ], [ -86.672150997505227, 31.799046997489747 ], [ -86.769648002950149, 31.656342999667327 ], [ -86.923102001690808, 31.505940996028709 ], [ -87.038474187715721, 31.38215509727959 ], [ -87.07324300468045, 31.355325996777047 ], [ -87.16352312479583, 31.307034702924767 ], [ -87.359871893948878, 31.167105475920458 ], [ -87.459165997085989, 31.116053001249284 ], [ -87.49721399721443, 31.104641003092336 ], [ -87.655762997701487, 31.019311998049474 ], [ -87.70175624617498, 30.98772315517164 ], [ -87.754215999254939, 30.965581999043977 ], [ -87.857549996904652, 30.948992001094346 ], [ -87.861708999040758, 30.835187002962144 ], [ -87.887871272864004, 30.764294317223143 ], [ -87.910996001351862, 30.668483997885904 ], [ -87.912670002900683, 30.640025997916052 ], [ -87.898179000574814, 30.60388399993775 ] ] } },
{ "type": "Feature", "properties": { "edge_type": "feeder_tree", "region": "ContigUS" }, "geometry": { "type": "LineString", "coordinates": [ [ -87.711689996249845, 41.997370000363482 ], [ -87.660729998503015, 42.000591998723344 ] ] } },
{ "type": "Feature", "properties": { "edge_type": "feeder_tree", "region": "ContigUS" }, "geometry": { "type": "LineString", "coordinates": [ [ -87.687729996244514, 41.927964996361659 ], [ -87.6896699979321, 41.990499997789883 ], [ -87.707379996297632, 41.990399999575722 ], [ -87.711689996249845, 41.997370000363482 ] ] } },
{ "type": "Feature", "properties": { "edge_type": "feeder_tree", "region": "ContigUS" }, "geometry": { "type": "LineString", "coordinates": [ [ -87.630769998001483, 41.878160001725341 ], [ -87.632609999231633, 41.89241000182971 ], [ -87.652419998219997, 41.892259997545075 ], [ -87.668182997021859, 41.915983003391979 ], [ -87.687729996244514, 41.927964996361659 ] ] } },
{ "type": "Feature", "properties": { "edge_type": "feeder_tree", "region": "ContigUS" }, "geometry": { "type": "LineString", "coordinates": [ [ -87.630769998001483, 41.878160001725341 ], [ -87.639549996841168, 41.878050001726088 ], [ -87.639639999049479, 41.875630997295055 ], [ -87.640979997992531, 41.875610001100156 ], [ -87.642450001123436, 41.875610001100156 ] ] } },
{ "type": "Feature", "properties": { "edge_type": "feeder_tree", "region": "ContigUS" }, "geometry": { "type": "LineString", "coordinates": [ [ -86.157738996588506, 39.775507999710491 ], [ -86.156855997579981, 39.824808996944185 ], [ -86.225784995954982, 39.824066999713089 ], [ -86.242306002176775, 39.839044003425798 ], [ -86.256678004676957, 39.842700998285025 ], [ -86.353623004362944, 39.947309002347275 ], [ -86.443727997913712, 40.022849999809019 ], [ -86.487236003254793, 40.044403000026563 ], [ -86.49667600331685, 40.069523002813646 ], [ -86.849723000926502, 40.387701001613145 ], [ -86.857457001449376, 40.400594001309116 ], [ -86.879742999905915, 40.418227002044851 ], [ -86.908088000206504, 40.423902002318222 ], [ -86.936354002661034, 40.464301000067401 ], [ -87.029430003334127, 40.474534999523584 ], [ -87.031158002614632, 40.626033000994745 ], [ -87.040088999270452, 40.635656000607256 ], [ -87.040839999831135, 40.667767997419901 ], [ -87.158380997429646, 40.812227999757575 ], [ -87.212669998905781, 40.911765000680845 ], [ -87.221415996511979, 40.944643002481321 ], [ -87.270248002131694, 41.007484001231731 ], [ -87.265638000807186, 41.14789000267232 ], [ -87.295326997553829, 41.224579002145902 ], [ -87.308766997946734, 41.340059999830586 ], [ -87.32392299612799, 41.393333999846021 ], [ -87.347458003172392, 41.412867000712659 ], [ -87.364397004479017, 41.416840998134631 ], [ -87.364962997006941, 41.470972997662358 ], [ -87.470834995845706, 41.490665997395254 ], [ -87.471134997218002, 41.560698002219254 ], [ -87.480749998080597, 41.576284000259044 ], [ -87.483374003974973, 41.661189999910434 ], [ -87.534359998966082, 41.712669997581976 ], [ -87.58560000158694, 41.749749999036133 ], [ -87.585084997434549, 41.78623999710252 ], [ -87.607288000541971, 41.786398997889371 ], [ -87.611109999699266, 41.793229999358331 ], [ -87.630797998488873, 41.79455000278665 ], [ -87.630430003632753, 41.838260001029781 ], [ -87.64481000113895, 41.850670001063023 ], [ -87.642450001123436, 41.875610001100156 ] ] } },
{ "type": "Feature", "properties": { "edge_type": "feeder_tree", "region": "ContigUS" }, "geometry": { "type": "LineString", "coordinates": [ [ -87.629270000123213, 41.878180000488754 ], [ -87.630769998001483, 41.878160001725341 ] ] } },
{ "type": "Feature", "properties": { "edge_type": "feeder_tree", "region": "ContigUS" }, "geometry": { "type": "LineString", "coordinates": [ [ -87.576661000941968, 33.238957003521371 ], [ -87.568667001026427, 33.300879999132285 ], [ -87.573578000853146, 33.330072002288141 ], [ -87.544371004155366, 33.384559001255269 ], [ -87.518202999080572, 33.398967002899923 ], [ -87.49692599733433, 33.43834600058377 ], [ -87.4973310027802, 33.486871000002139 ], [ -87.460407262196142, 33.534321972450542 ], [ -87.407758997653815, 33.568569998643916 ], [ -87.392687998064744, 33.601653000233284 ], [ -87.367822002179636, 33.617898000314803 ], [ -87.391189167996359, 33.654385297428504 ], [ -87.395157996786793, 33.698814003208724 ], [ -87.330698997299251, 33.817255998031129 ], [ -87.242949000147902, 33.840923999187552 ], [ -87.205335003082681, 33.843821996859702 ], [ -87.156822905501954, 33.893462574413732 ], [ -87.083176000170482, 33.911329003480375 ], [ -87.035061999991072, 33.951481998636652 ], [ -86.999865998176105, 33.962493002965154 ], [ -86.966214999835145, 33.998039001599565 ], [ -86.935368002822059, 34.003427001577123 ], [ -86.866477003183505, 34.054634998844698 ], [ -86.866177001811252, 34.117331999879696 ], [ -86.88176199943959, 34.237084996924118 ], [ -86.904228999442694, 34.309890002575223 ], [ -86.89145999565126, 34.368163001106041 ], [ -86.901633003018887, 34.446474999502357 ], [ -86.898124003856054, 34.49978499858458 ], [ -86.906015002941103, 34.536103998637792 ], [ -86.90135299814483, 34.627753997751995 ], [ -86.873357999445204, 34.630719998933586 ], [ -86.765986999858114, 34.667882002718883 ], [ -86.675944996175105, 34.706114002301646 ], [ -86.609450998158636, 34.724788002896048 ], [ -86.586642000543691, 34.739096000481048 ], [ -86.60035499895146, 34.74021599776826 ], [ -86.571606996448082, 34.813286998611922 ], [ -86.568122000269625, 34.961476000434999 ], [ -86.575915002140349, 35.023666999026702 ], [ -86.566279995796407, 35.109924003172196 ], [ -86.569931997769302, 35.142986002878075 ], [ -86.554202003070969, 35.153848997393588 ], [ -86.566103997865923, 35.168888000771879 ], [ -86.566079949965754, 35.222887027234314 ], [ -86.553831304285794, 35.273461006038929 ], [ -86.530756998234878, 35.318498999756997 ], [ -86.538581000966047, 35.334825996000063 ], [ -86.491439633694199, 35.393723366175919 ], [ -86.459010002779863, 35.489283002611899 ], [ -86.500042996799593, 35.513941003231665 ], [ -86.581070307791776, 35.610958612126552 ], [ -86.594719453949139, 35.657961152694554 ], [ -86.649921997153484, 35.739873001639751 ], [ -86.651617001313625, 35.789886998340428 ], [ -86.662305003850491, 35.807010999368458 ], [ -86.657987997039015, 35.924597999676877 ], [ -86.681772996243851, 35.989295999337465 ], [ -86.703597000132916, 36.012398001083653 ], [ -86.719156000516932, 36.068198001495873 ], [ -86.775164997284435, 36.161842996358104 ] ] } },
{ "type": "Feature", "properties": { "edge_type": "feeder_tree", "region": "ContigUS" }, "geometry": { "type": "LineString", "coordinates": [ [ -87.566748999080133, 33.205963997062753 ], [ -87.575997002216567, 33.218803001086421 ], [ -87.576661000941968, 33.238957003521371 ] ] } },
{ "type": "Feature", "properties": { "edge_type": "feeder_tree", "region": "ContigUS" }, "geometry": { "type": "LineString", "coordinates": [ [ -87.566748999080133, 33.205963997062753 ], [ -87.560523997554697, 33.211957002260142 ], [ -87.546553002997342, 33.209569003862285 ] ] } },
{ "type": "Feature", "properties": { "edge_type": "feeder_tree", "region": "ContigUS" }, "geometry": { "type": "LineString", "coordinates": [ [ -85.481712000204254, 32.609059002033248 ], [ -85.618745864546355, 32.595289989777712 ], [ -85.669408996041227, 32.562201002238922 ], [ -85.723612001795232, 32.581592996512491 ], [ -85.749297000708026, 32.581477002444323 ], [ -85.798227003542081, 32.558844002741566 ], [ -85.870239999135876, 32.549505002227633 ], [ -85.882781001525061, 32.534081997611374 ], [ -85.898910000923152, 32.53697099957386 ], [ -85.940867002044115, 32.574409998017899 ], [ -85.99950599646894, 32.580361002252083 ], [ -86.013865997476927, 32.573590000018775 ], [ -86.070424996760281, 32.579277999324844 ], [ -86.165738000120157, 32.553324997973448 ], [ -86.190161000806086, 32.549570001463238 ], [ -86.215482002365746, 32.553633003891711 ], [ -86.275484001588026, 32.616137000110811 ], [ -86.318678000821535, 32.635560997221866 ], [ -86.365228474265791, 32.646187084023786 ], [ -86.421917001629964, 32.648856998647133 ], [ -86.451142997696024, 32.674921001013054 ], [ -86.483566996173565, 32.716378002262687 ], [ -86.484178003280334, 32.726545001842972 ], [ -86.512452000740922, 32.755144001774056 ], [ -86.632120002319695, 32.841041995925607 ], [ -86.750011998649185, 32.821002997000349 ], [ -86.775004998349175, 32.807101003089173 ], [ -86.8272199964468, 32.803302000995011 ], [ -86.871839999328657, 32.788523002824427 ], [ -86.87844199682938, 32.766833999346737 ], [ -86.955804998929267, 32.837623002910433 ], [ -87.001976185694275, 32.903037061763925 ], [ -87.067300002289002, 32.93664099718827 ], [ -87.155190999007345, 32.9446809984141 ], [ -87.172985995965064, 32.953398997229826 ], [ -87.209083996156821, 32.990356997266687 ], [ -87.233356996156573, 32.996223997938522 ], [ -87.262868000712828, 33.023677000030361 ], [ -87.31787499864609, 33.024715000434448 ], [ -87.444197001197438, 33.060238002843043 ], [ -87.483457996454021, 33.125660998790934 ], [ -87.525690995962904, 33.148186000214203 ], [ -87.544835001965922, 33.165386998960017 ], [ -87.566748999080133, 33.205963997062753 ] ] } },
{ "type": "Feature", "properties": { "edge_type": "feeder_tree", "region": "ContigUS" }, "geometry": { "type": "LineString", "coordinates": [ [ -86.157738996588506, 39.775507999710491 ], [ -86.158153003153487, 39.765623001481217 ], [ -86.16702799883447, 39.765831002203569 ], [ -86.17895299948384, 39.751266001656951 ], [ -86.187253998647762, 39.751175001595477 ], [ -86.186765997852802, 39.692425999676416 ], [ -86.195977996512639, 39.678298997949184 ], [ -86.203603004442058, 39.636867996880262 ], [ -86.251162995619467, 39.555904002468289 ], [ -86.301368004285706, 39.516413000255255 ], [ -86.365887999381101, 39.4792859979041 ], [ -86.394862000043645, 39.430797001932653 ], [ -86.423516999965656, 39.408329998503234 ], [ -86.452046999315897, 39.399551001462029 ], [ -86.512439999248713, 39.333941997976211 ], [ -86.52255800277149, 39.263071000354564 ], [ -86.553615996078534, 39.208408997723026 ], [ -86.555038999353798, 39.187052001715301 ], [ -86.534552003017865, 39.186294000280661 ], [ -86.533620998040547, 39.164599998080909 ] ] } },
{ "type": "Feature", "properties": { "edge_type": "feeder_tree", "region": "ContigUS" }, "geometry": { "type": "LineString", "coordinates": [ [ -86.533620998040547, 39.164599998080909 ], [ -86.52691299933629, 39.164307002862159 ] ] } },
{ "type": "Feature", "properties": { "edge_type": "feeder_tree", "region": "ContigUS" }, "geometry": { "type": "LineString", "coordinates": [ [ -86.157738996588506, 39.775507999710491 ], [ -86.154485002185368, 39.76699699747352 ], [ -86.130654997384795, 39.767285001057353 ], [ -85.538880003351295, 39.794260000643483 ], [ -85.498287004157731, 39.8040350007809 ], [ -85.438611003552097, 39.802071000678687 ], [ -84.989933996101982, 39.817799998150988 ], [ -84.817170000660084, 39.833186002207292 ], [ -84.783373996265965, 39.828724997105255 ], [ -84.777635998405486, 39.818735000412147 ], [ -84.708087000787643, 39.788716998881021 ], [ -84.641247995803212, 39.743861003493024 ], [ -84.271695002820195, 39.746624997208805 ], [ -84.202379001237588, 39.757775999597357 ] ] } },
{ "type": "Feature", "properties": { "edge_type": "feeder_tree", "region": "ContigUS" }, "geometry": { "type": "LineString", "coordinates": [ [ -85.481712000204254, 32.609059002033248 ], [ -85.481724001696449, 32.598721002230235 ] ] } },
{ "type": "Feature", "properties": { "edge_type": "feeder_tree", "region": "ContigUS" }, "geometry": { "type": "LineString", "coordinates": [ [ -85.33165600478992, 32.672906000865062 ], [ -85.366390003054264, 32.665236997266859 ], [ -85.39781800344366, 32.638608000648532 ], [ -85.435616002428532, 32.631907996633359 ], [ -85.481712000204254, 32.609059002033248 ] ] } },
{ "type": "Feature", "properties": { "edge_type": "feeder_tree", "region": "ContigUS" }, "geometry": { "type": "LineString", "coordinates": [ [ -84.389971999114124, 33.744871999364811 ], [ -84.416013000374022, 33.667514999753116 ], [ -84.455945001215227, 33.638786004043396 ], [ -84.458327000972076, 33.623368997733643 ], [ -84.483785004595759, 33.61873199769844 ], [ -84.485626002955868, 33.605744999237501 ], [ -84.536254001339955, 33.564520003006372 ], [ -84.585029997001698, 33.542552996746956 ], [ -84.631850998093768, 33.511094002970474 ], [ -84.689259004135295, 33.445785002327852 ], [ -84.729909998563613, 33.4187819966224 ], [ -84.752814999132951, 33.392490996918092 ], [ -84.769373995108097, 33.334160999885235 ], [ -84.797715258417099, 33.285603961010096 ], [ -84.812800999360007, 33.223407001963544 ], [ -84.862469004132564, 33.175099002547555 ], [ -84.922715003752316, 33.07754200236176 ], [ -84.966563003462099, 33.04514800226135 ], [ -85.007516999635726, 33.002934999736738 ], [ -85.077712532729876, 32.964996414554292 ], [ -85.147007001695115, 32.881007996766719 ], [ -85.213303999169753, 32.821863000003162 ], [ -85.280983000810096, 32.746203002585474 ], [ -85.33165600478992, 32.672906000865062 ] ] } },
{ "type": "Feature", "properties": { "edge_type": "feeder_tree", "region": "ContigUS" }, "geometry": { "type": "LineString", "coordinates": [ [ -84.506322001325785, 38.039632996950658 ], [ -84.497978996939224, 38.045719997775301 ], [ -84.426217996748917, 37.983897001936981 ], [ -84.388616998305864, 37.962536997513368 ], [ -84.353112002982627, 37.89482900180694 ], [ -84.33306500147286, 37.876287999730131 ], [ -84.315659999112569, 37.774670999177559 ], [ -84.323557996073745, 37.73618500060919 ], [ -84.311610995683012, 37.674307996125172 ], [ -84.316076997067483, 37.555891998869306 ], [ -84.343335143672149, 37.430425430311644 ], [ -84.334239997864486, 37.381961997524229 ], [ -84.239240003482195, 37.240521000043458 ], [ -84.165523002609106, 37.205733001961228 ], [ -84.112167997500137, 37.152707999099633 ], [ -84.101941001383963, 37.110229001459643 ], [ -84.097546002839564, 37.041541001663539 ], [ -84.111328000844296, 36.973808999232517 ], [ -84.153391164865553, 36.85539919526645 ], [ -84.175934000644943, 36.749300998327072 ], [ -84.169211000075478, 36.727272996393197 ], [ -84.132539236928579, 36.678202915006736 ], [ -84.104670002368749, 36.591315997127893 ], [ -84.108639001839123, 36.581510996867308 ], [ -84.224902208828013, 36.474836878764172 ], [ -84.29297281305017, 36.433902009552057 ], [ -84.244201003537654, 36.377201001813773 ], [ -84.215499003759987, 36.295390002730095 ], [ -84.173129999317112, 36.24008400226608 ], [ -84.154106996382851, 36.230216002157832 ], [ -84.029532998593439, 36.116576996299244 ], [ -83.996642999062303, 36.024929999784959 ], [ -83.95493399584177, 35.998418999542018 ], [ -83.93032100147326, 35.971293998022446 ], [ -83.932766000080974, 35.965535996881627 ], [ -83.919153002130656, 35.958048996895627 ] ] } },
{ "type": "Feature", "properties": { "edge_type": "feeder_tree", "region": "ContigUS" }, "geometry": { "type": "LineString", "coordinates": [ [ -84.390065998825463, 33.77126600221122 ], [ -84.396163996536032, 33.771347000688813 ] ] } },
{ "type": "Feature", "properties": { "edge_type": "feeder_tree", "region": "ContigUS" }, "geometry": { "type": "LineString", "coordinates": [ [ -84.389971999114124, 33.744871999364811 ], [ -84.398103998223604, 33.744996003188078 ], [ -84.390670996202985, 33.758395000993893 ] ] } },
{ "type": "Feature", "properties": { "edge_type": "feeder_tree", "region": "ContigUS" }, "geometry": { "type": "LineString", "coordinates": [ [ -84.389971999114124, 33.744871999364811 ], [ -84.378228997141292, 33.755464002802988 ], [ -84.390065998825463, 33.77126600221122 ] ] } },
{ "type": "Feature", "properties": { "edge_type": "feeder_tree", "region": "ContigUS" }, "geometry": { "type": "LineString", "coordinates": [ [ -84.390065998825463, 33.77126600221122 ], [ -84.387790000272162, 33.771236998957889 ], [ -84.383442998713377, 33.771279996053416 ], [ -84.37093899793075, 33.773655003216184 ], [ -84.341519001695929, 33.775175997425904 ], [ -84.320936002405574, 33.771539001199365 ], [ -84.314573998816158, 33.77412700094122 ], [ -84.282150997468605, 33.798600002061249 ], [ -84.26292399611647, 33.822586995993241 ], [ -84.139788003467586, 33.895942002587176 ], [ -84.033676001734335, 33.938331000522567 ], [ -84.019171003656353, 33.938320000227968 ], [ -83.992874997636719, 33.956042001040132 ], [ -83.979425996124647, 33.956758000946095 ], [ -83.926508003435146, 33.982988999258112 ], [ -83.915038996607109, 33.974060003674026 ], [ -83.833066002165879, 33.969864997811015 ], [ -83.754335997765523, 33.945968998132955 ], [ -83.715958998647423, 33.941975000926277 ], [ -83.655960996928187, 33.95593599987599 ], [ -83.60692699613368, 33.956289999733158 ], [ -83.598336999959741, 33.965286998529912 ], [ -83.557972999298386, 33.946592997857358 ], [ -83.533041004189343, 33.948469999605784 ], [ -83.459942996445932, 33.938947998511111 ], [ -83.372736003934349, 33.958308997978705 ], [ -83.363541001399724, 33.978571999657198 ], [ -83.352177995775222, 33.978096996944132 ], [ -83.338646996044019, 33.993121000743933 ], [ -83.315624998892076, 34.031991996551909 ], [ -83.322501997650747, 34.04128400239189 ], [ -83.305396691235558, 34.125834677981928 ], [ -83.284919998575944, 34.181747998371712 ], [ -83.270890002670725, 34.249145999391082 ], [ -83.273823002073385, 34.270615002082536 ], [ -83.257412003541305, 34.295574999580495 ], [ -83.259112999464378, 34.328752001325427 ], [ -83.22846400012304, 34.391441000511158 ], [ -83.09768300304647, 34.459347002922492 ], [ -82.994591999681134, 34.500143997209818 ], [ -82.985458998867372, 34.511295001492677 ], [ -83.00084899919699, 34.549740999526904 ], [ -82.978303001347797, 34.601177997808946 ], [ -82.97786400365159, 34.627608998350077 ], [ -82.955317996819204, 34.672818998448086 ], [ -82.956507995076109, 34.685426999008932 ], [ -82.946086998791145, 34.686804999789743 ], [ -82.938890002161983, 34.699866000812555 ] ] } },
{ "type": "Feature", "properties": { "edge_type": "feeder_tree", "region": "ContigUS" }, "geometry": { "type": "LineString", "coordinates": [ [ -84.389971999114124, 33.744871999364811 ], [ -84.334379003171563, 33.744527998180857 ], [ -84.324245000653548, 33.725292997681898 ], [ -84.305496001847274, 33.715054002607033 ], [ -84.255864001551302, 33.716290996649974 ], [ -84.174366997429644, 33.703290998560128 ], [ -84.090842001638293, 33.701002999549118 ], [ -83.973858004431747, 33.63279299685329 ], [ -83.922659998050392, 33.616146001267502 ], [ -83.875553000321318, 33.607177998808602 ], [ -83.852228001424024, 33.615129002596618 ], [ -83.706550996575743, 33.610487003035274 ], [ -83.572514289313844, 33.576823034767614 ], [ -83.51428000389086, 33.568076998721033 ], [ -83.481673997753617, 33.555050002629116 ], [ -83.361600002582151, 33.552187001883269 ], [ -83.269519999997215, 33.53413600146547 ], [ -83.208447002343775, 33.545520999775704 ], [ -83.073858998992009, 33.544665997148961 ], [ -82.903090000099425, 33.529217996023199 ], [ -82.811382995986733, 33.497994001409332 ], [ -82.717268003856077, 33.503034996101164 ], [ -82.665796999459914, 33.491345996544027 ], [ -82.495579997343114, 33.512017001244786 ], [ -82.453932995843545, 33.511853998751704 ], [ -82.137256996440456, 33.481041996383993 ], [ -82.083448997883195, 33.493305998185264 ], [ -82.045428001112214, 33.509353999516655 ], [ -82.010479997197734, 33.532320996198393 ], [ -81.957448996445464, 33.548904997074374 ], [ -81.936614998881581, 33.564860996803439 ], [ -81.843259999447582, 33.606402000034478 ], [ -81.820917002886276, 33.622955003376255 ], [ -81.74569100301575, 33.637354001230726 ], [ -81.618192000829737, 33.686935002681359 ], [ -81.483271000985283, 33.784595997550859 ], [ -81.357865001546045, 33.891715996330255 ], [ -81.236894002630777, 33.955922997474687 ], [ -81.203159999957592, 33.967706999887909 ], [ -81.19483900429546, 33.978259003970244 ], [ -81.137746001491479, 33.972114000114161 ], [ -81.013376002119927, 34.007589000416324 ], [ -80.976133000283909, 33.991343999771424 ], [ -80.940010997107748, 33.960263997663041 ], [ -80.903178004333711, 33.944179997199512 ], [ -80.827734001310048, 33.952330003931607 ], [ -80.78659799747669, 33.939238996904592 ], [ -80.764073002238831, 33.944591003340079 ], [ -80.709261001604261, 33.939194996186906 ], [ -80.570722998150416, 33.95235799939298 ], [ -80.51300899897366, 33.945599998902217 ], [ -80.455676002258343, 33.964336998479645 ], [ -80.40641199681852, 33.965000999035084 ], [ -80.322165995213851, 33.93887300176042 ], [ -80.291829995866976, 33.915877998842817 ], [ -80.253094003011881, 33.903109997781897 ], [ -80.184623001701297, 33.894109999833375 ], [ -80.121685999833289, 33.911144004070067 ], [ -80.07055300452906, 33.892345001809282 ], [ -80.035039996233522, 33.886659996742011 ], [ -80.011761000061924, 33.894541000122231 ], [ -79.990207999927776, 33.888281003068776 ], [ -79.834929001822218, 33.882600999706682 ], [ -79.776771998463119, 33.892312997232459 ], [ -79.734256002690273, 33.892529997274302 ], [ -79.690543998931332, 33.91739600116837 ], [ -79.650003003209548, 33.921029000327465 ], [ -79.624254996462724, 33.899212002464509 ], [ -79.581561996646329, 33.88306799636851 ], [ -79.537352002826452, 33.890201995953397 ], [ -79.520041997307487, 33.884540003533168 ], [ -79.457708995687071, 33.881691997022052 ], [ -79.426128003221635, 33.910121001894581 ], [ -79.408116997370712, 33.912581002434671 ], [ -79.383727997918299, 33.892080001761705 ], [ -79.332260002878314, 33.865262003261662 ], [ -79.253610002437171, 33.834235997429602 ], [ -79.222795003414475, 33.838527996399648 ], [ -79.127825003779563, 33.835652002978755 ], [ -79.096787995117552, 33.843274996701147 ], [ -79.067984000622502, 33.836757998721168 ], [ -79.045260001599758, 33.818802003141734 ], [ -79.010207999724841, 33.805224999811593 ], [ -78.940522000043003, 33.727871000020102 ], [ -78.883271998676832, 33.693318001318026 ], [ -78.88674299910312, 33.689786003136504 ] ] } },
{ "type": "Feature", "properties": { "edge_type": "feeder_tree", "region": "ContigUS" }, "geometry": { "type": "LineString", "coordinates": [ [ -84.202379001237588, 39.757775999597357 ], [ -84.201690999527784, 39.757879000184239 ] ] } },
{ "type": "Feature", "properties": { "edge_type": "feeder_tree", "region": "ContigUS" }, "geometry": { "type": "LineString", "coordinates": [ [ -84.202379001237588, 39.757775999597357 ], [ -84.196301000025244, 39.769776999975242 ], [ -84.16945299722984, 39.77209700295758 ], [ -84.139492996728265, 39.788554998272424 ], [ -84.09976800366114, 39.801018998355516 ], [ -84.074147000729155, 39.818129001555747 ], [ -84.060689995227946, 39.836497998802379 ], [ -84.055967003806998, 39.865330998812986 ], [ -83.990680997302562, 39.866164997969939 ], [ -83.874354998075276, 39.924017002318365 ], [ -83.833258996221517, 39.928521997224863 ], [ -83.788164997280035, 39.923293996425805 ], [ -83.611982004883643, 39.926428002451296 ], [ -83.061864001615689, 39.955529001136981 ], [ -83.000654999028242, 39.962221998722882 ], [ -82.98705800007312, 39.968164002344075 ] ] } },
{ "type": "Feature", "properties": { "edge_type": "feeder_tree", "region": "ContigUS" }, "geometry": { "type": "LineString", "coordinates": [ [ -83.919153002130656, 35.958048996895627 ], [ -83.924781001284586, 35.949370002900579 ] ] } },
{ "type": "Feature", "properties": { "edge_type": "feeder_tree", "region": "ContigUS" }, "geometry": { "type": "LineString", "coordinates": [ [ -82.938890002161983, 34.699866000812555 ], [ -82.980254995544414, 34.693034997829947 ], [ -83.054837999300858, 34.761913998030401 ], [ -83.098373996146194, 34.773666000980015 ], [ -83.126862996386862, 34.806166999870896 ], [ -83.131296002650927, 34.841686000064811 ], [ -83.107021996538009, 34.875273997171391 ], [ -83.112085000294016, 34.915770996634386 ], [ -83.055047998464829, 35.000947998352572 ], [ -83.066971229433079, 35.066456806214369 ], [ -83.101980004376543, 35.114823000535587 ], [ -83.127146738252492, 35.167825932726466 ], [ -83.137984930121704, 35.226258234953328 ], [ -83.122611997782499, 35.268429000204407 ], [ -83.161500003549961, 35.294906999582217 ], [ -83.1784169961321, 35.292546003893634 ], [ -83.2001740036673, 35.337795000567006 ], [ -83.205176002832289, 35.371145999139507 ], [ -83.227672997582772, 35.374318000234979 ], [ -83.252496000098404, 35.369349000996507 ], [ -83.255758995620667, 35.378364002447583 ], [ -83.334411996434895, 35.420672998874522 ], [ -83.314247998342509, 35.460065001876181 ], [ -83.328630996221747, 35.475411998990928 ], [ -83.320604998315801, 35.477010001808935 ], [ -83.299008995829013, 35.502191997128641 ], [ -83.320222657364567, 35.557408620356163 ], [ -83.371487175009534, 35.589796740501107 ], [ -83.40299649988161, 35.591273701903177 ], [ -83.428046003612977, 35.610711997015223 ], [ -83.42888530856608, 35.618660927564989 ], [ -83.466013999782206, 35.634946001872287 ], [ -83.506588808091266, 35.643228409208298 ], [ -83.535177000305609, 35.684846001988781 ], [ -83.510365002152213, 35.714580997649364 ], [ -83.533230997871939, 35.770857002314145 ], [ -83.576648003874737, 35.805655002865656 ], [ -83.567572998295745, 35.869322001888946 ], [ -83.740263996637609, 35.860452003301319 ], [ -83.86183400116748, 35.920881998860274 ], [ -83.875624003161391, 35.921261997522343 ], [ -83.908102996500588, 35.937951001724315 ], [ -83.919153002130656, 35.958048996895627 ] ] } },
{ "type": "Feature", "properties": { "edge_type": "feeder_tree", "region": "ContigUS" }, "geometry": { "type": "LineString", "coordinates": [ [ -82.938890002161983, 34.699866000812555 ], [ -82.928972996684024, 34.699824996742144 ], [ -82.918777998558241, 34.70144600097133 ], [ -82.895516995641799, 34.701926997852411 ], [ -82.865260003124149, 34.690202001121094 ], [ -82.827292995101715, 34.689851999608464 ], [ -82.821513001001719, 34.680709001592014 ], [ -82.814042997374557, 34.686773000932305 ], [ -82.788319002595273, 34.687952001451926 ], [ -82.75514299744394, 34.707694001301839 ], [ -82.707291997030282, 34.750785000188166 ], [ -82.674940995652733, 34.767411999315954 ], [ -82.662591002042433, 34.786411997311063 ], [ -82.607353002333795, 34.81609500049808 ], [ -82.565884999137751, 34.826256001160928 ], [ -82.431123001098626, 34.837660999557883 ], [ -82.400919997329552, 34.853889997317111 ], [ -82.394731997410659, 34.851445002083395 ], [ -82.303288002046841, 34.925492002349131 ], [ -82.244201996953535, 34.947020004007257 ], [ -82.126607998753258, 34.955662999819097 ], [ -82.066984001619389, 34.93720999730678 ], [ -81.961287003581077, 34.939327003677562 ], [ -81.918126996597948, 34.953453004037748 ], [ -81.851900004833411, 34.989655001924042 ], [ -81.821218001388516, 34.998223003794052 ], [ -81.799755003462693, 35.022136999873737 ], [ -81.725021999020129, 35.016444003074348 ], [ -81.70647399825863, 35.029396000364159 ], [ -81.69667799584947, 35.048108996823792 ], [ -81.655025002586925, 35.068507997726734 ], [ -81.624555001549126, 35.102729999936365 ], [ -81.583599999262347, 35.111901998402331 ], [ -81.477731997926583, 35.158539000553411 ], [ -81.458190999450053, 35.160221000161087 ], [ -81.416643998407878, 35.176845003065992 ], [ -81.389584002188599, 35.195781002574677 ], [ -81.366224004927815, 35.201143998027362 ], [ -81.29834999700563, 35.249783999120517 ], [ -81.158153999981323, 35.262442997714082 ], [ -81.066141002733417, 35.247588000527998 ], [ -81.028678003484316, 35.251545002640519 ], [ -80.997729999900656, 35.241411000897095 ], [ -80.891118004863401, 35.224230997900669 ], [ -80.844206004433076, 35.22641400200304 ] ] } },
{ "type": "Feature", "properties": { "edge_type": "feeder_tree", "region": "ContigUS" }, "geometry": { "type": "LineString", "coordinates": [ [ -82.458772004683397, 27.947397998866681 ], [ -82.449095002099895, 27.953162001655912 ] ] } },
{ "type": "Feature", "properties": { "edge_type": "feeder_tree", "region": "ContigUS" }, "geometry": { "type": "LineString", "coordinates": [ [ -82.449095002099895, 27.953162001655912 ], [ -82.436384002526367, 27.954102997033964 ], [ -82.435305000105998, 27.936871000523418 ], [ -82.401888003913413, 27.922970003143465 ], [ -82.401861997685941, 27.901069000858566 ], [ -82.381735998330086, 27.849761002910761 ], [ -82.384379003592713, 27.792562997491356 ], [ -82.356458996253011, 27.79179400001685 ], [ -82.382799001755231, 27.734800003711396 ], [ -82.386896002170431, 27.708656003537136 ], [ -82.409761000760184, 27.694421002833014 ], [ -82.514445004585184, 27.583173996135738 ], [ -82.505451997225322, 27.523639997785356 ], [ -82.474516004117035, 27.496655002913254 ], [ -82.458923002499517, 27.462499002295324 ], [ -82.459296000971776, 27.434439997644663 ], [ -82.447091004431471, 27.383265998297489 ], [ -82.448861997081522, 27.264107999032277 ], [ -82.437924999514209, 27.19140599614957 ], [ -82.408705004194232, 27.139345997653134 ], [ -82.38020299634826, 27.109947999263458 ], [ -82.335464002623908, 27.111765002622281 ], [ -82.270693997401821, 27.1002550012009 ], [ -82.155416996864403, 27.098970995665571 ], [ -82.163779997749231, 27.018237999726072 ], [ -82.133944000689468, 27.007238002695033 ], [ -82.074136001635992, 26.964279003180074 ], [ -82.049071001965942, 26.935111997101874 ], [ -82.047238995741864, 26.917091998753197 ], [ -82.02350600000878, 26.891204995649126 ], [ -82.021515000962523, 26.844169004113315 ], [ -82.038178003881271, 26.770383999707786 ], [ -82.039975999888725, 26.637545002779571 ], [ -82.003305000309851, 26.639710998262466 ], [ -81.908337003917993, 26.682292998337765 ], [ -81.901577998871915, 26.68214200299094 ], [ -81.872979997054671, 26.642606002187037 ], [ -81.871241002395067, 26.527947003388114 ], [ -81.810789998244346, 26.434467999679605 ], [ -81.795599998829601, 26.147701000940319 ] ] } },
{ "type": "Feature", "properties": { "edge_type": "feeder_tree", "region": "ContigUS" }, "geometry": { "type": "LineString", "coordinates": [ [ -81.397169996285257, 28.535100001616996 ], [ -81.396946998499118, 28.510076003516591 ], [ -81.418571001473325, 28.508553997908994 ], [ -81.469221996728677, 28.461824000823015 ], [ -81.47572800025813, 28.409615003446927 ], [ -81.614395001786804, 28.25928499871597 ], [ -81.67385500248237, 28.214422999668393 ], [ -81.797912001859487, 28.157437002488436 ], [ -81.841711995600534, 28.155599000054867 ], [ -81.903650996137316, 28.138665001119751 ], [ -81.970086001789042, 28.08496899771011 ], [ -81.957836996782987, 28.071593997581957 ], [ -81.957363000723319, 28.049641001281813 ], [ -81.944900996180237, 28.042233000810381 ], [ -81.980363995263914, 28.043023996863582 ], [ -82.146129997861522, 28.014639999031395 ], [ -82.285935003158386, 27.981590999093378 ], [ -82.383838999325988, 27.981527003500563 ], [ -82.404154004217602, 27.966133996713275 ], [ -82.434734003961964, 27.964665003654709 ], [ -82.434742996097953, 27.955761000665785 ], [ -82.449095002099895, 27.953162001655912 ] ] } },
{ "type": "Feature", "properties": { "edge_type": "feeder_tree", "region": "ContigUS" }, "geometry": { "type": "LineString", "coordinates": [ [ -82.339312996155442, 29.652063998231956 ], [ -82.352170996042105, 29.652066996031831 ] ] } },
{ "type": "Feature", "properties": { "edge_type": "feeder_tree", "region": "ContigUS" }, "geometry": { "type": "LineString", "coordinates": [ [ -81.397169996285257, 28.535100001616996 ], [ -81.456547001631719, 28.552386002175592 ], [ -81.638337996683788, 28.549103000791135 ], [ -81.676779000765904, 28.558855998387791 ], [ -81.74841299714133, 28.620813999719619 ], [ -81.853259003144657, 28.675449996538632 ], [ -81.861470997230214, 28.717903000448278 ], [ -81.887126001395686, 28.775710997167085 ], [ -81.888024002269432, 28.831878999050847 ], [ -81.90640499723645, 28.867364999321108 ], [ -81.907211001641983, 28.891324996538653 ], [ -81.926097002512236, 28.928390001119741 ], [ -81.987280996002198, 28.981977999604357 ], [ -82.037844001275474, 29.051112997020983 ], [ -82.06622499706954, 29.062389002940716 ], [ -82.115314001708882, 29.147543000694306 ], [ -82.140160998225738, 29.17164099835427 ], [ -82.152101000740373, 29.244964000957257 ], [ -82.151934003929057, 29.344590997853551 ], [ -82.208159997736587, 29.402404997787126 ], [ -82.22244343533292, 29.450727864842886 ], [ -82.244015003643952, 29.484249997725836 ], [ -82.30268199855621, 29.522174997831812 ], [ -82.328116996325434, 29.553259002414954 ], [ -82.34020799665619, 29.600161997247181 ], [ -82.339312996155442, 29.652063998231956 ] ] } },
{ "type": "Feature", "properties": { "edge_type": "feeder_tree", "region": "ContigUS" }, "geometry": { "type": "LineString", "coordinates": [ [ -81.653773002609157, 30.316308000599559 ], [ -81.696749995819459, 30.321588995837679 ], [ -81.704564997431504, 30.313216003824092 ], [ -81.751910003795103, 30.306073999177318 ], [ -81.862411003326642, 30.26103800338981 ], [ -81.943904998092123, 30.216790000037747 ], [ -82.015149997000051, 30.200300004007698 ], [ -82.111862000650817, 29.938456002983543 ], [ -82.128034002401549, 29.920978996893286 ], [ -82.166645003667995, 29.83507300096494 ], [ -82.167485997453852, 29.792096003789819 ], [ -82.270324996432578, 29.712915996631438 ], [ -82.311361996938459, 29.651938996142988 ], [ -82.339312996155442, 29.652063998231956 ] ] } },
{ "type": "Feature", "properties": { "edge_type": "feeder_tree", "region": "ContigUS" }, "geometry": { "type": "LineString", "coordinates": [ [ -81.672861995784174, 41.482376002156926 ], [ -81.621550002176448, 41.443337997217071 ], [ -81.583453996079214, 41.424916001001549 ], [ -81.523807002074079, 41.383275002395962 ], [ -81.509951997986235, 41.350144002108337 ], [ -81.435516003526033, 41.3042740017233 ], [ -81.40008999706572, 41.26965499710905 ], [ -81.371355002167661, 41.255899996868038 ], [ -81.226878999938492, 41.244505000894009 ], [ -81.002870995389586, 41.241210997422996 ], [ -80.981159999563275, 41.236696000438236 ], [ -80.951572997534001, 41.216134997204776 ], [ -80.935799003353054, 41.188042998270909 ], [ -80.847383004233194, 41.121876998807636 ], [ -80.824776998923014, 41.093888999978262 ], [ -80.758867004655897, 41.041061997386514 ], [ -80.720501000916897, 41.022949002532876 ], [ -80.687965000489754, 40.988038002354742 ], [ -80.631399003330316, 40.949596002357715 ], [ -80.463965997059987, 40.893601997473809 ], [ -80.39989700115305, 40.864195001978928 ], [ -80.386848998600641, 40.841934998544367 ], [ -80.274598997177236, 40.792920002784633 ], [ -80.11767300088033, 40.698364997134767 ], [ -80.091344996870276, 40.658794003072799 ], [ -80.054942997803252, 40.626634999817824 ], [ -80.046778003573351, 40.589985002194247 ], [ -80.031040004885853, 40.583799997401933 ], [ -80.023504999164729, 40.572127997485616 ], [ -80.004089998389972, 40.514008003337757 ], [ -79.976185001898642, 40.495372997714497 ], [ -79.971315001181452, 40.474439003356068 ], [ -79.952868995137351, 40.463630999305757 ], [ -79.957215996696107, 40.458559001433258 ], [ -79.951884998541416, 40.44650699740351 ] ] } },
{ "type": "Feature", "properties": { "edge_type": "feeder_tree", "region": "ContigUS" }, "geometry": { "type": "LineString", "coordinates": [ [ -81.379095003436632, 28.545677998876965 ], [ -81.38482600342104, 28.535136998936501 ], [ -81.397169996285257, 28.535100001616996 ] ] } },
{ "type": "Feature", "properties": { "edge_type": "feeder_tree", "region": "ContigUS" }, "geometry": { "type": "LineString", "coordinates": [ [ -81.378523001179474, 28.536137997207373 ], [ -81.379095003436632, 28.545677998876965 ] ] } },
{ "type": "Feature", "properties": { "edge_type": "feeder_tree", "region": "ContigUS" }, "geometry": { "type": "LineString", "coordinates": [ [ -80.075469996118784, 26.706045000302773 ], [ -80.091319996755942, 26.72538299575438 ], [ -80.089929997584193, 26.755393997393892 ], [ -80.098936003566223, 26.779791999338837 ], [ -80.097300997883906, 26.830684998737265 ], [ -80.150423995104418, 26.936646998762441 ], [ -80.2333049976517, 27.038782003142646 ], [ -80.261449997037488, 27.110871997154756 ], [ -80.280024004026401, 27.125234999164562 ], [ -80.341529001499978, 27.227054996390468 ], [ -80.37021800265552, 27.29569899701707 ], [ -80.378498996338024, 27.363527996601832 ], [ -80.40179899512097, 27.412357997174865 ], [ -80.396093004234061, 27.45241300286488 ], [ -80.425266996828327, 27.469766001538424 ], [ -80.450815002660306, 27.521736997538277 ], [ -80.496317995567523, 27.580921997693466 ], [ -80.514870999945089, 27.617153001805413 ], [ -80.54062877137909, 27.703323636408552 ], [ -80.554550996399669, 27.822293001756957 ], [ -80.591452000623889, 27.873654999932523 ], [ -80.613686004591742, 27.969522997468147 ], [ -80.630333996662088, 27.998567996725608 ], [ -80.672647000130155, 27.999088001563447 ], [ -80.672547996802706, 28.078874001541447 ], [ -80.70587199939709, 28.078862001818973 ], [ -80.707398003502831, 28.192502999643235 ], [ -80.736341003304929, 28.287399000255263 ], [ -80.749443003589022, 28.296556997421906 ], [ -80.794512999546157, 28.359830999818172 ], [ -80.826413998865263, 28.3600879993222 ], [ -80.920378002162991, 28.381684002323528 ], [ -80.947484998237954, 28.401797002363729 ], [ -80.979093003043971, 28.452454999486196 ], [ -81.042488558931922, 28.492103957645462 ], [ -81.082880003125197, 28.539183999515028 ], [ -81.097796995541941, 28.550206999024525 ], [ -81.147624002119798, 28.565288996841982 ], [ -81.207657999332454, 28.566868999639532 ], [ -81.207736000048584, 28.597745998641177 ], [ -81.249724999159994, 28.597340002979905 ], [ -81.265975001626856, 28.568386999396925 ], [ -81.294321996187392, 28.566895997643616 ], [ -81.320813996635678, 28.553668000168628 ], [ -81.364413998445016, 28.553165001351889 ], [ -81.364347999221096, 28.545782003901731 ], [ -81.377487001111746, 28.545666998642989 ], [ -81.379095003436632, 28.545677998876965 ] ] } },
{ "type": "Feature", "properties": { "edge_type": "feeder_tree", "region": "ContigUS" }, "geometry": { "type": "LineString", "coordinates": [ [ -80.190667998810113, 25.785637003485743 ], [ -80.320953000085723, 25.780536996660523 ], [ -80.320755002413932, 25.7624119978402 ], [ -80.372391997508302, 25.761229001136751 ] ] } },
{ "type": "Feature", "properties": { "edge_type": "feeder_tree", "region": "ContigUS" }, "geometry": { "type": "LineString", "coordinates": [ [ -80.190667998810113, 25.785637003485743 ], [ -80.184879003590964, 25.856461997462056 ], [ -80.164998998892514, 25.885266001776667 ], [ -80.142268999123644, 25.974550999007946 ], [ -80.143880001821586, 26.059640001224423 ], [ -80.133942999845402, 26.072023997467578 ], [ -80.137283996083795, 26.122446003587388 ] ] } },
{ "type": "Feature", "properties": { "edge_type": "feeder_tree", "region": "ContigUS" }, "geometry": { "type": "LineString", "coordinates": [ [ -80.190667998810113, 25.785637003485743 ], [ -80.190426998785682, 25.77907699887194 ] ] } },
{ "type": "Feature", "properties": { "edge_type": "feeder_tree", "region": "ContigUS" }, "geometry": { "type": "LineString", "coordinates": [ [ -80.155257003198201, 26.188458003182756 ], [ -80.159333998132041, 26.188397997024744 ] ] } },
{ "type": "Feature", "properties": { "edge_type": "feeder_tree", "region": "ContigUS" }, "geometry": { "type": "LineString", "coordinates": [ [ -80.137283996083795, 26.122446003587388 ], [ -80.135961002249104, 26.137021999021197 ], [ -80.15388000264862, 26.136555003400009 ], [ -80.155257003198201, 26.188458003182756 ] ] } },
{ "type": "Feature", "properties": { "edge_type": "feeder_tree", "region": "ContigUS" }, "geometry": { "type": "LineString", "coordinates": [ [ -80.075469996118784, 26.706045000302773 ], [ -80.066531004456948, 26.690125001708502 ], [ -80.072000001805591, 26.514480996527976 ], [ -80.088861999526046, 26.471332003168051 ], [ -80.090502996971338, 26.398561001388074 ], [ -80.119525003602675, 26.364444002745721 ], [ -80.116180998008076, 26.31817599681867 ], [ -80.125826999731117, 26.269428001022881 ], [ -80.13637800020399, 26.255477003217898 ], [ -80.137148000132939, 26.210630000079906 ], [ -80.151871001364086, 26.188333001066713 ], [ -80.155257003198201, 26.188458003182756 ] ] } },
{ "type": "Feature", "properties": { "edge_type": "feeder_tree", "region": "ContigUS" }, "geometry": { "type": "LineString", "coordinates": [ [ -80.137283996083795, 26.122446003587388 ], [ -80.140521003344901, 26.122354999724383 ] ] } },
{ "type": "Feature", "properties": { "edge_type": "feeder_tree", "region": "ContigUS" }, "geometry": { "type": "LineString", "coordinates": [ [ -80.064738003082454, 26.707430003474744 ], [ -80.065809001513657, 26.705713003094626 ], [ -80.075469996118784, 26.706045000302773 ] ] } },
{ "type": "Feature", "properties": { "edge_type": "feeder_tree", "region": "ContigUS" }, "geometry": { "type": "LineString", "coordinates": [ [ -79.951884998541416, 40.44650699740351 ], [ -79.964812995154986, 40.435922997313888 ], [ -79.956406003770738, 40.435126002172275 ], [ -79.932069995936914, 40.384176000433101 ], [ -79.888479004229879, 40.346546001880839 ], [ -79.899219998385348, 40.318399002043307 ], [ -79.874848004041283, 40.292321998250053 ], [ -79.927821997705621, 40.252110999033825 ], [ -79.963058998630146, 40.21418300088677 ], [ -79.918290998305267, 40.196605003412415 ], [ -79.915592001050967, 40.172111999136455 ], [ -79.931755001682561, 40.156648997853587 ], [ -79.931579003752077, 40.147202996271396 ], [ -79.920973996564342, 40.111234998163241 ], [ -79.905544003238276, 40.092400998783518 ], [ -79.902858004606145, 40.059452997470707 ], [ -79.918531998329655, 40.037467003345014 ], [ -79.88809399528229, 40.026388997231621 ], [ -79.866599996496006, 40.010802998425717 ], [ -79.892651678724633, 39.911810221839779 ], [ -79.890189998402107, 39.870488996625603 ], [ -79.902237996380208, 39.857018998620092 ], [ -79.903001995563017, 39.795169999314901 ], [ -79.912735996251314, 39.787196998621624 ], [ -79.900527002208008, 39.743531002446964 ], [ -79.919025999870712, 39.68193499760023 ], [ -79.91323899891151, 39.652816997703475 ], [ -79.955880004239262, 39.628370998290109 ], [ -79.95658100457122, 39.633102003288549 ] ] } },
{ "type": "Feature", "properties": { "edge_type": "feeder_tree", "region": "ContigUS" }, "geometry": { "type": "LineString", "coordinates": [ [ -79.951884998541416, 40.44650699740351 ], [ -79.912399002255626, 40.454029000955082 ], [ -79.868698002858906, 40.434240998573969 ], [ -79.849208001741047, 40.445263000435112 ], [ -79.828428999038849, 40.441408000429533 ], [ -79.76798299850428, 40.444316998232154 ], [ -79.739893002963342, 40.437859003051429 ], [ -79.724641001827678, 40.427250001598487 ], [ -79.66693600377009, 40.424249996523145 ], [ -79.574384996515363, 40.398210002699628 ], [ -79.538680997407255, 40.404727001367824 ], [ -79.441966999496529, 40.39540200224279 ], [ -79.267231004376683, 40.439642003021703 ], [ -79.208417000168197, 40.447017002980814 ], [ -79.103511004670224, 40.446660998262281 ], [ -79.013891002558182, 40.45611400097453 ], [ -78.911939000091039, 40.434418999870367 ], [ -78.768053999487279, 40.4617250022322 ], [ -78.744861996167799, 40.474304999364811 ], [ -78.707079996178123, 40.48068599853115 ], [ -78.681340002403644, 40.477376001638603 ], [ -78.662154000161081, 40.466589000373745 ], [ -78.595200001837085, 40.446445997187745 ], [ -78.567375000321817, 40.456790002863691 ], [ -78.551919000768308, 40.4551980017186 ], [ -78.479598996943011, 40.421314997705863 ], [ -78.439954995981878, 40.421559999010661 ], [ -78.367923001019818, 40.43234700223254 ], [ -78.341715002948618, 40.452283001452969 ], [ -78.249287999135703, 40.484483996935751 ], [ -78.13876700310594, 40.571197000416092 ] ] } },
{ "type": "Feature", "properties": { "edge_type": "feeder_tree", "region": "ContigUS" }, "geometry": { "type": "LineString", "coordinates": [ [ -78.143343003196946, 40.581193001411769 ], [ -78.1777689960998, 40.628042001590657 ], [ -78.207258998044708, 40.656073001846821 ], [ -78.234917002748645, 40.670796999965695 ], [ -78.229484998023395, 40.682513999116225 ], [ -78.188427003889302, 40.71089899959992 ], [ -78.185266003084408, 40.721777998048509 ], [ -78.197207999858961, 40.74056699767808 ], [ -78.235433569969629, 40.769513465177511 ], [ -78.211877003358396, 40.881232000599248 ], [ -78.21997800160743, 40.895871996323066 ], [ -78.279564000004768, 40.93088099643569 ], [ -78.302240999171843, 40.984357999208555 ], [ -78.328501000714908, 40.999403000795972 ], [ -78.347077999093713, 40.999870000704377 ], [ -78.344748002808686, 41.020971997524356 ], [ -78.391517997558907, 41.03866099973547 ], [ -78.406099999223073, 41.038677999947708 ], [ -78.472813473629742, 41.068021806905293 ], [ -78.537575995885504, 41.108091002524496 ], [ -78.548465706136255, 41.165480238195705 ], [ -78.574883999815484, 41.208765998074171 ], [ -78.496349998826972, 41.269442002597032 ], [ -78.510422017921158, 41.324284157579577 ], [ -78.556460002495825, 41.366476998883741 ], [ -78.561475997413012, 41.428545999086033 ], [ -78.580587996442461, 41.434022000018416 ], [ -78.619312841204845, 41.469786042531048 ], [ -78.670187004926262, 41.480113998052076 ], [ -78.682683998849669, 41.496256002392833 ], [ -78.68142617778885, 41.531918214018219 ], [ -78.690495002958698, 41.568680001277293 ], [ -78.676066002353735, 41.624971997721595 ], [ -78.701881966651825, 41.760694943463896 ], [ -78.69783699665787, 41.802813998157085 ], [ -78.651891996698254, 41.905734997494427 ], [ -78.651355998917694, 41.955853001385485 ], [ -78.629549000136976, 41.968757998666582 ], [ -78.618850999350983, 41.999612996642647 ], [ -78.631946001759033, 42.033339003042087 ], [ -78.627486001120673, 42.09691299792992 ], [ -78.653505865021941, 42.120953902759936 ], [ -78.666163001611068, 42.151730997240882 ], [ -78.696001999043816, 42.161025003477505 ], [ -78.683265002225966, 42.183604996623288 ], [ -78.636532997229097, 42.214365997177644 ], [ -78.645102655545003, 42.247465024140268 ], [ -78.672821997216531, 42.27505200132655 ], [ -78.659071000072302, 42.284930999920249 ], [ -78.660742612102425, 42.33614331326568 ], [ -78.670701667718816, 42.389192766860695 ], [ -78.699187002833156, 42.443726999650764 ], [ -78.702223003066266, 42.463146000059162 ], [ -78.68922500074261, 42.50933099829539 ], [ -78.711191998458588, 42.558075002421724 ], [ -78.763984999559483, 42.626197001916346 ], [ -78.768426997959565, 42.661058996793159 ], [ -78.785506998833171, 42.694758001601137 ], [ -78.813240003880168, 42.714437999232821 ], [ -78.829401001268678, 42.715827000135747 ], [ -78.823821996230336, 42.789165000709197 ], [ -78.846945997082827, 42.789973996855004 ], [ -78.850635000662294, 42.827815998757373 ], [ -78.878453004301463, 42.877735001294234 ], [ -78.877540001562451, 42.886244998473259 ] ] } },
{ "type": "Feature", "properties": { "edge_type": "feeder_tree", "region": "ContigUS" }, "geometry": { "type": "LineString", "coordinates": [ [ -77.036867999383475, 38.907353000102653 ], [ -77.039464004790432, 38.895397000651229 ], [ -77.070229003584402, 38.905023000267789 ], [ -77.073666002777216, 38.899111000200378 ], [ -77.098832000034605, 38.896001996167413 ], [ -77.117740000646208, 38.886409001541388 ], [ -77.114096002662478, 38.880000996261657 ], [ -77.21997000474434, 38.865705003794162 ], [ -77.217927002226276, 38.834237996819652 ], [ -77.29669300212008, 38.844336000501691 ], [ -77.32393399988598, 38.852658999404454 ], [ -77.431408997433493, 38.83858199751544 ], [ -77.448717996839349, 38.809809000695481 ], [ -77.453258001436922, 38.769494999849961 ], [ -77.468996997254408, 38.75253900360066 ], [ -77.490160002791086, 38.753439998583673 ], [ -77.545912997668935, 38.732692997070302 ], [ -77.583778999120781, 38.700150999478147 ], [ -77.620409996720056, 38.687600999578756 ], [ -77.641279001630565, 38.655485999192145 ], [ -77.720127996873472, 38.604109000183591 ], [ -77.801043997618791, 38.562516998597808 ], [ -77.821917997162302, 38.526612002746155 ], [ -77.936843001838753, 38.489250999333457 ], [ -77.992794003371515, 38.480082001742176 ], [ -77.999403995878296, 38.464809997389011 ], [ -78.023028996147858, 38.453696001197578 ], [ -78.116210998024457, 38.456323003080811 ], [ -78.131294996235681, 38.443872000123243 ], [ -78.189703177531399, 38.42153053628487 ], [ -78.241778999642051, 38.39132499706038 ], [ -78.340940996533504, 38.280314996240911 ], [ -78.431414002906692, 38.137363003077169 ], [ -78.503792999096703, 38.047852001565097 ], [ -78.503467000480072, 38.036717001469206 ] ] } },
{ "type": "Feature", "properties": { "edge_type": "feeder_tree", "region": "ContigUS" }, "geometry": { "type": "LineString", "coordinates": [ [ -78.143343003196946, 40.581193001411769 ], [ -78.124755611310249, 40.621004514379663 ], [ -78.081631995079249, 40.65862799804728 ], [ -78.037595501873355, 40.68534759247612 ], [ -77.885815001624977, 40.733931999980051 ], [ -77.869696000475997, 40.748540997335539 ], [ -77.887393997349335, 40.773356001052633 ], [ -77.865226001588525, 40.791706998667969 ] ] } },
{ "type": "Feature", "properties": { "edge_type": "feeder_tree", "region": "ContigUS" }, "geometry": { "type": "LineString", "coordinates": [ [ -78.13876700310594, 40.571197000416092 ], [ -78.143343003196946, 40.581193001411769 ] ] } },
{ "type": "Feature", "properties": { "edge_type": "feeder_tree", "region": "ContigUS" }, "geometry": { "type": "LineString", "coordinates": [ [ -77.036867999383475, 38.907353000102653 ], [ -77.073162002987033, 38.928613001771282 ], [ -77.094121998252689, 38.984663000209721 ], [ -77.108465003135507, 38.994036001713575 ], [ -77.126197001242332, 39.030691000368158 ], [ -77.144692998531994, 39.036728999633709 ], [ -77.178966996488796, 39.10111100158646 ], [ -77.274401002917458, 39.208400999980036 ], [ -77.284828997078478, 39.231965003121502 ], [ -77.356720998586653, 39.323503001540097 ], [ -77.393487003989975, 39.353197999849172 ], [ -77.408089002152337, 39.380132002160238 ], [ -77.436109000966312, 39.408533001402681 ], [ -77.434822002625083, 39.415378998921319 ], [ -77.484689999329319, 39.426216999361792 ], [ -77.500551004328699, 39.45493999795962 ], [ -77.533485003342477, 39.489276002071605 ], [ -77.605892000019921, 39.536573999850454 ], [ -77.681090996532973, 39.59739699849699 ], [ -77.701881003597379, 39.631658997789792 ], [ -77.721657001352256, 39.64448299783502 ], [ -77.718647995493427, 39.707973999582173 ], [ -77.734580003332852, 39.783334997685735 ], [ -77.731160997395193, 39.791112001077842 ], [ -77.789935996754011, 39.80104100035328 ], [ -77.871934997422755, 39.804747001145095 ], [ -77.9011969979654, 39.823529998978444 ], [ -77.904015004028523, 39.833544001135778 ], [ -77.965445998288999, 39.867593998726868 ], [ -77.966450000366294, 39.893351999959741 ], [ -77.98919200162733, 39.929306001717478 ], [ -77.999042998898219, 39.93256199971362 ], [ -77.966956461540335, 39.987694934465509 ], [ -77.969467998361111, 40.034347997436555 ], [ -77.960647997541813, 40.052057000061019 ], [ -77.895217002950531, 40.083353002728906 ], [ -77.863369004233164, 40.18536399874165 ], [ -77.893051003103778, 40.242785003726475 ], [ -77.873025830655408, 40.306063416184863 ], [ -77.86868200014959, 40.371477003413027 ], [ -77.882955996452282, 40.38446900090068 ], [ -77.879358001194234, 40.394490997990786 ], [ -77.924401999907033, 40.395129998043338 ], [ -77.932070001205972, 40.43691500252784 ], [ -77.995286001834927, 40.476039001285109 ], [ -78.058132004364609, 40.498313001104606 ], [ -78.099723004889384, 40.549498000933966 ], [ -78.13876700310594, 40.571197000416092 ] ] } },
{ "type": "Feature", "properties": { "edge_type": "feeder_tree", "region": "ContigUS" }, "geometry": { "type": "LineString", "coordinates": [ [ -77.865226001588525, 40.791706998667969 ], [ -77.861583000734768, 40.794432001786952 ] ] } },
{ "type": "Feature", "properties": { "edge_type": "feeder_tree", "region": "ContigUS" }, "geometry": { "type": "LineString", "coordinates": [ [ -77.865226001588525, 40.791706998667969 ], [ -77.848506997694983, 40.784627998212088 ], [ -77.78790900221432, 40.776764998446829 ], [ -77.686987322462258, 40.792282582789611 ], [ -77.625100999133736, 40.794575001480034 ], [ -77.621895998846213, 40.753123997693258 ], [ -77.591246999504889, 40.701238996308014 ], [ -77.599945000125416, 40.667300996294522 ], [ -77.583406000648537, 40.654184000371103 ], [ -77.582785004275763, 40.62838799662785 ], [ -77.552495995801408, 40.57974299880523 ], [ -77.538785997766681, 40.579835999191083 ], [ -77.497783995624246, 40.597807999486079 ], [ -77.40743399556294, 40.60241100322073 ], [ -77.374251001518672, 40.586253000098147 ], [ -77.359048003481774, 40.552616998254528 ], [ -77.301356102861021, 40.55335784567243 ], [ -77.23476799733541, 40.569439998927159 ], [ -77.171203001218586, 40.565009002697884 ], [ -77.145219995193415, 40.54013400008953 ], [ -77.114698996796946, 40.495639999095957 ], [ -77.040163001879307, 40.476246999240431 ], [ -77.010598996721271, 40.426723003328888 ], [ -77.009098998843029, 40.379286002646126 ], [ -76.944333000107122, 40.369824999553153 ], [ -76.928716004488365, 40.364335002256389 ], [ -76.91477300143525, 40.349839998877108 ], [ -76.898963999907679, 40.324353000385464 ], [ -76.905772996199346, 40.291033998520057 ], [ -76.882853002747893, 40.258544999435784 ], [ -76.894994003307332, 40.23842999847195 ], [ -76.876634999098513, 40.208013997017645 ], [ -76.837212998793561, 40.179433997954931 ], [ -76.815440001246316, 40.146163997552549 ], [ -76.793524000889008, 40.12899000180073 ], [ -76.762452999976688, 40.077889999244668 ], [ -76.731763998655737, 39.971355000860825 ], [ -76.695008000484691, 39.888999997282269 ], [ -76.69943799739255, 39.869315000000817 ], [ -76.654593999594638, 39.721093000187373 ], [ -76.640674002395969, 39.701196998593169 ], [ -76.653492997432977, 39.656465998910541 ], [ -76.662882000136349, 39.651888996215668 ], [ -76.671805001786126, 39.632364996703942 ], [ -76.660093997803742, 39.602710999037676 ], [ -76.676446003971094, 39.585608002537015 ], [ -76.660988001174488, 39.521659001346485 ], [ -76.667111996129393, 39.494858999751472 ], [ -76.650349001736387, 39.495925999529661 ], [ -76.603866000753129, 39.395244997243658 ] ] } },
{ "type": "Feature", "properties": { "edge_type": "feeder_tree", "region": "ContigUS" }, "geometry": { "type": "LineString", "coordinates": [ [ -77.036867999383475, 38.907353000102653 ], [ -76.98559500164221, 38.924565999424729 ], [ -76.946746000724403, 38.945330001208411 ], [ -76.925468998978161, 39.020986000189453 ], [ -76.868252998845449, 39.076193997484694 ], [ -76.785289998079023, 39.171866999155661 ], [ -76.704266001870224, 39.218757000857501 ], [ -76.632462996457235, 39.282843000259895 ], [ -76.613550001212673, 39.286533002199 ], [ -76.603866000753129, 39.395244997243658 ] ] } },
{ "type": "Feature", "properties": { "edge_type": "feeder_tree", "region": "ContigUS" }, "geometry": { "type": "LineString", "coordinates": [ [ -76.603866000753129, 39.395244997243658 ], [ -76.601217003727555, 39.406067997606932 ], [ -76.575983004003135, 39.396012999721449 ], [ -76.546853001908346, 39.399891001596288 ], [ -76.492807003699667, 39.394669998179083 ], [ -76.480185997351313, 39.398808000300711 ], [ -76.418571998301161, 39.448134998521681 ], [ -76.408364001553224, 39.476302000950426 ], [ -76.381399002175229, 39.507850996628811 ], [ -76.323882003540263, 39.544505001628195 ], [ -76.186831996472492, 39.576763997461924 ], [ -76.137567002885817, 39.571225002969328 ], [ -76.079997003649126, 39.58560099638342 ], [ -75.931977003893635, 39.643670001815117 ], [ -75.867053997612373, 39.641647002227977 ], [ -75.846189996318003, 39.646228999197767 ], [ -75.801924001523332, 39.640873997831157 ], [ -75.753610997559036, 39.681655998144741 ] ] } },
{ "type": "Feature", "properties": { "edge_type": "feeder_tree", "region": "ContigUS" }, "geometry": { "type": "LineString", "coordinates": [ [ -75.19259099508723, 39.950439002724764 ], [ -75.142657996289017, 39.957261999805489 ], [ -75.117338997972425, 39.981485001209307 ], [ -75.073236999616, 40.007494998211122 ], [ -75.063152000196766, 40.022033999057356 ], [ -75.064237003363246, 40.036328999929225 ], [ -75.034823996021316, 40.074317002111854 ], [ -74.947399997486599, 40.150637999269975 ], [ -74.912080001212971, 40.158818999148551 ], [ -74.879591000641483, 40.178935001138953 ], [ -74.794715998674874, 40.197261000471805 ], [ -74.762120996899867, 40.212242997580262 ], [ -74.756974000664812, 40.228276998848962 ], [ -74.727562996565993, 40.248400001011973 ], [ -74.712006996555047, 40.27019400233543 ], [ -74.491019002227219, 40.452074997634575 ], [ -74.446016999753951, 40.496315001994709 ] ] } },
{ "type": "Feature", "properties": { "edge_type": "feeder_tree", "region": "ContigUS" }, "geometry": { "type": "LineString", "coordinates": [ [ -74.446016999753951, 40.496315001994709 ], [ -74.447769002018887, 40.497406000154605 ] ] } },
{ "type": "Feature", "properties": { "edge_type": "feeder_tree", "region": "ContigUS" }, "geometry": { "type": "LineString", "coordinates": [ [ -74.172147996376879, 40.735594002129659 ], [ -74.221134997315701, 40.667477002778341 ], [ -74.219090000537705, 40.661364002556077 ], [ -74.259235000915922, 40.643020999589488 ], [ -74.285010002037055, 40.616281999785862 ], [ -74.290748997027492, 40.594311002886798 ], [ -74.422500003931006, 40.501141002111055 ], [ -74.446016999753951, 40.496315001994709 ] ] } },
{ "type": "Feature", "properties": { "edge_type": "feeder_tree", "region": "ContigUS" }, "geometry": { "type": "LineString", "coordinates": [ [ -74.182888002385511, 40.735726999987378 ], [ -74.172147996376879, 40.735594002129659 ] ] } },
{ "type": "Feature", "properties": { "edge_type": "feeder_tree", "region": "ContigUS" }, "geometry": { "type": "LineString", "coordinates": [ [ -74.172147996376879, 40.735594002129659 ], [ -74.15176599513137, 40.732703998326386 ], [ -74.065041002668636, 40.739210000714117 ], [ -74.05221599790238, 40.731421999558471 ], [ -73.999853002361689, 40.721778998855299 ] ] } },
{ "type": "Feature", "properties": { "edge_type": "feeder_tree", "region": "ContigUS" }, "geometry": { "type": "LineString", "coordinates": [ [ -73.999853002361689, 40.721778998855299 ], [ -73.991434997632027, 40.73172099935055 ], [ -73.982179996619564, 40.777816002669482 ], [ -73.956221999691905, 40.81342599782247 ] ] } },
{ "type": "Feature", "properties": { "edge_type": "feeder_tree", "region": "ContigUS" }, "geometry": { "type": "LineString", "coordinates": [ [ -73.999853002361689, 40.721778998855299 ], [ -74.006072003141043, 40.711922998023944 ], [ -73.998216002419426, 40.713244000344879 ], [ -73.93581499833202, 40.803691002491973 ] ] } },
{ "type": "Feature", "properties": { "edge_type": "feeder_tree", "region": "ContigUS" }, "geometry": { "type": "LineString", "coordinates": [ [ -73.956221999691905, 40.81342599782247 ], [ -73.932083001383063, 40.846450002826415 ], [ -73.902637996050728, 40.844535998346664 ] ] } },
{ "type": "Feature", "properties": { "edge_type": "feeder_tree", "region": "ContigUS" }, "geometry": { "type": "LineString", "coordinates": [ [ -73.956221999691905, 40.81342599782247 ], [ -73.93581499833202, 40.803691002491973 ] ] } },
{ "type": "Feature", "properties": { "edge_type": "feeder_tree", "region": "ContigUS" }, "geometry": { "type": "LineString", "coordinates": [ [ -73.93581499833202, 40.803691002491973 ], [ -73.917641999285905, 40.81605499760596 ], [ -73.902637996050728, 40.844535998346664 ] ] } },
{ "type": "Feature", "properties": { "edge_type": "feeder_tree", "region": "ContigUS" }, "geometry": { "type": "LineString", "coordinates": [ [ -73.93581499833202, 40.803691002491973 ], [ -73.920371000270691, 40.796945002947126 ], [ -73.925632001698432, 40.778412998750255 ], [ -73.917470995988424, 40.770587000713327 ], [ -73.852412999869401, 40.757525000880179 ], [ -73.815135996799867, 40.765195003031351 ], [ -73.779290000994777, 40.757643998776416 ], [ -73.744203000756414, 40.765328002929628 ], [ -73.698690997746894, 40.79255299651561 ], [ -73.663173003801489, 40.798511000327323 ], [ -73.588715997746803, 40.824912001744259 ] ] } },
{ "type": "Feature", "properties": { "edge_type": "feeder_tree", "region": "ContigUS" }, "geometry": { "type": "LineString", "coordinates": [ [ -73.902637996050728, 40.844535998346664 ], [ -73.869963996429647, 40.878273000441752 ], [ -73.836181996770819, 40.934914003324366 ], [ -73.831079000018377, 40.955532997853012 ], [ -73.821686996941921, 40.960124997488222 ], [ -73.811660001740577, 40.987136000630613 ], [ -73.775812002692405, 41.031672998652397 ], [ -73.771427002397118, 41.066579998024253 ], [ -73.73103299800529, 41.109241996395141 ], [ -73.703930996563301, 41.124205997115986 ], [ -73.675315001490915, 41.23971800061252 ], [ -73.673769998016923, 41.250507001736267 ], [ -73.685916999322473, 41.268844998489485 ], [ -73.676895003328383, 41.296423999507162 ], [ -73.658194001507724, 41.32288499945831 ], [ -73.652716003039956, 41.344941997784041 ], [ -73.606133001599261, 41.375668999360187 ], [ -73.594136998109803, 41.397676999520996 ], [ -73.57460700399551, 41.415297001300452 ], [ -73.580599000502559, 41.473652000842442 ], [ -73.575888998720629, 41.48426899725176 ], [ -73.590978997677965, 41.514811002966717 ], [ -73.592840001519448, 41.554027001376866 ], [ -73.584659259822644, 41.600114547034117 ], [ -73.562914002251389, 41.647289997779971 ], [ -73.579181198472781, 41.696226562018779 ], [ -73.584445999774189, 41.744999001969234 ], [ -73.560813732133965, 41.799962708339606 ], [ -73.557192003386135, 41.849427999917921 ], [ -73.530955492787783, 41.892012822722897 ], [ -73.532156998463449, 41.939582997151959 ], [ -73.512530004264761, 41.952760001988757 ], [ -73.525458998008304, 42.007127000811721 ], [ -73.526552139911246, 42.052318251630354 ], [ -73.542886000109888, 42.094151996809629 ], [ -73.525389001281368, 42.125654997290525 ], [ -73.521558998134907, 42.179951997250114 ], [ -73.505234597196221, 42.230152333605872 ], [ -73.473465003436871, 42.263977002371327 ], [ -73.473228998045442, 42.312308001582309 ], [ -73.415580998092594, 42.349806996534468 ], [ -73.428510997949246, 42.361701999474739 ], [ -73.412102002660262, 42.393962999884543 ], [ -73.396657995615783, 42.464139999003315 ], [ -73.381469002314148, 42.473914998677898 ], [ -73.366755999332099, 42.508704002752104 ], [ -73.370442936786418, 42.600397818458518 ], [ -73.364205448678518, 42.649998411666317 ], [ -73.377752043163042, 42.702219574400338 ], [ -73.345944001509537, 42.751183000005383 ], [ -73.332361995436528, 42.822932000143076 ], [ -73.347218998358599, 42.85191099695087 ], [ -73.34148899550415, 42.856513000481854 ], [ -73.351706002354391, 42.901414000779432 ], [ -73.342692998496304, 42.928337999745693 ], [ -73.374226002959276, 42.951552997507221 ], [ -73.378025984408936, 43.091113666875501 ], [ -73.354987997244919, 43.149724001951711 ], [ -73.286265287991725, 43.238198941638124 ], [ -73.26521909937459, 43.34150308922996 ], [ -73.263183004901052, 43.39327100058901 ], [ -73.285329998050514, 43.427660999550248 ], [ -73.266112581722467, 43.471270773801301 ], [ -73.255634219023477, 43.519222733022715 ], [ -73.265576997166917, 43.594035000721334 ], [ -73.278984999569417, 43.606771999887407 ], [ -73.293980711354493, 43.653554785175096 ], [ -73.296321900647996, 43.705561903603851 ], [ -73.31119700462304, 43.757355997612549 ], [ -73.305064996695805, 43.803627001391114 ], [ -73.312775003217425, 43.988262998973646 ], [ -73.302302003460667, 44.089009999550655 ], [ -73.289214807412449, 44.128540013982594 ], [ -73.248670002833862, 44.170899999205666 ], [ -73.244513003940838, 44.183114002094335 ], [ -73.22829499946441, 44.25874700199747 ], [ -73.247090000996394, 44.311364998555717 ], [ -73.238652996898495, 44.353469998860959 ], [ -73.21192199966886, 44.42230000078726 ], [ -73.205515996596802, 44.476205002913254 ], [ -73.200681003226251, 44.476353999735963 ] ] } },
{ "type": "Feature", "properties": { "edge_type": "feeder_tree", "region": "ContigUS" }, "geometry": { "type": "LineString", "coordinates": [ [ -73.902637996050728, 40.844535998346664 ], [ -73.892911999351654, 40.84339199723906 ], [ -73.881828998601208, 40.857485003028707 ], [ -73.869239999226409, 40.856692000425483 ], [ -73.853552000767593, 40.873292000901642 ], [ -73.78973500026413, 40.902943002066692 ], [ -73.751774001970944, 40.927909998001262 ], [ -73.733036995673714, 40.948696996367808 ], [ -73.702787001032121, 40.960960997050307 ], [ -73.680270997930251, 40.987335998980221 ], [ -73.666047001856285, 40.988452999018683 ], [ -73.63023499830156, 41.019437001520174 ], [ -73.586728996203561, 41.038654000443934 ], [ -73.51631100431247, 41.056191001413765 ], [ -73.499598998295014, 41.068284003527722 ], [ -73.468790997148375, 41.074189997644318 ], [ -73.457196998731732, 41.0879619995141 ], [ -73.428407997118782, 41.104744997255828 ], [ -73.378383001852299, 41.119891001798877 ], [ -73.328225002024851, 41.120866998400025 ], [ -73.283381004226925, 41.141663002275635 ], [ -73.250961003252414, 41.149163997574114 ], [ -73.228297999837466, 41.167607000918132 ], [ -73.204701997185268, 41.166939000644675 ], [ -73.182753998837541, 41.178921997958163 ], [ -73.140344004268215, 41.183790000505731 ], [ -73.129700001213976, 41.1949640027551 ], [ -73.083322004304279, 41.209098998445668 ], [ -73.066931999400424, 41.228740000447466 ], [ -73.045043002400547, 41.231650999360127 ], [ -72.977536001187644, 41.285241998347033 ], [ -72.948722996590305, 41.297574999503354 ], [ -72.952331996210575, 41.30555400257839 ], [ -72.93145300203409, 41.30358900064531 ], [ -72.912539000676404, 41.333201000929336 ], [ -72.903090996625153, 41.379152002022771 ], [ -72.872017004322899, 41.395590997721364 ], [ -72.837569002695588, 41.457138997047039 ], [ -72.80883000131135, 41.491475996816725 ], [ -72.802003999911364, 41.520664998539864 ], [ -72.743939999133602, 41.615364999935515 ], [ -72.699109997087817, 41.711155002320353 ], [ -72.668235996717272, 41.726388997045476 ], [ -72.67272200358309, 41.769508999471171 ] ] } },
{ "type": "Feature", "properties": { "edge_type": "feeder_tree", "region": "ContigUS" }, "geometry": { "type": "LineString", "coordinates": [ [ -72.67272200358309, 41.769508999471171 ], [ -72.643551999508716, 41.769606998984095 ], [ -72.640418999191198, 41.774284001904711 ], [ -72.596630000829236, 41.782441001537258 ], [ -72.562481003444233, 41.780729001039468 ], [ -72.533167996559754, 41.772772998823619 ], [ -72.497235996049369, 41.785212999793295 ], [ -72.453914004854184, 41.785172997712962 ], [ -72.428177002469553, 41.796181998788732 ], [ -72.302878998493767, 41.804499996616748 ], [ -72.286286998415079, 41.820762002988189 ], [ -72.266204001411879, 41.827670002436122 ] ] } },
{ "type": "Feature", "properties": { "edge_type": "feeder_tree", "region": "ContigUS" }, "geometry": { "type": "LineString", "coordinates": [ [ -72.67272200358309, 41.769508999471171 ], [ -72.676073995200568, 41.781419998970819 ], [ -72.658390003062522, 41.804702002209687 ], [ -72.651993998239575, 41.838682999934953 ], [ -72.629583996341253, 41.866032997206197 ], [ -72.625732999566608, 41.916448001873654 ], [ -72.610762000434974, 41.922088997881907 ], [ -72.592665995991865, 41.971962003505993 ], [ -72.586327995386839, 42.072953002385646 ], [ -72.57902799792717, 42.082575996988133 ], [ -72.609441997990189, 42.118175997403057 ], [ -72.614173002383453, 42.144118000344321 ], [ -72.605428999037201, 42.181268000528888 ], [ -72.617235996990871, 42.197228000192787 ], [ -72.605393003543767, 42.209322001935092 ], [ -72.596970004181117, 42.20823700078693 ], [ -72.575581000485258, 42.258328998032212 ], [ -72.55855799771642, 42.280422999692377 ], [ -72.532931003021503, 42.291059998487285 ], [ -72.520176003965332, 42.340028002298631 ], [ -72.52004800302052, 42.382265998922321 ], [ -72.52709799933659, 42.384930002223285 ] ] } },
{ "type": "Feature", "properties": { "edge_type": "feeder_tree", "region": "ContigUS" }, "geometry": { "type": "LineString", "coordinates": [ [ -72.266204001411879, 41.827670002436122 ], [ -72.161327003531241, 41.864007000016727 ], [ -72.086189999755931, 41.87701099871672 ], [ -72.006819999614564, 41.860517002873408 ], [ -71.965469999114191, 41.861226997233807 ], [ -71.865210000434118, 41.839499997040733 ], [ -71.821521002529607, 41.849038001404374 ], [ -71.732637996243014, 41.855926998390643 ], [ -71.693738995096453, 41.843528002887055 ], [ -71.525044996712353, 41.830936997969324 ], [ -71.51243600083933, 41.820384998029347 ], [ -71.496573998709991, 41.816948001588614 ], [ -71.460525998746959, 41.82267399952152 ], [ -71.439926003331422, 41.813838997295278 ], [ -71.433379997822357, 41.824173001990545 ], [ -71.408730001847303, 41.826935002023625 ] ] } },
{ "type": "Feature", "properties": { "edge_type": "feeder_tree", "region": "ContigUS" }, "geometry": { "type": "LineString", "coordinates": [ [ -72.266204001411879, 41.827670002436122 ], [ -72.248899996639011, 41.810708001022249 ] ] } },
{ "type": "Feature", "properties": { "edge_type": "feeder_tree", "region": "ContigUS" }, "geometry": { "type": "LineString", "coordinates": [ [ -71.408730001847303, 41.826935002023625 ], [ -71.400536001016903, 41.827281999954813 ] ] } },
{ "type": "Feature", "properties": { "edge_type": "feeder_tree", "region": "ContigUS" }, "geometry": { "type": "LineString", "coordinates": [ [ -71.108130998370527, 42.351571003494996 ], [ -71.102647996286606, 42.343313000321643 ], [ -71.122124001652324, 42.3126949970002 ], [ -71.1147440002335, 42.30027700158977 ], [ -71.17112299510022, 42.249780002439508 ], [ -71.182320001043365, 42.224749998165855 ], [ -71.184643996582295, 42.187612001771342 ], [ -71.229479002244233, 42.121519002667505 ], [ -71.221488999831706, 42.084030997835974 ], [ -71.22978600149257, 42.064313999105181 ], [ -71.249618000222256, 42.032344998310137 ], [ -71.291112997792595, 41.997600003548243 ], [ -71.29551900069923, 41.969272998876392 ], [ -71.323727996065841, 41.928064999031882 ], [ -71.349582004016185, 41.904232998641973 ], [ -71.369245999821445, 41.898404000288643 ], [ -71.380013997334345, 41.875148002800977 ], [ -71.387496999583661, 41.873001001313575 ], [ -71.407836995606516, 41.841953000400345 ], [ -71.408730001847303, 41.826935002023625 ] ] } },
{ "type": "Feature", "properties": { "edge_type": "feeder_tree", "region": "ContigUS" }, "geometry": { "type": "LineString", "coordinates": [ [ -71.108130998370527, 42.351571003494996 ], [ -71.118343001604643, 42.355749999836696 ], [ -71.118042003102389, 42.365953000125373 ], [ -71.123796997088036, 42.3682480016844 ], [ -71.118798995426019, 42.374354997896837 ] ] } },
{ "type": "Feature", "properties": { "edge_type": "feeder_tree", "region": "ContigUS" }, "geometry": { "type": "LineString", "coordinates": [ [ -71.108130998370527, 42.351571003494996 ], [ -71.088614002878387, 42.349078997039918 ], [ -71.084909997433712, 42.342739000223105 ] ] } },
{ "type": "Feature", "properties": { "edge_type": "feeder_tree", "region": "ContigUS" }, "geometry": { "type": "LineString", "coordinates": [ [ -71.084909997433712, 42.342739000223105 ], [ -71.089337002951652, 42.340083997341843 ] ] } },
{ "type": "Feature", "properties": { "edge_type": "feeder_tree", "region": "ContigUS" }, "geometry": { "type": "LineString", "coordinates": [ [ -71.084909997433712, 42.342739000223105 ], [ -71.056824996525748, 42.358874997226003 ], [ -71.072292997571466, 42.387360002770365 ], [ -71.023135002318327, 42.452990003067164 ], [ -71.021266003470771, 42.480244003093517 ], [ -71.007478004719957, 42.511775997002886 ], [ -70.961472997299381, 42.592575000789516 ], [ -70.978670003738756, 42.623626003443825 ], [ -70.974858002830601, 42.683012000414713 ], [ -70.920258004603099, 42.790725999516617 ], [ -70.915777001353376, 42.822030999850547 ], [ -70.882743999012149, 42.881255999738087 ], [ -70.853647998150848, 42.974599002765366 ], [ -70.810516000638231, 43.051999997042742 ], [ -70.782440000849448, 43.074243002006192 ] ] } },
{ "type": "Feature", "properties": { "edge_type": "feeder_tree", "region": "ContigUS" }, "geometry": { "type": "LineString", "coordinates": [ [ -71.084909997433712, 42.342739000223105 ], [ -71.061625000516003, 42.330409003187278 ], [ -71.046210000072023, 42.31252400240799 ] ] } },
{ "type": "Feature", "properties": { "edge_type": "feeder_tree", "region": "ContigUS" }, "geometry": { "type": "LineString", "coordinates": [ [ -70.782440000849448, 43.074243002006192 ], [ -70.832811000213908, 43.124161998748171 ], [ -70.915229002080608, 43.141259000157042 ] ] } },
{ "type": "Feature", "properties": { "edge_type": "feeder_tree", "region": "ContigUS" }, "geometry": { "type": "LineString", "coordinates": [ [ -70.40872799674716, 43.507686000170324 ], [ -70.432268995554523, 43.511873999834847 ], [ -70.461964002030427, 43.492514997490254 ], [ -70.492216997045048, 43.4597050027823 ], [ -70.543675999949031, 43.384531999653433 ], [ -70.56110399918056, 43.344654996658434 ], [ -70.580972002386815, 43.322164002743726 ], [ -70.619850998051987, 43.190802001676424 ], [ -70.658881997646375, 43.15459100349419 ], [ -70.7181660004115, 43.122230999301415 ], [ -70.763337002939153, 43.083624999595457 ], [ -70.780074997217781, 43.072966000097068 ], [ -70.782440000849448, 43.074243002006192 ] ] } },
{ "type": "Feature", "properties": { "edge_type": "hub_backbone", "region": "ContigUS" }, "geometry": { "type": "LineString", "coordinates": [ [ -122.304210996468825, 37.825245002296029 ], [ -122.358421997228859, 37.81441900364247 ], [ -122.39115599532775, 37.785738001466498 ], [ -122.404700999794244, 37.785774996709605 ], [ -122.419016004189658, 37.77455700029661 ] ] } },
{ "type": "Feature", "properties": { "edge_type": "hub_backbone", "region": "ContigUS" }, "geometry": { "type": "LineString", "coordinates": [ [ -122.331785996840495, 47.606546000309216 ], [ -122.334492000953986, 47.531336998054805 ], [ -122.324720001529215, 47.503031000956391 ], [ -122.332269003002452, 47.467197002500292 ], [ -122.318238000984138, 47.429268998990672 ], [ -122.301433998498425, 47.418739999567265 ], [ -122.294726996924084, 47.393595001990676 ], [ -122.312203002124434, 47.351655000642879 ], [ -122.313952004016301, 47.296537000263669 ], [ -122.33587599937961, 47.263831999056045 ], [ -122.336551999597248, 47.245031998776263 ], [ -122.385642998496536, 47.243149998464382 ], [ -122.434144001883496, 47.233092000928039 ], [ -122.434676002161055, 47.083411000603256 ], [ -122.443410995404989, 47.067598998097338 ], [ -122.540026996101346, 47.004603002728032 ], [ -122.554039995881396, 46.938014999334627 ], [ -122.560608998261742, 46.933378999639224 ], [ -122.590018996247437, 46.933185001276421 ], [ -122.60653000422009, 46.941934998732229 ], [ -122.700462997674222, 46.881936002374658 ], [ -122.781268002583033, 46.860808000057098 ], [ -122.858531004225512, 46.856349000765292 ], [ -122.869312997490567, 46.799929001067142 ], [ -122.902442389061761, 46.788300140500702 ], [ -122.937561998144957, 46.753902999338365 ], [ -122.953680002164006, 46.749015997947225 ], [ -122.958441998434566, 46.691676999064278 ], [ -122.971449001877374, 46.667318998003445 ], [ -122.953126002145098, 46.653788003174988 ], [ -122.959027996443851, 46.645995000054789 ], [ -122.909604998181891, 46.608935002790915 ], [ -122.876492997994532, 46.562396996920143 ], [ -122.876511000232853, 46.509939998638252 ], [ -122.889882001028781, 46.413052998097541 ], [ -122.906815001589322, 46.371283996636997 ], [ -122.914734998291749, 46.314983002892141 ], [ -122.884482003277114, 46.256196997093461 ], [ -122.893488997405939, 46.195331001361531 ], [ -122.902874999736298, 46.175323999723943 ], [ -122.898686999982814, 46.131493000747128 ], [ -122.8704510012588, 46.091020001953709 ], [ -122.843338004437754, 46.001674998480453 ], [ -122.809592997402319, 45.964729997771954 ], [ -122.762213001658367, 45.93438899844319 ], [ -122.729264997909326, 45.885019000648576 ], [ -122.7088000013147, 45.870250997370903 ], [ -122.674806996378749, 45.790295999113205 ], [ -122.65291299576279, 45.712934998967029 ], [ -122.663928003029383, 45.6874599994837 ], [ -122.669472997851017, 45.626447002520202 ], [ -122.68460800240409, 45.597071001208235 ], [ -122.678509995710343, 45.547102997888523 ], [ -122.665349003061536, 45.530827999785615 ], [ -122.666646996781864, 45.510118999764387 ], [ -122.674357003303513, 45.50456200227984 ], [ -122.682650995608185, 45.469966001654505 ], [ -122.744078001348782, 45.438252999205417 ], [ -122.744594999761105, 45.404009999911814 ], [ -122.769181996885294, 45.340259999873105 ], [ -122.770208995833869, 45.279914997579212 ], [ -122.834207653654076, 45.198096677182711 ], [ -122.937207262422433, 45.095752736355436 ], [ -122.970485998909652, 45.054164998045948 ], [ -123.000580001102136, 44.997949997322934 ], [ -122.991657996582333, 44.978069002495658 ], [ -122.988414997558309, 44.894490000174393 ], [ -123.012142998658319, 44.857715997576079 ], [ -123.008245999158007, 44.839958998192699 ], [ -123.049351002130905, 44.757964000321849 ], [ -123.062397998570177, 44.643944002048023 ], [ -123.060462003368741, 44.200077996998886 ], [ -123.045248000969579, 44.11192600231827 ], [ -123.050122996319772, 44.043324001622395 ], [ -123.029279000506776, 44.027639000334425 ], [ -123.018661003680009, 44.003583002791387 ], [ -123.005600002505474, 43.99263899822666 ], [ -123.020152997569113, 43.852327001477676 ], [ -123.062028997600905, 43.771049996823734 ], [ -123.115920997620393, 43.750130998885773 ], [ -123.137698998783748, 43.753669000164763 ], [ -123.205237000857082, 43.725028000228576 ], [ -123.218283997296354, 43.711213998664611 ], [ -123.206583000546217, 43.704955998149259 ], [ -123.197443998986358, 43.680375997806429 ], [ -123.216677998214521, 43.613042999243348 ], [ -123.279908003578768, 43.563407998776725 ], [ -123.292103001869947, 43.537137000417012 ], [ -123.315907000443048, 43.51062799907416 ], [ -123.315938998433481, 43.471440000219481 ], [ -123.322996998738731, 43.458901998363821 ], [ -123.313550997930506, 43.436289998987462 ], [ -123.336556996087296, 43.395329997247913 ], [ -123.328082999365961, 43.361693002667771 ], [ -123.356011998841666, 43.286342000556125 ], [ -123.361526998916005, 43.229874999493823 ], [ -123.355079996734375, 43.210970002645645 ], [ -123.373949998609447, 43.183346998920626 ], [ -123.365574996232468, 43.165595002629573 ], [ -123.359899997222868, 43.075948998183485 ], [ -123.338891995988462, 43.058714001655204 ], [ -123.326120997937082, 43.03355799727786 ], [ -123.299228995659078, 43.025854002073707 ], [ -123.304332001394656, 43.008624001196999 ], [ -123.33631199855985, 42.972516998437847 ], [ -123.326801004640828, 42.948022001091473 ], [ -123.291753997398899, 42.944297999516031 ], [ -123.278960999606227, 42.924477999569838 ], [ -123.227515525330446, 42.964821339102897 ], [ -123.163100471426588, 42.967076760194395 ], [ -123.129225334439084, 42.942115013793156 ], [ -123.066233463473552, 42.932945300960135 ], [ -123.008703996222437, 42.945574003475528 ], [ -122.952006000615171, 42.927606002974635 ], [ -122.924457051386753, 42.892367052466433 ], [ -122.869605003856819, 42.861104211166904 ], [ -122.863404005315743, 42.820798455620263 ], [ -122.868861001172192, 42.757805997856181 ], [ -122.850958197397247, 42.72972941383906 ], [ -122.839769033746549, 42.685019155867465 ], [ -122.807757999788265, 42.647935997460152 ], [ -122.816525026955276, 42.57638820068447 ], [ -122.812295004012782, 42.4692580014379 ], [ -122.823129000749617, 42.450729001089002 ], [ -122.849583002461415, 42.427286002731051 ], [ -122.855774999883309, 42.414406998557112 ], [ -122.855946003180804, 42.369510999291279 ], [ -122.859071996639088, 42.360812998769703 ], [ -122.876514997735853, 42.350307997097907 ], [ -122.867318000941282, 42.324779001454495 ], [ -122.803028001508125, 42.269940000004169 ], [ -122.77021699982302, 42.243088000402324 ], [ -122.740713002125972, 42.228102002608409 ], [ -122.74046800459854, 42.220774998321588 ], [ -122.714525997682969, 42.197052998680924 ], [ -122.661103996220149, 42.170033998227517 ], [ -122.642135997130737, 42.150402997484314 ], [ -122.600900001823092, 42.077703996724949 ], [ -122.615296995454486, 42.005379999804454 ], [ -122.555860997743281, 41.882446998190751 ], [ -122.579954002309591, 41.828423000610364 ], [ -122.573945997824183, 41.81448800082245 ], [ -122.588662001179259, 41.792164998316586 ], [ -122.585559004592213, 41.767223002951233 ], [ -122.629774999158158, 41.737302999884569 ], [ -122.642560001944815, 41.702920001522436 ], [ -122.634766002944147, 41.684938997860229 ], [ -122.605726003057654, 41.665201998044481 ], [ -122.56593999641639, 41.658766999037859 ], [ -122.534384004065359, 41.645364999753859 ], [ -122.515243995565328, 41.618706001713072 ], [ -122.478045002195032, 41.536414001823523 ], [ -122.471988003594035, 41.50729800261594 ], [ -122.428635002555225, 41.431497997953606 ], [ -122.40744500264428, 41.430556000453855 ], [ -122.383432999167141, 41.418431001925278 ], [ -122.374018996349363, 41.372730001687863 ], [ -122.333719000652039, 41.333929001851807 ], [ -122.308228001907963, 41.289218002461553 ], [ -122.258230001015789, 41.249455001719845 ], [ -122.275336996263704, 41.228346997556983 ], [ -122.278396002351272, 41.200109002190239 ], [ -122.297589999599822, 41.171922001877363 ], [ -122.295529003826644, 41.1535620014645 ], [ -122.317040995868055, 41.146895000572286 ], [ -122.326398997710996, 41.112617998737576 ], [ -122.349318003015625, 41.092069001112115 ], [ -122.361968995128194, 41.066488002766548 ], [ -122.395977001929367, 41.036389002813735 ], [ -122.398315999333533, 41.02209799727477 ], [ -122.440833998349447, 40.963466001762384 ], [ -122.430335998478341, 40.941086996870958 ], [ -122.415446997565837, 40.93639899870788 ], [ -122.408876000925545, 40.92267999871715 ], [ -122.38535199824338, 40.910661997839703 ], [ -122.380544996377054, 40.879572996791197 ], [ -122.328004996792799, 40.841635998466174 ], [ -122.321644996446423, 40.797368000448557 ], [ -122.308607001126305, 40.783874996434882 ], [ -122.321710995670372, 40.753712001732858 ], [ -122.314019997500182, 40.74419899889147 ], [ -122.344892003610767, 40.691704002631361 ], [ -122.368193996653631, 40.628780998018485 ], [ -122.360032999926773, 40.567826997838168 ], [ -122.340260002544966, 40.509314998770904 ], [ -122.289367998282032, 40.448205998314471 ], [ -122.280528998094468, 40.409085997761302 ], [ -122.285139996548935, 40.390886000484961 ], [ -122.278596003266074, 40.289801997854745 ], [ -122.245366000383044, 40.206351001818724 ], [ -122.221250996075469, 40.174299002270608 ], [ -122.215168000230108, 40.058111003744415 ], [ -122.200171003854138, 39.9656940021476 ], [ -122.20399199689831, 39.631310001447211 ], [ -122.214524995132891, 39.522224997420089 ], [ -122.195840998420564, 39.491380998615625 ], [ -122.194532000338015, 39.322729003388005 ], [ -122.182287998948041, 39.276228999732339 ], [ -122.179783001862546, 39.208977002201166 ], [ -121.971695003660869, 38.878923003091352 ], [ -121.939876002560894, 38.848145998054754 ], [ -121.939002004671494, 38.813982996568278 ], [ -121.958591997263653, 38.719896996326682 ], [ -121.95188399855941, 38.6795990019898 ], [ -121.952706001960095, 38.510868999235818 ], [ -121.941673998568348, 38.453539997177202 ], [ -121.953167996527597, 38.37320200079472 ] ] } },
{ "type": "Feature", "properties": { "edge_type": "hub_backbone", "region": "ContigUS" }, "geometry": { "type": "LineString", "coordinates": [ [ -121.953167996527597, 38.37320200079472 ], [ -121.978954999140925, 38.353833996280208 ], [ -122.016204998853013, 38.337085996207591 ], [ -122.032261001151113, 38.314464000591911 ], [ -122.034345002778736, 38.291706998583287 ], [ -122.07024699955862, 38.249133996606623 ], [ -122.128799998261272, 38.222751001097947 ], [ -122.214641003568701, 38.154947002558018 ], [ -122.230266003176595, 38.120886999893692 ], [ -122.233083003126652, 38.079964000016574 ], [ -122.227092003749547, 38.05283499718194 ], [ -122.286002999059235, 37.99700099706768 ], [ -122.312119000662221, 37.98930899860629 ], [ -122.330535002975836, 37.959567003029882 ], [ -122.293380997235019, 37.832003000666084 ], [ -122.304210996468825, 37.825245002296029 ] ] } },
{ "type": "Feature", "properties": { "edge_type": "hub_backbone", "region": "ContigUS" }, "geometry": { "type": "LineString", "coordinates": [ [ -122.304210996468825, 37.825245002296029 ], [ -122.273517997644888, 37.813087998945726 ], [ -122.269882003650324, 37.804680003495726 ], [ -122.180543003542368, 37.756162003225896 ], [ -122.156768002586603, 37.725776997660738 ], [ -122.100310998020646, 37.685457002619245 ], [ -122.093107003515414, 37.69029100258566 ], [ -122.04953800256655, 37.693832002376574 ], [ -122.034521000709219, 37.702260001974508 ], [ -121.939238001079801, 37.698468001210081 ], [ -121.740202002602729, 37.702740003085154 ], [ -121.700483001298551, 37.71817900009146 ], [ -121.661715001469872, 37.719034997826789 ], [ -121.629551002385028, 37.734180001679448 ], [ -121.561456997049746, 37.742724997685471 ], [ -121.534662003839216, 37.719451996735202 ], [ -121.368774001042937, 37.618199002407117 ], [ -121.205915997733641, 37.489356997330518 ], [ -121.178083998342316, 37.461324998316577 ], [ -121.131766997040415, 37.388526003562824 ], [ -121.076046000153013, 37.197838998788406 ], [ -121.019302001820037, 37.110903002200978 ], [ -120.887383000975234, 36.96897499867255 ], [ -120.800384004384568, 36.888911996932471 ], [ -120.612924999215764, 36.626874998251537 ], [ -120.447808999591487, 36.494916999239145 ], [ -120.272108995390781, 36.299250999801636 ], [ -120.196242002649285, 36.178974001388795 ], [ -120.104860000023251, 36.079128999558428 ], [ -119.987563002822199, 36.008483003263869 ], [ -119.840498999175239, 35.862855003229789 ], [ -119.64783099605053, 35.609241996554417 ], [ -119.6104929973732, 35.569785996610584 ], [ -119.527575002202525, 35.493901001736177 ], [ -119.258003997285442, 35.29852399703541 ], [ -118.955200995225368, 35.018339998552747 ], [ -118.922385996037292, 34.924341002659183 ], [ -118.919596996574683, 34.895754002828603 ], [ -118.889406003280953, 34.87227000315206 ], [ -118.86404599687161, 34.841345996385364 ], [ -118.883544999108636, 34.809280996320958 ], [ -118.871484002508367, 34.798505001217102 ], [ -118.839477001985742, 34.793540998314612 ], [ -118.800042003058621, 34.767314000512087 ], [ -118.798869000926942, 34.722742999415317 ], [ -118.787131002570234, 34.689115998141844 ], [ -118.755252002992435, 34.659453003445719 ], [ -118.748162004696738, 34.640176000309943 ], [ -118.717564002714113, 34.621795996033946 ], [ -118.710080003334809, 34.5857280030719 ], [ -118.675382997693873, 34.558560997208083 ], [ -118.627877004248205, 34.502633002943526 ], [ -118.614306002537433, 34.479931001987367 ], [ -118.615236998531572, 34.452842000816368 ], [ -118.586393002056937, 34.429342002365608 ], [ -118.553872003495044, 34.359165000397446 ], [ -118.509509996762816, 34.334957997289898 ], [ -118.410776999318458, 34.234256001701119 ], [ -118.401195999689364, 34.186571002150416 ], [ -118.365364996766374, 34.13982900265637 ], [ -118.290785999496066, 34.076347999403488 ], [ -118.241347002238911, 34.051396001533419 ], [ -118.183099996671487, 34.056027999801564 ], [ -118.144985997319097, 34.071094001044756 ], [ -118.055865000364278, 34.072271001433514 ], [ -118.00991300252862, 34.064087996808787 ], [ -117.942310995491297, 34.072145002394763 ], [ -117.869418001262005, 34.071609000255684 ], [ -117.81839799605423, 34.063566998446824 ], [ -117.803081998937699, 34.066677997998873 ], [ -117.781159997834308, 34.05326699735074 ], [ -117.627670003600244, 34.054805999339862 ], [ -117.526895997897768, 34.018007002680839 ], [ -117.480095999417031, 34.018998999768947 ], [ -117.383805000207332, 34.004076003866729 ], [ -117.350508000970379, 33.990149996552056 ], [ -117.292616997750045, 33.944038001688185 ], [ -117.110632002529201, 33.935057001192312 ], [ -117.063608000149216, 33.946829003965135 ], [ -117.03037199652006, 33.932891002551543 ], [ -116.991151003243118, 33.932935997808634 ], [ -116.977152996345183, 33.926897998750775 ], [ -116.862134998070474, 33.924253999633166 ], [ -116.828577999440824, 33.931452997662703 ], [ -116.800983002570931, 33.919115999880447 ], [ -116.738315001214787, 33.924511997285151 ], [ -116.637012004590929, 33.923061998892294 ], [ -116.531740996643535, 33.900454001832053 ], [ -116.491169997191264, 33.868806002083474 ], [ -116.323941995451918, 33.767654999291786 ], [ -116.249913000697489, 33.739003002097398 ], [ -116.215993001844708, 33.737537998359898 ], [ -116.18850200293528, 33.715480002633861 ], [ -116.105407003720984, 33.698399998028584 ], [ -116.065977996556782, 33.699117000374102 ], [ -116.000188996375357, 33.680008996167828 ], [ -115.888452004844339, 33.665269001334828 ], [ -115.720000003614672, 33.660201001880878 ], [ -115.587065996330338, 33.672916002760552 ], [ -115.419073995408169, 33.709353001118586 ], [ -115.381824004679217, 33.710464999988162 ], [ -115.30802199623075, 33.701172998716501 ], [ -114.987820001539717, 33.606861001310172 ], [ -114.783733997928792, 33.609812998206301 ], [ -114.525393003058426, 33.603330997924274 ], [ -114.385794556377959, 33.639279280422976 ], [ -114.076742621673304, 33.678851324547992 ], [ -114.019954004020178, 33.662533998453327 ], [ -113.760652314852308, 33.629716158483298 ], [ -113.214455781193067, 33.547687338417013 ], [ -112.944340001955069, 33.498875002415765 ], [ -112.623066002719696, 33.427122999252433 ], [ -112.478799002524553, 33.462292996174774 ], [ -112.323825997554209, 33.457565003157406 ], [ -112.029616998154282, 33.461964000821354 ], [ -111.978233004576524, 33.456868003124875 ], [ -111.96900700118141, 33.44624600372606 ] ] } },
{ "type": "Feature", "properties": { "edge_type": "hub_backbone", "region": "ContigUS" }, "geometry": { "type": "LineString", "coordinates": [ [ -121.953167996527597, 38.37320200079472 ], [ -121.764913003168743, 38.524464997196773 ], [ -121.731181003738627, 38.543401002605243 ], [ -121.561086001820541, 38.578527998266566 ], [ -121.535249996108476, 38.615156001004813 ], [ -121.48830500055773, 38.639166002534935 ], [ -121.432074003134076, 38.643100002590515 ], [ -121.403410999222885, 38.63737400293941 ], [ -121.374961003831856, 38.647262000011594 ], [ -121.274164998388059, 38.739443000751542 ], [ -121.25712400236408, 38.764325998575821 ], [ -121.135036999421899, 38.861554997111583 ], [ -121.130113000972955, 38.876257002764937 ], [ -121.10471000119415, 38.882528000292695 ], [ -121.072356996573561, 38.902199000402426 ], [ -121.050577001150259, 38.941212000463402 ], [ -121.021246001010653, 38.96524599856383 ], [ -120.978622000791191, 39.022520998676683 ], [ -120.934178004822954, 39.13330500194769 ], [ -120.883013999675143, 39.156810000008399 ], [ -120.874361004650339, 39.168747998809337 ], [ -120.8477089962836, 39.184578999262278 ], [ -120.818890997053316, 39.191450998932432 ], [ -120.811922001826417, 39.20178200202988 ], [ -120.776837004831094, 39.214622001304676 ], [ -120.712361000235205, 39.279383996651738 ], [ -120.670494001322538, 39.299463999448314 ], [ -120.591815003263989, 39.328112998062061 ], [ -120.528155001322773, 39.305090999281312 ], [ -120.505027002967296, 39.311858997658632 ], [ -120.445424996591584, 39.31417500263229 ], [ -120.366267995987201, 39.329495997520922 ], [ -120.341536998922976, 39.341057996695334 ], [ -120.299954002387395, 39.327464997979732 ], [ -120.288558001642542, 39.33100099833117 ], [ -120.202018996376225, 39.322987001407277 ], [ -120.088568001316872, 39.383574999793915 ], [ -120.041646999767352, 39.370120003066859 ], [ -120.027261998645031, 39.377354001886417 ], [ -120.022090002295627, 39.400626001531066 ], [ -120.03412500165156, 39.42866900229712 ], [ -120.010140001531866, 39.445338000425295 ], [ -119.996462998617559, 39.493237000059757 ], [ -119.998935997712636, 39.506334997777799 ], [ -119.98752600121567, 39.513604996963991 ], [ -119.9007199986806, 39.513610998572858 ], [ -119.855710998331318, 39.526374997773104 ], [ -119.778954996852036, 39.535419997844159 ], [ -119.700619002518451, 39.526233001825368 ], [ -119.656374001351935, 39.510885001990353 ], [ -119.633084000818158, 39.516725999227759 ], [ -119.550715999180156, 39.560805999429199 ], [ -119.483349000404289, 39.566566996601352 ], [ -119.462863998328302, 39.587671000110809 ], [ -119.453341002917114, 39.590082000016849 ], [ -119.373659997041216, 39.590203000549003 ], [ -119.304129998791652, 39.616814997540025 ], [ -119.213141000119251, 39.614521997058006 ], [ -119.099979999199888, 39.701642997145143 ], [ -119.059872997558202, 39.740119001804658 ], [ -119.018137997093376, 39.793876003447515 ], [ -118.957818739862233, 39.836530570886126 ], [ -118.887223842742259, 39.870607361794292 ], [ -118.823091003568024, 39.911495000288731 ], [ -118.701258304699635, 39.96484822206471 ], [ -118.648589001613374, 40.063133002027378 ], [ -118.532355115635326, 40.122169165493467 ], [ -118.439262999186056, 40.216464998107881 ], [ -118.387646000589925, 40.243307001871429 ], [ -118.315775998823057, 40.339051002561952 ], [ -118.285273002664809, 40.462225002523255 ], [ -118.277206841082517, 40.54747993629924 ], [ -118.252571002556337, 40.597871999714783 ], [ -118.209357249369717, 40.633715598899762 ], [ -118.065323999794629, 40.680543997426163 ], [ -117.978055337938798, 40.825586732999653 ], [ -117.95232100355058, 40.857713998047053 ], [ -117.895997003545574, 40.894432001000773 ], [ -117.757603000031764, 40.94837899876002 ], [ -117.727996998634197, 40.980531001535518 ], [ -117.686909000769617, 40.988648999459748 ], [ -117.582314999152942, 41.023265000650312 ], [ -117.54146307854505, 40.983331400333427 ], [ -117.491323000107514, 40.947235998170214 ], [ -117.437787460575919, 40.929841858174029 ], [ -117.32374900325334, 40.909264002161507 ], [ -117.194654000234621, 40.843116999648423 ], [ -116.914267997948954, 40.622311997955443 ], [ -116.896323000305102, 40.615813001738978 ], [ -116.835061940346947, 40.611225385166463 ], [ -116.78166950244011, 40.627353415067802 ], [ -116.730278996076564, 40.664838001504052 ], [ -116.662451781397493, 40.672785835275903 ], [ -116.550025997639267, 40.697365996661233 ], [ -116.492511083095764, 40.690209487833421 ], [ -116.443336999015884, 40.663288997710509 ], [ -116.370264665123287, 40.646020515467377 ], [ -116.305936999330257, 40.647954997866734 ], [ -116.257094995461429, 40.658755002832386 ], [ -116.202932943901217, 40.680359571190664 ], [ -116.138664998108297, 40.718207997214101 ], [ -116.093433997102821, 40.724624000272378 ], [ -115.961227418586091, 40.726028860685922 ], [ -115.925072995211352, 40.763941002568842 ], [ -115.843187002605362, 40.79705700053831 ], [ -115.794808996547118, 40.833247000414374 ], [ -115.747194998654862, 40.852372998186233 ], [ -115.697690999303717, 40.908102998946021 ], [ -115.660171001949834, 40.936264000506966 ], [ -115.600204001091029, 40.949459999829806 ], [ -115.545439000312143, 40.949146999582908 ], [ -115.462466001296576, 40.959279998725698 ], [ -115.386208995991353, 41.028349999246849 ], [ -115.289014004144917, 41.074246002346598 ], [ -115.044958998086258, 41.110765002392455 ], [ -114.952646996596044, 41.098185998205992 ], [ -114.796453001491528, 41.112605998940452 ], [ -114.637168550281402, 41.071282644727532 ], [ -114.564622997454549, 41.076055998522421 ], [ -114.519897999482296, 41.057983998143641 ], [ -114.494431003722624, 41.03269500248738 ], [ -114.310654561212729, 40.910072953628969 ], [ -114.254628433572776, 40.887474191846579 ], [ -114.107071003306572, 40.747419997450308 ], [ -114.052701000741251, 40.738311001866144 ], [ -114.010500996352746, 40.746896999714615 ], [ -113.911816660647361, 40.73965790288905 ], [ -113.431367256694159, 40.729276716292823 ], [ -113.187638258235268, 40.72559875770407 ], [ -113.12207799607458, 40.729183998861544 ], [ -112.988583997008448, 40.766271996553741 ], [ -112.900111996913793, 40.822404002332625 ], [ -112.778170000024787, 40.760835999742007 ], [ -112.646440004715743, 40.745028001898561 ], [ -112.449796004244632, 40.685825999727427 ], [ -112.355912445080577, 40.663084367314823 ], [ -112.274587998341843, 40.683125999704011 ], [ -112.231935000505061, 40.719592002656171 ], [ -112.175197002918168, 40.751499998083631 ], [ -112.127520024141333, 40.770664360022195 ], [ -112.011367004505146, 40.770661999309425 ], [ -111.986532997627307, 40.764378001704834 ], [ -111.939122998152897, 40.766104000456671 ], [ -111.835980000298875, 40.757317999286073 ], [ -111.807713997844345, 40.71518300130618 ], [ -111.796201000516845, 40.711060999986906 ], [ -111.718032002994605, 40.751142997984445 ], [ -111.672636996567689, 40.739218998808937 ], [ -111.622606997685068, 40.753639998601209 ], [ -111.609857999375038, 40.750582001733392 ], [ -111.576870999759493, 40.755482998358914 ], [ -111.538102999930814, 40.724989999769178 ], [ -111.497541001597696, 40.731469997270665 ], [ -111.465392004378089, 40.687936002369923 ], [ -111.456773001603651, 40.652847998841224 ], [ -111.43819900359783, 40.621201998494705 ], [ -111.437063092904253, 40.59025375506392 ], [ -111.425684995582969, 40.557663999764642 ], [ -111.409292996419154, 40.532086001713154 ], [ -111.413214996033858, 40.492808999413612 ], [ -111.326177713245741, 40.412540442664195 ], [ -111.283397765492992, 40.358014435846044 ], [ -111.253535780172101, 40.299294403581357 ], [ -111.196106996098024, 40.252207915664194 ], [ -111.119824757116476, 40.229644961429855 ], [ -111.067136903819588, 40.187350778012004 ], [ -110.987066154874526, 40.201506095743461 ], [ -110.895924002429339, 40.19867099802498 ], [ -110.841828174671889, 40.212452688628431 ], [ -110.784011471108684, 40.200784896473287 ], [ -110.731162999039, 40.206253998966517 ], [ -110.652292264566242, 40.181826028077943 ], [ -110.568580949201859, 40.171268311436194 ], [ -110.401380004718845, 40.163396000426715 ], [ -110.318527721311227, 40.169384288026215 ], [ -110.235221824617682, 40.152903136596493 ], [ -110.150852466358216, 40.166238695941416 ], [ -110.072172004045768, 40.194610000261108 ], [ -110.059824004695372, 40.258570000959061 ], [ -110.020036246339373, 40.278605329155752 ], [ -109.988856998435253, 40.302149000537611 ], [ -109.831584342270219, 40.301977178537165 ], [ -109.760222238981839, 40.307362186010565 ], [ -109.693705998678951, 40.319722999852154 ], [ -109.630063981009684, 40.339036020876804 ], [ -109.572772998500213, 40.433355997002579 ], [ -109.538032002359799, 40.455598999429881 ], [ -109.519033002409955, 40.45584000019285 ], [ -109.502022998263257, 40.448647001424042 ], [ -109.498444999503477, 40.414619000871546 ], [ -109.425501636736215, 40.382586679918091 ], [ -109.345589000264326, 40.369816998822785 ], [ -109.283856576310257, 40.33269879841977 ], [ -109.209228171699351, 40.305946504575907 ], [ -109.130960170849605, 40.286048566706043 ], [ -109.050967000412513, 40.273290002365464 ], [ -109.009509004448688, 40.245758001800723 ], [ -108.916337432012554, 40.238557463812185 ], [ -108.862426998563421, 40.251417001699473 ], [ -108.696998097759376, 40.25262692628985 ], [ -108.617842309880629, 40.244365399091258 ], [ -108.556869663027584, 40.280150868807638 ], [ -108.500338781012644, 40.325138349482479 ], [ -108.43436885114977, 40.359399016328169 ], [ -108.357197217154834, 40.381600606974644 ], [ -108.244000544135559, 40.462151078497925 ], [ -108.094507999016912, 40.516849000880939 ], [ -108.053104000784828, 40.510055997243228 ], [ -107.906274511325947, 40.522802273923986 ], [ -107.840905725068055, 40.54376006925429 ], [ -107.688851678832492, 40.510077914128686 ], [ -107.610628997988883, 40.514049997406381 ], [ -107.504666996941765, 40.511093001617134 ], [ -107.444571995138134, 40.533249000713838 ], [ -107.378165951171127, 40.503915790879184 ], [ -107.322535755992647, 40.492375746349005 ], [ -107.213391985091278, 40.499460827192586 ], [ -107.169970002421806, 40.488273001280021 ], [ -107.027686994413671, 40.485694862120013 ], [ -106.951319999385035, 40.493109000535163 ], [ -106.88853200107323, 40.506797998843922 ], [ -106.856130002337011, 40.501887999407003 ], [ -106.831385997667482, 40.484169998552986 ], [ -106.815905995129555, 40.452607997158452 ], [ -106.805985135879027, 40.380650363140568 ], [ -106.754347682643868, 40.349883403196991 ], [ -106.718964912098187, 40.378370133845173 ], [ -106.65282800339034, 40.388987998765991 ], [ -106.579518002223011, 40.379928999609156 ], [ -106.537738813629389, 40.332961344445827 ], [ -106.485130434285651, 40.293633598483382 ], [ -106.448482162083494, 40.246549029892577 ], [ -106.42601087711644, 40.192915460957835 ], [ -106.430590003344648, 40.137804997096829 ], [ -106.419777844652387, 40.093646747453683 ], [ -106.388752999179317, 40.058829998787431 ], [ -106.340568391418572, 40.051528393539193 ], [ -106.294298003696767, 40.064054998526451 ], [ -106.22738981945227, 40.067303333663105 ], [ -106.165722002333453, 40.051544999798068 ], [ -106.050531338877988, 40.097249529108971 ], [ -105.981419003336612, 40.108750003189378 ], [ -105.957832998933512, 40.090225000305885 ], [ -105.935666880651681, 40.042532673232834 ], [ -105.898339149718041, 39.998444685412863 ], [ -105.827102361411789, 39.976805491623033 ], [ -105.750213795546031, 39.867190512686548 ], [ -105.777295998119172, 39.798172999922755 ], [ -105.801234573304967, 39.776533259639422 ], [ -105.655755000189814, 39.758758998046595 ], [ -105.609841998220645, 39.765266002195986 ], [ -105.556690003382769, 39.755027998938566 ], [ -105.520146995765572, 39.740851999387601 ], [ -105.464087998769372, 39.746816002072215 ], [ -105.343979553206765, 39.740856689607597 ], [ -105.290631132748857, 39.74388287180858 ], [ -105.236341996525411, 39.754539002499762 ], [ -105.199153001404255, 39.725068996986742 ], [ -105.17943400175416, 39.725312999124789 ], [ -105.147902003404326, 39.739015998957129 ], [ -105.053212996790222, 39.74032399876647 ] ] } },
{ "type": "Feature", "properties": { "edge_type": "hub_backbone", "region": "ContigUS" }, "geometry": { "type": "LineString", "coordinates": [ [ -111.96900700118141, 33.44624600372606 ], [ -112.073814002335112, 33.448253999285733 ] ] } },
{ "type": "Feature", "properties": { "edge_type": "hub_backbone", "region": "ContigUS" }, "geometry": { "type": "LineString", "coordinates": [ [ -111.96900700118141, 33.44624600372606 ], [ -111.957294002939065, 33.43678999653411 ], [ -111.891149000410522, 33.433955003254432 ], [ -111.891399001554092, 33.422003998550174 ], [ -111.839948999769263, 33.422373002910277 ], [ -111.839933997903998, 33.415111000367098 ], [ -111.550175998023278, 33.414627001234962 ], [ -111.495159998970863, 33.382835997827243 ], [ -111.336101995077527, 33.255353996825633 ], [ -111.18497100372899, 33.273425003016968 ], [ -111.170943999213691, 33.280082001562356 ], [ -111.09676900127613, 33.290902998046505 ], [ -111.035746381143824, 33.316824857464738 ], [ -110.980875998998954, 33.354880001750836 ], [ -110.93280280029974, 33.369027004227895 ], [ -110.826144003036177, 33.41743500293466 ], [ -110.809694996784458, 33.419787000294598 ], [ -110.798200998825209, 33.414663997855527 ], [ -110.78329999642051, 33.392113997845136 ], [ -110.765514000581973, 33.39225399733364 ] ] } },
{ "type": "Feature", "properties": { "edge_type": "hub_backbone", "region": "ContigUS" }, "geometry": { "type": "LineString", "coordinates": [ [ -105.053212996790222, 39.74032399876647 ], [ -105.053283002500351, 39.711295999517993 ], [ -105.081453999130417, 39.711000001334746 ], [ -105.081387999906482, 39.674897003261293 ], [ -105.113627996464373, 39.667512002024715 ], [ -105.109574995531773, 39.653845002754622 ], [ -105.135051001393748, 39.641426002407755 ], [ -105.166378004195778, 39.637081996483992 ], [ -105.194874002312503, 39.622456000013443 ], [ -105.232302003198143, 39.615892997027913 ], [ -105.227820002818461, 39.582829003207245 ], [ -105.268326098991452, 39.546834434986117 ], [ -105.348128161835035, 39.49074272215605 ], [ -105.398147003641796, 39.464291996955694 ], [ -105.438662999249232, 39.45392900357232 ], [ -105.459220998425224, 39.436659997207578 ], [ -105.473646001527172, 39.405837001413595 ], [ -105.663138001981707, 39.459759999696956 ], [ -105.731622064796525, 39.449585653726459 ], [ -105.755736242654095, 39.407891015205827 ], [ -105.854070226415544, 39.33970906064981 ], [ -105.901715692292214, 39.296404744675762 ], [ -105.956320828883165, 39.26775298791415 ], [ -105.993567998902122, 39.221248001180783 ], [ -105.99919100342305, 39.153649998633682 ], [ -105.958666896028632, 38.979008987416975 ], [ -105.986178017200459, 38.858370767297941 ], [ -106.03835744201281, 38.827804070203285 ], [ -106.116322998072704, 38.80952900221358 ], [ -106.104930276178592, 38.772106359132017 ], [ -106.083620997964232, 38.739781003746309 ], [ -106.0921529629708, 38.679405681936494 ], [ -106.078938996669663, 38.618712001717519 ], [ -106.076684000727752, 38.510194998580126 ], [ -106.101367827256382, 38.453352941046106 ], [ -105.950006507868991, 38.249941015227847 ], [ -105.922813758617025, 38.12862658110199 ], [ -105.85812948860567, 37.542345890904031 ], [ -105.857381003327788, 37.472898001548259 ], [ -105.86225399543487, 37.467141003021474 ], [ -105.87427899654169, 37.467090002476247 ], [ -105.948262779087841, 37.321001736391374 ], [ -106.014801998295695, 37.069186996559274 ], [ -105.988228996758224, 36.927785998293743 ], [ -105.973697004305933, 36.900152000504114 ], [ -105.970208001641339, 36.877266998702154 ], [ -105.973315004714507, 36.836210997397394 ], [ -105.985520001254841, 36.808316998204376 ], [ -105.983755997497724, 36.706499997059083 ], [ -105.967597003352267, 36.663907000719895 ], [ -105.966614003886335, 36.610663002834535 ], [ -105.938704003778909, 36.543603996074552 ], [ -105.90918200384354, 36.504878997750524 ], [ -105.908814997134257, 36.414920001785703 ], [ -105.894610000428528, 36.347852001857952 ], [ -105.973686997073671, 36.330123997644016 ], [ -105.999332002990059, 36.332215999508804 ], [ -106.034729999979774, 36.320765999080152 ], [ -106.051960001539555, 36.281354001519411 ], [ -106.044707003935557, 36.225615998819606 ], [ -106.052768997334965, 36.193744000851353 ], [ -106.090832996458616, 36.161800996659011 ], [ -106.100602004493524, 36.141044003178898 ], [ -106.128675003909265, 36.111382998193235 ], [ -106.135574999539202, 36.092858997182361 ], [ -106.113977999922426, 36.051817001721652 ], [ -106.094963000977359, 36.035511002443613 ], [ -106.080324001208439, 35.990777002420266 ], [ -106.051594000943325, 35.984862999760281 ], [ -106.021536003227453, 35.955071998431087 ], [ -106.016376996517053, 35.915918998511081 ], [ -106.022626998156838, 35.890412002632623 ], [ -105.948887000412498, 35.785727001464181 ], [ -105.931680004707118, 35.738938002695598 ], [ -105.933028995786159, 35.721274003202446 ], [ -105.953498995996924, 35.69650800276343 ], [ -105.953798997369177, 35.677618001660292 ], [ -106.016187002834457, 35.640016003513502 ], [ -106.034798999576765, 35.604963001359714 ], [ -106.165143999330184, 35.522298999718274 ], [ -106.220090998785622, 35.518546997551113 ], [ -106.243152997917207, 35.50723899877098 ], [ -106.265496003461635, 35.486347998471857 ], [ -106.361668002845676, 35.446505996727197 ], [ -106.422249002201141, 35.406897999430655 ], [ -106.49377299987006, 35.373895998347102 ], [ -106.53090499688642, 35.328118996711652 ], [ -106.54375899927004, 35.321295003616648 ], [ -106.583061002619345, 35.236031001583598 ], [ -106.596825995515729, 35.212365997660029 ], [ -106.608965998945237, 35.20818399867261 ], [ -106.613131001827426, 35.189356996857988 ], [ -106.629576001593009, 35.165185003749286 ], [ -106.649232002392253, 35.084247001837255 ], [ -106.675389003104755, 35.095356999919332 ], [ -106.686566003566554, 35.085230998600821 ], [ -106.998578003913366, 35.019914003440924 ], [ -107.133553001489517, 34.977804999008882 ], [ -107.232942999783234, 34.992593000710926 ], [ -107.297971001154892, 34.99436799928057 ], [ -107.340248000146403, 35.033421996752232 ], [ -107.361966002831934, 35.03880200073845 ], [ -107.395229000835357, 35.026188997550051 ], [ -107.454933001928438, 35.028446999807606 ], [ -107.515658998353928, 35.05174899928975 ], [ -107.538278002286262, 35.07339300059153 ], [ -107.645368996999309, 35.076072996644889 ], [ -107.700361999180458, 35.061827001063421 ], [ -107.754913003292373, 35.073858996011197 ], [ -107.770341999488451, 35.08460300185746 ], [ -107.793722002230581, 35.069186004007207 ], [ -107.812859001374406, 35.028794997136366 ], [ -107.814696999361473, 35.007426002946467 ], [ -107.80469000065834, 34.981354001773667 ], [ -107.823841004537428, 34.941114003606501 ], [ -107.840850999700962, 34.932034996183781 ], [ -107.870739000232518, 34.879126997931074 ], [ -107.90393200150902, 34.87164099762883 ], [ -107.917767000115489, 34.843708998816098 ], [ -107.908501003723941, 34.82804200303147 ], [ -107.910274996747034, 34.810845001437244 ], [ -107.957968998598474, 34.758659000150374 ], [ -107.965642003513565, 34.73357000210342 ], [ -107.988351000671074, 34.711788002872069 ], [ -108.047238001979537, 34.697510995998037 ], [ -108.109603998720331, 34.663120003312955 ], [ -108.20478600076234, 34.637829002379434 ], [ -108.254819997147948, 34.617133000791284 ], [ -108.286794999680183, 34.609483001895534 ], [ -108.365689997648758, 34.608903000764144 ], [ -108.397069003922567, 34.600811996171984 ], [ -108.387637995996471, 34.594817001712805 ], [ -108.386428998371343, 34.562939001921826 ], [ -108.367657999823749, 34.540723000066407 ], [ -108.369048996125429, 34.517648997226196 ], [ -108.418995999658961, 34.488102996357149 ], [ -108.427782996374717, 34.424968003452136 ], [ -108.437710997231733, 34.405195000470762 ], [ -108.493095997253405, 34.341841000513057 ], [ -108.562122004695993, 34.335104997234055 ], [ -108.60033799876571, 34.303875000131441 ], [ -108.785832999262524, 34.251132003645104 ], [ -108.960175999411888, 34.190882001535051 ], [ -109.012634000776998, 34.183489996995533 ], [ -109.040031997105118, 34.167161999819101 ], [ -109.269439002275718, 34.132847997746261 ], [ -109.285721999862943, 34.133629999680757 ], [ -109.319178000905168, 34.174706996228736 ], [ -109.468703127919198, 34.217534727012492 ], [ -109.5376600189838, 34.250567160535098 ], [ -109.612703436272838, 34.266673680992099 ], [ -109.754220001680537, 34.27258200043341 ], [ -109.831935996771335, 34.286275998154792 ], [ -110.042320996137647, 34.250566002183298 ], [ -110.067318002323802, 34.230960998282839 ], [ -110.105558933625844, 34.14201240752071 ], [ -110.218769503582536, 34.052591175358671 ], [ -110.25581200144714, 34.003931002936298 ], [ -110.276752000214572, 34.000047997293002 ], [ -110.323212803827175, 33.964377328007522 ], [ -110.403659291106109, 33.870631947287222 ], [ -110.494493635819182, 33.800082863219522 ], [ -110.525333940383419, 33.732915242272092 ], [ -110.570775371744233, 33.687291321243926 ], [ -110.583234780156133, 33.632299728197076 ], [ -110.640462997376687, 33.595017200979655 ], [ -110.689920517895004, 33.549423838039885 ], [ -110.717043099740167, 33.492446471304163 ], [ -110.726045997551296, 33.429419998398451 ], [ -110.765514000581973, 33.39225399733364 ] ] } },
{ "type": "Feature", "properties": { "edge_type": "hub_backbone", "region": "ContigUS" }, "geometry": { "type": "LineString", "coordinates": [ [ -110.765514000581973, 33.39225399733364 ], [ -110.743974996199952, 33.376188998531177 ], [ -110.717092004024238, 33.366552003193881 ], [ -110.588327715777368, 33.336665816340222 ], [ -110.443523002019433, 33.294397999839276 ], [ -110.357359923733256, 33.285763491072643 ], [ -110.28082745004609, 33.254054955036587 ], [ -110.13809122401085, 33.171653563238195 ], [ -110.095312866276103, 33.111552771899049 ], [ -110.022687911361345, 33.073007430907715 ], [ -109.957432231980903, 33.027541110467695 ], [ -109.920199003815156, 32.961814996843692 ], [ -109.771921996056903, 32.84950999752472 ], [ -109.750004001439635, 32.848787002707077 ], [ -109.732958998929519, 32.836151996336802 ], [ -109.702413997548604, 32.833530998814915 ], [ -109.678910000347827, 32.816995000371676 ], [ -109.59637699615844, 32.8129469975418 ], [ -109.549927996408684, 32.79134099978647 ], [ -109.41229391372633, 32.752958031952154 ], [ -109.340620643006673, 32.75163927874658 ], [ -109.281669996060344, 32.774031997613548 ], [ -109.211603892232333, 32.74302229016525 ], [ -109.104655002014141, 32.721668997065798 ], [ -109.080157998115084, 32.679206002246765 ], [ -109.04801700488467, 32.647249997686998 ], [ -108.981859003733959, 32.610362004065678 ], [ -108.95054400242411, 32.572696003572233 ], [ -108.710140001208401, 32.384311998025808 ], [ -108.709820003337867, 32.350494998102299 ], [ -108.633077000480782, 32.327384999144208 ], [ -108.385918000705132, 32.179850998725975 ], [ -108.169730001384409, 32.218187002304383 ], [ -107.63398100024358, 32.286753996205867 ], [ -107.565231000172048, 32.27959099906068 ], [ -107.439665998927509, 32.241576996845431 ], [ -107.389116998389511, 32.235959001198005 ], [ -107.363761995596292, 32.243865996748113 ], [ -107.19156600490858, 32.24129700226176 ], [ -106.915377003495564, 32.272605001884003 ], [ -106.800075002843826, 32.294290002820716 ], [ -106.770043999502207, 32.281019999808969 ], [ -106.628321001242199, 32.056167997854189 ], [ -106.60621000358617, 32.00205199965238 ], [ -106.596946001454526, 31.885890997435794 ], [ -106.579727004256995, 31.841233001566437 ], [ -106.570398000031432, 31.839427996570407 ], [ -106.507679001316589, 31.762271001704907 ], [ -106.492370002076157, 31.754425997685484 ], [ -106.451493000505479, 31.769531002695398 ], [ -106.400398003937795, 31.760822002083458 ], [ -106.357155001605534, 31.725272997202062 ], [ -106.335295999353036, 31.694774996609745 ], [ -106.312757996509845, 31.680257002408354 ], [ -106.158495999103735, 31.502601000513131 ], [ -106.094313213599747, 31.449555123709246 ], [ -106.046013944876137, 31.416278699239012 ], [ -105.989202995105046, 31.389442997184236 ], [ -105.922322002864192, 31.342734910633453 ], [ -105.725929467790507, 31.190078720612107 ], [ -105.656852418073512, 31.171426841408632 ], [ -105.589233783220266, 31.197218220027214 ], [ -105.45542063968314, 31.199820671546885 ], [ -105.055590397172807, 31.090055097839958 ], [ -104.982853826583948, 31.062649807000593 ], [ -104.872098001955777, 31.037005999664746 ], [ -104.732652852778571, 31.04327821645634 ], [ -104.393135839803818, 31.071855276255761 ], [ -104.166945000979752, 31.060676995983997 ], [ -104.051889003968554, 31.089410001915439 ], [ -104.036590002977206, 31.086827997347495 ], [ -103.972877997564169, 31.04892299677585 ], [ -103.904122895061818, 31.030903609248295 ], [ -103.842669191390968, 31.006688862670334 ], [ -103.774757247614275, 31.011145120207146 ], [ -103.707270997484443, 31.002130996981315 ], [ -103.061523999472286, 30.90092100010428 ], [ -102.717875095516746, 30.889315991049585 ], [ -102.560758629430126, 30.861019062590795 ], [ -102.477096191400335, 30.871841196737666 ], [ -102.396092506100118, 30.891419696887201 ], [ -102.313335911236521, 30.886355115605117 ], [ -102.230353003803401, 30.893255997045863 ], [ -102.16260253219906, 30.891643514475351 ], [ -102.099038003206189, 30.871222003797161 ], [ -102.026026395426797, 30.833551228354462 ], [ -101.916446591269647, 30.757224056284059 ], [ -101.840324000880344, 30.73863599774808 ], [ -101.80911599790403, 30.717641001703328 ], [ -101.728166013891496, 30.733759797579548 ], [ -101.647923435198862, 30.737364194577424 ], [ -101.548194996621859, 30.727073998826622 ], [ -101.486610040104878, 30.699618268311209 ], [ -101.343746334147639, 30.67976221305128 ], [ -101.161134000448158, 30.710418997366858 ], [ -100.960242001745655, 30.663727003823961 ], [ -100.811761705238624, 30.620528761506847 ], [ -100.734591921773159, 30.611373175808183 ], [ -100.64537699697226, 30.578016995801029 ], [ -100.575858003084903, 30.571451996331007 ], [ -100.49298367502017, 30.553730316821405 ], [ -100.264034972341221, 30.453444302079156 ], [ -100.180902998469847, 30.449663999400627 ], [ -100.030923710197669, 30.489733075566786 ], [ -99.944856131809331, 30.501527374822135 ], [ -99.863352857446984, 30.525344183028455 ], [ -99.777388001411367, 30.509783997743195 ], [ -99.749255003517803, 30.492523002600244 ], [ -99.71279700347597, 30.438190003535691 ], [ -99.602598772127777, 30.370122082800602 ], [ -99.571288001882948, 30.320841997439871 ], [ -99.542514999265222, 30.298637998436796 ], [ -99.378704997350383, 30.203621999590741 ], [ -99.263520999394373, 30.171695996970726 ], [ -99.229419998994985, 30.134719998777054 ], [ -99.123516999295745, 30.071857000864686 ], [ -99.027938013763361, 30.053800154785417 ], [ -98.899770997382618, 29.978437000591057 ], [ -98.887739995529699, 29.958830001319637 ], [ -98.834562075312718, 29.91518821395524 ], [ -98.789066996563164, 29.865265002033663 ], [ -98.737589003274095, 29.804358998745169 ], [ -98.719311997284379, 29.767037000907965 ], [ -98.650708000395966, 29.697748999953529 ], [ -98.611257999603623, 29.629030999976834 ], [ -98.584940999955805, 29.549719999255895 ], [ -98.559211004430423, 29.528368001064351 ], [ -98.548986999704113, 29.50140600007289 ], [ -98.554646996848476, 29.494081000229048 ], [ -98.515386001591878, 29.453588000356827 ], [ -98.501220997882626, 29.42578299711084 ], [ -98.493157998370108, 29.424292002702138 ] ] } },
{ "type": "Feature", "properties": { "edge_type": "hub_backbone", "region": "ContigUS" }, "geometry": { "type": "LineString", "coordinates": [ [ -105.053212996790222, 39.74032399876647 ], [ -104.988734000804456, 39.740561999494879 ], [ -104.987390004358403, 39.740059002241566 ] ] } },
{ "type": "Feature", "properties": { "edge_type": "hub_backbone", "region": "ContigUS" }, "geometry": { "type": "LineString", "coordinates": [ [ -104.987390004358403, 39.740059002241566 ], [ -104.60309200141981, 39.740042002586115 ], [ -104.320780002181834, 39.733984000597083 ], [ -104.274255094790561, 39.72878607377924 ], [ -104.146948835131909, 39.694045837588355 ], [ -104.085908374458057, 39.663983141686728 ], [ -104.043173001109707, 39.618583999777876 ], [ -104.013704001776119, 39.565895997581961 ], [ -103.93856999837385, 39.464513000027473 ], [ -103.869547997417456, 39.355996000053445 ], [ -103.822499003906259, 39.308863000317366 ], [ -103.792596998639439, 39.28978400158956 ], [ -103.646780000337287, 39.262839002630685 ], [ -103.603545109792051, 39.216828340930242 ], [ -103.491513003723938, 39.143495001487878 ], [ -103.417382175948902, 39.104112750879096 ], [ -103.120595999830357, 38.869419002985666 ], [ -103.065038523274126, 38.834643566501093 ], [ -102.993440773920383, 38.824235895889444 ], [ -102.935147999189255, 38.790989898679655 ], [ -102.866873315700857, 38.771016211425163 ], [ -102.778743995937631, 38.76280399992617 ], [ -102.775974022792724, 38.712728398468585 ], [ -102.786035863643946, 38.665002279760806 ], [ -102.785449003251983, 38.478218998690522 ], [ -102.73168300093424, 38.471992997001671 ], [ -102.730337692947899, 38.402232670384301 ], [ -102.719965951289979, 38.336458716066893 ], [ -102.722875998737095, 38.115509000769016 ], [ -102.618338995225244, 38.105830998616412 ], [ -102.611627331394601, 37.805672380845962 ], [ -102.602389488204054, 37.744118885240283 ], [ -102.620340962701079, 37.620147390613177 ], [ -102.615132000677761, 37.148831001862632 ], [ -102.579202003410444, 37.112564001144349 ], [ -102.524707997403326, 36.994858997320826 ], [ -102.514152999427424, 36.743083998539198 ], [ -102.483545996325603, 36.725907001612327 ], [ -102.472060002355562, 36.704429001123778 ], [ -102.414501995627916, 36.639417997868478 ], [ -102.367895000185996, 36.620984002512643 ], [ -102.350066001994776, 36.592232999996789 ], [ -102.204619208404324, 36.465584636315619 ], [ -102.073070996176241, 36.33167399857097 ], [ -102.047133687449573, 36.27104095050499 ], [ -102.006876999532068, 36.055226997286219 ], [ -101.995464999791977, 36.023867998338709 ], [ -101.973430996738955, 35.842017002984797 ], [ -101.958781118371917, 35.792902015951611 ], [ -101.965029997117611, 35.690438000067573 ], [ -101.959877997266446, 35.620001999432532 ], [ -101.942233252523167, 35.560306132108082 ], [ -101.835490310066973, 35.398134239789393 ], [ -101.833510998102568, 35.265651002293843 ], [ -101.747472004106555, 35.265010997291412 ], [ -101.742259996794388, 35.192715002643681 ], [ -101.687205999005428, 35.192933997561845 ], [ -101.614108000245182, 35.183142003872049 ], [ -101.445276685386744, 35.139632671949499 ], [ -101.287194449521309, 35.083079098565911 ], [ -101.186096996417618, 35.034166001022534 ], [ -101.09524599693917, 35.030619001768457 ], [ -100.879877997776106, 34.934324000924576 ], [ -100.776650998459885, 34.903557000016846 ], [ -100.722392063596303, 34.877812680565405 ], [ -100.661104000280687, 34.866106999428979 ], [ -100.597939751595263, 34.818367397354777 ], [ -100.562781002915145, 34.754834998029708 ], [ -100.483180989145254, 34.670722264631245 ], [ -100.465637529450262, 34.602730392333797 ], [ -100.431989998606298, 34.536981002815494 ], [ -100.277907996633701, 34.453355001279064 ], [ -100.118570733467976, 34.396733806481819 ], [ -99.844185998303132, 34.323972996812699 ], [ -99.76007900200554, 34.293043996303105 ], [ -99.584360160133315, 34.259317169724987 ], [ -99.474568003226125, 34.249838999626718 ], [ -99.380513997720115, 34.212223000008777 ], [ -99.33045999585309, 34.185108001504972 ], [ -99.307628998496867, 34.160703003142942 ], [ -99.274882998905753, 34.159431996585703 ], [ -99.160685997918662, 34.130446000723389 ], [ -99.139505996256801, 34.133789003153993 ], [ -98.967239002729016, 34.051460002681047 ], [ -98.948886996396226, 34.04490999870832 ], [ -98.912380002238805, 34.044328002243603 ], [ -98.824366996338554, 33.99015100206374 ], [ -98.762343491282991, 33.971135587905259 ], [ -98.690581997019308, 33.965769001650337 ], [ -98.673346003696579, 33.951813997568664 ], [ -98.507899001839533, 33.927345000420395 ], [ -98.479394999733643, 33.899484004065272 ], [ -98.455666001503616, 33.90109400015811 ], [ -98.410110996141441, 33.880881002557715 ], [ -98.34712800053093, 33.86867800059548 ], [ -98.229390002390602, 33.822585995965973 ], [ -98.11875442624634, 33.749462224849616 ], [ -98.077985411155993, 33.685026090712469 ], [ -98.01408800245143, 33.636372000798907 ], [ -97.900274995315726, 33.579895003137494 ], [ -97.826474999093534, 33.529061001691758 ], [ -97.774748998920813, 33.450761998354757 ], [ -97.705814996929647, 33.369127001501525 ], [ -97.705168003312565, 33.357773999802959 ], [ -97.683008999687758, 33.345827997418155 ], [ -97.608518998512665, 33.25484099905929 ], [ -97.589807998442893, 33.221607000262857 ], [ -97.511745990270967, 33.152415573004511 ], [ -97.47118300379104, 33.099999003002054 ], [ -97.478549000474601, 33.051676997349553 ], [ -97.464918000285977, 33.04494200248913 ], [ -97.396456000094531, 33.036595003353654 ], [ -97.268330000789661, 33.026848001491729 ], [ -97.222366998591738, 33.012692999506207 ], [ -97.216110996205856, 33.000243002832448 ], [ -97.170215996474965, 32.985289000435699 ], [ -97.151027002842497, 32.961127001753212 ], [ -97.101671000934417, 32.940327998056532 ], [ -97.088582996402451, 32.92524300256833 ], [ -97.064415000476245, 32.922581996650905 ], [ -97.033072995808979, 32.930380003065544 ], [ -96.932852001978546, 32.874258002288528 ], [ -96.88084100229878, 32.858217002999965 ], [ -96.855022998824978, 32.826115001063307 ], [ -96.807049998212577, 32.791818996786589 ], [ -96.798824996521731, 32.772495002822929 ] ] } },
{ "type": "Feature", "properties": { "edge_type": "hub_backbone", "region": "ContigUS" }, "geometry": { "type": "LineString", "coordinates": [ [ -104.987390004358403, 39.740059002241566 ], [ -104.987390004358403, 39.750236000468476 ], [ -104.973757998056684, 39.760757001495797 ], [ -104.940579001515459, 39.76180100151624 ], [ -104.939934002158324, 39.790992001006593 ], [ -104.930532000832756, 39.81345899701239 ], [ -104.71491300339612, 40.000508998130329 ], [ -104.646789003313501, 40.074511996558748 ], [ -104.598337003025293, 40.103845001833108 ], [ -104.526354999308793, 40.112143001483247 ], [ -104.457168103598832, 40.156393690139325 ], [ -104.34977199609952, 40.17106999745166 ], [ -104.150344996911883, 40.231997000470933 ], [ -104.044177003186988, 40.247318999271727 ], [ -103.931508000565572, 40.242723997283377 ], [ -103.887212999170401, 40.249877997593345 ], [ -103.84195600092059, 40.26545699637829 ], [ -103.753283999911091, 40.262910000627407 ], [ -103.578223003304558, 40.273499997885438 ], [ -103.366413500476455, 40.394924116172497 ], [ -103.256349001324637, 40.505189000929199 ], [ -103.213902993295591, 40.556526329363031 ], [ -103.172347997247414, 40.621433001597772 ], [ -103.117626403063042, 40.672380454373076 ], [ -102.944336003847823, 40.768138002403013 ], [ -102.808452998165649, 40.822464000628649 ], [ -102.454708934844973, 40.922412470979495 ], [ -102.311387833694539, 40.934796456645003 ], [ -102.250620002726251, 40.965465997380186 ], [ -102.146357003342303, 41.03146499633997 ], [ -102.055638999441697, 41.05328899683537 ], [ -101.888085996215693, 41.079246000620593 ], [ -101.730199000194133, 41.114771997851378 ], [ -101.636926340339073, 41.120391003673532 ], [ -101.503686600430953, 41.108811766978057 ], [ -101.356423997240952, 41.110884001928504 ], [ -101.270217000320528, 41.11687200178828 ], [ -101.205022172817451, 41.138091010808502 ], [ -101.061456774825473, 41.139603456563826 ], [ -100.931796758442502, 41.131556656557116 ], [ -100.862804168328481, 41.118525517437995 ], [ -100.758753997801662, 41.110408997430582 ], [ -100.652376768480764, 41.091415166519113 ], [ -100.296919474182872, 40.978355486111603 ], [ -100.166858000699406, 40.914266997543969 ], [ -100.160347999666939, 40.925789001036861 ], [ -100.071729996389166, 40.888689003228002 ], [ -99.786807995992064, 40.786232001066892 ], [ -99.6301708709411, 40.751838343396656 ], [ -99.255220997360453, 40.702255999368617 ], [ -99.063587000043498, 40.700102999681988 ], [ -98.846670997033371, 40.749432998094804 ], [ -98.528974277905562, 40.841925300788141 ], [ -98.402961996497922, 40.899507997454826 ], [ -98.383194002732239, 40.913980998159076 ], [ -98.36358999642168, 40.915165996952766 ], [ -98.280375997381711, 40.949146999582908 ], [ -97.876971996159725, 41.191145000069767 ], [ -97.828743002640834, 41.189866000774387 ], [ -97.819511995629568, 41.179599997517919 ], [ -97.790352995917416, 41.177102997793824 ], [ -97.598208998064209, 41.177382000526478 ], [ -97.491754693291966, 41.191930997637293 ], [ -97.157300998483564, 41.192845002928841 ], [ -97.129944001265002, 41.206268001968631 ], [ -96.622668001369647, 41.206180000642817 ], [ -96.621938003420325, 41.216353997140871 ], [ -96.602840997272978, 41.23462299903813 ], [ -96.023858003902177, 41.234341997435209 ], [ -95.992681998916296, 41.241228998963571 ], [ -95.984995995379066, 41.252376998312727 ], [ -95.90812899806329, 41.261924997126229 ], [ -95.852192001265806, 41.261965999258791 ], [ -95.817931999061116, 41.279304001277829 ], [ -95.784571003843368, 41.280081000580715 ], [ -95.732583656805033, 41.339109183381531 ], [ -95.680086003803225, 41.371868000127783 ], [ -95.652203132817377, 41.409213212242925 ], [ -95.608444003438635, 41.442385996521303 ], [ -95.584995998229502, 41.498856001980194 ], [ -94.238759998297539, 41.493552997216028 ], [ -94.208805998542076, 41.50368499828145 ], [ -94.192169998980788, 41.51650400007108 ], [ -94.083603000390724, 41.518883999457266 ], [ -94.019106002166637, 41.539535999115557 ], [ -93.876178003784503, 41.563507002696561 ], [ -93.808994000815176, 41.591736001142976 ], [ -93.598929996449343, 41.596048997772492 ], [ -93.579911000001246, 41.604026997987177 ], [ -93.575153998363646, 41.627750000812213 ], [ -93.547240000753206, 41.627741003120093 ], [ -93.49486900122335, 41.661677997072246 ], [ -93.44406900241178, 41.671895001833335 ], [ -93.239894002705682, 41.693533997788784 ], [ -93.184569001161819, 41.69241799818198 ], [ -93.130957670769703, 41.682294178826901 ], [ -92.911785998081157, 41.681916997107315 ], [ -92.849537950137147, 41.695122944542057 ], [ -92.727094001616848, 41.696246000520233 ], [ -92.162158000276449, 41.695994996561254 ], [ -92.014798001743387, 41.687143001115658 ], [ -91.601531998888291, 41.693832999028871 ], [ -91.564648996902378, 41.685717998095164 ], [ -91.491653998972595, 41.686552998750535 ], [ -91.445561001569928, 41.671672997943809 ], [ -91.356332000168479, 41.664087996760848 ], [ -91.248511995652933, 41.663443001340056 ], [ -91.203453659828213, 41.658196253634642 ], [ -91.160905998441621, 41.646335000752302 ], [ -91.029765001514917, 41.634812996426078 ], [ -90.859898000999138, 41.632986001450902 ], [ -90.735927356670302, 41.60690472193815 ], [ -90.56534700398737, 41.595442998116368 ], [ -90.391355999698916, 41.595733002630453 ], [ -90.369877002777898, 41.588141002370286 ], [ -90.343304001240412, 41.559095999061299 ], [ -90.341780000377781, 41.535910000947595 ], [ -90.32227000276167, 41.53500000156005 ], [ -90.252970000174315, 41.547750001559713 ], [ -90.192413003803225, 41.605496999290381 ], [ -90.184899997823393, 41.630550001454807 ], [ -90.103040002461711, 41.68880000081171 ], [ -89.962189995977965, 41.723379999951469 ], [ -89.920387002029301, 41.728194999424744 ], [ -89.857050654101755, 41.755131042708292 ], [ -89.789395996805638, 41.761328999740506 ], [ -89.758880002025251, 41.752139998940017 ], [ -89.663950004369923, 41.751280001147656 ], [ -89.634563003255494, 41.758125002796142 ], [ -88.941470001749764, 41.760799999002444 ], [ -88.815988804338062, 41.768826000280683 ], [ -88.437486003977199, 41.765262000163531 ], [ -88.41593000347001, 41.769460003008525 ], [ -88.397889002871764, 41.794456997392494 ], [ -88.035179995560696, 41.80962000272369 ], [ -88.016133995755141, 41.831804997286646 ], [ -87.972575002038553, 41.844283999946668 ], [ -87.947000001832279, 41.845029996893118 ], [ -87.904272003652409, 41.873920002176668 ], [ -87.886557998800711, 41.8697879964935 ], [ -87.81084000063224, 41.87421099952811 ], [ -87.768219997915821, 41.871000002117121 ], [ -87.630769998001483, 41.878160001725341 ] ] } },
{ "type": "Feature", "properties": { "edge_type": "hub_backbone", "region": "ContigUS" }, "geometry": { "type": "LineString", "coordinates": [ [ -98.493157998370108, 29.424292002702138 ], [ -98.479599995281461, 29.435269001836385 ], [ -98.459256998885579, 29.483674000834473 ], [ -98.420974996608791, 29.500467002313599 ], [ -98.394612003218427, 29.521627998345508 ], [ -98.389426999263719, 29.533282003504947 ], [ -98.142110003795892, 29.684254001012224 ], [ -98.098113000529906, 29.699166000908239 ], [ -98.022659996387105, 29.793843997559943 ], [ -97.909469000720392, 29.896216003491777 ], [ -97.884695001303498, 29.938561996116512 ], [ -97.870056998664566, 29.996414996078268 ], [ -97.813385997431595, 30.098820000191623 ], [ -97.788464997701595, 30.162770996599583 ], [ -97.736944002059857, 30.240886996147164 ], [ -97.730090997302469, 30.278171001917009 ], [ -97.67414599651579, 30.381269997812232 ], [ -97.666426997858196, 30.456054997228911 ], [ -97.691513000139551, 30.53188399735761 ], [ -97.692830002211281, 30.577311001331605 ], [ -97.677954997050918, 30.629179999058199 ], [ -97.679409001186642, 30.649893996293454 ], [ -97.657331995780979, 30.687915002383704 ], [ -97.604885995908035, 30.824855999325443 ], [ -97.54755800280887, 30.917031997517398 ], [ -97.534125997421981, 30.957878999678929 ], [ -97.497081002240861, 30.994739999263558 ], [ -97.466601002953936, 31.046553996425224 ], [ -97.412246999383825, 31.080388000739042 ], [ -97.361649004730197, 31.099150001822206 ], [ -97.355056996495435, 31.114251996631989 ], [ -97.335411002928495, 31.126940999720016 ], [ -97.302920996243913, 31.206986995895011 ], [ -97.223905129953849, 31.336240286920017 ], [ -97.206578999675529, 31.399750002741857 ], [ -97.117396998129735, 31.560380999001104 ], [ -97.095705001671675, 31.62769499755068 ], [ -97.1027100013752, 31.787473000594531 ], [ -97.08359599910267, 31.884474996817147 ], [ -97.118078001963497, 31.970797001977051 ], [ -97.096162001606203, 32.003229997675291 ], [ -97.094866999275752, 32.04458300394495 ], [ -96.947678004040142, 32.121894002388665 ], [ -96.921672998273692, 32.157302001347908 ], [ -96.891198999732865, 32.182869002431573 ], [ -96.86695020933, 32.247082285017733 ], [ -96.854884999631039, 32.367221997506576 ], [ -96.822905002465859, 32.490728999930106 ], [ -96.822543996502631, 32.674781997051006 ], [ -96.829638998414467, 32.713169998179197 ], [ -96.822809996641382, 32.73994499704316 ], [ -96.812721996849092, 32.745280002320648 ], [ -96.798824996521731, 32.772495002822929 ] ] } },
{ "type": "Feature", "properties": { "edge_type": "hub_backbone", "region": "ContigUS" }, "geometry": { "type": "LineString", "coordinates": [ [ -95.369149996520562, 29.76382399887828 ], [ -95.421520996050461, 29.761345003168081 ], [ -95.429353999900783, 29.777565999129394 ], [ -95.468013995282831, 29.78419700226517 ], [ -95.801730999693035, 29.785391995987879 ], [ -95.832320000556521, 29.777375003215852 ], [ -95.984634001269001, 29.78189399860663 ], [ -96.043180002095625, 29.769711997520801 ], [ -96.118800003049714, 29.775762002622585 ], [ -96.482285002052691, 29.713833996786633 ], [ -96.54256800327893, 29.691902997411681 ], [ -96.820563004688623, 29.688604000577456 ], [ -96.854597996880926, 29.696227000696542 ], [ -96.973815789788787, 29.690598541643947 ], [ -97.115984999216693, 29.696480999181308 ], [ -97.244690995784779, 29.691612996690534 ], [ -97.301225003936949, 29.669356000367248 ], [ -97.499275002575033, 29.650000998916148 ], [ -97.6661120036038, 29.651653002146119 ], [ -97.924950997518266, 29.599416001241767 ], [ -97.950243998590537, 29.581009996670371 ], [ -97.979481996148792, 29.580094003146144 ], [ -98.02870999711206, 29.555052998280726 ], [ -98.438535003271326, 29.419879999223792 ], [ -98.493157998370108, 29.424292002702138 ] ] } },
{ "type": "Feature", "properties": { "edge_type": "hub_backbone", "region": "ContigUS" }, "geometry": { "type": "LineString", "coordinates": [ [ -96.786147998181704, 32.775511004022299 ], [ -96.798824996521731, 32.772495002822929 ] ] } },
{ "type": "Feature", "properties": { "edge_type": "hub_backbone", "region": "ContigUS" }, "geometry": { "type": "LineString", "coordinates": [ [ -96.786147998181704, 32.775511004022299 ], [ -96.793230998601288, 32.807299999498611 ], [ -96.771411001198402, 32.851083997591829 ], [ -96.765943998109705, 32.919658002538121 ], [ -96.716095997903665, 32.975407001951595 ], [ -96.709109997568433, 33.028478000585665 ], [ -96.642981003018207, 33.164785003156915 ], [ -96.635219999137888, 33.220736000947902 ], [ -96.618214998607357, 33.250466002593988 ], [ -96.595726995992919, 33.268526002500806 ], [ -96.592298997919258, 33.28496899933441 ], [ -96.580417996752445, 33.401149000157744 ], [ -96.612987998413104, 33.465542001797743 ], [ -96.605418003311684, 33.595233001521258 ], [ -96.615870997587066, 33.640241997361613 ], [ -96.558715004915342, 33.720488002713289 ], [ -96.538174001864505, 33.731825998887004 ], [ -96.534721003676481, 33.819625998388148 ], [ -96.511526997113918, 33.853842998345627 ], [ -96.510833003641196, 33.866712000130136 ], [ -96.420183999337553, 33.940382001482547 ], [ -96.416424999031165, 33.976764002914614 ], [ -96.385480004803682, 34.026449001688334 ], [ -96.320758068432482, 34.093866906106406 ], [ -96.2712319974748, 34.135368998404644 ], [ -96.205557002486017, 34.271141999133732 ], [ -96.169168002041161, 34.316889003233236 ], [ -96.12487799527895, 34.393899000877767 ], [ -96.073163996598424, 34.440804004070039 ], [ -96.051067003677659, 34.475758998199503 ], [ -96.025123002502127, 34.545835997004268 ], [ -95.973225999031939, 34.606571998148375 ], [ -95.929835996386572, 34.680412000011167 ], [ -95.902651996725439, 34.713267999270116 ], [ -95.882521999866597, 34.779800000065542 ], [ -95.795470002674136, 34.879353003040819 ], [ -95.754149996921129, 34.899689002375247 ], [ -95.729397000115583, 34.94276399967633 ], [ -95.698037002193203, 35.097509002299546 ], [ -95.641929999228211, 35.184249002886027 ], [ -95.599896003504256, 35.228430999420091 ], [ -95.587831000417808, 35.258781000586424 ], [ -95.592726001249332, 35.30400100286159 ], [ -95.546890002866306, 35.451941999852039 ], [ -95.516114996840088, 35.507740997028328 ], [ -95.49001600034542, 35.584055001771382 ], [ -95.436640998738241, 35.667863997949439 ], [ -95.413613000840201, 35.680065001460314 ], [ -95.402830998592023, 35.696992998810089 ], [ -95.402327995931842, 35.911206997029097 ], [ -95.39513499680568, 35.918949997334749 ], [ -95.394755997587311, 35.95942100125518 ], [ -95.374238000390918, 35.988250002988686 ], [ -95.360143002391752, 36.11089999802801 ], [ -95.341705000336816, 36.147463997583174 ], [ -95.331626001663679, 36.270744001675212 ], [ -95.29261599569746, 36.36522800062567 ], [ -95.294893997493858, 36.380025998647305 ], [ -95.256133004524429, 36.481407001182973 ], [ -95.220537998009718, 36.546122997342628 ], [ -95.220111001805705, 36.557945000035652 ], [ -95.190639002099104, 36.600437000125673 ], [ -95.100511999823908, 36.656426002787363 ], [ -94.924883995593206, 36.726057000002491 ], [ -94.898685393899854, 36.761406202489141 ], [ -94.837543998520687, 36.886924997192516 ], [ -94.787801002388179, 36.910289001379986 ], [ -94.677463999294915, 36.949010000082481 ], [ -94.617969997365805, 36.995888000165351 ], [ -94.548033996540411, 37.009740002777555 ], [ -94.496716999316575, 37.045482996329248 ], [ -94.474530004187514, 37.046677002209279 ], [ -94.362681998853745, 37.082047998525525 ], [ -93.898163066620839, 37.07406892464936 ], [ -93.806584997700924, 37.091735003877261 ], [ -93.641768999448871, 37.187146998463241 ], [ -93.481874996402681, 37.188107003043747 ], [ -93.388988001265403, 37.209098998630843 ], [ -93.345876997380984, 37.247974997718629 ], [ -93.183311000437925, 37.250386001472542 ], [ -93.117337001206863, 37.27275700181999 ], [ -93.076673996303199, 37.270218002048694 ], [ -93.004050999715716, 37.30233200144891 ], [ -92.984585001582232, 37.303250003142686 ], [ -92.927478003026124, 37.34536699832465 ], [ -92.84159500147922, 37.504164002549096 ], [ -92.792630000281704, 37.557184998497597 ], [ -92.712286001793515, 37.601210998099617 ], [ -92.583964996206745, 37.746478997207632 ], [ -92.509798999388337, 37.757339000192729 ], [ -92.45793583545489, 37.757912151063998 ], [ -92.263847002977883, 37.785082001949334 ], [ -92.170875000265269, 37.824509001641246 ], [ -92.13743700146135, 37.823726998668306 ], [ -92.101605998538346, 37.8325619999449 ], [ -92.022564997386624, 37.867045001154139 ], [ -91.989955002729516, 37.906697000071354 ], [ -91.939914996614633, 37.94298700092537 ], [ -91.803240000245381, 37.940456997639629 ], [ -91.773242001007276, 37.960591001693551 ], [ -91.719236004778267, 37.979198003016073 ], [ -91.665823651221601, 37.986795076772857 ], [ -91.410768001957734, 38.070487997983854 ], [ -91.199172001723213, 38.184496996673289 ], [ -91.105773002806586, 38.277852000608377 ], [ -91.010737003947725, 38.339183001980722 ], [ -90.993673999199245, 38.343403999067597 ], [ -90.963723996946825, 38.382624998305559 ], [ -90.916050000576703, 38.424844999579044 ], [ -90.912657000866517, 38.43682699964954 ], [ -90.851991002918865, 38.471016996921747 ], [ -90.84547699540019, 38.480984998001631 ], [ -90.755766002933058, 38.484848002889848 ], [ -90.681471996186701, 38.505232996933756 ], [ -90.559461996830677, 38.5072190013151 ], [ -90.51636899518455, 38.535419001279898 ], [ -90.434737998355118, 38.543154999072186 ], [ -90.414640996616626, 38.554053996793655 ], [ -90.339866004917653, 38.568125997040745 ], [ -90.302023997467032, 38.592390999859774 ], [ -90.255633001935166, 38.589564998600103 ], [ -90.190463003866512, 38.620276997468416 ], [ -90.169112996037143, 38.616006997812669 ], [ -90.162629998362078, 38.627699997396654 ], [ -90.138340002237129, 38.635341000135575 ], [ -90.107300002185255, 38.65976000294588 ], [ -90.066190004579354, 38.66279000210686 ], [ -90.020869998495527, 38.675159998707308 ], [ -89.984769995060702, 38.702319996387445 ], [ -89.917473001994935, 38.718661997496781 ], [ -89.885641002272791, 38.821235996606369 ], [ -89.804850002099215, 38.928079998253637 ], [ -89.750129997932916, 38.970850000645179 ], [ -89.755450000708507, 39.075829997465405 ], [ -89.641400000034551, 39.23383999692286 ], [ -89.642429999356153, 39.321980000406612 ], [ -89.577460002202372, 39.319619998919762 ], [ -89.332139997543763, 39.5214769988131 ], [ -89.310970003114164, 39.526359996507026 ], [ -89.274550001808834, 39.550501000567813 ], [ -89.273890000586434, 39.55903000157361 ], [ -89.139689997572191, 39.687580000680313 ], [ -88.986680000143892, 39.818030003318384 ], [ -88.97580000068136, 39.824270001248777 ], [ -88.935429999273921, 39.826201997504278 ], [ -88.925939998983111, 39.83378999885543 ], [ -88.925175999800274, 39.875664000207912 ], [ -88.917845998610147, 39.886564002434262 ], [ -88.89431599518187, 39.910126000819538 ], [ -88.868880000282672, 39.913316000041583 ], [ -88.836710000451731, 39.937930002635447 ], [ -88.775779996625204, 40.005610000642278 ], [ -88.745220002362203, 40.016410002706543 ], [ -88.74457999763807, 40.21000000297748 ], [ -88.715539997751577, 40.223509999984415 ], [ -88.631749998951449, 40.243010000937744 ], [ -88.602979996706736, 40.281709996935263 ], [ -88.384890003418093, 40.456880002420171 ], [ -88.365895998101223, 40.45685100052566 ], [ -88.348818853870213, 40.488794652602586 ], [ -88.239130003220708, 40.57444000269453 ], [ -88.176659999536355, 40.611399998356738 ], [ -88.1768600004512, 40.617890000240749 ], [ -88.077418726321085, 40.706086623252041 ], [ -88.028170001224225, 40.714780002664895 ], [ -88.006210001384289, 40.746249998021504 ], [ -87.998229997220847, 40.824979998597186 ], [ -87.970169996427288, 40.880969996769181 ], [ -87.927836996460996, 40.930411003725631 ], [ -87.885414003269517, 41.061858997995444 ], [ -87.86871000124124, 41.076580001596689 ], [ -87.868910002156099, 41.104250000290961 ], [ -87.857680001092561, 41.131029999832137 ], [ -87.850220004697661, 41.130799996809301 ], [ -87.851524996294046, 41.177269997948571 ], [ -87.843185001263663, 41.232113998922884 ], [ -87.785290000540328, 41.332139999618263 ], [ -87.732086999360618, 41.443726998079647 ], [ -87.735920002880093, 41.588660002164964 ], [ -87.727529998637877, 41.587429999607032 ], [ -87.661270002769783, 41.63868999670855 ], [ -87.661940002241295, 41.685757002199402 ], [ -87.651229999963121, 41.713420001542481 ], [ -87.628519996692503, 41.715070000909314 ], [ -87.624120003515102, 41.720609996742333 ], [ -87.635947995096984, 41.875697999123496 ], [ -87.630769998001483, 41.878160001725341 ] ] } },
{ "type": "Feature", "properties": { "edge_type": "hub_backbone", "region": "ContigUS" }, "geometry": { "type": "LineString", "coordinates": [ [ -95.36546100192426, 29.770593000916119 ], [ -95.381073002910028, 29.82861500127494 ], [ -95.41174599625262, 29.877797000810752 ], [ -95.411866999321376, 29.93177299980459 ], [ -95.428140995789477, 30.014327997709223 ], [ -95.435663002888447, 30.107641001465797 ], [ -95.456015997533456, 30.205366999029874 ], [ -95.456778999586319, 30.276725995770114 ], [ -95.483902003639642, 30.351171996120929 ], [ -95.496088800312293, 30.464827466176416 ], [ -95.491064001905343, 30.515464999806838 ], [ -95.514467001518753, 30.666788001955922 ], [ -95.524762000101973, 30.679368999738347 ], [ -95.553855000590218, 30.695399001326965 ], [ -95.584010995520458, 30.733118997486688 ], [ -95.65346000166403, 30.778653997293947 ], [ -95.77232499921034, 30.888331000841315 ], [ -95.821512692766774, 30.927546340965272 ], [ -95.877883998054685, 30.960450997637423 ], [ -95.926470000033817, 31.019052996894406 ], [ -95.981889360615128, 31.144715280773553 ], [ -95.994363007324324, 31.199257302976136 ], [ -95.987608996911192, 31.261987000491391 ], [ -96.028472523752569, 31.39021519053075 ], [ -96.085191000948328, 31.462850996064557 ], [ -96.154110998204231, 31.597547002566142 ], [ -96.160696781114083, 31.654609248187572 ], [ -96.180396996991561, 31.726965001885969 ], [ -96.319808001204834, 31.86397299734374 ], [ -96.423883998296077, 31.931818000426791 ], [ -96.434061003166718, 32.008763997573958 ], [ -96.452343003789395, 32.061633997718637 ], [ -96.452847003579535, 32.084051998423817 ], [ -96.463230998257998, 32.099814998129666 ], [ -96.473947998412186, 32.199484998839146 ], [ -96.509863002797402, 32.268573997614745 ], [ -96.59676599643366, 32.310696999849476 ], [ -96.638339003703294, 32.366829003165158 ], [ -96.660017004409227, 32.41669300293939 ], [ -96.664632000366709, 32.446337001797467 ], [ -96.659041002819308, 32.534977999471231 ], [ -96.664723996834937, 32.561038002648793 ], [ -96.70759300356498, 32.649046999816875 ], [ -96.720305000268482, 32.657689999903532 ], [ -96.756446002812893, 32.712946997691908 ], [ -96.776190002577309, 32.765550003005117 ], [ -96.786147998181704, 32.775511004022299 ] ] } },
{ "type": "Feature", "properties": { "edge_type": "hub_backbone", "region": "ContigUS" }, "geometry": { "type": "LineString", "coordinates": [ [ -95.370153998597885, 29.763387000932447 ], [ -95.369149996520562, 29.76382399887828 ] ] } },
{ "type": "Feature", "properties": { "edge_type": "hub_backbone", "region": "ContigUS" }, "geometry": { "type": "LineString", "coordinates": [ [ -95.369149996520562, 29.76382399887828 ], [ -95.36546100192426, 29.770593000916119 ] ] } },
{ "type": "Feature", "properties": { "edge_type": "hub_backbone", "region": "ContigUS" }, "geometry": { "type": "LineString", "coordinates": [ [ -95.36546100192426, 29.770593000916119 ], [ -95.340632995792504, 29.770377000473218 ], [ -95.333310001461598, 29.862187000188694 ], [ -95.262231999364971, 30.018130000790642 ], [ -95.215551000709922, 30.155037997080516 ], [ -95.106229004056175, 30.313459998096331 ], [ -94.949988997242826, 30.57079599634131 ], [ -94.944376997084106, 30.596581996803138 ], [ -94.949794997074065, 30.687282001389907 ], [ -94.932475002289152, 30.702546002599547 ], [ -94.932976998836196, 30.710985001429432 ], [ -94.826478667631903, 30.702729570547223 ], [ -94.743593999958236, 30.705245001724109 ], [ -94.712804001049903, 30.717234999283097 ], [ -94.670142002093939, 30.719690997441827 ], [ -94.597908002973952, 30.752146996269449 ], [ -94.549030443786194, 30.752397595091612 ], [ -94.407128995194981, 30.776370002166935 ], [ -94.262286004222787, 30.843418999258567 ], [ -94.205055999354812, 30.853377997263198 ], [ -94.166970997619828, 30.852935997585668 ], [ -94.122697995965922, 30.863923998621281 ], [ -93.995588000230526, 30.911026003026091 ], [ -93.964916004017923, 30.935835998940934 ], [ -93.869719000110678, 30.966216002520671 ], [ -93.7341935418779, 30.995277507323166 ], [ -93.670054001271666, 30.998375000003744 ], [ -93.592705228485869, 31.040636001892217 ], [ -93.519534996193585, 31.064309996729808 ], [ -93.495880001176701, 31.066140003163412 ], [ -93.442050353221077, 31.100575827399396 ], [ -93.387889999476769, 31.120027998616166 ], [ -93.356348883226772, 31.157707993900395 ], [ -93.287080995410818, 31.142573996052032 ], [ -93.194038995971255, 31.149925996712231 ], [ -93.17772100002054, 31.159858999223314 ], [ -93.054596002750699, 31.192412995952211 ], [ -92.828972998000864, 31.24092799764647 ], [ -92.726340997813082, 31.272135002348691 ], [ -92.689778999810798, 31.272123001629161 ], [ -92.617991786780507, 31.29435684769323 ], [ -92.493012999140916, 31.295991003090119 ], [ -92.459004004192934, 31.308501000362316 ], [ -92.449070999719751, 31.301392001036742 ], [ -92.416277003143023, 31.333385999849256 ], [ -92.383657998383626, 31.334844996724176 ], [ -92.226169414173725, 31.39315701738176 ], [ -92.160686002885598, 31.430808002393583 ], [ -92.107179676567043, 31.463613673780525 ], [ -92.061727456439698, 31.505263432765666 ], [ -92.008150998646911, 31.536599997921897 ], [ -91.979016001919121, 31.576699003737993 ], [ -91.896238575124102, 31.599608020661826 ], [ -91.822689002253668, 31.628905996818922 ], [ -91.790411995106069, 31.617130004127734 ], [ -91.690556004741893, 31.603203001962854 ], [ -91.625614663845667, 31.607971452101889 ], [ -91.554966999685874, 31.629885002066867 ], [ -91.55160999546915, 31.618254997747748 ], [ -91.466695000506093, 31.575364001525557 ], [ -91.427304998191559, 31.566410999782434 ], [ -91.411958000214611, 31.551977002960328 ], [ -91.404547995065258, 31.562411999998954 ], [ -91.381059996859662, 31.55625000191413 ], [ -91.299441001522425, 31.578967999854488 ], [ -91.273381000894261, 31.604338002872051 ], [ -91.240047997180739, 31.617573002157386 ], [ -91.189606291420262, 31.681623616121723 ], [ -91.175970997284594, 31.747252004160302 ], [ -91.113860526326349, 31.788565555534429 ], [ -91.05729000165789, 31.843769002769566 ], [ -90.994660996168236, 31.929871995960813 ], [ -90.972286998746455, 31.940415001522581 ], [ -90.957772999549334, 31.965636000492971 ], [ -90.84013400473647, 31.961471997780617 ], [ -90.78610880252667, 31.996416002702741 ], [ -90.715428996646025, 31.996969998998079 ], [ -90.633025996644577, 32.042670000771238 ], [ -90.626670002784365, 32.048851003217109 ], [ -90.622225004011256, 32.096834996619812 ], [ -90.606425003602851, 32.111637003813435 ], [ -90.547795001314029, 32.13954100171005 ], [ -90.47289199968705, 32.204879003105738 ], [ -90.437955000134835, 32.244296001692341 ], [ -90.331810003281205, 32.267006001419055 ], [ -90.294632003539135, 32.26856200392799 ], [ -90.266669002829929, 32.293014998950731 ], [ -90.157705999913176, 32.278226001164754 ], [ -90.025161996209448, 32.283727001207609 ], [ -89.955390000805494, 32.279029003009917 ], [ -89.935722995644056, 32.272225002701454 ], [ -89.804230002856443, 32.296988999522725 ], [ -89.729981001705781, 32.296339999588206 ], [ -89.675381003478279, 32.309670002031474 ], [ -89.614658995572654, 32.31618899970924 ], [ -89.55742601728106, 32.335183723301384 ], [ -89.496936996427536, 32.337907998228104 ], [ -89.453112002572155, 32.327692996186052 ], [ -89.333901000927838, 32.323610999559676 ], [ -89.293615000982626, 32.332021999131328 ], [ -89.284585000999357, 32.339881998313714 ], [ -88.774720999686195, 32.343346003136539 ], [ -88.744410997583628, 32.35043500037434 ], [ -88.701135997260948, 32.34910600179311 ], [ -88.648460001725851, 32.381004998651825 ], [ -88.453551995541261, 32.423657001176046 ], [ -88.384158999355648, 32.456782001473805 ], [ -88.299125004566918, 32.522227999012067 ], [ -88.243143397432419, 32.574343979678993 ], [ -88.208329997080142, 32.62579300227852 ], [ -88.142464999425613, 32.701124997068646 ], [ -88.031009998045505, 32.796678000064787 ], [ -87.919869002772913, 32.871479997643846 ], [ -87.837720711087115, 32.952842330374729 ], [ -87.752184001099096, 33.01757499918326 ], [ -87.631138001840753, 33.138075000906483 ], [ -87.548835999426714, 33.171096996744787 ], [ -87.502972000556284, 33.176008997522935 ], [ -87.411034003651437, 33.173199996332926 ], [ -87.264487995546773, 33.189712997949499 ], [ -87.162817004066767, 33.233891997335839 ], [ -87.128091000808439, 33.251663996680861 ], [ -86.998913002440631, 33.364203996791758 ], [ -86.926222003386158, 33.449381996974616 ], [ -86.869852000655428, 33.502115999459853 ], [ -86.820777997881336, 33.507315997825977 ], [ -86.797734000988072, 33.518225000829339 ], [ -86.793774999766782, 33.512989999078918 ], [ -86.768759003195541, 33.525985001019151 ], [ -86.735729001227355, 33.53216099726901 ], [ -86.704820002493321, 33.53051099993101 ], [ -86.659912996861365, 33.546219996583915 ], [ -86.59171900005181, 33.544855000191752 ], [ -86.547513003734949, 33.561606002456429 ], [ -86.395537003131281, 33.595723002930669 ], [ -86.28114000122936, 33.606476001530062 ], [ -86.240091996361215, 33.607920001825192 ], [ -86.207225999814483, 33.596697999058165 ], [ -86.000011999502178, 33.576543002899967 ], [ -85.875772004318549, 33.585994998167763 ], [ -85.83921299770617, 33.604776001087025 ], [ -85.786327003007031, 33.611381999626424 ], [ -85.590365003499585, 33.620790000032144 ], [ -85.49514299947802, 33.647236998868848 ], [ -85.413704996704212, 33.653588001377877 ], [ -85.34282899876554, 33.675761001681394 ], [ -85.195619000918597, 33.689416001648404 ], [ -85.144847002594432, 33.685279996836634 ], [ -85.100358001030472, 33.690640000732358 ], [ -85.032400997759169, 33.715873997163953 ], [ -84.906052997963542, 33.725304003009256 ], [ -84.829219004751295, 33.718433998488223 ], [ -84.776827999740036, 33.723231001798901 ], [ -84.737405999435083, 33.732663000968657 ], [ -84.71136100067217, 33.752648001584873 ], [ -84.610302004445771, 33.776878999806662 ], [ -84.496378998603532, 33.765738001885921 ], [ -84.420062003803608, 33.741596003058241 ], [ -84.389971999114124, 33.744871999364811 ] ] } },
{ "type": "Feature", "properties": { "edge_type": "hub_backbone", "region": "ContigUS" }, "geometry": { "type": "LineString", "coordinates": [ [ -87.630769998001483, 41.878160001725341 ], [ -87.624290000699489, 41.878270001535242 ], [ -87.624130001764229, 41.867449999057641 ], [ -87.618750000510786, 41.867430003626403 ], [ -87.607801001451293, 41.836203996323519 ], [ -87.580279998811335, 41.792400001294261 ], [ -87.585429995419432, 41.791670001053397 ], [ -87.58560000158694, 41.749749999036133 ], [ -87.534359998966082, 41.712669997581976 ], [ -87.489065001979768, 41.669933000426276 ], [ -87.480862000030214, 41.639402999224437 ] ] } },
{ "type": "Feature", "properties": { "edge_type": "hub_backbone", "region": "ContigUS" }, "geometry": { "type": "LineString", "coordinates": [ [ -87.480862000030214, 41.639402999224437 ], [ -87.480749998080597, 41.576284000259044 ], [ -87.471134997218002, 41.560698002219254 ], [ -87.467475000239077, 41.217321003272794 ], [ -87.447991996997274, 41.174263997636096 ], [ -87.456441999717327, 41.137572998728345 ], [ -87.448641999970562, 41.1156980027245 ], [ -87.449455002252137, 40.958789001588713 ], [ -87.435232003308158, 40.940701003191357 ], [ -87.439194004902447, 40.708217999727502 ], [ -87.380208997396466, 40.657464997232267 ], [ -87.377560000370892, 40.4622549999619 ], [ -87.369321002927933, 40.447150999890155 ], [ -87.363319996318566, 40.381907003266569 ], [ -87.349315997657698, 40.357032001009372 ], [ -87.353577003494294, 40.345166997612012 ], [ -87.391162002942167, 40.316293001221425 ], [ -87.408772000850263, 40.265230003671888 ], [ -87.436431999814118, 40.221536997003213 ], [ -87.451718002183284, 40.122342996398515 ], [ -87.45121799989613, 39.934275997330616 ], [ -87.443280998085385, 39.928554002082741 ], [ -87.441361999009146, 39.904544998412106 ], [ -87.417735004479624, 39.884193998806118 ], [ -87.410874004716177, 39.867698999856991 ], [ -87.408831002198127, 39.789264998367635 ], [ -87.39842100129222, 39.741074000481582 ], [ -87.399382998146862, 39.697547000688303 ], [ -87.43480199774794, 39.658626002271838 ], [ -87.437636999936245, 39.589466000953983 ], [ -87.434880995594028, 39.513868997961119 ], [ -87.413814001994908, 39.492793997206029 ], [ -87.415977001468619, 39.416665999065074 ], [ -87.40019500329845, 39.398550997178639 ], [ -87.388123999465975, 39.369210996383799 ], [ -87.389661996080747, 39.196246997986528 ], [ -87.407452995535436, 39.168228999328335 ], [ -87.409436996705622, 39.133354001251782 ], [ -87.425539001729433, 39.113846002170135 ], [ -87.424522998159944, 39.091974998431034 ], [ -87.409166001933855, 39.068663997642695 ], [ -87.401313001585322, 38.996312998426099 ], [ -87.407905997966907, 38.955383001969913 ], [ -87.441564003167088, 38.891878999194866 ], [ -87.433042997606947, 38.867204997254966 ], [ -87.444141997352588, 38.823214998939065 ], [ -87.481963999321863, 38.736121000421498 ], [ -87.483801000178943, 38.701751001058526 ], [ -87.493362003309812, 38.694916001257496 ], [ -87.487759004270231, 38.678528999411824 ], [ -87.527605997536128, 38.648247999745642 ], [ -87.538820996734415, 38.604985000000838 ], [ -87.539138003215029, 38.523890000214493 ], [ -87.556739997133931, 38.514446998123169 ], [ -87.571953002403092, 38.442039997742597 ], [ -87.596136000194591, 38.405953000185121 ], [ -87.598276002797022, 38.387807997590286 ], [ -87.59411700066093, 38.333860001699144 ], [ -87.567671002938283, 38.310333001035332 ], [ -87.568073996157892, 38.237826998389302 ], [ -87.549762000787894, 38.195916996197809 ], [ -87.556461995502957, 38.086586000264013 ], [ -87.53875100000748, 38.02809299954238 ], [ -87.543611002475544, 37.940166997495417 ], [ -87.556785002729669, 37.889281000287461 ], [ -87.573268998361726, 37.857298002550927 ], [ -87.563784001687068, 37.805122000201401 ], [ -87.521779623417999, 37.748162015786541 ], [ -87.511410998914087, 37.646764002362453 ], [ -87.478616373516644, 37.557755473639197 ], [ -87.476004000805219, 37.395495996815114 ], [ -87.490840998245915, 37.361936001880501 ], [ -87.460433996058995, 37.29109400263215 ], [ -87.441177997089497, 37.212363999938184 ], [ -87.46568857453245, 37.069808192626454 ], [ -87.457774650441337, 37.011021818635633 ], [ -87.472861002238602, 36.861433000441068 ], [ -87.462304998149577, 36.844782000796123 ], [ -87.473237998213904, 36.831820997707439 ], [ -87.470617998805665, 36.767403998363875 ], [ -87.454873002242081, 36.702606001749047 ], [ -87.397843995418953, 36.678654002777435 ], [ -87.316994002880691, 36.629846997136056 ], [ -87.287198995947378, 36.604691998263959 ], [ -87.226848001237215, 36.529130998399388 ], [ -87.208616000843222, 36.514650996333472 ], [ -86.986807997374626, 36.375784996821061 ], [ -86.917574002994314, 36.339761003414921 ], [ -86.861291002098852, 36.322752003347411 ], [ -86.799824003361778, 36.276829000067721 ], [ -86.784184001888605, 36.24675199751811 ], [ -86.786271003889297, 36.237890997182504 ], [ -86.774137001205901, 36.220316999769928 ], [ -86.775711002297271, 36.184717999490097 ], [ -86.768402003718478, 36.17167100341014 ], [ -86.787114000918194, 36.167134002433706 ], [ -86.780813999049712, 36.156930003093329 ], [ -86.788081998518933, 36.153829001383116 ], [ -86.777280996902476, 36.147407997381656 ], [ -86.763281004727759, 36.084742999783892 ], [ -86.821505004440766, 35.926168002943484 ], [ -86.83729300335699, 35.823352998644005 ], [ -86.85091899992949, 35.821430002362042 ], [ -86.822395001325347, 35.608391997228544 ], [ -86.836849999174646, 35.574310999162684 ], [ -86.806065003882452, 35.491980002980519 ], [ -86.807658004342088, 35.479217003466985 ], [ -86.782571004930759, 35.461189003202271 ], [ -86.774588000394289, 35.445356000604455 ], [ -86.702682003133987, 35.420654997665849 ], [ -86.688134604574586, 35.376158344499181 ], [ -86.665358000208784, 35.334997999100459 ], [ -86.64288000482658, 35.316785000268538 ], [ -86.604701506436797, 35.209819120343113 ], [ -86.570128998311105, 35.155325997036684 ], [ -86.566279995796407, 35.109924003172196 ], [ -86.575915002140349, 35.023666999026702 ], [ -86.568122000269625, 34.961476000434999 ], [ -86.571606996448082, 34.813286998611922 ], [ -86.60035499895146, 34.74021599776826 ], [ -86.586642000543691, 34.739096000481048 ] ] } },
{ "type": "Feature", "properties": { "edge_type": "hub_backbone", "region": "ContigUS" }, "geometry": { "type": "LineString", "coordinates": [ [ -87.480862000030214, 41.639402999224437 ], [ -87.432901000909979, 41.636482998356797 ], [ -87.43230999928457, 41.628801003187938 ], [ -87.420507995963888, 41.628650999169359 ], [ -87.389744003283027, 41.603885997815503 ], [ -87.333414999661869, 41.603892002974149 ], [ -87.299783997819148, 41.59505799845001 ], [ -87.240435999073171, 41.595225003455738 ], [ -87.235527999619478, 41.530539999069198 ], [ -87.123793002348464, 41.492779002315025 ], [ -87.10992400250845, 41.492456002099125 ], [ -87.072304004697131, 41.470056996536997 ], [ -87.036702997436336, 41.466545996729181 ], [ -87.036643996088472, 41.460035003595308 ], [ -87.017098002978926, 41.448944998860419 ], [ -86.919915003641549, 41.434465002394937 ], [ -86.813892995133486, 41.432593000754018 ], [ -86.755892002189768, 41.408433999496921 ], [ -86.659213002642545, 41.393924998673228 ], [ -86.601496003092734, 41.393842998564054 ], [ -86.563360003999065, 41.380120998988197 ], [ -86.466288000498196, 41.364605997594744 ], [ -86.292073001293645, 41.360445997853461 ], [ -86.262308995220764, 41.342040001159909 ], [ -86.221821997230734, 41.328142003536819 ], [ -86.154498997937495, 41.313432998916646 ], [ -86.109521995578604, 41.311569002024726 ], [ -86.076167998236883, 41.292110999078744 ], [ -85.998500997261672, 41.267005999777822 ], [ -85.860107002731027, 41.268346000956264 ], [ -85.842398998625427, 41.263669003336148 ], [ -85.815571998441385, 41.23872800046292 ], [ -85.780268001162952, 41.221067997576291 ], [ -85.615918003964566, 41.178785001682307 ], [ -85.485367002550205, 41.168828002150789 ], [ -85.434815001639123, 41.140921998662925 ], [ -85.376450999489094, 41.12648100293098 ], [ -85.196239000161356, 41.126491998728312 ], [ -85.149809996909838, 41.096094000967987 ], [ -85.136844001559751, 41.096172997456385 ], [ -85.134240001146736, 41.078009002708846 ], [ -84.980975996088702, 41.061033997534572 ], [ -84.844413001669082, 41.007133998831463 ], [ -84.790343997605973, 40.992817001953341 ], [ -84.668141938442218, 40.914024342792928 ], [ -84.629111998859869, 40.894987001354018 ], [ -84.594344996491984, 40.886963998508193 ], [ -84.527471999257187, 40.881609002838893 ], [ -84.520873002129491, 40.875026002047299 ], [ -84.345319998241877, 40.873006000940677 ], [ -84.293126999885544, 40.837653997822002 ], [ -84.180932999436948, 40.834948998009317 ], [ -84.101506001190799, 40.824069998748257 ], [ -83.589619389116535, 40.828677310030258 ], [ -83.419088003599754, 40.823300001150344 ], [ -83.339502003548318, 40.828203002082049 ], [ -83.33571699701443, 40.832413001224609 ], [ -83.290112997536681, 40.832670996715869 ], [ -83.29009500428154, 40.827515001766422 ], [ -83.268904995387402, 40.827553998339347 ], [ -83.222094001527608, 40.839254000832575 ], [ -83.089896001921872, 40.844727003058978 ], [ -83.04113199876916, 40.826863999637609 ], [ -82.956134996603836, 40.826078998344585 ], [ -82.933761996312015, 40.812557999544389 ], [ -82.839388999048609, 40.812962003476734 ], [ -82.820123001830012, 40.807240001008687 ], [ -82.777755003500218, 40.80672400154306 ], [ -82.736593002422566, 40.787743002920713 ], [ -82.658657000935506, 40.779509001345851 ], [ -82.590108996038779, 40.784698002062591 ], [ -82.566880997225866, 40.773787999381788 ], [ -82.424779996877461, 40.778676999886777 ], [ -82.401065003382712, 40.785646998594089 ], [ -82.375985998977399, 40.780566002502312 ], [ -82.339637000512141, 40.786819997871177 ], [ -82.12698900121471, 40.784222998777985 ], [ -82.00849599602752, 40.799268997550236 ], [ -81.990832997517671, 40.792933999092064 ], [ -81.945491000675688, 40.792980000540432 ], [ -81.935601995685133, 40.790423002080587 ], [ -81.930166002440018, 40.777413002452775 ], [ -81.920553004820519, 40.773019003397806 ], [ -81.892303001361199, 40.762258997188816 ], [ -81.843788002222098, 40.755303998883456 ], [ -81.809641996227001, 40.733735999905832 ], [ -81.696945002101359, 40.692470996555898 ], [ -81.629882002200787, 40.654747001762473 ], [ -81.592623001369546, 40.647155000659886 ], [ -81.546265998088032, 40.625186998574165 ], [ -81.506983003090156, 40.562105002437406 ], [ -81.478460998745959, 40.491213001505017 ], [ -81.398720003375402, 40.455565998293821 ], [ -81.363709997740017, 40.427559000674741 ], [ -81.349108996707585, 40.405956001646061 ], [ -81.324946004397518, 40.401076998338624 ], [ -81.316907996016198, 40.407048002640494 ], [ -81.281688000199992, 40.407288999615318 ], [ -81.224781002558743, 40.361043999527709 ], [ -81.144785999558437, 40.324476002853224 ], [ -81.067033999991054, 40.293990001382468 ], [ -81.020992997077045, 40.287304002660647 ], [ -81.013144003214649, 40.277710003507991 ], [ -81.000184996757469, 40.28479000315685 ], [ -80.999244002514203, 40.27451799982336 ], [ -80.981811996796495, 40.263019000716881 ], [ -80.964861002980811, 40.237872996532111 ], [ -80.908025996326444, 40.203415998648111 ], [ -80.893241002357513, 40.182294003070467 ], [ -80.855860001327557, 40.168831997251424 ], [ -80.846965997295158, 40.152565998467992 ], [ -80.808303998670027, 40.125022000995166 ], [ -80.80628000450335, 40.115268998665201 ], [ -80.756996999695275, 40.092249996353978 ], [ -80.740602997288377, 40.073428999400051 ], [ -80.733222995869525, 40.049405000742041 ], [ -80.721412997542785, 40.051371998826447 ], [ -80.733452003384912, 40.015156002705481 ], [ -80.732251000765785, 39.97761200342169 ], [ -80.753951998342998, 39.955844997754831 ], [ -80.753162999045799, 39.933757003567536 ], [ -80.74262000256212, 39.925292998016026 ], [ -80.727785996511301, 39.928141003248527 ], [ -80.72077600217483, 39.935879000982133 ], [ -80.661197998783521, 39.947836997614402 ], [ -80.582748996387181, 39.875299002841949 ], [ -80.551193004036108, 39.872714997027678 ], [ -80.463261996355001, 39.894470000204343 ], [ -80.428812808951491, 39.917674795195929 ], [ -80.386707001903702, 39.931667997684741 ], [ -80.3397856230618, 39.895459253212586 ], [ -80.281098002830646, 39.874986998321717 ], [ -80.205171002628163, 39.898830001407681 ], [ -80.163866995870379, 39.896301997155796 ], [ -80.117035996529182, 39.803235001733697 ], [ -80.041946001592706, 39.694271003115595 ], [ -80.035718996824173, 39.674723001613927 ], [ -79.963261999918046, 39.642348001679871 ], [ -79.955880004239262, 39.628370998290109 ], [ -79.91323899891151, 39.652816997703475 ], [ -79.894658003029647, 39.646605000242666 ], [ -79.875009000106502, 39.664867000456361 ], [ -79.85476000342193, 39.672100001243024 ], [ -79.843224000240042, 39.661133001524917 ], [ -79.721487996028813, 39.650101997687301 ], [ -79.637949004485392, 39.654619999247707 ], [ -79.619700996113039, 39.662252000436233 ], [ -79.539565999658876, 39.657111997929938 ], [ -79.47679199709917, 39.663506998145309 ], [ -79.406256002512364, 39.660658000161447 ], [ -79.333742007501471, 39.69696006903655 ], [ -79.256655003789447, 39.693450000784871 ], [ -79.242274997300086, 39.684440999044241 ], [ -79.171070000371756, 39.693784997181645 ], [ -79.10496100231974, 39.689079000414964 ], [ -79.099747997877643, 39.694557002021497 ], [ -79.048400862175981, 39.683201653120356 ], [ -78.968732001522739, 39.685423999524815 ], [ -78.961574000760052, 39.674445998881865 ], [ -78.943849997659257, 39.675711001013738 ], [ -78.925278002896547, 39.655881996270942 ], [ -78.896851004376813, 39.652530998841286 ], [ -78.888436997150166, 39.643244996407248 ], [ -78.843059004814734, 39.634901001386254 ], [ -78.76005399882564, 39.649285000708446 ] ] } },
{ "type": "Feature", "properties": { "edge_type": "hub_backbone", "region": "ContigUS" }, "geometry": { "type": "LineString", "coordinates": [ [ -86.586642000543691, 34.739096000481048 ], [ -86.589600000060713, 34.737950003176266 ] ] } },
{ "type": "Feature", "properties": { "edge_type": "hub_backbone", "region": "ContigUS" }, "geometry": { "type": "LineString", "coordinates": [ [ -86.586642000543691, 34.739096000481048 ], [ -86.538733004895263, 34.773775997638758 ], [ -86.492962996752993, 34.76852900035221 ], [ -86.430277999271695, 34.734945001139145 ], [ -86.381547000222511, 34.698586002495773 ], [ -86.330566996994321, 34.680097999370204 ], [ -86.313047001294564, 34.629047996792238 ], [ -86.270542000900818, 34.608864997820618 ], [ -86.165788000348883, 34.621527000263377 ], [ -86.112612002526618, 34.617429999978299 ], [ -86.063575998489029, 34.631632999883799 ], [ -86.01473100323031, 34.663551999400831 ], [ -85.971378999321445, 34.633305999504337 ], [ -85.877120995397576, 34.633609999563731 ], [ -85.825461048347677, 34.625819333307192 ], [ -85.775598001360621, 34.637178999191228 ], [ -85.729853002315892, 34.607325997076835 ], [ -85.655291001170767, 34.610278000623723 ], [ -85.626789999437932, 34.581331998163918 ], [ -85.619143997880286, 34.563108999924125 ], [ -85.590196003445215, 34.579068999286029 ], [ -85.545132978414685, 34.556613926773345 ], [ -85.49512000260674, 34.514845999014483 ], [ -85.476488997513016, 34.48303999911014 ], [ -85.431321004341569, 34.482365704374764 ], [ -85.386766003553674, 34.469555001836724 ], [ -85.349357999166273, 34.478162002239671 ], [ -85.335043003753995, 34.467895999785128 ], [ -85.293890003795468, 34.476622996969994 ], [ -85.269080997031949, 34.465776998425596 ], [ -85.234472996469393, 34.415543002505188 ], [ -85.178179000194859, 34.385607002509985 ], [ -85.050428999735288, 34.366089001998702 ], [ -84.932355004729246, 34.376931998396088 ], [ -84.860285999177464, 34.260685000107138 ], [ -84.853402002542751, 34.219522999762809 ], [ -84.828504996814004, 34.20232500217638 ], [ -84.80357000133192, 34.165343001790369 ], [ -84.793592000246178, 34.165711997094107 ], [ -84.791076995928378, 34.157552999542794 ], [ -84.76605700185408, 34.142667999382468 ], [ -84.749899004838639, 34.1221790002582 ], [ -84.721436998972237, 34.060416002635847 ], [ -84.692330999861838, 34.039916998833952 ], [ -84.625211998986472, 34.022092001002505 ], [ -84.54512799989098, 33.975201996740275 ], [ -84.495758999360717, 33.935711995963878 ], [ -84.435966999302423, 33.861089998615135 ], [ -84.418727996623531, 33.810123002014791 ], [ -84.391358000782844, 33.794783997054992 ], [ -84.389499997314388, 33.768365001000696 ], [ -84.378862003989411, 33.759473003137998 ] ] } },
{ "type": "Feature", "properties": { "edge_type": "hub_backbone", "region": "ContigUS" }, "geometry": { "type": "LineString", "coordinates": [ [ -84.378862003989411, 33.759473003137998 ], [ -84.389971999114124, 33.744871999364811 ] ] } },
{ "type": "Feature", "properties": { "edge_type": "hub_backbone", "region": "ContigUS" }, "geometry": { "type": "LineString", "coordinates": [ [ -81.378523001179474, 28.536137997207373 ], [ -81.379200995656987, 28.553109001978136 ], [ -81.638337996683788, 28.549103000791135 ], [ -81.682040999323604, 28.560898996484621 ], [ -81.74841299714133, 28.620813999719619 ], [ -81.853259003144657, 28.675449996538632 ], [ -81.953989000381355, 28.769973997862856 ], [ -82.045476995227801, 28.837227001991856 ], [ -82.045422000366088, 28.84721800077692 ], [ -82.092237997842034, 28.873529998344857 ], [ -82.121814004492251, 28.956729997133941 ], [ -82.145806002487987, 28.997370996987506 ], [ -82.184853001077585, 29.095787998699468 ], [ -82.18432799867611, 29.218526996238477 ], [ -82.191461996454407, 29.262809999840218 ], [ -82.217178660980963, 29.341115085793334 ], [ -82.309718996250098, 29.522523002310727 ], [ -82.450798998396067, 29.693539001892262 ], [ -82.509118003933494, 29.775071998582121 ], [ -82.577230999653906, 29.975286998876221 ], [ -82.601376995838805, 30.002120998509223 ], [ -82.701416997105824, 30.205205999656389 ], [ -82.758187998796217, 30.273792001130587 ], [ -82.810017996929389, 30.320161999302364 ], [ -82.92879800486665, 30.446283999253321 ], [ -83.063038998007329, 30.521263998655098 ], [ -83.083758999361621, 30.556454000179485 ], [ -83.124038998560778, 30.598855998595567 ], [ -83.172422996381997, 30.626393998305005 ], [ -83.239030002461178, 30.694385001699647 ], [ -83.29319599762546, 30.773405000287163 ], [ -83.35812699891278, 30.898486996938551 ], [ -83.397427996148963, 31.041950002764992 ], [ -83.448611000665039, 31.163262997431818 ], [ -83.504249999333311, 31.413642002116802 ], [ -83.530178001513619, 31.446946001496787 ], [ -83.529445003191256, 31.466343999112173 ], [ -83.516641001036334, 31.482041000917658 ], [ -83.515039996587532, 31.508850003982303 ], [ -83.574733999431473, 31.624795997507665 ], [ -83.704145999947656, 31.804642002663456 ], [ -83.746271003993073, 31.928399003347625 ], [ -83.762323996934967, 32.029204999682733 ], [ -83.763112996232152, 32.08377600233645 ], [ -83.741740997644612, 32.244785001059874 ], [ -83.76244700324682, 32.306885002691217 ], [ -83.76796656676278, 32.379759968399597 ], [ -83.742567995678328, 32.47632300092333 ], [ -83.744310996824112, 32.664940998323637 ], [ -83.722051004595045, 32.738134001132359 ], [ -83.709285998306626, 32.7582209965272 ], [ -83.732525001481775, 32.831650002630205 ], [ -83.746603003355744, 32.859536002041786 ], [ -83.791981004674341, 32.90768099648389 ], [ -83.812912999452564, 32.958779999754384 ], [ -83.840748996346903, 32.988991000566543 ], [ -83.94028300356382, 33.044427998690253 ], [ -84.002219003727546, 33.109364997635318 ], [ -84.102586000741127, 33.272301999978183 ], [ -84.124872996327596, 33.352947997493793 ], [ -84.158759002930026, 33.409454997521976 ], [ -84.208517998057715, 33.458998999397473 ], [ -84.225454996121258, 33.500729002803752 ], [ -84.266801996248574, 33.541989999436026 ], [ -84.277687996457175, 33.577802001553714 ], [ -84.29106000336624, 33.581467998949016 ], [ -84.312895002634392, 33.628518002727986 ], [ -84.330270998394099, 33.648542996875271 ], [ -84.349080004661388, 33.687890997490257 ], [ -84.349237003223607, 33.745325996947841 ], [ -84.389971999114124, 33.744871999364811 ] ] } },
{ "type": "Feature", "properties": { "edge_type": "hub_backbone", "region": "ContigUS" }, "geometry": { "type": "LineString", "coordinates": [ [ -84.378862003989411, 33.759473003137998 ], [ -84.34902899831954, 33.769965998652367 ], [ -84.32968700362791, 33.82757200143125 ], [ -84.335419000742291, 33.832110001256247 ], [ -84.3132129972618, 33.840344001361814 ], [ -84.264815003688454, 33.888164999535782 ], [ -84.238972997230277, 33.90418000322137 ], [ -84.206031003210498, 33.912576000111486 ], [ -84.100038998432908, 33.964541998643227 ], [ -84.06546499910381, 34.014669003337573 ], [ -84.022925997476563, 34.04852800238924 ], [ -83.997500000826449, 34.056469998638903 ], [ -83.965630002367831, 34.057126000477403 ], [ -83.917789000203243, 34.074934996767915 ], [ -83.793272000518584, 34.100966002277914 ], [ -83.755884001612543, 34.119539999573306 ], [ -83.684555998372375, 34.132073000509955 ], [ -83.588143996093876, 34.189507999085237 ], [ -83.49675500457495, 34.231128998249538 ], [ -83.409655001413725, 34.2965610028631 ], [ -83.285191002330833, 34.366312997739684 ], [ -83.173302482977732, 34.416462663320317 ], [ -83.09768300304647, 34.459347002922492 ], [ -82.9977199963825, 34.499429996196618 ], [ -82.860228000228631, 34.521099997851842 ], [ -82.802092996610796, 34.548926998299621 ], [ -82.698529003298901, 34.576858002208077 ], [ -82.642231997668162, 34.604349998653376 ], [ -82.505138000100899, 34.692523001455271 ], [ -82.466902997679782, 34.771841003154677 ], [ -82.441921999471987, 34.788461002037977 ], [ -82.356229997720789, 34.802585998226462 ], [ -82.302149001148663, 34.829685002057175 ], [ -82.268568996664612, 34.855561000941371 ], [ -82.195510002754006, 34.884606002343354 ], [ -82.118954999319556, 34.90649200065095 ], [ -82.081915995901369, 34.931270001748516 ], [ -82.053651996689922, 34.960687000438377 ], [ -81.986643003504255, 34.973712003917235 ], [ -81.963488998921278, 34.990251001356924 ], [ -81.927819001046686, 35.001393001387449 ], [ -81.883658001342411, 35.024558999177252 ], [ -81.828086996157978, 35.039275997295739 ], [ -81.759949000323232, 35.071874997500942 ], [ -81.708383996215716, 35.081395997895896 ], [ -81.67633299621049, 35.097083000094138 ], [ -81.602473998640434, 35.109871996623852 ], [ -81.58438200068349, 35.126413997269765 ], [ -81.573555998952685, 35.148125000504258 ], [ -81.562723996475796, 35.202999998247769 ], [ -81.51637000255046, 35.232468996915898 ], [ -81.491754995955731, 35.283653000982063 ], [ -81.490996000389018, 35.313034000233074 ], [ -81.428516995585497, 35.361762000393703 ], [ -81.362510998363987, 35.386315999816354 ], [ -81.317116000920223, 35.417860003174759 ], [ -81.245740000694383, 35.452021996876312 ], [ -81.240128997665636, 35.476439002247091 ], [ -81.204493998154504, 35.482547003629769 ], [ -81.130520842678138, 35.532454635526172 ], [ -81.002946768283806, 35.57699967029103 ], [ -80.943505003388481, 35.604911999219368 ], [ -80.859797002807497, 35.59390899743493 ], [ -80.864179999859715, 35.649725997751339 ], [ -80.853982998490849, 35.688523003054044 ], [ -80.861040998796085, 35.809750999376959 ], [ -80.826572003540591, 35.816190998210395 ], [ -80.773438999087801, 35.844967003186653 ], [ -80.594460997499567, 35.920547997188521 ], [ -80.471624997239815, 35.998677001369792 ], [ -80.402647004749156, 36.023989997549684 ], [ -80.304025003141305, 36.085548997225295 ], [ -80.281199997548001, 36.093976999151337 ], [ -80.258488000017437, 36.089214996528867 ], [ -80.193665003176747, 36.101563999762163 ], [ -80.18578899697377, 36.116743996054048 ], [ -80.119744003885799, 36.180960001803911 ], [ -80.035981996589911, 36.22870799975302 ], [ -79.989670996034093, 36.244988997668941 ], [ -79.979328000465259, 36.23727700067063 ], [ -79.923333996579856, 36.244948998678012 ], [ -79.821586315924066, 36.274549454374323 ], [ -79.749677012863515, 36.287639536021167 ], [ -79.704979000282407, 36.332031996782547 ], [ -79.692713996281114, 36.334117000269835 ], [ -79.691138000929811, 36.356249997666318 ], [ -79.669509003322631, 36.3778339967959 ], [ -79.486803002288454, 36.489994997016545 ], [ -79.452878996949508, 36.56178500295367 ], [ -79.410732999275893, 36.588804996963347 ], [ -79.417931999148152, 36.597623001621407 ], [ -79.403793998796331, 36.623685003220615 ], [ -79.385830001784228, 36.63775199720223 ], [ -79.367560002653732, 36.689276999117787 ], [ -79.367933001126005, 36.701590999323045 ], [ -79.384562002811222, 36.722279000465868 ], [ -79.402410000370693, 36.889332000908844 ], [ -79.376381997732963, 36.924867001414484 ], [ -79.378734002742448, 36.953942997936608 ], [ -79.35398300019682, 36.979958997639734 ], [ -79.357617197560813, 37.032668624674308 ], [ -79.334470002207709, 37.079946997812627 ], [ -79.270775001902976, 37.126518999107496 ], [ -79.230559995814659, 37.147356001098338 ], [ -79.203913000047251, 37.18473400129011 ], [ -79.186353999497825, 37.25342800033944 ], [ -79.166205003270704, 37.284330999568908 ], [ -79.188754001492953, 37.318756000615792 ], [ -79.190613999221313, 37.340776999885804 ], [ -79.16766100166636, 37.386360001769376 ], [ -79.122752001774444, 37.422130002937777 ], [ -79.118160999818201, 37.478061997095097 ], [ -79.125393003794031, 37.495081002852075 ], [ -79.115694001469194, 37.52246799792858 ], [ -79.065605001238737, 37.555217000923172 ], [ -79.014092000603029, 37.620584996423602 ], [ -78.960329995788285, 37.6558590021165 ], [ -78.93276299940581, 37.708306999948547 ], [ -78.908792004021407, 37.71640500260019 ], [ -78.876091998172825, 37.752830000707227 ], [ -78.85857045737076, 37.808735664446999 ], [ -78.821821996064941, 37.84481600227052 ], [ -78.754776998402676, 37.850133999047323 ], [ -78.731955999295565, 37.865238001856461 ], [ -78.690885841972502, 37.907749661079677 ], [ -78.658912995396975, 37.956695002204242 ], [ -78.616261003673273, 37.967889997683287 ], [ -78.528503999662703, 38.02680599978347 ], [ -78.511252995491603, 38.027652998720896 ], [ -78.503792999096703, 38.047852001565097 ], [ -78.431414002906692, 38.137363003077169 ], [ -78.340940996533504, 38.280314996240911 ], [ -78.241778999642051, 38.39132499706038 ], [ -78.189703177531399, 38.42153053628487 ], [ -78.131294996235681, 38.443872000123243 ], [ -78.116210998024457, 38.456323003080811 ], [ -78.023028996147858, 38.453696001197578 ], [ -77.999403995878296, 38.464809997389011 ], [ -77.992794003371515, 38.480082001742176 ], [ -77.936843001838753, 38.489250999333457 ], [ -77.821917997162302, 38.526612002746155 ], [ -77.801043997618791, 38.562516998597808 ], [ -77.720127996873472, 38.604109000183591 ], [ -77.641279001630565, 38.655485999192145 ], [ -77.620409996720056, 38.687600999578756 ], [ -77.583778999120781, 38.700150999478147 ], [ -77.545912997668935, 38.732692997070302 ], [ -77.490160002791086, 38.753439998583673 ], [ -77.468996997254408, 38.75253900360066 ], [ -77.453258001436922, 38.769494999849961 ], [ -77.448717996839349, 38.809809000695481 ], [ -77.431408997433493, 38.83858199751544 ], [ -77.32393399988598, 38.852658999404454 ], [ -77.274853996365778, 38.86461200028878 ], [ -77.263043998039052, 38.87221400202624 ], [ -77.177584004176282, 38.879351003673584 ], [ -77.137652003335063, 38.89625200373024 ], [ -77.086477999938126, 38.895883001235376 ], [ -77.069040999587443, 38.904140000309646 ] ] } },
{ "type": "Feature", "properties": { "edge_type": "hub_backbone", "region": "ContigUS" }, "geometry": { "type": "LineString", "coordinates": [ [ -78.76005399882564, 39.649285000708446 ], [ -78.762110997095817, 39.652818000575202 ] ] } },
{ "type": "Feature", "properties": { "edge_type": "hub_backbone", "region": "ContigUS" }, "geometry": { "type": "LineString", "coordinates": [ [ -78.76005399882564, 39.649285000708446 ], [ -78.730785997536884, 39.672801003054317 ], [ -78.692902999959827, 39.673999001815375 ], [ -78.611248997275965, 39.714260002339337 ], [ -78.457284997999068, 39.674775003026383 ], [ -78.414172763422727, 39.670136096241677 ], [ -78.380534000135953, 39.700107998044935 ], [ -78.318224004369938, 39.70312699804299 ], [ -78.280895941059669, 39.717823710533118 ], [ -78.246717999956218, 39.697928003168123 ], [ -78.189652000509653, 39.712872999597437 ], [ -78.183918997282191, 39.707635001553264 ], [ -78.186012000028953, 39.69016599750428 ], [ -78.229733004907047, 39.623936000933355 ], [ -78.215102997274101, 39.618389000085955 ], [ -78.174590999169723, 39.630718002931232 ], [ -78.115921003884424, 39.639160001006353 ], [ -78.098304996247094, 39.630611000286514 ], [ -78.067132000617377, 39.594678002690941 ], [ -78.039543004493567, 39.578411000992681 ], [ -78.026302996032356, 39.554366999516397 ], [ -77.996539996072599, 39.55607999992575 ], [ -77.950615998724345, 39.480030997768459 ], [ -77.969507003210765, 39.442131002491124 ], [ -77.933319000810698, 39.422722000303729 ], [ -77.914849997895317, 39.39368700176901 ], [ -77.893402001834716, 39.388134996753443 ], [ -77.888037999576525, 39.376936002484712 ], [ -77.855474995791909, 39.351424998458697 ], [ -77.861564998496448, 39.292316001088366 ], [ -77.856140000630447, 39.280268999946031 ], [ -77.831448996562671, 39.261782998492265 ], [ -77.811165001514652, 39.25310099931972 ], [ -77.762233004420636, 39.261059001743128 ], [ -77.744966998384314, 39.219825999004868 ], [ -77.727544002768894, 39.200243997404286 ], [ -77.68000300197663, 39.187372996653103 ], [ -77.615206002380262, 39.149063996597931 ], [ -77.612381995571027, 39.140790999275886 ], [ -77.58312700188759, 39.120602998442486 ], [ -77.562994004655664, 39.11502800229767 ], [ -77.345390997065678, 39.000472001705532 ], [ -77.315263002622856, 38.977618998457807 ], [ -77.262539001118938, 38.950011002435033 ], [ -77.246730996721325, 38.934067002573912 ], [ -77.203361996687292, 38.928702996515781 ], [ -77.177022997298181, 38.940319997226084 ], [ -77.150245000212891, 38.943543998079662 ], [ -77.111740000149936, 38.930235000109391 ], [ -77.069040999587443, 38.904140000309646 ] ] } },
{ "type": "Feature", "properties": { "edge_type": "hub_backbone", "region": "ContigUS" }, "geometry": { "type": "LineString", "coordinates": [ [ -77.069040999587443, 38.904140000309646 ], [ -77.036542000766872, 38.902524997467474 ], [ -77.036867999383475, 38.907353000102653 ], [ -76.98559500164221, 38.924565999424729 ], [ -76.946746000724403, 38.945330001208411 ], [ -76.925468998978161, 39.020986000189453 ], [ -76.868252998845449, 39.076193997484694 ], [ -76.785289998079023, 39.171866999155661 ], [ -76.704266001870224, 39.218757000857501 ], [ -76.627540004121443, 39.286036002905014 ], [ -76.608702997366777, 39.286690998857488 ], [ -76.606129000684263, 39.29471100244362 ], [ -76.567790997432638, 39.29628399733506 ], [ -76.536424001634188, 39.305747999589798 ], [ -76.455448002410989, 39.351878000518916 ], [ -76.3712210001746, 39.423108998279822 ], [ -76.300830999787777, 39.437512997106488 ], [ -76.169456997842715, 39.500348000463156 ], [ -76.159500996498252, 39.514793000480623 ], [ -76.117258995870259, 39.534608998067405 ], [ -76.098326004127472, 39.556697002164114 ], [ -76.066768996680125, 39.571115000067024 ], [ -75.938369999360376, 39.611683001455596 ], [ -75.853782000143909, 39.606874000188434 ], [ -75.801924001523332, 39.640873997831157 ], [ -75.787771996436234, 39.638762002503725 ], [ -75.705022004189985, 39.654208001390622 ], [ -75.662361999493953, 39.681306002809265 ], [ -75.616447003264824, 39.696337998703868 ], [ -75.584231997838174, 39.714270001405886 ], [ -75.547231002139682, 39.764440003117414 ], [ -75.506339995833756, 39.77948800256442 ], [ -75.483721000884557, 39.800361999447091 ], [ -75.424204999214169, 39.833777002615342 ], [ -75.343126996290479, 39.867638001452605 ], [ -75.257520999244591, 39.876237000238426 ], [ -75.171324000573264, 39.916829000097692 ], [ -75.163655999274326, 39.951609998410007 ], [ -75.142099998767122, 39.957552999960264 ], [ -75.117338997972425, 39.981485001209307 ], [ -75.07246699968708, 40.008147997852838 ], [ -75.063152000196766, 40.022033999057356 ], [ -75.064237003363246, 40.036328999929225 ], [ -75.034823996021316, 40.074317002111854 ], [ -74.952751998252594, 40.146774001799749 ], [ -74.91111200361226, 40.159237997010528 ], [ -74.879591000641483, 40.178935001138953 ], [ -74.794715998674874, 40.197261000471805 ], [ -74.763696004104375, 40.211094998422489 ], [ -74.756974000664812, 40.228276998848962 ], [ -74.727562996565993, 40.248400001011973 ], [ -74.712006996555047, 40.27019400233543 ], [ -74.491019002227219, 40.452074997634575 ], [ -74.427533003956498, 40.47467900035096 ], [ -74.410334003257191, 40.497973000144185 ], [ -74.300050997895639, 40.562691996890628 ], [ -74.269075002807725, 40.601678003542339 ], [ -74.211768003336744, 40.654391002463839 ], [ -74.179274996279091, 40.707691997190381 ], [ -74.160701995403272, 40.709465996373744 ], [ -74.124321996077541, 40.734738001161851 ], [ -74.065041002668636, 40.739210000714117 ], [ -74.05221599790238, 40.731421999558471 ], [ -74.011143001903065, 40.725789001926543 ], [ -74.012727998373506, 40.717117002691104 ], [ -74.006072003141043, 40.711922998023944 ] ] } },
{ "type": "Feature", "properties": { "edge_type": "spoke", "region": "ContigUS" }, "geometry": { "type": "LineString", "coordinates": [ [ -123.076363001364584, 44.047728997844359 ], [ -123.086648998828622, 44.051021998077736 ], [ -123.079947000870476, 44.062360000795536 ], [ -123.049094003111279, 44.062332998923004 ], [ -123.045248000969579, 44.11192600231827 ], [ -123.060462003368741, 44.200077996998886 ], [ -123.062334002589324, 44.644748999587485 ], [ -123.049351002130905, 44.757964000321849 ], [ -123.008245999158007, 44.839958998192699 ], [ -123.012142998658319, 44.857715997576079 ], [ -122.988414997558309, 44.894490000174393 ], [ -122.991657996582333, 44.978069002495658 ], [ -123.000580001102136, 44.997949997322934 ], [ -122.970485998909652, 45.054164998045948 ], [ -122.937207262422433, 45.095752736355436 ], [ -122.834207653654076, 45.198096677182711 ], [ -122.770208995833869, 45.279914997579212 ], [ -122.769181996885294, 45.340259999873105 ], [ -122.744594999761105, 45.404009999911814 ], [ -122.744078001348782, 45.438252999205417 ], [ -122.682650995608185, 45.469966001654505 ], [ -122.667230003401272, 45.517021002414758 ] ] } },
{ "type": "Feature", "properties": { "edge_type": "spoke", "region": "ContigUS" }, "geometry": { "type": "LineString", "coordinates": [ [ -122.667230003401272, 45.517021002414758 ], [ -122.665349003061536, 45.530827999785615 ], [ -122.678509995710343, 45.547102997888523 ], [ -122.68460800240409, 45.597071001208235 ], [ -122.669472997851017, 45.626447002520202 ], [ -122.663928003029383, 45.6874599994837 ], [ -122.65291299576279, 45.712934998967029 ], [ -122.674806996378749, 45.790295999113205 ], [ -122.7088000013147, 45.870250997370903 ], [ -122.729264997909326, 45.885019000648576 ], [ -122.762213001658367, 45.93438899844319 ], [ -122.809592997402319, 45.964729997771954 ], [ -122.843338004437754, 46.001674998480453 ], [ -122.8704510012588, 46.091020001953709 ], [ -122.898686999982814, 46.131493000747128 ], [ -122.902874999736298, 46.175323999723943 ], [ -122.893488997405939, 46.195331001361531 ], [ -122.884482003277114, 46.256196997093461 ], [ -122.914734998291749, 46.314983002892141 ], [ -122.906815001589322, 46.371283996636997 ], [ -122.889882001028781, 46.413052998097541 ], [ -122.876511000232853, 46.509939998638252 ], [ -122.876492997994532, 46.562396996920143 ], [ -122.909604998181891, 46.608935002790915 ], [ -122.959027996443851, 46.645995000054789 ], [ -122.953126002145098, 46.653788003174988 ], [ -122.971449001877374, 46.667318998003445 ], [ -122.970892998615398, 46.67319699795118 ], [ -122.958441998434566, 46.691676999064278 ], [ -122.953680002164006, 46.749015997947225 ], [ -122.937561998144957, 46.753902999338365 ], [ -122.902442389061761, 46.788300140500702 ], [ -122.869312997490567, 46.799929001067142 ], [ -122.858531004225512, 46.856349000765292 ], [ -122.781268002583033, 46.860808000057098 ], [ -122.700462997674222, 46.881936002374658 ], [ -122.60653000422009, 46.941934998732229 ], [ -122.590018996247437, 46.933185001276421 ], [ -122.560608998261742, 46.933378999639224 ], [ -122.554039995881396, 46.938014999334627 ], [ -122.540026996101346, 47.004603002728032 ], [ -122.443410995404989, 47.067598998097338 ], [ -122.434676002161055, 47.083411000603256 ], [ -122.434144001883496, 47.233092000928039 ], [ -122.385642998496536, 47.243149998464382 ], [ -122.336551999597248, 47.245031998776263 ], [ -122.33587599937961, 47.263831999056045 ], [ -122.313952004016301, 47.296537000263669 ], [ -122.312203002124434, 47.351655000642879 ], [ -122.294726996924084, 47.393595001990676 ], [ -122.301433998498425, 47.418739999567265 ], [ -122.318238000984138, 47.429268998990672 ], [ -122.332269003002452, 47.467197002500292 ], [ -122.324720001529215, 47.503031000956391 ], [ -122.33430899616431, 47.5295159975757 ], [ -122.335108002693801, 47.605134998592199 ], [ -122.302544001779239, 47.619196000278464 ], [ -122.30307999955977, 47.65272900030125 ] ] } },
{ "type": "Feature", "properties": { "edge_type": "spoke", "region": "ContigUS" }, "geometry": { "type": "LineString", "coordinates": [ [ -122.666436000487948, 45.516663003217531 ], [ -122.667230003401272, 45.517021002414758 ] ] } },
{ "type": "Feature", "properties": { "edge_type": "spoke_fallback", "region": "ContigUS" }, "geometry": { "type": "LineString", "coordinates": [ [ -115.234776000027466, 36.159140000415164 ], [ -115.172780001385888, 36.158874002440179 ], [ -115.170992003627532, 36.144208999288267 ], [ -115.180380997347797, 36.129917998449677 ], [ -115.18186000159784, 35.953102000785073 ], [ -115.235562708620677, 35.877088767033783 ], [ -115.285311301257394, 35.833774883573589 ], [ -115.325323997760549, 35.784487996964295 ], [ -115.360929307951565, 35.726500492520628 ], [ -115.387287001281749, 35.617270000064693 ], [ -115.452581999922188, 35.469347001018726 ], [ -115.470250002048161, 35.461003001189987 ], [ -115.502674000525715, 35.470132996559698 ], [ -115.588986998649645, 35.473474997704685 ], [ -115.791289999135159, 35.402579996635019 ], [ -115.91621900214173, 35.365415001516588 ], [ -116.08313599814656, 35.256891997727308 ], [ -116.121958004690086, 35.199863001426188 ], [ -116.158495002578007, 35.189590001027533 ], [ -116.213546997123885, 35.131359000154809 ], [ -116.256352996019899, 35.105958998406543 ], [ -116.321999002374454, 35.087530002772979 ], [ -116.404080001262315, 35.076109997845265 ], [ -116.475719001253879, 35.030750001345062 ], [ -116.565218997427067, 34.998204003556623 ], [ -116.715817000351194, 34.931384000534031 ], [ -116.806897995491838, 34.910686998249403 ], [ -116.894892999153754, 34.901367997196743 ], [ -116.970588000450988, 34.90828599965036 ], [ -117.0079019961439, 34.886689997832597 ], [ -117.064581998496053, 34.881076997438896 ], [ -117.082914996477413, 34.860453003374204 ], [ -117.098191000597424, 34.809009002983657 ], [ -117.166424002256662, 34.752953003292568 ], [ -117.197640000239048, 34.7157020005329 ], [ -117.211771002714784, 34.689224999424184 ], [ -117.216554998726693, 34.646273000609554 ], [ -117.289319003864279, 34.554311997854207 ], [ -117.307069004209424, 34.541411999266955 ], [ -117.342232999050822, 34.475277001306118 ], [ -117.438936998712379, 34.351093999693887 ], [ -117.48180400219934, 34.334255996123446 ], [ -117.478492003578282, 34.315478000187106 ], [ -117.45160900241946, 34.289841997736247 ], [ -117.44955500452231, 34.256420999552503 ], [ -117.409577998085368, 34.223123003956751 ], [ -117.420501997030513, 34.194032997790522 ], [ -117.495757003501524, 34.136234000798623 ], [ -117.672117997071453, 34.134537997393963 ], [ -117.698433999589327, 34.120495996955526 ], [ -117.7545530040465, 34.119277001532872 ], [ -117.932707996120882, 34.133572001706412 ], [ -117.954901998109165, 34.139640998767135 ], [ -118.034399999195372, 34.139892996449845 ], [ -118.090263001762878, 34.126834998517801 ], [ -118.151489000475522, 34.103946998650763 ], [ -118.157188002469482, 34.094881002451935 ], [ -118.191822000276403, 34.080586999803423 ], [ -118.225614995314317, 34.052685996032913 ], [ -118.243438001742589, 34.052815001101742 ] ] } },
{ "type": "Feature", "properties": { "edge_type": "spoke_fallback", "region": "ContigUS" }, "geometry": { "type": "LineString", "coordinates": [ [ -116.513131003144309, 43.613691997509669 ], [ -116.51399800315761, 43.59914900013991 ], [ -116.434017004892567, 43.593313000497389 ], [ -116.292089002101591, 43.596803002197184 ], [ -116.238641003394434, 43.572815001591231 ], [ -116.196825001840466, 43.566288002973231 ] ] } },
{ "type": "Feature", "properties": { "edge_type": "spoke_fallback", "region": "ContigUS" }, "geometry": { "type": "LineString", "coordinates": [ [ -116.210197996896326, 43.606804002581079 ], [ -116.212615003999773, 43.602162003120071 ], [ -116.193601002184678, 43.574844999120607 ] ] } },
{ "type": "Feature", "properties": { "edge_type": "spoke_fallback", "region": "ContigUS" }, "geometry": { "type": "LineString", "coordinates": [ [ -116.202303000308234, 43.615030998517518 ], [ -116.193382999031527, 43.607971002998582 ], [ -116.193601002184678, 43.574844999120607 ] ] } },
{ "type": "Feature", "properties": { "edge_type": "spoke_fallback", "region": "ContigUS" }, "geometry": { "type": "LineString", "coordinates": [ [ -116.193601002184678, 43.574844999120607 ], [ -116.196825001840466, 43.566288002973231 ] ] } },
{ "type": "Feature", "properties": { "edge_type": "spoke_fallback", "region": "ContigUS" }, "geometry": { "type": "LineString", "coordinates": [ [ -116.196825001840466, 43.566288002973231 ], [ -116.159556002760112, 43.540176002579841 ], [ -116.138040004232522, 43.501847998319612 ], [ -116.000206998613621, 43.388029999544614 ], [ -115.801647745040981, 43.203419308141363 ], [ -115.758330002877088, 43.175724001606419 ], [ -115.707377003006357, 43.164123999421086 ], [ -115.667609995733372, 43.142875003485813 ], [ -115.526603026620037, 42.991181154141522 ], [ -115.469674002288016, 42.958439999465476 ], [ -115.409470996037754, 42.945526001001895 ], [ -115.33087299906839, 42.964394998770494 ], [ -115.278476999424186, 42.960519002598787 ], [ -115.208099997659502, 42.973852997548917 ], [ -115.155431000000448, 42.954207001223637 ], [ -115.086856000729398, 42.94240900190325 ], [ -114.950036995436946, 42.934667997698355 ], [ -114.720657999736929, 42.772354998377693 ], [ -114.551692997597897, 42.727474997018845 ], [ -114.49286300337738, 42.665976003321276 ], [ -114.452724003745246, 42.644361003120771 ], [ -114.367263021735653, 42.61392526328882 ], [ -114.296993000338162, 42.577232001552211 ], [ -113.878792892987207, 42.576238774770417 ], [ -113.793432998396582, 42.568075000863949 ], [ -113.517361999679281, 42.570306999806043 ], [ -113.419321998577686, 42.513332001150765 ], [ -113.374845142236353, 42.464183186313882 ], [ -113.156952697461875, 42.279309929946045 ], [ -113.093321998565187, 42.244868000092367 ], [ -113.044107993354061, 42.205597206406544 ], [ -113.001099999283241, 42.169487001465328 ], [ -112.833392000738144, 41.999339000202141 ], [ -112.750986997493612, 41.962103998177639 ], [ -112.703822004529812, 41.961224000813573 ], [ -112.574301999567027, 41.895581000071047 ], [ -112.540710999703904, 41.897298997747072 ], [ -112.486687001236561, 41.883819000765158 ], [ -112.411564002196528, 41.816653998728412 ], [ -112.355734066614602, 41.814691849575063 ], [ -112.299623003264529, 41.798267998362277 ], [ -112.233402003262938, 41.722452997868565 ], [ -112.136170997956768, 41.677516997627798 ], [ -112.097611003032128, 41.631695998945453 ], [ -112.072359001069444, 41.582120001503625 ], [ -112.053022998140733, 41.490665001510159 ], [ -112.056098003223497, 41.426850999631434 ], [ -112.027675002206735, 41.30666099950448 ], [ -112.026017996783125, 41.116894003368863 ], [ -111.96069499765531, 41.056055997679209 ], [ -111.939072000794212, 41.013090002525139 ], [ -111.900591003715689, 40.986606002748651 ], [ -111.891099000181796, 40.967417996788484 ], [ -111.892182997235139, 40.869156999461232 ], [ -111.912755998276381, 40.837231997931859 ], [ -111.917970996978411, 40.806468998902652 ], [ -111.889950001034492, 40.780420000074578 ], [ -111.89103500420093, 40.760647999072944 ] ] } },
{ "type": "Feature", "properties": { "edge_type": "spoke_fallback", "region": "ContigUS" }, "geometry": { "type": "LineString", "coordinates": [ [ -113.578434997332721, 37.088142000918999 ], [ -113.551090998736328, 37.116318996884345 ], [ -113.450042997889042, 37.166990003448532 ], [ -113.43750699911601, 37.160212997663137 ], [ -113.407875000474107, 37.168268997873248 ], [ -113.288131998552259, 37.176569000277226 ], [ -113.255660003089119, 37.148489996684255 ], [ -113.113924212819455, 37.089377140875477 ], [ -113.068214562481117, 37.036364769482525 ], [ -112.998803995248593, 37.000149000362931 ], [ -112.911242284980773, 36.890776735728465 ], [ -112.835367396047928, 36.865351210397606 ], [ -112.753395443652423, 36.857803318415286 ], [ -112.67316287219208, 36.872728028382525 ], [ -112.598725548225261, 36.901608426467121 ], [ -112.536786996846104, 36.945398998610472 ], [ -112.526409002913823, 36.945654003772532 ], [ -112.385589682880166, 36.904286100777476 ], [ -112.322836575133977, 36.869176476546492 ], [ -112.258031535615814, 36.848394071009629 ], [ -112.255302408866882, 36.747968844482756 ], [ -112.215350995432416, 36.713713002357068 ], [ -112.151831292372222, 36.730909321915703 ], [ -112.043616316592534, 36.730476187006168 ], [ -111.885635886798283, 36.690619384296184 ], [ -111.807905078488446, 36.696645205937777 ], [ -111.753344139009485, 36.743194897536249 ], [ -111.630006797972783, 36.816483949673888 ], [ -111.6284719813941, 36.760425996402191 ], [ -111.655661874003513, 36.70167497837592 ], [ -111.640498329973852, 36.569394367155105 ], [ -111.590325391163248, 36.514195093344554 ], [ -111.559840765552607, 36.450436845282752 ], [ -111.486207424781952, 36.327522274422833 ], [ -111.435313543040039, 36.27257331047943 ], [ -111.394841205555437, 36.212385900768282 ], [ -111.396631907242778, 35.964862989117364 ], [ -111.40420517221186, 35.909217316142978 ], [ -111.423712995904978, 35.856374997683957 ], [ -111.510896174078326, 35.66833134651025 ], [ -111.574703760237639, 35.405059549956476 ], [ -111.559803997507998, 35.342589998235688 ], [ -111.542658132157754, 35.308460895188873 ], [ -111.545371996530008, 35.269819998686835 ], [ -111.588003003608677, 35.221215996725746 ], [ -111.58219299679503, 35.216359996958118 ], [ -111.648453001646288, 35.172476997693181 ], [ -111.665793999042521, 35.168657999437002 ], [ -111.730407571641038, 35.075256135551008 ], [ -111.742525799908051, 35.028545761523574 ], [ -111.740327999700241, 34.88520700273159 ], [ -111.760913999363638, 34.869750996710998 ], [ -111.77860900484707, 34.826223997305952 ], [ -111.763208997285204, 34.791479998946748 ], [ -111.776692997160723, 34.733890001076013 ], [ -111.743686001046953, 34.688164001712714 ], [ -111.776147001131037, 34.67187299835593 ], [ -111.861817003140928, 34.610909997259604 ], [ -111.905591996767569, 34.554603998381509 ], [ -111.943648512924923, 34.530993660125098 ], [ -111.989076002432498, 34.518446998547319 ], [ -112.030799890737242, 34.446435929693131 ], [ -112.080091285810099, 34.394982346865191 ], [ -112.119336003593759, 34.335315998116528 ], [ -112.111095353250633, 34.263244491992644 ], [ -112.141563746304072, 34.143906024992923 ], [ -112.145626997014048, 34.046144996430591 ], [ -112.133581334655716, 33.987942720774065 ], [ -112.145982999361152, 33.870849002476049 ], [ -112.112348997145389, 33.68646200189648 ], [ -112.113032004222191, 33.476952997958257 ], [ -112.082547001319156, 33.448224002695277 ], [ -112.073814002335112, 33.448253999285733 ] ] } },
{ "type": "Feature", "properties": { "edge_type": "spoke_fallback", "region": "ContigUS" }, "geometry": { "type": "LineString", "coordinates": [ [ -98.162275996148182, 26.301367999167923 ], [ -98.155829002949758, 26.337078000666693 ], [ -98.147983997607227, 26.344553998920372 ], [ -98.137469998740883, 26.416529003423591 ], [ -98.132360426320588, 26.503820493341959 ], [ -98.113341627501882, 26.622281459918582 ], [ -98.114007647436665, 26.687181866281577 ], [ -98.101900001323713, 26.752430000597229 ], [ -98.103221998028417, 26.78135499681111 ], [ -98.124161610520275, 26.834390243719714 ], [ -98.135622002504732, 26.890122999944658 ], [ -98.146067001774043, 27.188479001999159 ], [ -98.077108996798486, 27.713109001505021 ], [ -98.084033004395977, 27.746976995763013 ], [ -98.114176000704049, 28.326185998693965 ], [ -98.17504899744263, 28.417164000334527 ], [ -98.186587003867658, 28.526609002108774 ], [ -98.201277998125235, 28.579568996862967 ], [ -98.232956062540254, 28.618483566342533 ], [ -98.281724296757972, 28.7119252610491 ], [ -98.297811003472461, 28.758334998184932 ], [ -98.424416002287771, 28.902647999151959 ], [ -98.484089002520335, 28.949837998597967 ], [ -98.477341001836479, 29.01106999739422 ], [ -98.488953999621415, 29.112787002465673 ], [ -98.472705003267649, 29.247673997857159 ], [ -98.472699999651525, 29.30273200019905 ], [ -98.485647004616538, 29.403966003376837 ], [ -98.493853995085928, 29.424071996647005 ] ] } },
{ "type": "Feature", "properties": { "edge_type": "spoke_fallback", "region": "ContigUS" }, "geometry": { "type": "LineString", "coordinates": [ [ -98.252048999319399, 26.218564998111471 ], [ -98.243071999937897, 26.219210999629617 ], [ -98.237050996830334, 26.254473997547855 ], [ -98.175314000451465, 26.247622998285706 ], [ -98.162275996148182, 26.301367999167923 ] ] } },
{ "type": "Feature", "properties": { "edge_type": "spoke_fallback", "region": "ContigUS" }, "geometry": { "type": "LineString", "coordinates": [ [ -98.178313996208018, 26.30373200203762 ], [ -98.162275996148182, 26.301367999167923 ] ] } },
{ "type": "Feature", "properties": { "edge_type": "spoke_fallback", "region": "ContigUS" }, "geometry": { "type": "LineString", "coordinates": [ [ -96.786147998181704, 32.775511004022299 ], [ -96.795740999302964, 32.773440999976209 ] ] } },
{ "type": "Feature", "properties": { "edge_type": "spoke_fallback", "region": "ContigUS" }, "geometry": { "type": "LineString", "coordinates": [ [ -96.789354004582307, 32.765114997644339 ], [ -96.781844996105534, 32.771894998970041 ], [ -96.786147998181704, 32.775511004022299 ] ] } },
{ "type": "Feature", "properties": { "edge_type": "spoke_fallback", "region": "ContigUS" }, "geometry": { "type": "LineString", "coordinates": [ [ -94.180494002344986, 36.056733000335868 ], [ -94.249473000948726, 36.041432000258759 ], [ -94.313794001242357, 35.975551998674298 ], [ -94.399240996482945, 35.94763100038665 ], [ -94.425136003542889, 35.947999998381675 ], [ -94.480538996819746, 35.960980002417138 ], [ -94.491293995710492, 35.978449997930014 ], [ -94.532141999663764, 35.987816000599636 ], [ -94.654990001415726, 35.987179998781649 ], [ -94.69276600065929, 35.955657001430346 ], [ -94.797372003768146, 35.96801000217873 ], [ -94.840151996436674, 35.927992999996519 ], [ -94.869103997357939, 35.929727000960071 ], [ -94.902123003947025, 35.921488999202239 ], [ -94.931292999038305, 35.92670499879695 ], [ -94.955328996516656, 35.91539500315595 ], [ -94.960979004395028, 35.900813999377853 ], [ -94.977180003763152, 35.889946998425316 ], [ -94.97976000119175, 35.858149999506509 ], [ -95.073893004543891, 35.807583998136955 ], [ -95.119294002733724, 35.798189996179637 ], [ -95.209611995821504, 35.798318996054853 ], [ -95.271799003241924, 35.769419003086007 ], [ -95.358150997232357, 35.769739997397728 ], [ -95.375805003606246, 35.736527000473806 ], [ -95.380725004552133, 35.711184998199727 ], [ -95.40265400353158, 35.711450997061043 ], [ -95.402830998592023, 35.696992998810089 ], [ -95.413613000840201, 35.680065001460314 ], [ -95.436640998738241, 35.667863997949439 ], [ -95.49001600034542, 35.584055001771382 ], [ -95.516114996840088, 35.507740997028328 ], [ -95.546890002866306, 35.451941999852039 ], [ -95.592726001249332, 35.30400100286159 ], [ -95.587831000417808, 35.258781000586424 ], [ -95.599896003504256, 35.228430999420091 ], [ -95.641929999228211, 35.184249002886027 ], [ -95.695049996075667, 35.104675003093185 ], [ -95.718548998643513, 35.014556998350457 ], [ -95.725381000789568, 34.953294999238551 ], [ -95.745163996420501, 34.913017003139679 ], [ -95.754149996921129, 34.899689002375247 ], [ -95.786911995507467, 34.886933003893738 ], [ -95.817555003085829, 34.858282997966306 ], [ -95.882521999866597, 34.779800000065542 ], [ -95.902651996725439, 34.713267999270116 ], [ -95.929835996386572, 34.680412000011167 ], [ -95.973225999031939, 34.606571998148375 ], [ -96.025123002502127, 34.545835997004268 ], [ -96.051067003677659, 34.475758998199503 ], [ -96.073163996598424, 34.440804004070039 ], [ -96.12487799527895, 34.393899000877767 ], [ -96.169168002041161, 34.316889003233236 ], [ -96.205557002486017, 34.271141999133732 ], [ -96.2712319974748, 34.135368998404644 ], [ -96.37845100211581, 34.035061997810963 ], [ -96.416424999031165, 33.976764002914614 ], [ -96.420183999337553, 33.940382001482547 ], [ -96.500701004366277, 33.877562001317685 ], [ -96.534721003676481, 33.819625998388148 ], [ -96.538174001864505, 33.731825998887004 ], [ -96.558715004915342, 33.720488002713289 ], [ -96.616165995343195, 33.639449999940567 ], [ -96.605418003311684, 33.595233001521258 ], [ -96.612987998413104, 33.465542001797743 ], [ -96.580348000025538, 33.39995599929 ], [ -96.595726995992919, 33.268526002500806 ], [ -96.618214998607357, 33.250466002593988 ], [ -96.635219999137888, 33.220736000947902 ], [ -96.642981003018207, 33.164785003156915 ], [ -96.709109997568433, 33.028478000585665 ], [ -96.716095997903665, 32.975407001951595 ], [ -96.765943998109705, 32.919658002538121 ], [ -96.771411001198402, 32.851083997591829 ], [ -96.793230998601288, 32.807299999498611 ], [ -96.786147998181704, 32.775511004022299 ] ] } },
{ "type": "Feature", "properties": { "edge_type": "spoke_fallback", "region": "ContigUS" }, "geometry": { "type": "LineString", "coordinates": [ [ -96.407988003916387, 30.164918001603954 ], [ -96.396158000108287, 30.16738699761272 ], [ -96.391413997092855, 30.151808997129752 ], [ -96.358213000810338, 30.140885002758587 ], [ -96.131997655945284, 30.128182541210585 ], [ -96.048117996296654, 30.106660000860312 ], [ -96.041465998567219, 30.099084002838353 ], [ -95.990991001242293, 30.080566000092183 ], [ -95.919677002737373, 30.068250001540076 ], [ -95.834220000264523, 30.023590003176661 ], [ -95.694487003920813, 29.971654998999472 ], [ -95.437059999936238, 29.785303997895756 ], [ -95.421520996050461, 29.761345003168081 ], [ -95.369149996520562, 29.76382399887828 ] ] } },
{ "type": "Feature", "properties": { "edge_type": "spoke_fallback", "region": "ContigUS" }, "geometry": { "type": "LineString", "coordinates": [ [ -95.95596600272485, 41.304623001495536 ], [ -95.952135002448415, 41.267939002931833 ], [ -95.934442997338039, 41.267943000137663 ], [ -95.923540001004213, 41.259366999285973 ], [ -95.852192001265806, 41.261965999258791 ], [ -95.817931999061116, 41.279304001277829 ], [ -95.784571003843368, 41.280081000580715 ], [ -95.732583656805033, 41.339109183381531 ], [ -95.680086003803225, 41.371868000127783 ], [ -95.652203132817377, 41.409213212242925 ], [ -95.608444003438635, 41.442385996521303 ], [ -95.584995998229502, 41.498856001980194 ], [ -94.238759998297539, 41.493552997216028 ], [ -94.208805998542076, 41.50368499828145 ], [ -94.192169998980788, 41.51650400007108 ], [ -94.083603000390724, 41.518883999457266 ], [ -94.019106002166637, 41.539535999115557 ], [ -93.876178003784503, 41.563507002696561 ], [ -93.808994000815176, 41.591736001142976 ], [ -93.674380997349047, 41.591297997372934 ], [ -93.59629699841895, 41.59658200135852 ], [ -93.579911000001246, 41.604026997987177 ], [ -93.575153998363646, 41.627750000812213 ], [ -93.547240000753206, 41.627741003120093 ], [ -93.49486900122335, 41.661677997072246 ] ] } },
{ "type": "Feature", "properties": { "edge_type": "spoke_fallback", "region": "ContigUS" }, "geometry": { "type": "LineString", "coordinates": [ [ -95.369149996520562, 29.76382399887828 ], [ -95.370153998597885, 29.763387000932447 ] ] } },
{ "type": "Feature", "properties": { "edge_type": "spoke_fallback", "region": "ContigUS" }, "geometry": { "type": "LineString", "coordinates": [ [ -91.187656004022656, 30.438982002455589 ], [ -91.250729998971494, 30.448765000238247 ], [ -91.330610763217123, 30.447533793077401 ], [ -91.768794774412285, 30.329604945209606 ], [ -91.896172000978396, 30.300555998825779 ], [ -92.042069003239746, 30.248760998715152 ], [ -92.281854002342655, 30.251991002515759 ], [ -92.35731999612446, 30.23543000362929 ], [ -92.464285999248872, 30.233583996875247 ], [ -92.543650654414293, 30.233588459601187 ], [ -92.631948004051438, 30.242855001060395 ], [ -92.654979999452479, 30.231587997171836 ], [ -93.27631200076793, 30.237329999824272 ], [ -93.325317003945074, 30.216011999327261 ], [ -93.446055860224604, 30.208514670971386 ], [ -93.567700002714844, 30.184690003608008 ], [ -93.725971998700885, 30.11857300289806 ], [ -93.771694000874362, 30.121444998192299 ], [ -93.80738299811722, 30.113024997041435 ], [ -93.869991000995569, 30.131377002833265 ], [ -93.958382997131025, 30.129590998907371 ], [ -94.007373995572863, 30.135299001514799 ], [ -94.071293996906817, 30.096446004238803 ], [ -94.100471995987249, 30.094847999968884 ], [ -94.101184000681442, 30.086190999603183 ], [ -94.156312998813462, 30.083284003420644 ], [ -94.171446997253398, 30.0771699980933 ], [ -94.171712997392163, 30.067644002119444 ], [ -94.522109740334855, 30.021964385361407 ], [ -94.599869995419681, 30.028776999155863 ], [ -94.771519999060871, 30.058000004181824 ], [ -94.85425000379206, 30.053706002209022 ], [ -94.897347002941203, 30.039963999089064 ], [ -95.022190001242436, 29.944299001758438 ], [ -95.063221001002248, 29.884236997467301 ], [ -95.20062100068786, 29.821494995964553 ], [ -95.258716999456013, 29.77476499851068 ], [ -95.287600997910275, 29.777969002742338 ], [ -95.336571999853902, 29.769037999427574 ], [ -95.36546100192426, 29.770593000916119 ], [ -95.369149996520562, 29.76382399887828 ] ] } },
{ "type": "Feature", "properties": { "edge_type": "spoke_fallback", "region": "ContigUS" }, "geometry": { "type": "LineString", "coordinates": [ [ -94.157968000994003, 36.062604997486481 ], [ -94.164551996256435, 36.056512001234474 ], [ -94.17548000168776, 36.056780996805415 ], [ -94.180494002344986, 36.056733000335868 ] ] } },
{ "type": "Feature", "properties": { "edge_type": "spoke_fallback", "region": "ContigUS" }, "geometry": { "type": "LineString", "coordinates": [ [ -94.178069000235496, 36.070369000417486 ], [ -94.180494002344986, 36.056733000335868 ] ] } },
{ "type": "Feature", "properties": { "edge_type": "spoke_fallback", "region": "ContigUS" }, "geometry": { "type": "LineString", "coordinates": [ [ -93.644423000090583, 42.022762998890414 ], [ -93.620218002557834, 42.022906002910112 ], [ -93.610353000551655, 42.017409002348963 ], [ -93.610025995821928, 42.004941002505461 ], [ -93.020324996183803, 42.008183997300407 ], [ -92.883649002684578, 42.002950000089918 ], [ -92.785258002852032, 42.011949998596656 ], [ -92.625328004312394, 41.994534000526485 ], [ -92.596195998974522, 41.984190001015286 ], [ -92.569117003386978, 41.98209300265362 ], [ -92.526119995712094, 41.963894996415227 ], [ -91.796508995686693, 41.96377499782713 ], [ -91.676369998421279, 41.927125998326765 ], [ -91.541977001351398, 41.92628199667481 ], [ -91.42303500021896, 41.916100003673954 ], [ -91.310944952814992, 41.917118952554659 ], [ -91.207797184906838, 41.888783807702538 ], [ -91.050232001352654, 41.888270999472851 ], [ -90.98604031354418, 41.876043675804596 ], [ -90.898318999599866, 41.844342997429415 ], [ -90.832414035898353, 41.827303694793677 ], [ -90.569491004258239, 41.825637997096912 ], [ -90.56693100332788, 41.808831998744111 ], [ -90.539115002931766, 41.807148002546505 ], [ -90.447621240901228, 41.815395918505772 ], [ -90.231398000671902, 41.815957997781801 ], [ -90.210537996880532, 41.822206999625841 ], [ -90.190721997146085, 41.837810000691519 ], [ -90.163480002250225, 41.840629998333569 ], [ -90.111760002823601, 41.858149996992196 ], [ -90.066403776667514, 41.850762730792219 ], [ -89.965099998509359, 41.809349997268505 ], [ -89.870880613159514, 41.790318037003317 ], [ -89.81169999750044, 41.791030002443783 ], [ -89.781090003008757, 41.771319999857916 ], [ -89.713177996350026, 41.772267996694715 ], [ -89.665309999811157, 41.758249998276021 ], [ -89.636989999624916, 41.758070000151115 ] ] } },
{ "type": "Feature", "properties": { "edge_type": "spoke_fallback", "region": "ContigUS" }, "geometry": { "type": "LineString", "coordinates": [ [ -93.618275997627151, 41.702997002939988 ], [ -93.576180000182248, 41.702882000440482 ], [ -93.575635001282549, 41.652125998895059 ], [ -93.49486900122335, 41.661677997072246 ] ] } },
{ "type": "Feature", "properties": { "edge_type": "spoke_fallback", "region": "ContigUS" }, "geometry": { "type": "LineString", "coordinates": [ [ -93.49486900122335, 41.661677997072246 ], [ -93.44406900241178, 41.671895001833335 ], [ -93.239894002705682, 41.693533997788784 ], [ -93.184569001161819, 41.69241799818198 ], [ -93.130957670769703, 41.682294178826901 ], [ -92.911785998081157, 41.681916997107315 ], [ -92.849537950137147, 41.695122944542057 ], [ -92.727094001616848, 41.696246000520233 ], [ -92.162158000276449, 41.695994996561254 ], [ -92.014798001743387, 41.687143001115658 ], [ -91.601531998888291, 41.693832999028871 ], [ -91.564648996902378, 41.685717998095164 ], [ -91.491653998972595, 41.686552998750535 ], [ -91.445561001569928, 41.671672997943809 ], [ -91.356332000168479, 41.664087996760848 ], [ -91.248511995652933, 41.663443001340056 ], [ -91.203453659828213, 41.658196253634642 ], [ -91.160905998441621, 41.646335000752302 ], [ -91.029765001514917, 41.634812996426078 ], [ -90.859898000999138, 41.632986001450902 ], [ -90.735927356670302, 41.60690472193815 ], [ -90.56534700398737, 41.595442998116368 ], [ -90.391355999698916, 41.595733002630453 ], [ -90.369877002777898, 41.588141002370286 ], [ -90.343304001240412, 41.559095999061299 ], [ -90.341780000377781, 41.535910000947595 ], [ -90.32227000276167, 41.53500000156005 ], [ -90.252970000174315, 41.547750001559713 ], [ -90.192413003803225, 41.605496999290381 ], [ -90.184899997823393, 41.630550001454807 ], [ -90.103040002461711, 41.68880000081171 ], [ -89.962189995977965, 41.723379999951469 ], [ -89.920387002029301, 41.728194999424744 ], [ -89.857050654101755, 41.755131042708292 ], [ -89.789395996805638, 41.761328999740506 ], [ -89.758880002025251, 41.752139998940017 ], [ -89.663950004369923, 41.751280001147656 ], [ -89.636989999624916, 41.758070000151115 ] ] } },
{ "type": "Feature", "properties": { "edge_type": "spoke_fallback", "region": "ContigUS" }, "geometry": { "type": "LineString", "coordinates": [ [ -93.273076996749907, 44.983549999876878 ], [ -93.287604003552346, 44.974986997265752 ], [ -93.288168001820353, 44.965796001721202 ], [ -93.220580996648252, 44.9669290014875 ], [ -93.17640900156492, 44.951710000086841 ], [ -93.101559000539751, 44.949908996793567 ], [ -93.072682997091519, 44.9539220019563 ], [ -92.985580999670375, 44.94832000096806 ], [ -92.842834999964808, 44.948455999975508 ], [ -92.768957003026486, 44.962326002659282 ], [ -92.671405999849824, 44.964849997176856 ], [ -92.559775000539219, 44.959443999420387 ], [ -92.499957901551895, 44.941697913534973 ], [ -92.191696996336958, 44.933367001621995 ], [ -92.072195165119425, 44.9177808847964 ], [ -92.006479233903164, 44.918207398783601 ], [ -91.937466000503946, 44.90712399839947 ], [ -91.792243381492639, 44.903260447850549 ], [ -91.734777002923991, 44.88830299715702 ], [ -91.650496002955833, 44.854141002064793 ], [ -91.598542998510837, 44.840829999822439 ], [ -91.526710995480471, 44.776488000989147 ], [ -91.488303004485076, 44.765626999302206 ], [ -91.416771999956964, 44.767315997290922 ], [ -91.360601513050838, 44.727254273836024 ], [ -91.283820493490893, 44.628658344445043 ], [ -91.218516996787883, 44.59704699898699 ], [ -91.202234996330617, 44.575534002782817 ], [ -91.165735997179198, 44.548904999959902 ], [ -91.057378099437827, 44.422818533895061 ], [ -90.952141532898395, 44.355282002088508 ], [ -90.837409001254713, 44.307432000498892 ], [ -90.763643608137258, 44.25844051294056 ], [ -90.639860002033743, 44.192860002362472 ], [ -90.592212002907957, 44.160168999786166 ], [ -90.553022459649043, 44.118796797857449 ], [ -90.524641886063208, 44.071976028349766 ], [ -90.505267004049003, 44.021193001044288 ], [ -90.440462000463469, 43.983214998509389 ], [ -90.143812997088773, 43.881195999575745 ], [ -90.097078485792281, 43.84318359943812 ], [ -90.053077997062985, 43.792868000374213 ], [ -89.920941415273205, 43.73343781286183 ], [ -89.860299599973004, 43.696909511568371 ], [ -89.786317003202981, 43.625647002271499 ], [ -89.793985004501948, 43.589087999351761 ], [ -89.778330001163511, 43.569660001723186 ], [ -89.599617002584111, 43.538079000085602 ], [ -89.527319995630094, 43.517441003285249 ], [ -89.494788998819047, 43.491502996889068 ], [ -89.451968995187784, 43.330703000930683 ], [ -89.376764887260762, 43.248306961219143 ], [ -89.348383002134568, 43.197899998389772 ], [ -89.319641000377288, 43.174729001666947 ], [ -89.30642000026748, 43.153825998278307 ], [ -89.282654000430924, 43.106875001716858 ], [ -89.277520002818036, 43.046915999224446 ], [ -89.200019001524197, 43.03049399946665 ], [ -89.076777995818574, 43.02785900252205 ], [ -88.843283000335063, 42.932809998200241 ], [ -88.786023997849725, 42.850964997019268 ], [ -88.767537001679202, 42.837408000616072 ], [ -88.717883998771867, 42.832628997665097 ], [ -88.692866996087488, 42.818198002731563 ], [ -88.631513697115949, 42.796590606682258 ], [ -88.562805001581197, 42.799260998689014 ], [ -88.541853998451543, 42.697970999880731 ], [ -88.509589001779304, 42.656665997628153 ], [ -88.447117003834975, 42.615354001838277 ], [ -88.421123999560734, 42.60885400084468 ], [ -88.394015000242675, 42.582049002095729 ], [ -88.338102581351336, 42.546189352780551 ], [ -88.318122001273693, 42.498274996845133 ], [ -88.306250001226047, 42.489019998325404 ], [ -88.305780002669394, 42.45086999794659 ], [ -88.276709999052429, 42.440719998394528 ], [ -88.219130001566626, 42.433089999950411 ], [ -88.18407000468568, 42.401029997416622 ], [ -88.169132997804383, 42.374701999334569 ], [ -88.164569996335544, 42.323039999629081 ], [ -88.111280002303744, 42.315519997441562 ], [ -88.075780001613481, 42.30320999763876 ], [ -88.042339999566465, 42.278980001690634 ], [ -87.994169998412232, 42.23642000333664 ], [ -87.989230000968078, 42.175830001063041 ], [ -87.974400001403467, 42.171260001612772 ], [ -87.936670004885585, 42.139199996840368 ], [ -87.907810000432605, 42.139740001487993 ], [ -87.88775000030067, 42.104750000825227 ], [ -87.763834997620535, 41.971372997415166 ], [ -87.687729996244514, 41.927964996361659 ] ] } },
{ "type": "Feature", "properties": { "edge_type": "spoke_fallback", "region": "ContigUS" }, "geometry": { "type": "LineString", "coordinates": [ [ -91.186492003010116, 30.411198002087737 ], [ -91.187656004022656, 30.438982002455589 ] ] } },
{ "type": "Feature", "properties": { "edge_type": "spoke_fallback", "region": "ContigUS" }, "geometry": { "type": "LineString", "coordinates": [ [ -90.071759002385392, 29.983184999219159 ], [ -90.077393002285419, 29.99285600027725 ], [ -90.188668996378922, 29.999186001374959 ], [ -90.213569999610669, 30.007436997388755 ], [ -90.294739999002573, 30.006834002069656 ], [ -90.409237998491903, 30.079086999241216 ], [ -90.495490001008065, 30.10469399923711 ], [ -90.690923997740981, 30.124108001123332 ], [ -90.80543200446256, 30.153307998519185 ], [ -90.908740004867937, 30.23308299833246 ], [ -90.973159002375922, 30.304198002940314 ], [ -90.992628000882419, 30.342439996694633 ], [ -91.060924001392522, 30.40647799719574 ], [ -91.099341999620165, 30.419964003069161 ], [ -91.109173997522788, 30.430761998561646 ], [ -91.154382001656998, 30.444166001975933 ], [ -91.178542002577203, 30.443633002639153 ], [ -91.17946200319227, 30.439359996327823 ], [ -91.182235003659656, 30.439068002870336 ], [ -91.186905003462002, 30.438969997708654 ], [ -91.187656004022656, 30.438982002455589 ] ] } },
{ "type": "Feature", "properties": { "edge_type": "spoke_fallback", "region": "ContigUS" }, "geometry": { "type": "LineString", "coordinates": [ [ -89.636989999624916, 41.758070000151115 ], [ -88.941470001749764, 41.760799999002444 ], [ -88.877109996606507, 41.767980001423297 ], [ -88.754279997092837, 41.769199998864515 ], [ -88.437486003977199, 41.765262000163531 ], [ -88.41593000347001, 41.769460003008525 ], [ -88.397889002871764, 41.794456997392494 ], [ -88.035179995560696, 41.80962000272369 ], [ -88.016133995755141, 41.831804997286646 ], [ -87.972575002038553, 41.844283999946668 ], [ -87.947000001832279, 41.845029996893118 ], [ -87.904272003652409, 41.873920002176668 ], [ -87.886557998800711, 41.8697879964935 ], [ -87.81084000063224, 41.87421099952811 ], [ -87.768219997915821, 41.871000002117121 ], [ -87.630769998001483, 41.878160001725341 ] ] } },
{ "type": "Feature", "properties": { "edge_type": "spoke_fallback", "region": "ContigUS" }, "geometry": { "type": "LineString", "coordinates": [ [ -87.660729998503015, 42.000591998723344 ], [ -87.713979999538395, 41.9944499985478 ], [ -87.6896699979321, 41.990499997789883 ], [ -87.687729996244514, 41.927964996361659 ] ] } },
{ "type": "Feature", "properties": { "edge_type": "spoke_fallback", "region": "ContigUS" }, "geometry": { "type": "LineString", "coordinates": [ [ -87.687729996244514, 41.927964996361659 ], [ -87.668182997021859, 41.915983003391979 ], [ -87.652419998219997, 41.892259997545075 ], [ -87.632609999231633, 41.89241000182971 ], [ -87.630769998001483, 41.878160001725341 ] ] } },
{ "type": "Feature", "properties": { "edge_type": "spoke_fallback", "region": "ContigUS" }, "geometry": { "type": "LineString", "coordinates": [ [ -86.720693997131718, 41.800645000915154 ], [ -86.772080002935695, 41.780758997982723 ], [ -86.825312001732797, 41.745855002156524 ], [ -86.905909998867571, 41.718620997051993 ], [ -86.931234000800302, 41.705361996777995 ], [ -86.93248900115114, 41.695610999725801 ], [ -86.955353999740879, 41.684917999514617 ], [ -87.121287996279733, 41.620585996741347 ], [ -87.189528004798177, 41.616726000062698 ], [ -87.263519000816061, 41.597574999350414 ], [ -87.299783997819148, 41.59505799845001 ], [ -87.333414999661869, 41.603892002974149 ], [ -87.389744003283027, 41.603885997815503 ], [ -87.420507995963888, 41.628650999169359 ], [ -87.43230999928457, 41.628801003187938 ], [ -87.432901000909979, 41.636482998356797 ], [ -87.480862000030214, 41.639402999224437 ], [ -87.489065001979768, 41.669933000426276 ], [ -87.534359998966082, 41.712669997581976 ], [ -87.58560000158694, 41.749749999036133 ], [ -87.585429995419432, 41.791670001053397 ], [ -87.580279998811335, 41.792400001294261 ], [ -87.607801001451293, 41.836203996323519 ], [ -87.618750000510786, 41.867430003626403 ], [ -87.624130001764229, 41.867449999057641 ], [ -87.624290000699489, 41.878270001535242 ], [ -87.630769998001483, 41.878160001725341 ] ] } },
{ "type": "Feature", "properties": { "edge_type": "spoke_fallback", "region": "ContigUS" }, "geometry": { "type": "LineString", "coordinates": [ [ -84.476337000709862, 42.733056000517649 ], [ -84.56662100154729, 42.732690999383252 ], [ -84.567267995164372, 42.725899001198933 ], [ -84.585802000173715, 42.725344001567144 ], [ -84.661341997168648, 42.670355999960151 ], [ -84.831556996042366, 42.56406599851578 ], [ -84.845703997513326, 42.563902999510191 ], [ -84.907147999379092, 42.509686000725111 ], [ -85.000004999769061, 42.449628999946469 ], [ -85.071913997402419, 42.430975998162118 ], [ -85.081118998186184, 42.421350000727749 ], [ -85.125131003317421, 42.404740999727991 ], [ -85.151531995444287, 42.355398996979957 ], [ -85.155602001485221, 42.330270000063429 ], [ -85.17648699640776, 42.321978998341244 ], [ -85.184686997984244, 42.309344000260467 ], [ -85.180301997688971, 42.298488001457095 ], [ -85.259145001168918, 42.297136002051523 ], [ -85.295850001981279, 42.27247400066625 ], [ -85.372222000626053, 42.281977998401771 ], [ -85.462413996012046, 42.269567000544541 ], [ -85.514973003947745, 42.268823002551123 ], [ -85.556073003304533, 42.246395002216275 ], [ -85.587020000775027, 42.236624997781902 ], [ -85.688178000328875, 42.237605998253905 ], [ -85.7257379996624, 42.227616998013943 ], [ -85.862079999538992, 42.214668998659072 ], [ -85.886167003359191, 42.206269999440771 ], [ -85.969356999414757, 42.198218996341183 ], [ -86.166595999014319, 42.19229500264553 ], [ -86.305218003930406, 42.17570999635462 ], [ -86.390624997191409, 42.119074000292031 ], [ -86.419998002553726, 42.076602002022703 ], [ -86.451249996029517, 42.060766001541083 ], [ -86.485046000423637, 42.052673997320468 ], [ -86.521537004569012, 42.026873003325306 ], [ -86.573586002985294, 41.926769998104632 ], [ -86.610201998719305, 41.885622002086109 ], [ -86.667851004785263, 41.847911996334744 ], [ -86.720693997131718, 41.800645000915154 ] ] } },
{ "type": "Feature", "properties": { "edge_type": "spoke_fallback", "region": "ContigUS" }, "geometry": { "type": "LineString", "coordinates": [ [ -86.22094299572521, 41.807625999835039 ], [ -86.245396997271584, 41.801065000500067 ], [ -86.390627997564465, 41.805243999748889 ], [ -86.44106600226597, 41.793246997439219 ], [ -86.720693997131718, 41.800645000915154 ] ] } },
{ "type": "Feature", "properties": { "edge_type": "spoke_fallback", "region": "ContigUS" }, "geometry": { "type": "LineString", "coordinates": [ [ -83.744303998948055, 42.274378997420335 ], [ -83.748492995831484, 42.281428002945361 ], [ -83.780338003158917, 42.280551997296634 ], [ -83.870043003863131, 42.29866500081291 ], [ -84.07731799978319, 42.291639998883944 ], [ -84.099597997493632, 42.297809998758765 ], [ -84.199775997954561, 42.290360996618048 ], [ -84.260099001160441, 42.291419002364378 ], [ -84.313366995450977, 42.277606002078628 ], [ -84.358649999928218, 42.27688300271906 ], [ -84.356897000533351, 42.257663002802545 ], [ -84.400720997258773, 42.248256998911124 ], [ -84.433180003082924, 42.247406000844684 ], [ -84.433152002595492, 42.240793000588489 ], [ -84.462406996278929, 42.225502997519854 ], [ -84.501965001517917, 42.222419000559164 ], [ -84.711714999776191, 42.163014001547992 ], [ -84.805289996623259, 42.146529999698117 ], [ -84.84642300008359, 42.144522000357874 ], [ -84.917792173113241, 42.128908087474137 ], [ -84.989435997057868, 42.105925997556341 ], [ -85.080047999754967, 42.106661998285475 ], [ -85.156053000673595, 42.068640999812359 ], [ -85.274066000071841, 42.057688003282188 ], [ -85.351882004603212, 42.02302699784682 ], [ -85.411622001189698, 42.010109003164914 ], [ -85.517610996611097, 42.006088997575887 ], [ -85.5584159982117, 41.998631002036497 ], [ -85.575656995150567, 41.962454998441935 ], [ -85.617193000813614, 41.954705002149261 ], [ -85.621459001283242, 41.944755996346338 ], [ -85.651519999372198, 41.942480999366609 ], [ -85.656764004674741, 41.926271002296986 ], [ -85.711893999936748, 41.911520000766714 ], [ -85.795755998706909, 41.904257996922318 ], [ -85.93364900280362, 41.918795997603091 ], [ -86.012547001145236, 41.911578996376548 ], [ -86.01198400000726, 41.903394002806323 ], [ -86.078230997253144, 41.8837250014411 ], [ -86.158147002407361, 41.840589000205 ], [ -86.178548003021177, 41.839063999735707 ], [ -86.22094299572521, 41.807625999835039 ] ] } },
{ "type": "Feature", "properties": { "edge_type": "spoke_fallback", "region": "ContigUS" }, "geometry": { "type": "LineString", "coordinates": [ [ -83.061890995989984, 42.331549001832514 ], [ -83.149754001204087, 42.329659999110213 ], [ -83.219154004248878, 42.309642001706251 ], [ -83.339024001002443, 42.286863996854862 ], [ -83.475832999062646, 42.274831996820595 ], [ -83.58032099947583, 42.246158000311922 ], [ -83.618929000369235, 42.24103600139059 ], [ -83.692762997824914, 42.202200999048195 ], [ -83.851295514226493, 42.136752192908148 ], [ -83.889503001250489, 42.109760999853307 ], [ -83.971724002575385, 42.072037002162475 ], [ -84.084432001063234, 42.072661998091192 ], [ -84.14014900044765, 42.056571000751539 ], [ -84.24733200061209, 42.057999999057621 ], [ -84.276537003049967, 42.048540999731742 ], [ -84.469964001741388, 42.054342999852224 ], [ -84.508826001281363, 42.050315998505546 ], [ -84.545316996443603, 42.043746001106285 ], [ -84.59281500386642, 42.014717999335495 ], [ -84.669253001735086, 41.980653002014662 ], [ -84.758214996884632, 41.959062999292399 ], [ -84.961500996836108, 41.93428500000752 ], [ -85.040050996819815, 41.942942998393249 ], [ -85.097976001273665, 41.917107000718289 ], [ -85.118203995346889, 41.900047998783158 ], [ -85.173343997841144, 41.875864001753733 ], [ -85.204217998211675, 41.870823002993703 ], [ -85.279126003454763, 41.831212996776806 ], [ -85.389149000440483, 41.802873998148662 ], [ -85.50595499647352, 41.79378299725883 ], [ -85.62311299735066, 41.799211002826254 ], [ -85.720826002705664, 41.796934998876232 ], [ -85.79895799862139, 41.805852003021663 ], [ -85.949531998561142, 41.768360001466554 ], [ -85.999554002437733, 41.787101997948213 ], [ -86.07772099671692, 41.799832999269341 ], [ -86.147315997060446, 41.783999000561288 ], [ -86.18624699619744, 41.782655000060259 ], [ -86.212675997794832, 41.795076997318212 ], [ -86.22094299572521, 41.807625999835039 ] ] } },
{ "type": "Feature", "properties": { "edge_type": "spoke_fallback", "region": "ContigUS" }, "geometry": { "type": "LineString", "coordinates": [ [ -83.924781001284586, 35.949370002900579 ], [ -83.94486499541776, 35.947930998651088 ], [ -83.953999999474576, 35.925305001845821 ], [ -83.953552997789188, 35.885240000727542 ], [ -83.992776003292391, 35.791316998212068 ], [ -83.98687400001053, 35.765080000822451 ], [ -83.994583000419041, 35.749709001681182 ], [ -83.989068997474646, 35.740321998766582 ], [ -83.996292997461268, 35.731165001580123 ], [ -84.053029000788214, 35.69061899767015 ], [ -84.195273003946696, 35.618116998640104 ], [ -84.233914997090437, 35.591740000914193 ], [ -84.271839002760231, 35.577764001341386 ], [ -84.3715250049232, 35.509273999900955 ], [ -84.365507999318652, 35.50017800319506 ], [ -84.376565595712833, 35.449117392398875 ], [ -84.352607814546246, 35.401367485226807 ], [ -84.303746999955393, 35.372372003287317 ], [ -84.293491015204978, 35.312960785087171 ], [ -84.296335988692945, 35.254142396686568 ], [ -84.342381995223093, 35.207356997423524 ], [ -84.321918858141103, 35.171314750218535 ], [ -84.324812996424569, 35.123901001880007 ], [ -84.374620347863996, 35.090799324793174 ], [ -84.380678002235143, 35.029486000038723 ], [ -84.369918996858246, 34.988100999689927 ], [ -84.373709995155082, 34.903763996833064 ], [ -84.322880001596189, 34.872994002849126 ], [ -84.400167545212241, 34.767916905315211 ], [ -84.451284002532063, 34.718170995943154 ], [ -84.516685999505953, 34.620767001922346 ], [ -84.521618001944077, 34.565324002186486 ], [ -84.517994000458572, 34.510875996172878 ], [ -84.467319999348774, 34.48050899985725 ], [ -84.42201399800021, 34.406838001230163 ], [ -84.39470100026432, 34.383175002846016 ], [ -84.391755999369451, 34.338760003435219 ], [ -84.399111997803928, 34.321751000010558 ], [ -84.466590998529426, 34.2689429987457 ], [ -84.466706997982058, 34.234649998408614 ], [ -84.488573995240586, 34.22042000132685 ], [ -84.50439100075738, 34.192322997014998 ], [ -84.540129998228949, 34.068205996232813 ], [ -84.561694002725318, 34.048498996569265 ], [ -84.562361998953762, 34.037768000849553 ], [ -84.560502998355318, 33.998061999609696 ], [ -84.518779999382701, 33.960746997852155 ], [ -84.513299997671851, 33.946759998142149 ], [ -84.495758999360717, 33.935711995963878 ], [ -84.435966999302423, 33.861089998615135 ], [ -84.418727996623531, 33.810123002014791 ], [ -84.391358000782844, 33.794783997054992 ], [ -84.389499997314388, 33.768365001000696 ], [ -84.378754996672754, 33.759204999423389 ], [ -84.382097996154229, 33.749781998445947 ], [ -84.398103998223604, 33.744996003188078 ], [ -84.390670996202985, 33.758395000993893 ] ] } },
{ "type": "Feature", "properties": { "edge_type": "spoke_fallback", "region": "ContigUS" }, "geometry": { "type": "LineString", "coordinates": [ [ -83.047015999812757, 42.331643003548294 ], [ -83.061890995989984, 42.331549001832514 ] ] } },
{ "type": "Feature", "properties": { "edge_type": "spoke_fallback", "region": "ContigUS" }, "geometry": { "type": "LineString", "coordinates": [ [ -83.054343000629842, 42.327720000957711 ], [ -83.061890995989984, 42.331549001832514 ] ] } },
{ "type": "Feature", "properties": { "edge_type": "spoke_fallback", "region": "ContigUS" }, "geometry": { "type": "LineString", "coordinates": [ [ -82.15704000105454, 27.065525001333409 ], [ -82.163779997749231, 27.018237999726072 ], [ -82.133944000689468, 27.007238002695033 ], [ -82.074136001635992, 26.964279003180074 ], [ -82.049071001965942, 26.935111997101874 ], [ -82.003224996350681, 26.94646800327045 ], [ -81.96161099895464, 26.970402996388831 ], [ -81.954240995784886, 27.085760002753705 ], [ -81.881493995755577, 27.162337997272324 ], [ -81.852611003414466, 27.233772002098771 ] ] } },
{ "type": "Feature", "properties": { "edge_type": "spoke_fallback", "region": "ContigUS" }, "geometry": { "type": "LineString", "coordinates": [ [ -81.852611003414466, 27.233772002098771 ], [ -81.805710995493186, 27.340108996519628 ], [ -81.79551789281264, 27.41242666548219 ], [ -81.796313997783727, 27.493462004379204 ], [ -81.822086995661763, 27.59493100260304 ], [ -81.824921997850083, 27.6312719956655 ], [ -81.801769996510203, 27.722475000335162 ], [ -81.801477001997142, 27.758930999535078 ], [ -81.821634002213443, 27.820543001658525 ], [ -81.830363003694458, 27.903969003045141 ], [ -81.814066001371941, 27.933718999412299 ], [ -81.730941995557146, 28.004005000745479 ], [ -81.731175997705492, 28.114387002010467 ], [ -81.734724001717979, 28.161510000935383 ], [ -81.743839000293391, 28.181935997939661 ], [ -81.67385500248237, 28.214422999668393 ], [ -81.614395001786804, 28.25928499871597 ], [ -81.475303995444037, 28.410203000792862 ], [ -81.469221996728677, 28.461824000823015 ], [ -81.418571001473325, 28.508553997908994 ], [ -81.387857997167998, 28.516202996750717 ], [ -81.383146001126136, 28.535142002412584 ], [ -81.38482600342104, 28.535136998936501 ] ] } },
{ "type": "Feature", "properties": { "edge_type": "spoke_fallback", "region": "ContigUS" }, "geometry": { "type": "LineString", "coordinates": [ [ -81.795599998829601, 26.147701000940319 ], [ -81.812116001435228, 26.414993002624744 ], [ -81.810658996926477, 26.431191000358435 ], [ -81.777696000295322, 26.432437996203856 ], [ -81.794179995927365, 26.487692997691656 ], [ -81.804103002151422, 26.630302003798718 ], [ -81.798532998232247, 26.684179997899697 ], [ -81.760145003735076, 26.701512000436676 ], [ -81.760492561918511, 26.991419212529244 ], [ -81.795049133931059, 27.091340414559859 ], [ -81.807559997842475, 27.150817997587676 ], [ -81.82774499854618, 27.176542996904129 ], [ -81.833062998078731, 27.208893998213259 ], [ -81.858502999464079, 27.215985000472784 ], [ -81.852611003414466, 27.233772002098771 ] ] } },
{ "type": "Feature", "properties": { "edge_type": "spoke_fallback", "region": "ContigUS" }, "geometry": { "type": "LineString", "coordinates": [ [ -81.387766000699742, 28.535128996531039 ], [ -81.38482600342104, 28.535136998936501 ] ] } },
{ "type": "Feature", "properties": { "edge_type": "spoke_fallback", "region": "ContigUS" }, "geometry": { "type": "LineString", "coordinates": [ [ -81.38482600342104, 28.535136998936501 ], [ -81.381828001924418, 28.545698002886287 ], [ -81.378523001179474, 28.536137997207373 ] ] } },
{ "type": "Feature", "properties": { "edge_type": "spoke_fallback", "region": "ContigUS" }, "geometry": { "type": "LineString", "coordinates": [ [ -79.05404600118554, 35.910276000586414 ], [ -79.018089000560806, 35.941769999060007 ], [ -78.964434003062735, 35.967675000009969 ], [ -78.9234320009203, 35.974939997505352 ], [ -78.903050996804751, 35.990148002166521 ] ] } },
{ "type": "Feature", "properties": { "edge_type": "spoke_fallback", "region": "ContigUS" }, "geometry": { "type": "LineString", "coordinates": [ [ -78.937263999153743, 36.00815400085731 ], [ -78.92340900404902, 36.005363002412508 ], [ -78.903050996804751, 35.990148002166521 ] ] } },
{ "type": "Feature", "properties": { "edge_type": "spoke_fallback", "region": "ContigUS" }, "geometry": { "type": "LineString", "coordinates": [ [ -78.903050996804751, 35.990148002166521 ], [ -78.890498001906508, 36.014599996098461 ], [ -78.866466999061146, 36.015455998034028 ], [ -78.768754002689263, 36.077957001880698 ], [ -78.743802002098846, 36.124293997932078 ], [ -78.677651969004657, 36.20622616761726 ], [ -78.580739003241717, 36.295276997531545 ], [ -78.543377998709971, 36.314758997129871 ], [ -78.515442998488169, 36.315606001936295 ], [ -78.448401998328919, 36.336678001313885 ], [ -78.410617995096175, 36.340113001955523 ], [ -78.361691001618325, 36.369693998785586 ] ] } },
{ "type": "Feature", "properties": { "edge_type": "spoke_fallback", "region": "ContigUS" }, "geometry": { "type": "LineString", "coordinates": [ [ -78.67552400382705, 35.78070900250372 ], [ -78.644904999233049, 35.769368003938588 ], [ -78.642711996028851, 35.785435002060808 ] ] } },
{ "type": "Feature", "properties": { "edge_type": "spoke_fallback", "region": "ContigUS" }, "geometry": { "type": "LineString", "coordinates": [ [ -78.642711996028851, 35.785435002060808 ], [ -78.639483998870048, 35.79763199735681 ], [ -78.592952003771202, 35.820183003149758 ], [ -78.580836003326098, 35.837375001442034 ], [ -78.580349996791085, 35.87086699792323 ], [ -78.559173004485402, 35.89359900006815 ], [ -78.542838003426368, 35.926113998363284 ], [ -78.538318004310185, 35.982637996195777 ], [ -78.488234995842674, 36.054491999583227 ], [ -78.454879004241008, 36.115743000898803 ], [ -78.442220996286082, 36.227092002168277 ], [ -78.410299003338793, 36.270528001309614 ], [ -78.395144002287481, 36.278418000288632 ], [ -78.385132997098196, 36.318512997838191 ], [ -78.363068002167864, 36.349038001347779 ], [ -78.361691001618325, 36.369693998785586 ] ] } },
{ "type": "Feature", "properties": { "edge_type": "spoke_fallback", "region": "ContigUS" }, "geometry": { "type": "LineString", "coordinates": [ [ -78.638136004921009, 35.779561002569402 ], [ -78.642711996028851, 35.785435002060808 ] ] } },
{ "type": "Feature", "properties": { "edge_type": "spoke_fallback", "region": "ContigUS" }, "geometry": { "type": "LineString", "coordinates": [ [ -78.361691001618325, 36.369693998785586 ], [ -78.323860995659885, 36.410118996567739 ], [ -78.233126004617233, 36.482515997717435 ], [ -78.18401100273357, 36.544293002367702 ], [ -78.150627001661348, 36.604283002999949 ], [ -78.115511003805594, 36.707981002922388 ], [ -78.094259999303659, 36.750686996806586 ], [ -78.027785997785458, 36.772342997705003 ], [ -77.956923995598913, 36.80687799742423 ], [ -77.880122997507044, 36.860588996159066 ], [ -77.734991000541655, 36.942582003125999 ], [ -77.716508001874132, 36.98151200228537 ], [ -77.585001004351227, 37.07932799899654 ], [ -77.487719001686415, 37.182985003026893 ], [ -77.463154004303533, 37.198916002286424 ], [ -77.455390000050173, 37.21453800163394 ], [ -77.401735002552101, 37.228078997011053 ], [ -77.403050998510722, 37.232682998454386 ] ] } },
{ "type": "Feature", "properties": { "edge_type": "spoke_fallback", "region": "ContigUS" }, "geometry": { "type": "LineString", "coordinates": [ [ -77.944862001868671, 34.225555996116107 ], [ -77.947362004321235, 34.250834999259666 ], [ -77.930359995180567, 34.265573999641823 ], [ -77.9209479956059, 34.288417997037968 ], [ -77.92247900332778, 34.318608997920123 ], [ -77.900457998896911, 34.3497990033582 ], [ -77.879677001934795, 34.440187999473551 ], [ -77.919346003010247, 34.55910700088991 ], [ -77.919271999797161, 34.615247000842444 ], [ -77.942744996137492, 34.682100000836812 ], [ -77.993436999485596, 34.736894997184649 ], [ -78.135778002728472, 35.11645900080309 ], [ -78.062399999094154, 35.211704999486933 ], [ -78.042104999683886, 35.267940003083972 ], [ -78.035462003073562, 35.328167001256062 ], [ -78.010492000244852, 35.362233998705491 ], [ -78.012173996799689, 35.390414999534222 ], [ -77.984346003894558, 35.442313998287013 ], [ -77.997856998144357, 35.49878000102666 ], [ -77.98686000209922, 35.553453996407804 ], [ -77.989048001687294, 35.5856660012372 ], [ -77.955508996312815, 35.663697003133201 ], [ -77.961611000509563, 35.684230003555392 ], [ -78.000198995921593, 35.711277997244444 ], [ -78.011480003326952, 35.734332998948815 ], [ -78.002749995732813, 35.776639997673527 ], [ -77.978319997170843, 35.834042999821918 ], [ -77.883950000280436, 35.964110999908748 ], [ -77.865323998802879, 36.010123002554202 ], [ -77.808880998972157, 36.083511998137901 ], [ -77.796669004555795, 36.124445003479806 ], [ -77.723244001065808, 36.265427998536957 ], [ -77.704802019474172, 36.320097935518234 ], [ -77.63296399773138, 36.419365002101557 ], [ -77.574614997446616, 36.549050001448734 ], [ -77.551436998862414, 36.69886500096402 ], [ -77.519480995698459, 36.736896997328365 ], [ -77.480166999840108, 36.765270000023705 ], [ -77.467631001067062, 36.76823499835384 ], [ -77.457762001557896, 36.808956003609467 ], [ -77.419849000250352, 36.856610998537349 ], [ -77.400490260961831, 36.895495285225458 ], [ -77.39217099904819, 36.943608999024264 ], [ -77.390843998727334, 37.030872997042181 ], [ -77.356942002112845, 37.085198999859699 ], [ -77.355115996634808, 37.155228997823514 ], [ -77.360924000205358, 37.174633002966551 ], [ -77.382887997548295, 37.205401998421543 ], [ -77.383513000407248, 37.217487998639569 ], [ -77.393783996006078, 37.232877003005875 ], [ -77.403050998510722, 37.232682998454386 ] ] } },
{ "type": "Feature", "properties": { "edge_type": "spoke_fallback", "region": "ContigUS" }, "geometry": { "type": "LineString", "coordinates": [ [ -77.403050998510722, 37.232682998454386 ], [ -77.411369002782948, 37.258361998326066 ], [ -77.409025001762629, 37.342153997451526 ], [ -77.434152003153542, 37.408933999283192 ], [ -77.452204996260875, 37.525861001781081 ], [ -77.441906000174654, 37.55542099718064 ], [ -77.450196003959462, 37.601956002676125 ], [ -77.443787997644321, 37.618296001080431 ], [ -77.452341998324854, 37.640322998479796 ], [ -77.448204995930041, 37.71906399682144 ], [ -77.46165999818821, 37.777148001279201 ], [ -77.451026002366234, 37.842014000341088 ], [ -77.467399999291757, 37.932246003174065 ], [ -77.492520002806629, 37.976633997301079 ], [ -77.517054996459009, 38.090203996939657 ], [ -77.497494001484256, 38.255629002474265 ], [ -77.459415000495355, 38.343313999202117 ], [ -77.454720000578675, 38.369800998409936 ], [ -77.408187996496665, 38.422040996328562 ], [ -77.405135997268289, 38.464871999621373 ], [ -77.246893996029627, 38.661768996896193 ], [ -77.25279299893846, 38.670296003611675 ], [ -77.22836300037649, 38.684083997039558 ], [ -77.220948000594163, 38.710962997652793 ], [ -77.187976999973841, 38.742890999049905 ], [ -77.176044004318413, 38.789333996434074 ], [ -77.152480996786593, 38.809121000455455 ], [ -77.086249001405918, 38.839262002384039 ], [ -77.067356999789538, 38.86532200053626 ], [ -77.048302995994845, 38.867277996777268 ], [ -77.03215499722846, 38.883557996867133 ], [ -77.031949004550683, 38.905291997375919 ], [ -77.036924000358283, 38.907248997552315 ] ] } },
{ "type": "Feature", "properties": { "edge_type": "spoke_fallback", "region": "ContigUS" }, "geometry": { "type": "LineString", "coordinates": [ [ -76.474933997042697, 42.443502003257997 ], [ -76.48609100100623, 42.437288002321267 ], [ -76.407766999181703, 42.396085998209685 ], [ -76.32196490889244, 42.387085957042189 ], [ -76.278266999700264, 42.378139000505641 ], [ -76.237179001835727, 42.361862001140594 ], [ -76.20068300305735, 42.35635299659306 ], [ -76.161200438335939, 42.369859089386821 ], [ -75.999082000033738, 42.349435997015711 ], [ -75.978339001808138, 42.338336002861602 ] ] } },
{ "type": "Feature", "properties": { "edge_type": "spoke_fallback", "region": "ContigUS" }, "geometry": { "type": "LineString", "coordinates": [ [ -76.142021999908067, 43.038475997540715 ], [ -76.133740997242384, 43.006882997253719 ], [ -76.139460004717748, 42.94881599733047 ], [ -76.109422003500072, 42.888443002696597 ], [ -76.120521111043558, 42.850145530088319 ], [ -76.126447997658801, 42.77796800242983 ], [ -76.17233200201062, 42.656672002896144 ], [ -76.180868000452847, 42.613302002040029 ], [ -76.1620479988065, 42.609412996834521 ], [ -76.131689999718304, 42.59110599974985 ], [ -76.086638805500101, 42.533814736860364 ], [ -76.067170480730027, 42.488250078287116 ], [ -76.029346996540554, 42.439510998698175 ], [ -75.993958072535179, 42.377094444023044 ], [ -75.978339001808138, 42.338336002861602 ] ] } },
{ "type": "Feature", "properties": { "edge_type": "spoke_fallback", "region": "ContigUS" }, "geometry": { "type": "LineString", "coordinates": [ [ -75.978339001808138, 42.338336002861602 ], [ -75.92165100444997, 42.288803639688055 ], [ -75.913917003927139, 42.229509002381128 ], [ -75.895714001150523, 42.16813300151356 ], [ -75.907924001306966, 42.116275002285867 ], [ -75.844089995695157, 42.108655003561672 ], [ -75.813045001010281, 42.094799998683456 ], [ -75.790699004075918, 42.039574000736614 ], [ -75.751759003819828, 41.997951996537466 ], [ -75.740125003423572, 41.971796998731733 ], [ -75.719236999144783, 41.872213998201914 ], [ -75.680315001126999, 41.823711997684235 ], [ -75.68597799864439, 41.791358997462055 ], [ -75.670318000672978, 41.709316002682897 ], [ -75.632828492139836, 41.695836294960948 ], [ -75.617099000498058, 41.666820003605054 ], [ -75.558343997637451, 41.612737001657983 ], [ -75.522882004666855, 41.600623999012946 ], [ -75.501781000851082, 41.573494002619114 ], [ -75.479555000872367, 41.583588996670485 ], [ -75.458972001582012, 41.57337200139817 ], [ -75.408300003715325, 41.588440996934885 ], [ -75.35202414442638, 41.589973077335877 ], [ -75.301368001824429, 41.578555996661002 ], [ -75.258041995159914, 41.577036997930357 ], [ -75.247238999283525, 41.563065003112236 ], [ -75.213578002693481, 41.54713999884828 ], [ -75.18245899581234, 41.481812996903386 ], [ -75.178200002201947, 41.443418002241515 ], [ -75.137761001197546, 41.42924500205541 ], [ -75.072504998423582, 41.419660001896467 ], [ -74.950434820926674, 41.381902259470785 ], [ -74.806484000762069, 41.324224001623676 ], [ -74.79070800333804, 41.290859001982085 ], [ -74.802846003524436, 41.198061999594195 ], [ -74.792114001504956, 41.168690998288646 ], [ -74.713113002332832, 41.120341000273839 ], [ -74.655838000852299, 41.072578998910359 ], [ -74.631828000618242, 41.043835000324975 ], [ -74.604901997106737, 40.997553002672802 ], [ -74.58503199964052, 40.91825900025907 ], [ -74.571829001769018, 40.90907999974246 ], [ -74.508600999647896, 40.910710001799181 ], [ -74.477785003495271, 40.890845002350957 ], [ -74.437009996641976, 40.875034003623924 ], [ -74.366151003811623, 40.859694998839174 ], [ -74.309177997963261, 40.812847999856317 ], [ -74.270249999199365, 40.79838600288759 ], [ -74.252330998799835, 40.797446001815636 ], [ -74.238987998491311, 40.776569002162816 ], [ -74.196622003404613, 40.755440999361603 ], [ -74.177160999904132, 40.736902997419172 ], [ -74.15176599513137, 40.732703998326386 ], [ -74.062381001280841, 40.738944998788376 ], [ -74.05221599790238, 40.731421999558471 ], [ -74.011143001903065, 40.725789001926543 ], [ -74.012727998373506, 40.717117002691104 ], [ -74.006072003141043, 40.711922998023944 ] ] } }
]
}
